frame_idx,timestamp,track_id,x1,y1,x2,y2,conf,kp0_x,kp0_y,kp0_conf,kp1_x,kp1_y,kp1_conf,kp2_x,kp2_y,kp2_conf,kp3_x,kp3_y,kp3_conf,kp4_x,kp4_y,kp4_conf,kp5_x,kp5_y,kp5_conf,kp6_x,kp6_y,kp6_conf,kp7_x,kp7_y,kp7_conf,kp8_x,kp8_y,kp8_conf,kp9_x,kp9_y,kp9_conf,kp10_x,kp10_y,kp10_conf,kp11_x,kp11_y,kp11_conf,kp12_x,kp12_y,kp12_conf,kp13_x,kp13_y,kp13_conf,kp14_x,kp14_y,kp14_conf,kp15_x,kp15_y,kp15_conf,kp16_x,kp16_y,kp16_conf
0,0.0,1,514.58,321.36,737.02,872.56,0.8833,570.15,393.38,0.0638,568.48,385.8,0.107,582.92,380.13,0.0127,581.84,395.01,0.8384,639.79,378.6,0.5707,597.78,487.14,0.9985,684.76,446.37,0.9793,593.49,602.98,0.995,703.38,532.24,0.3488,557.63,583.12,0.9642,621.62,553.56,0.1145,636.54,641.03,0.997,698.27,619.25,0.9894,662.38,734.95,0.9855,691.98,691.64,0.9636,698.31,827.53,0.9622,717.81,783.14,0.9681
0,0.0,2,616.61,152.99,782.15,679.04,0.8072,614.3,222.62,0.0797,610.96,214.42,0.1189,623.91,209.8,0.0085,622.58,214.75,0.8834,668.72,201.32,0.2401,672.4,278.91,0.9961,701.12,241.7,0.9616,689.35,388.44,0.9795,699.33,320.74,0.2407,687.99,466.81,0.9352,668.4,393.94,0.0796,703.85,438.12,0.9879,731.35,420.34,0.9596,700.56,551.99,0.9837,740.82,532.35,0.9197,719.12,651.78,0.9653,772.09,626.97,0.8993
0,0.0,3,609.7,151.66,775.79,681.08,0.8034,614.19,221.38,0.0884,612.66,213.4,0.1371,623.57,207.04,0.0098,623.99,214.93,0.8773,665.78,198.46,0.2435,677.84,281.35,0.9985,700.75,238.84,0.9436,695.19,388.95,0.9938,699.47,322.89,0.1832,689.37,469.01,0.9211,663.59,389.51,0.0469,700.75,437.67,0.9876,725.93,416.55,0.9486,703.75,551.59,0.9764,739.7,532.14,0.9092,725.35,653.25,0.9398,771.4,632.83,0.8771
0,0.0,4,767.92,497.49,845.0,890.0,0.6359,817.73,628.75,0.0555,819.07,616.24,0.1071,821.55,615.01,0.0213,822.92,632.25,0.2483,842.1,629.78,0.0396,816.65,763.26,0.5243,831.66,756.79,0.039,805.72,872.72,0.1002,811.42,864.96,0.003,796.09,864.62,0.0379,790.93,848.95,0.008,815.7,830.47,0.0274,828.57,829.08,0.0073,810.97,777.78,0.1182,819.65,771.04,0.0311,818.03,874.57,0.0184,812.31,868.18,0.0056
0,0.0,5,568.66,0.0,655.38,154.55,0.6179,601.4,23.42,0.9824,606.68,17.26,0.9881,597.2,18.31,0.8858,620.64,14.48,0.9691,593.27,17.57,0.109,637.42,42.1,0.9991,589.87,42.59,0.9824,645.48,87.73,0.9955,576.16,82.76,0.7694,611.56,79.61,0.9854,577.18,78.69,0.749,625.91,125.31,0.9703,593.8,123.88,0.8872,628.19,174.58,0.3336,591.37,172.05,0.1139,633.41,206.47,0.0554,592.36,201.46,0.0201
1,0.1429,1,514.66,322.13,736.86,872.64,0.8886,571.44,393.13,0.0537,569.61,385.55,0.0899,584.0,380.04,0.0112,581.78,394.76,0.8403,640.02,378.71,0.5885,597.31,486.69,0.9986,685.8,446.04,0.981,592.85,601.69,0.9951,706.07,529.63,0.3527,557.56,582.73,0.9611,625.22,552.34,0.1072,636.78,641.35,0.997,699.22,620.12,0.9899,662.59,734.13,0.9839,693.68,693.39,0.9636,698.61,827.17,0.958,718.11,787.42,0.9653
1,0.1429,2,619.88,149.16,786.15,678.02,0.8622,618.91,218.4,0.0377,614.47,211.19,0.074,631.76,205.28,0.0062,625.45,214.19,0.884,683.28,197.66,0.3398,678.39,279.49,0.996,718.54,240.46,0.9716,690.96,386.05,0.9767,730.38,318.55,0.2643,690.1,463.84,0.9238,691.84,383.23,0.0672,707.76,438.86,0.9915,740.72,419.59,0.979,705.74,550.76,0.9843,743.33,531.32,0.9619,727.92,647.16,0.962,773.1,619.99,0.9474
1,0.1429,4,774.22,487.12,845.0,890.0,0.6282,832.74,625.14,0.0393,832.4,610.47,0.0516,832.85,610.34,0.0298,827.49,623.22,0.1285,840.58,624.8,0.0718,822.83,758.44,0.4655,830.54,763.78,0.1096,818.29,879.58,0.1199,818.77,889.49,0.0091,804.43,872.11,0.0385,802.5,877.43,0.0105,825.47,854.98,0.0132,832.5,858.46,0.0056,817.08,813.19,0.0205,827.34,808.16,0.0085,826.47,865.64,0.0051,819.09,859.14,0.0024
1,0.1429,5,572.28,0.0,656.63,150.36,0.4541,601.48,23.01,0.9827,607.39,17.45,0.9875,597.38,17.34,0.8647,621.4,16.58,0.9595,592.78,16.65,0.1312,637.44,42.64,0.9987,590.0,41.98,0.9675,645.0,85.51,0.9946,581.49,80.24,0.5134,608.82,78.65,0.9768,587.04,72.41,0.5013,629.46,125.14,0.9529,596.4,123.73,0.8295,629.8,172.4,0.2644,590.4,171.17,0.0707,634.46,202.83,0.0415,594.1,201.63,0.0117
2,0.2857,1,513.87,317.05,738.11,872.59,0.8882,569.98,391.26,0.0443,567.32,383.62,0.0774,583.04,378.0,0.0097,577.62,393.65,0.8413,640.11,377.21,0.6014,597.16,487.2,0.9986,686.1,445.87,0.9818,592.8,601.15,0.9956,709.01,532.92,0.3941,558.07,581.56,0.9646,630.91,561.06,0.1239,638.91,641.7,0.9971,700.95,620.13,0.9897,661.49,732.84,0.9859,692.03,692.15,0.964,700.2,827.1,0.9634,718.43,786.35,0.9657
2,0.2857,2,628.56,140.63,797.31,677.99,0.8784,630.53,208.19,0.0412,626.25,201.15,0.0849,643.93,195.28,0.0062,636.13,206.06,0.9059,697.96,190.15,0.3623,687.46,271.44,0.9969,729.59,235.94,0.9704,694.56,375.52,0.9832,739.54,315.42,0.2603,687.84,458.03,0.9466,700.57,379.31,0.0823,709.26,436.81,0.9947,745.44,417.31,0.9861,706.92,549.42,0.9834,752.85,521.04,0.9634,728.35,647.38,0.9582,773.45,609.44,0.9593
2,0.2857,4,777.56,470.22,845.0,890.0,0.4244,832.6,613.91,0.0564,834.27,600.95,0.0713,833.21,600.57,0.0398,834.62,617.96,0.1105,841.38,618.45,0.0594,830.14,751.05,0.2838,837.63,758.55,0.1035,827.5,874.2,0.102,831.5,885.45,0.0151,807.45,876.5,0.0508,814.23,883.06,0.0185,830.72,853.6,0.0166,836.61,857.4,0.0096,824.03,795.95,0.0372,829.94,792.46,0.018,830.16,860.2,0.0093,823.41,856.03,0.0046
2,0.2857,5,575.33,0.52,651.96,136.55,0.4122,601.92,23.41,0.9871,607.16,17.17,0.9885,597.65,18.23,0.9046,621.03,14.67,0.9649,593.32,17.87,0.1073,637.34,40.92,0.9986,591.43,41.66,0.9876,646.1,84.37,0.9872,579.93,78.94,0.8117,608.72,80.16,0.9566,578.11,76.37,0.7167,625.86,116.4,0.9377,594.14,114.68,0.871,624.56,157.38,0.2202,581.59,155.08,0.1218,627.89,187.71,0.0312,586.67,184.14,0.0186
3,0.4286,1,513.64,310.84,740.69,873.78,0.8815,573.13,395.2,0.0521,570.38,386.38,0.0909,585.42,380.77,0.0114,581.61,392.41,0.8287,641.56,376.73,0.5871,599.84,485.6,0.9984,688.34,446.71,0.9838,594.48,601.18,0.9956,709.96,536.6,0.4261,558.49,583.08,0.9658,635.0,562.41,0.1216,638.75,645.92,0.9971,700.62,625.63,0.9906,661.81,738.59,0.9847,691.15,700.65,0.962,700.35,827.86,0.9537,717.82,791.06,0.9547
3,0.4286,2,631.76,137.29,802.1,681.36,0.7609,641.13,198.75,0.0635,638.9,190.82,0.142,652.72,186.56,0.0072,651.61,195.44,0.9263,705.19,183.14,0.2879,692.39,260.33,0.998,739.72,231.96,0.951,694.81,364.35,0.9857,762.83,320.44,0.159,683.24,445.08,0.9215,728.14,396.74,0.0714,716.07,427.83,0.9946,754.38,410.2,0.9834,718.38,544.2,0.98,759.19,516.82,0.9665,742.0,643.44,0.9517,770.26,611.35,0.9674
3,0.4286,5,577.79,0.73,649.57,127.29,0.5187,601.98,23.16,0.9855,607.26,16.96,0.9873,597.67,17.97,0.8937,621.05,14.67,0.9637,593.3,17.76,0.0987,637.12,41.02,0.9985,591.92,42.03,0.9864,646.21,83.66,0.9863,581.07,78.92,0.8038,608.32,79.62,0.9549,579.5,75.87,0.7143,625.47,117.46,0.9305,594.18,115.92,0.855,624.03,163.93,0.1782,584.66,161.91,0.0991,626.59,194.95,0.0234,588.76,191.86,0.0143
4,0.5714,1,514.36,308.03,742.36,873.99,0.883,573.95,393.21,0.057,571.59,384.31,0.098,586.08,378.71,0.0124,582.76,390.69,0.8176,641.4,374.94,0.5734,598.57,484.96,0.9985,688.57,445.99,0.9824,593.4,600.44,0.9952,707.49,534.54,0.3896,558.29,583.22,0.9612,625.22,554.25,0.1082,637.37,646.74,0.9971,699.9,626.2,0.9902,662.91,738.42,0.9836,692.36,698.55,0.9608,700.02,828.4,0.9483,718.29,787.43,0.9551
4,0.5714,2,637.02,129.52,807.71,678.71,0.8913,650.09,185.15,0.0664,648.28,178.16,0.1233,661.03,173.49,0.0116,659.69,183.64,0.8773,709.74,170.54,0.4078,695.26,249.02,0.9986,745.84,220.27,0.9533,698.43,351.96,0.9945,767.53,308.0,0.1766,683.67,431.51,0.9669,723.21,374.45,0.0746,721.75,408.32,0.9955,761.79,391.29,0.9826,724.77,524.86,0.9834,761.8,497.63,0.963,748.27,633.89,0.9729,770.56,602.84,0.9778
4,0.5714,5,578.64,0.69,649.41,124.58,0.4533,601.64,23.79,0.9898,606.68,17.54,0.9912,597.33,18.68,0.9082,620.66,14.8,0.9715,593.16,18.29,0.0838,636.96,40.99,0.9987,592.96,42.17,0.9878,646.03,83.69,0.9877,582.49,78.97,0.8053,608.9,79.85,0.958,579.85,76.52,0.7136,624.81,118.02,0.9434,594.36,116.52,0.8789,623.69,166.16,0.2009,586.59,164.06,0.1162,626.11,197.38,0.0271,589.87,193.95,0.0174
5,0.7143,1,514.25,309.38,741.72,873.96,0.8952,569.25,395.36,0.0588,566.86,386.14,0.1038,581.96,380.97,0.0113,580.53,391.19,0.8194,639.05,376.23,0.5072,598.16,485.55,0.9986,687.62,445.91,0.9816,594.15,599.91,0.9953,707.02,529.21,0.371,555.48,582.48,0.9665,620.92,546.27,0.1193,639.04,646.63,0.9973,700.66,625.41,0.9895,663.54,737.91,0.9858,692.05,696.02,0.9606,700.62,829.58,0.9542,718.46,783.09,0.9584
5,0.7143,2,649.29,113.22,816.81,657.22,0.8907,666.78,177.39,0.0677,664.02,169.07,0.0971,677.25,164.7,0.0114,675.04,169.59,0.8797,725.43,158.46,0.478,703.87,234.55,0.9979,763.97,210.11,0.982,703.31,338.06,0.9921,795.35,290.62,0.307,692.18,414.65,0.9616,753.6,346.31,0.0839,728.95,394.18,0.9968,773.59,378.98,0.9913,736.31,507.89,0.9903,774.84,474.67,0.977,755.47,613.72,0.9808,789.38,572.98,0.9842
5,0.7143,5,557.84,0.21,677.28,213.05,0.6042,601.65,22.54,0.9647,606.75,17.6,0.972,597.85,18.07,0.8209,619.58,15.01,0.9149,595.09,16.78,0.1151,637.69,40.12,0.995,593.91,42.12,0.9547,642.44,85.01,0.9926,579.16,77.66,0.5685,611.48,82.26,0.9771,576.57,82.2,0.445,634.87,130.07,0.9821,604.03,129.47,0.9232,639.71,203.26,0.8979,603.81,197.46,0.4327,644.68,266.96,0.8016,610.84,262.67,0.3715
5,0.7143,7,544.4,142.48,669.59,437.37,0.6257,549.61,196.48,0.875,559.1,192.71,0.9036,555.1,185.1,0.1234,588.78,199.81,0.9309,570.47,179.87,0.0062,621.6,249.81,0.9877,564.95,211.88,0.9096,616.06,340.91,0.9369,548.03,285.93,0.3127,575.45,393.95,0.5675,537.88,349.77,0.1124,620.01,381.05,0.8804,577.68,362.49,0.7496,624.51,475.36,0.3071,560.63,453.76,0.1605,642.53,539.58,0.0998,584.69,527.13,0.0579
6,0.8571,1,514.49,314.24,740.16,873.85,0.8955,564.53,399.57,0.1665,564.38,390.19,0.2232,576.18,385.5,0.0213,583.15,394.55,0.8463,632.72,380.31,0.3988,600.18,482.33,0.9983,687.11,444.16,0.9859,595.57,597.74,0.9948,712.26,526.61,0.4422,554.4,581.43,0.9726,635.27,541.43,0.1516,640.91,644.17,0.997,701.48,623.18,0.9908,662.59,738.37,0.9858,695.56,696.92,0.9673,700.71,830.86,0.9524,719.2,783.05,0.9631
6,0.8571,2,657.3,100.03,820.52,634.38,0.9046,669.59,165.53,0.6736,672.09,156.04,0.7366,676.14,153.8,0.0585,695.87,157.32,0.9562,721.92,150.52,0.1388,706.27,224.22,0.9984,771.49,203.77,0.9771,702.34,325.97,0.9954,799.44,287.34,0.2387,689.65,397.89,0.9854,759.81,347.71,0.104,732.55,380.75,0.9968,780.95,368.1,0.9895,736.77,494.17,0.9929,782.25,464.39,0.9822,762.07,595.3,0.9781,791.16,563.61,0.9801
6,0.8571,7,542.69,141.4,667.47,434.82,0.6985,547.84,198.87,0.956,557.48,195.0,0.981,553.64,187.31,0.1692,588.92,203.93,0.9725,574.29,183.25,0.0031,611.54,254.21,0.9859,587.24,213.09,0.8658,602.58,340.74,0.8866,575.49,286.39,0.1714,556.08,384.28,0.4668,552.61,340.38,0.0857,621.56,380.55,0.8573,601.18,360.15,0.6796,623.54,467.52,0.4055,588.84,440.5,0.1752,656.08,534.14,0.1244,613.26,515.62,0.0632
7,1.0,1,516.21,322.57,739.27,874.43,0.9057,562.28,407.87,0.4974,566.02,398.92,0.6131,571.75,394.52,0.0753,590.73,403.73,0.9061,623.46,389.21,0.3274,596.61,488.57,0.9985,685.64,446.03,0.9867,602.64,601.33,0.996,710.64,515.32,0.3316,552.87,589.61,0.9776,624.27,515.78,0.0911,641.42,648.84,0.9964,702.94,627.25,0.99,669.2,745.78,0.9848,704.31,705.36,0.9737,706.15,829.75,0.9394,722.74,792.74,0.9595
7,1.0,2,661.41,90.56,821.41,616.32,0.9071,670.37,153.42,0.805,676.29,144.84,0.8844,677.57,142.41,0.1608,703.64,151.71,0.965,722.12,142.69,0.1826,699.49,221.34,0.9989,778.38,199.92,0.9842,693.28,313.59,0.9963,808.19,276.61,0.3142,685.26,383.85,0.9785,769.64,333.91,0.1187,728.04,379.77,0.9961,783.42,367.95,0.9893,738.93,486.15,0.9906,790.04,465.4,0.9839,764.5,578.58,0.9689,792.4,560.31,0.974
7,1.0,7,492.26,137.25,621.36,432.17,0.6667,546.2,203.05,0.8797,554.61,198.52,0.924,552.56,191.98,0.1147,581.97,206.62,0.9636,581.05,188.75,0.0182,592.75,249.31,0.9912,595.16,220.7,0.9496,524.31,308.99,0.9787,538.02,285.65,0.741,452.95,285.36,0.8521,470.46,281.75,0.5475,625.93,366.82,0.8768,622.58,351.46,0.7626,608.47,442.05,0.6102,592.1,415.93,0.2952,643.98,502.57,0.2286,617.63,483.69,0.1352
7,1.0,5,548.66,2.67,684.83,250.26,0.593,601.77,22.76,0.9682,606.71,17.55,0.9751,597.75,18.15,0.8278,619.56,14.12,0.921,594.95,16.27,0.1066,639.14,38.91,0.9953,594.17,40.62,0.9613,641.37,84.39,0.9928,574.11,74.96,0.6156,608.65,82.9,0.9749,569.05,75.31,0.4486,636.71,130.47,0.9833,604.88,129.85,0.9339,641.7,205.95,0.8996,605.67,201.38,0.4721,647.65,270.12,0.7947,614.03,267.12,0.3899
8,1.1429,1,517.23,326.95,739.18,874.92,0.9071,562.14,412.1,0.4942,565.28,403.12,0.6252,571.57,398.89,0.0629,589.12,406.7,0.9122,623.1,392.74,0.2723,597.3,488.58,0.9985,683.07,445.42,0.9822,601.74,599.85,0.9955,700.75,507.4,0.3036,552.21,589.51,0.9765,605.45,490.7,0.0914,641.84,645.88,0.996,701.3,624.21,0.9877,670.17,745.19,0.984,701.35,703.47,0.971,705.76,830.08,0.9332,722.0,791.7,0.9563
8,1.1429,2,663.57,86.06,820.68,602.73,0.9042,670.76,150.27,0.7623,676.59,141.87,0.853,678.52,139.7,0.1708,703.82,148.98,0.9641,723.27,140.53,0.2541,695.41,216.01,0.9989,778.22,196.76,0.9867,692.96,309.67,0.9969,811.72,274.3,0.3854,686.0,381.23,0.9824,782.03,334.09,0.145,727.75,372.65,0.9958,783.59,363.53,0.9889,741.69,477.03,0.9924,790.64,466.24,0.986,760.15,565.3,0.9745,792.28,559.97,0.9706
8,1.1429,7,462.66,148.12,591.52,428.52,0.65,539.14,206.38,0.7975,547.08,201.77,0.849,546.37,195.01,0.0875,572.02,211.64,0.9305,580.12,193.26,0.0634,576.63,252.72,0.9912,603.57,226.76,0.9483,510.51,298.49,0.9906,531.16,284.48,0.8046,429.74,263.5,0.9479,430.49,262.41,0.7144,613.85,378.1,0.8677,634.41,363.25,0.7413,583.46,463.28,0.5524,608.13,436.44,0.3006,618.31,530.46,0.1191,631.89,505.94,0.1073
9,1.2857,1,519.08,330.68,740.2,874.83,0.9068,560.6,411.04,0.4543,563.78,402.09,0.5599,570.51,398.05,0.0436,587.66,406.66,0.91,622.79,392.95,0.2272,596.93,488.22,0.9986,679.45,444.86,0.9846,601.44,598.77,0.9954,692.64,502.48,0.3854,552.3,589.48,0.9751,593.78,479.02,0.1224,642.71,640.54,0.9962,701.34,619.06,0.9893,669.02,739.95,0.9851,702.12,698.15,0.9777,706.71,830.16,0.9321,721.8,793.04,0.9617
9,1.2857,2,659.94,83.97,815.65,596.62,0.8969,667.97,145.66,0.7106,673.82,138.21,0.818,676.66,135.92,0.1568,700.53,147.19,0.9635,722.08,138.14,0.2767,690.71,212.35,0.9989,771.52,192.82,0.9852,689.17,303.14,0.9958,803.41,268.73,0.3798,686.55,375.03,0.9787,773.94,320.82,0.1459,725.23,366.0,0.9958,779.91,357.88,0.9889,738.2,463.06,0.988,787.64,458.37,0.9812,759.37,544.62,0.9738,788.46,552.55,0.9671
10,1.4286,1,518.5,329.69,740.99,875.34,0.9137,557.32,419.42,0.3045,557.81,410.14,0.3912,566.98,404.89,0.0148,580.0,409.77,0.8988,621.72,394.17,0.1696,605.05,491.54,0.9985,676.57,438.07,0.9876,599.08,600.59,0.9952,657.71,474.83,0.7606,550.84,588.19,0.9863,568.49,451.85,0.5958,644.65,644.22,0.996,700.79,619.81,0.992,669.7,744.39,0.9854,700.3,703.36,0.9854,704.99,830.44,0.8983,721.35,795.84,0.9499
10,1.4286,2,655.51,81.9,810.82,594.4,0.8966,664.45,146.85,0.2846,666.99,138.8,0.3785,672.51,135.89,0.0479,688.25,142.54,0.9266,717.66,133.45,0.4236,685.47,207.17,0.9987,766.86,186.95,0.9834,684.06,300.03,0.9952,799.2,264.36,0.3942,679.15,372.14,0.9742,774.0,314.38,0.1511,719.09,360.74,0.9957,773.7,351.8,0.9893,738.57,459.55,0.9884,779.45,452.53,0.9836,759.97,544.08,0.9698,786.7,549.71,0.9668
10,1.4286,7,421.63,161.52,539.61,396.49,0.5679,512.94,217.6,0.708,518.09,213.06,0.7738,522.88,206.87,0.039,538.56,220.85,0.8912,567.45,204.44,0.0528,528.88,257.69,0.9893,591.75,235.31,0.9268,471.62,286.19,0.9936,531.11,275.44,0.4889,396.74,241.55,0.9766,418.19,242.64,0.4006,525.15,381.64,0.8858,574.99,368.3,0.7409,503.85,487.6,0.3497,535.73,476.55,0.1517,510.33,556.09,0.0439,536.92,543.03,0.0308
11,1.5714,1,518.19,327.54,742.41,875.82,0.9152,556.63,422.19,0.1784,555.46,412.91,0.2707,567.36,407.52,0.0084,575.94,411.92,0.8892,625.22,396.14,0.1918,606.51,491.37,0.9987,679.69,439.29,0.984,599.2,601.73,0.9955,666.27,491.1,0.7307,550.44,586.85,0.9867,577.52,474.76,0.619,643.94,644.76,0.9963,701.65,619.07,0.992,669.66,745.01,0.9867,700.31,699.78,0.987,705.81,833.11,0.899,722.31,790.78,0.9574
11,1.5714,2,648.55,81.87,802.26,587.51,0.898,655.77,145.27,0.1086,656.44,137.77,0.1648,664.2,134.23,0.0214,673.85,140.58,0.8959,708.55,130.06,0.4785,675.8,204.49,0.9989,757.94,179.75,0.9803,674.71,296.89,0.9947,784.85,259.25,0.3156,672.97,366.51,0.9548,749.16,317.87,0.0882,715.0,351.09,0.9961,768.92,339.43,0.9888,737.07,454.06,0.989,774.31,442.41,0.9837,758.15,542.67,0.9698,784.99,539.5,0.969
11,1.5714,5,548.46,68.22,662.58,279.34,0.49,574.57,112.68,0.6463,577.51,106.86,0.7594,578.3,106.0,0.0602,590.27,109.05,0.9366,602.01,105.3,0.0525,603.27,150.83,0.9926,614.3,138.22,0.9248,597.04,211.88,0.9149,598.13,186.64,0.4999,560.42,187.0,0.73,565.68,160.86,0.5602,607.67,248.24,0.8078,618.75,239.17,0.6541,596.73,307.01,0.2143,609.3,289.66,0.1429,611.7,350.1,0.0392,616.38,333.63,0.0397
12,1.7143,1,520.74,333.5,742.76,874.86,0.9131,556.04,424.59,0.3488,557.26,415.11,0.4696,565.64,409.82,0.0173,583.21,414.11,0.9082,621.89,398.55,0.1658,603.87,490.01,0.9988,682.8,444.36,0.9774,602.07,602.72,0.9962,692.93,531.06,0.4543,551.35,586.1,0.9835,596.48,540.89,0.3114,644.15,645.6,0.9953,704.3,621.11,0.9874,670.86,745.01,0.9843,703.76,700.47,0.9794,707.03,831.68,0.923,721.89,791.33,0.9613
12,1.7143,2,645.25,80.26,792.32,557.37,0.9059,654.28,140.53,0.061,653.93,133.26,0.1043,663.38,130.26,0.0158,667.75,136.21,0.8898,706.94,127.3,0.4995,666.32,197.15,0.9986,752.49,176.52,0.9818,660.12,283.67,0.9918,775.51,250.91,0.3761,659.68,345.81,0.9479,741.68,301.37,0.1179,702.77,339.88,0.9975,758.99,327.72,0.9928,729.11,437.84,0.9915,770.56,414.69,0.9866,753.05,520.65,0.9729,783.54,495.75,0.9784
12,1.7143,9,311.84,165.91,613.36,380.52,0.4558,505.58,224.88,0.6527,509.92,219.54,0.7196,513.39,214.6,0.0268,528.05,225.92,0.9253,551.51,212.74,0.0441,530.37,263.97,0.9926,563.81,244.09,0.9409,463.16,285.07,0.9915,486.36,274.55,0.7459,389.33,242.03,0.9661,393.91,242.37,0.7388,529.03,390.09,0.8148,555.46,377.16,0.6527,508.67,498.61,0.2741,523.17,485.57,0.1517,514.26,569.19,0.0341,527.21,557.32,0.0298
12,1.7143,5,548.78,72.76,654.81,271.91,0.5321,573.58,114.83,0.6809,576.1,108.34,0.7825,576.72,107.71,0.0661,589.69,109.04,0.9401,600.58,106.1,0.0472,605.17,153.36,0.9893,613.01,137.25,0.9312,595.88,217.4,0.8752,594.54,186.23,0.5549,555.29,195.61,0.6855,565.14,167.02,0.6316,602.91,255.97,0.6617,613.17,244.71,0.5305,581.69,305.19,0.0941,595.48,287.33,0.0729,596.49,342.76,0.0241,603.82,327.07,0.0258
13,1.8571,1,522.04,337.62,743.17,875.03,0.912,559.87,426.51,0.2828,560.14,416.67,0.4088,569.29,411.69,0.0161,583.91,413.58,0.8998,624.78,399.27,0.1929,603.13,487.73,0.9987,683.66,444.97,0.9767,601.85,602.52,0.9957,694.84,532.08,0.3825,551.48,586.4,0.9787,600.99,543.33,0.2167,644.74,645.79,0.996,705.21,622.3,0.9891,672.23,747.22,0.985,704.79,701.3,0.9803,707.22,831.36,0.9322,721.21,787.35,0.9697
13,1.8571,2,643.52,79.4,788.14,539.9,0.9133,652.71,135.31,0.1374,653.55,127.47,0.2338,660.81,125.2,0.0262,668.12,129.38,0.9488,703.12,121.93,0.4433,662.5,187.39,0.9988,748.29,170.18,0.997,649.48,273.81,0.9844,780.89,232.1,0.863,649.77,330.14,0.8432,749.12,247.34,0.3856,699.84,329.4,0.998,755.47,317.49,0.9976,727.76,433.68,0.9848,767.3,405.81,0.9883,753.46,520.92,0.9509,782.61,485.77,0.9779
13,1.8571,5,547.93,75.92,650.83,271.05,0.4935,573.93,115.8,0.6324,576.39,109.29,0.7393,577.25,108.47,0.0487,589.04,110.14,0.9437,601.92,106.78,0.0483,604.82,153.34,0.9919,616.23,137.81,0.9311,594.85,219.05,0.9034,598.22,187.21,0.5461,557.25,192.98,0.7361,566.07,166.2,0.6504,603.56,260.96,0.7608,615.54,249.91,0.6273,587.08,320.18,0.1181,601.52,301.82,0.088,600.01,358.65,0.0234,608.09,341.73,0.0252
14,2.0,1,521.42,332.25,745.64,875.05,0.9101,561.01,423.1,0.2523,561.17,413.92,0.3746,570.38,408.38,0.0155,583.19,412.8,0.8928,624.93,396.86,0.2278,605.46,489.87,0.9989,683.53,444.2,0.9724,604.79,599.56,0.9962,690.71,525.74,0.3759,552.42,586.7,0.9801,595.64,534.23,0.2267,649.4,644.32,0.9948,709.5,621.02,0.9833,672.29,746.01,0.9844,710.89,707.83,0.9706,708.74,835.54,0.929,720.16,800.51,0.9438
14,2.0,2,637.97,72.12,784.11,530.39,0.9139,652.05,120.78,0.1333,653.99,113.36,0.2063,659.79,111.63,0.0222,668.28,118.34,0.9421,700.82,111.69,0.3927,660.28,176.23,0.9988,745.69,160.7,0.9968,641.29,256.69,0.9836,777.31,224.86,0.9037,640.99,303.77,0.8327,747.27,235.12,0.4864,698.45,316.41,0.9983,752.88,304.23,0.9977,724.16,419.34,0.9843,763.72,385.79,0.9832,751.47,512.97,0.9764,774.66,468.33,0.9878
14,2.0,5,554.13,80.84,649.46,264.13,0.4589,569.42,115.37,0.7091,572.06,109.17,0.6661,573.04,108.12,0.0303,586.97,114.01,0.8993,604.82,108.92,0.0174,597.95,159.38,0.9907,619.31,143.65,0.9222,592.45,226.86,0.9029,603.64,195.84,0.1553,570.28,208.41,0.592,571.68,183.02,0.106,593.49,260.2,0.7458,609.28,249.08,0.6034,566.34,295.23,0.0913,579.8,284.45,0.0613,564.72,328.18,0.0072,580.28,316.17,0.0054
14,2.0,9,314.7,169.51,602.65,375.09,0.4108,503.22,222.44,0.6897,507.69,217.72,0.7417,512.22,214.2,0.0344,526.06,229.29,0.943,554.36,218.4,0.0772,523.83,273.29,0.9965,573.14,253.33,0.9316,448.07,277.16,0.9975,512.28,262.5,0.4558,378.47,232.88,0.9863,436.08,228.49,0.3274,539.17,393.66,0.856,577.08,381.55,0.6523,526.49,490.74,0.275,549.93,479.22,0.1131,529.81,555.78,0.0347,552.02,543.99,0.025
15,2.1429,1,521.25,331.85,746.58,875.07,0.9109,558.47,425.55,0.277,558.11,415.98,0.428,568.31,410.44,0.0127,582.63,412.03,0.9028,625.75,396.41,0.1566,606.43,486.13,0.9988,685.06,440.61,0.9654,606.35,600.6,0.9963,690.31,523.83,0.3503,552.35,588.38,0.9823,594.35,531.25,0.239,649.66,646.22,0.9946,709.92,623.08,0.9809,671.8,749.28,0.9827,707.43,711.88,0.9641,708.83,835.08,0.9145,719.18,802.4,0.927
15,2.1429,2,635.77,65.41,783.41,523.8,0.9073,655.01,116.43,0.1731,657.13,108.83,0.2652,662.33,107.35,0.0272,673.13,113.33,0.9395,703.86,107.49,0.3676,664.97,170.14,0.9987,749.76,155.5,0.9959,646.21,248.62,0.982,775.89,219.68,0.8708,643.33,298.46,0.8584,748.34,230.18,0.4461,700.05,310.57,0.9983,754.98,298.22,0.9976,724.06,416.14,0.9816,763.77,381.05,0.9825,749.39,507.25,0.968,769.81,457.8,0.9871
15,2.1429,5,557.67,83.54,649.66,262.21,0.4446,568.96,115.64,0.7558,571.92,109.23,0.7304,572.29,108.24,0.0332,587.32,114.02,0.9135,604.64,109.01,0.0166,597.7,159.7,0.9909,620.7,144.5,0.9328,592.67,229.18,0.9083,605.71,199.22,0.1977,569.04,208.29,0.5857,571.88,183.44,0.1284,595.42,263.11,0.7566,612.51,252.35,0.6524,567.6,299.29,0.0851,583.9,288.85,0.0653,566.07,333.56,0.006,584.25,321.88,0.005
15,2.1429,10,539.77,243.23,694.48,438.92,0.481,563.5,310.27,0.8627,571.34,300.79,0.829,562.84,297.73,0.2555,600.77,298.4,0.8603,572.72,290.78,0.0331,652.46,359.69,0.9756,567.27,329.0,0.8943,666.11,436.03,0.7528,532.82,372.19,0.2325,613.16,440.98,0.5825,512.47,352.11,0.2318,642.96,478.12,0.2721,584.31,460.47,0.2044,633.09,536.17,0.0464,561.49,528.44,0.0362,660.36,564.06,0.0111,576.45,551.69,0.0083
15,2.1429,9,319.48,170.45,594.49,367.24,0.482,505.57,222.43,0.6016,509.51,217.45,0.6595,514.47,214.08,0.0282,526.97,227.68,0.9246,556.32,217.37,0.0827,526.19,272.51,0.996,572.46,254.32,0.9144,450.26,278.15,0.997,504.09,268.25,0.4207,378.54,232.92,0.9842,421.0,230.77,0.3429,536.79,391.32,0.8118,573.52,379.35,0.5632,518.66,480.87,0.1587,541.99,469.62,0.0606,521.12,535.57,0.0185,544.16,522.87,0.0132
16,2.2857,1,519.54,324.44,748.47,874.88,0.9068,560.22,423.05,0.4734,561.24,413.56,0.6383,568.24,408.45,0.0177,587.64,410.13,0.9282,622.66,395.41,0.0988,610.81,480.77,0.9986,683.92,434.04,0.9582,606.9,594.59,0.996,684.78,518.45,0.4277,551.94,588.38,0.9857,592.88,533.86,0.43,651.24,643.79,0.9933,707.27,621.02,0.9764,668.16,748.61,0.9822,700.22,715.28,0.9587,707.89,837.4,0.9084,718.51,808.02,0.9062
16,2.2857,2,640.81,56.7,788.09,513.08,0.9088,665.98,110.03,0.1317,666.66,101.9,0.1955,672.14,100.1,0.0322,680.41,101.86,0.9029,710.45,96.59,0.5121,674.32,158.37,0.9984,756.95,146.25,0.9913,665.31,238.8,0.9894,781.52,211.34,0.6667,656.75,295.87,0.9369,758.76,244.1,0.2631,704.16,299.94,0.9981,758.98,290.74,0.9966,722.24,398.91,0.9941,764.92,378.19,0.9925,745.42,487.68,0.9866,770.66,457.61,0.9914
16,2.2857,5,554.44,80.54,652.12,273.34,0.4575,570.61,114.74,0.7798,574.13,108.47,0.8736,573.55,108.5,0.1033,589.62,110.28,0.949,595.94,108.87,0.0353,604.99,153.32,0.9903,611.71,140.82,0.8791,597.57,218.35,0.9218,597.39,189.54,0.4142,554.79,195.62,0.7841,568.68,173.51,0.5089,607.05,258.12,0.7645,613.97,249.15,0.5764,596.9,325.98,0.1876,607.14,313.67,0.1062,606.66,370.1,0.0384,610.17,357.8,0.0322
16,2.2857,9,316.78,169.06,599.11,372.13,0.4231,503.46,221.23,0.6313,507.19,215.99,0.701,513.42,212.83,0.0252,524.47,227.52,0.9476,559.03,217.31,0.0792,523.68,272.28,0.9969,579.23,252.42,0.9271,448.28,278.29,0.9975,519.09,262.82,0.4381,379.28,233.68,0.9853,444.07,227.91,0.3278,543.51,396.24,0.8595,586.06,383.39,0.6353,526.22,495.25,0.2906,552.34,479.28,0.1041,526.29,564.96,0.0364,554.47,548.61,0.0248
17,2.4286,1,515.66,316.63,748.49,875.28,0.9091,554.92,414.67,0.8365,559.28,405.11,0.9185,561.24,399.32,0.0585,595.48,401.45,0.9539,611.75,384.64,0.044,614.86,474.69,0.9987,680.56,423.2,0.9622,612.08,588.33,0.9973,692.59,510.42,0.2946,551.82,584.81,0.9882,604.93,537.76,0.2171,652.52,633.54,0.9913,700.84,608.92,0.9667,668.53,739.69,0.9827,699.48,703.95,0.9506,708.19,836.71,0.9162,718.24,806.76,0.8997
17,2.4286,2,648.09,48.25,790.34,488.66,0.9036,665.89,99.31,0.2832,667.94,92.04,0.3444,672.38,90.02,0.0551,684.46,94.72,0.9139,711.22,88.4,0.3816,680.69,149.86,0.9983,757.15,137.42,0.9919,675.71,229.02,0.9917,784.15,204.76,0.7176,675.32,287.58,0.9544,763.17,249.84,0.3416,706.7,287.05,0.9966,760.41,278.89,0.9949,714.34,375.15,0.991,762.26,364.5,0.9911,741.17,456.97,0.9806,768.62,450.55,0.9853
17,2.4286,5,552.03,80.33,660.13,297.23,0.5409,567.05,116.78,0.6412,570.39,109.97,0.7676,572.37,109.43,0.049,586.52,113.54,0.9374,602.02,110.25,0.039,600.22,155.96,0.9887,619.66,140.74,0.8229,593.26,217.61,0.956,601.15,187.85,0.4278,547.11,200.88,0.7904,566.42,171.62,0.4386,611.65,265.23,0.8765,626.76,256.16,0.7271,613.94,351.25,0.4447,625.43,336.26,0.2862,622.3,396.79,0.1234,628.87,389.14,0.093
17,2.4286,10,539.69,247.07,701.63,451.72,0.4356,562.9,309.58,0.8539,569.5,300.46,0.8859,565.2,297.34,0.1256,597.79,299.72,0.95,585.78,291.83,0.0145,648.32,351.33,0.9736,597.24,323.99,0.8461,644.28,421.15,0.6788,575.6,370.94,0.134,567.21,429.33,0.392,547.32,378.41,0.0915,668.67,467.28,0.4025,630.88,450.06,0.2493,649.89,524.68,0.061,607.49,507.19,0.0234,671.74,560.98,0.0166,618.31,543.8,0.0077
18,2.5714,1,514.15,316.92,747.43,874.74,0.9158,558.72,412.6,0.9222,563.35,401.61,0.964,561.29,397.06,0.1005,600.71,391.7,0.9618,606.19,378.98,0.0327,615.12,466.46,0.9987,681.58,420.2,0.9703,613.62,580.33,0.9975,689.63,502.9,0.3813,546.08,581.06,0.9904,603.47,521.46,0.3078,653.21,629.5,0.9914,700.46,607.39,0.971,668.53,740.07,0.9843,696.3,708.17,0.9559,708.09,837.35,0.8841,715.39,808.76,0.8608
18,2.5714,2,651.77,41.71,792.76,479.08,0.8977,664.41,93.26,0.3473,666.72,85.91,0.3983,670.71,83.9,0.057,684.11,88.21,0.9258,709.39,81.96,0.33,682.44,143.84,0.9981,754.36,130.57,0.9934,680.71,224.12,0.9906,785.4,193.59,0.7512,675.26,281.97,0.9489,762.9,228.6,0.3495,706.45,283.81,0.9961,757.1,275.58,0.9953,717.9,376.75,0.9871,759.7,366.07,0.9907,737.12,463.3,0.9522,770.11,454.5,0.9741
18,2.5714,5,553.21,79.89,664.95,305.84,0.6452,566.73,117.21,0.6091,570.22,110.76,0.7337,572.39,109.63,0.0434,586.33,114.62,0.9355,603.08,109.83,0.0429,600.06,157.02,0.9896,622.89,139.75,0.8749,592.39,219.27,0.9521,605.37,187.87,0.5191,547.91,199.17,0.7637,568.54,173.76,0.4896,613.74,264.66,0.9094,633.34,254.76,0.8217,612.94,347.03,0.4671,633.01,331.96,0.3351,621.3,391.82,0.1285,637.56,381.24,0.1028
18,2.5714,10,545.4,244.69,712.45,455.29,0.5414,560.36,313.02,0.7416,565.74,303.12,0.8098,564.91,300.84,0.0539,596.9,303.24,0.9013,598.62,293.88,0.0148,642.56,357.97,0.9496,625.84,330.13,0.8678,649.83,422.73,0.6062,615.5,387.0,0.1923,577.29,424.15,0.3162,576.78,410.58,0.1547,674.52,457.92,0.4407,663.3,442.09,0.2712,669.09,493.51,0.1197,652.64,477.5,0.0442,698.11,516.4,0.0249,661.23,495.26,0.009
19,2.7143,1,508.0,304.7,745.57,872.44,0.9177,555.36,403.23,0.9511,560.55,391.74,0.9772,556.53,388.15,0.1254,599.22,380.54,0.9614,596.3,370.26,0.0173,620.56,450.07,0.9982,671.24,406.92,0.9722,619.06,566.51,0.9973,673.34,480.15,0.5129,549.07,577.98,0.9934,591.66,473.14,0.4275,653.49,622.35,0.9909,684.41,601.92,0.9697,670.15,739.14,0.9893,679.26,711.03,0.9626,711.62,840.48,0.888,703.61,808.25,0.8452
19,2.7143,2,649.2,38.9,790.19,478.78,0.8908,660.92,92.67,0.5095,664.42,85.2,0.6091,666.13,83.42,0.0714,684.68,87.8,0.9443,702.69,82.13,0.1884,680.69,143.44,0.9979,747.29,131.19,0.9905,679.02,226.08,0.9887,774.09,197.51,0.6428,668.07,283.39,0.9397,748.71,222.55,0.2589,703.51,284.57,0.9955,749.98,277.14,0.9935,719.57,376.64,0.9831,754.88,368.99,0.9856,740.72,461.05,0.9418,771.26,456.09,0.9619
19,2.7143,5,554.89,79.45,666.92,308.55,0.5991,567.2,117.11,0.6363,570.9,110.32,0.7547,572.34,109.3,0.0465,587.62,113.81,0.932,601.82,109.41,0.037,600.55,158.23,0.9904,621.73,140.37,0.8357,591.84,223.14,0.9561,604.01,189.18,0.3689,543.47,208.57,0.734,566.59,177.0,0.3032,613.55,266.17,0.8949,630.91,255.87,0.7598,612.99,348.71,0.4221,628.32,332.72,0.2557,623.91,392.66,0.1239,633.83,383.38,0.0887
19,2.7143,10,545.3,245.39,724.79,469.49,0.6742,549.29,313.77,0.868,556.92,304.15,0.9144,551.21,302.39,0.1287,593.32,303.37,0.9119,574.86,295.66,0.0092,647.71,348.07,0.9522,587.98,327.24,0.9188,659.28,413.45,0.689,550.63,373.86,0.2782,570.95,421.67,0.3039,507.81,385.35,0.1688,688.11,432.83,0.4824,645.32,423.48,0.3326,710.4,446.57,0.3106,657.04,436.43,0.1305,755.64,475.55,0.0813,682.01,455.17,0.0317
19,2.7143,12,577.32,0.0,657.41,145.03,0.4545,599.97,25.8,0.9876,604.82,19.69,0.9935,596.27,20.9,0.8291,619.79,16.17,0.9866,593.98,19.95,0.0295,638.81,41.42,0.999,596.61,42.41,0.9452,646.87,84.97,0.9938,589.03,79.37,0.383,607.36,81.39,0.9765,592.62,76.27,0.4286,626.99,122.7,0.9611,598.34,120.88,0.797,625.78,175.78,0.3679,596.78,173.01,0.1004,629.14,215.73,0.0906,600.25,210.53,0.0282
19,2.7143,9,221.21,167.79,699.32,524.21,0.5119,505.29,218.98,0.6621,510.08,213.87,0.7035,515.04,210.48,0.0497,527.1,225.94,0.8957,556.51,215.05,0.0677,527.54,271.92,0.9908,576.05,252.55,0.8908,448.05,277.75,0.9939,531.37,267.96,0.3143,371.87,231.95,0.9809,466.37,237.83,0.2302,540.55,406.13,0.9511,574.87,394.63,0.8487,523.15,521.63,0.7806,549.6,508.82,0.4379,529.66,601.13,0.4348,548.92,588.77,0.27
20,2.8571,1,504.17,294.32,745.27,871.3,0.9146,555.92,400.12,0.9263,559.39,388.59,0.9603,558.36,385.53,0.0734,596.52,378.18,0.9623,602.18,369.31,0.016,619.36,450.13,0.9986,671.87,406.77,0.9787,617.44,564.27,0.998,676.16,474.51,0.5376,548.33,577.25,0.9946,597.34,474.45,0.3864,652.23,621.85,0.993,687.17,602.04,0.9779,666.21,738.41,0.9929,682.7,711.66,0.9788,699.44,843.47,0.9427,701.56,820.59,0.9216
20,2.8571,2,645.97,41.11,785.59,476.8,0.8841,652.84,94.99,0.6564,657.34,87.41,0.7674,658.15,86.1,0.0729,681.96,90.69,0.9621,696.09,85.54,0.0907,677.28,145.88,0.9981,741.2,132.51,0.9911,668.72,228.36,0.986,766.3,199.75,0.6477,658.44,285.67,0.929,742.61,234.27,0.2786,700.68,282.57,0.9953,744.09,273.22,0.993,715.79,377.97,0.9776,748.71,360.77,0.9812,734.34,462.98,0.9449,767.33,444.86,0.972
20,2.8571,10,532.97,241.62,737.29,495.97,0.5616,561.34,312.78,0.8381,568.63,302.53,0.8236,559.83,303.12,0.1376,602.59,301.03,0.8771,575.7,300.23,0.0164,660.65,349.4,0.9873,583.64,334.59,0.9072,710.72,422.17,0.9341,550.99,380.05,0.2533,711.34,478.38,0.7432,523.68,404.52,0.1558,680.34,472.19,0.6251,627.71,464.13,0.3938,692.98,498.44,0.2205,627.98,488.56,0.083,739.76,530.39,0.0587,657.29,522.11,0.0204
20,2.8571,12,581.84,0.0,653.07,128.66,0.411,600.59,25.9,0.9909,605.43,19.38,0.9929,596.37,20.62,0.8957,619.62,15.38,0.9804,592.56,19.16,0.0541,637.35,40.68,0.9987,594.86,41.83,0.9723,646.78,82.16,0.9857,587.06,76.82,0.555,606.66,81.29,0.9453,588.62,76.5,0.4835,623.94,115.8,0.8922,594.56,113.93,0.723,618.49,161.66,0.1495,586.04,159.34,0.0622,621.68,198.47,0.0331,594.48,194.84,0.0167
20,2.8571,9,209.44,165.94,710.43,554.02,0.574,502.07,220.33,0.5719,505.97,214.73,0.6085,511.98,211.06,0.0343,521.98,225.11,0.8897,554.56,213.95,0.0771,524.8,272.07,0.9923,572.1,252.3,0.9155,449.42,275.87,0.9939,512.65,265.34,0.3732,371.63,231.76,0.9798,428.96,232.94,0.2752,534.4,411.05,0.9552,569.22,398.97,0.8605,519.28,530.06,0.8656,542.82,515.78,0.6015,526.47,617.25,0.5981,542.94,603.63,0.447
21,3.0,1,501.81,299.21,742.89,876.4,0.9144,555.82,401.89,0.9442,559.76,391.0,0.9691,558.64,387.6,0.1373,594.9,383.0,0.9659,603.39,373.3,0.0334,614.37,453.69,0.9985,674.31,414.19,0.9808,612.27,566.57,0.9973,698.9,499.01,0.4747,541.9,574.45,0.9935,635.59,522.67,0.3616,642.63,624.52,0.9942,684.97,604.11,0.9835,656.88,743.44,0.9908,687.98,711.62,0.9761,681.14,847.52,0.9598,706.7,811.07,0.9577
21,3.0,2,646.01,44.78,782.22,463.94,0.9014,648.76,97.28,0.931,655.34,89.97,0.9775,653.11,88.25,0.1647,685.37,93.14,0.9856,688.28,86.97,0.0197,681.91,144.28,0.9982,733.81,128.95,0.963,664.83,224.59,0.9838,746.38,202.94,0.1629,647.19,279.92,0.9482,705.68,252.83,0.0999,697.7,277.71,0.9952,733.46,266.28,0.9848,711.96,366.45,0.9879,740.15,344.25,0.9809,735.95,447.66,0.9637,770.31,419.18,0.9769
21,3.0,10,532.61,244.9,718.53,475.29,0.4132,558.28,308.92,0.9273,567.3,299.64,0.9249,559.2,296.6,0.2601,598.41,302.4,0.9413,571.76,294.43,0.0132,662.52,354.02,0.9777,568.32,327.67,0.8626,700.38,428.74,0.8209,538.56,368.76,0.252,641.99,447.65,0.6136,500.65,377.28,0.204,658.05,472.99,0.4912,591.97,455.02,0.326,646.12,525.97,0.1038,572.5,511.97,0.0412,663.76,551.57,0.0272,580.81,540.17,0.0104
21,3.0,9,218.29,167.79,703.8,558.11,0.581,502.79,217.41,0.5368,506.01,211.64,0.5758,513.26,208.82,0.0225,519.8,223.01,0.9238,557.01,213.59,0.0673,526.74,271.93,0.9953,573.34,252.56,0.9106,456.44,276.41,0.9952,517.8,268.32,0.3319,381.43,238.89,0.9849,435.45,238.8,0.305,536.4,412.08,0.9557,570.84,400.1,0.8327,523.06,529.52,0.8399,542.77,515.48,0.5008,526.53,613.07,0.5424,539.95,598.52,0.3515
22,3.1429,1,498.84,303.35,738.85,878.37,0.9168,550.5,404.54,0.8603,553.87,394.11,0.9158,555.76,390.16,0.0506,588.02,388.68,0.9543,604.8,377.32,0.0268,611.57,461.19,0.9984,664.08,417.12,0.9726,607.06,575.13,0.9969,653.54,486.09,0.4328,544.71,577.1,0.9926,570.51,492.42,0.347,633.94,634.36,0.9949,675.76,612.31,0.9832,648.99,749.28,0.9903,678.9,714.34,0.9771,681.04,846.4,0.942,706.04,811.45,0.9474
22,3.1429,2,648.01,45.47,784.2,456.66,0.9029,652.9,96.93,0.9426,658.91,88.95,0.9814,655.78,87.78,0.1434,689.35,89.07,0.985,689.02,84.91,0.012,686.75,139.85,0.9981,733.09,126.91,0.9571,671.98,219.01,0.985,741.43,202.69,0.171,648.27,274.41,0.9608,699.92,252.92,0.1384,698.87,272.93,0.9957,733.17,262.47,0.9869,709.67,363.36,0.9924,742.5,341.26,0.9899,739.22,443.74,0.9756,776.76,417.08,0.9869
22,3.1429,10,529.95,246.03,708.41,465.52,0.5903,558.85,315.89,0.9433,567.22,305.82,0.9489,559.79,302.33,0.2248,600.23,305.5,0.9538,575.5,296.76,0.0085,665.96,359.29,0.9629,574.78,331.4,0.8661,703.45,437.7,0.687,554.81,388.7,0.2818,636.6,453.08,0.5292,523.56,421.84,0.2595,653.86,478.04,0.3324,589.83,459.16,0.2467,642.19,517.7,0.0618,562.26,506.07,0.0351,666.99,534.96,0.0143,567.49,522.6,0.0072
23,3.2857,1,496.42,312.03,733.44,878.84,0.9046,542.94,403.94,0.5562,547.05,395.01,0.6519,552.12,389.7,0.0476,576.54,398.59,0.9034,606.76,382.07,0.1611,594.74,479.69,0.9983,672.33,431.47,0.9789,595.35,595.0,0.9959,680.19,503.34,0.3998,542.92,584.86,0.9798,574.5,513.58,0.1518,629.74,649.65,0.9948,686.89,624.67,0.9854,648.81,756.11,0.9806,683.45,718.38,0.9674,681.92,847.73,0.9208,706.44,812.62,0.9446
23,3.2857,2,651.38,43.4,789.66,456.72,0.9177,656.9,89.61,0.9281,663.61,82.28,0.9636,659.15,81.26,0.1816,690.95,85.04,0.9753,687.96,81.14,0.0282,693.42,136.22,0.9967,726.72,121.42,0.9574,688.25,214.0,0.9857,728.92,196.63,0.2398,668.05,268.84,0.9822,692.7,243.95,0.2483,705.14,266.31,0.9962,733.67,257.35,0.9905,710.75,358.69,0.997,751.75,345.08,0.9964,733.7,442.18,0.9931,780.52,423.64,0.9956
23,3.2857,10,519.89,241.68,701.24,463.26,0.614,547.34,300.12,0.3535,548.37,293.27,0.3474,558.05,289.24,0.0248,560.48,301.35,0.8711,603.86,289.6,0.0896,593.03,357.51,0.9231,630.63,323.85,0.9035,580.38,430.36,0.4975,625.08,391.23,0.4949,496.55,430.31,0.2013,534.91,423.9,0.318,616.16,478.21,0.2538,637.25,457.87,0.3243,597.22,527.01,0.0223,612.63,512.31,0.0322,626.88,540.34,0.0124,609.92,526.64,0.0148
23,3.2857,5,552.55,81.26,667.61,321.18,0.5945,570.3,120.41,0.5622,574.15,114.94,0.6671,576.54,113.44,0.0419,588.85,119.95,0.9162,605.4,114.48,0.0482,600.29,155.97,0.9861,621.59,142.99,0.8116,590.66,212.07,0.936,607.24,194.32,0.3591,550.84,204.92,0.7586,572.87,184.16,0.3898,612.5,257.28,0.9281,629.37,248.59,0.8627,609.34,332.61,0.6378,626.12,317.08,0.5736,619.27,379.5,0.1967,629.97,366.18,0.2281
24,3.4286,1,481.97,319.97,721.03,881.3,0.8898,538.22,412.74,0.4521,541.69,403.17,0.5285,549.26,397.62,0.0205,568.73,406.91,0.9125,607.24,390.29,0.1799,584.39,486.82,0.9985,669.86,443.97,0.9795,564.53,598.96,0.9973,700.02,534.05,0.4386,501.63,586.94,0.9882,637.1,563.82,0.2641,619.3,661.5,0.9937,681.54,641.62,0.984,647.38,768.95,0.9743,682.4,735.6,0.9569,685.05,851.79,0.8364,705.11,825.2,0.8766
24,3.4286,2,648.56,44.64,789.5,458.81,0.9042,651.03,89.74,0.9698,657.9,82.53,0.9852,653.11,81.32,0.1375,686.72,86.23,0.9854,680.54,82.1,0.0055,696.83,136.52,0.9968,709.93,122.58,0.955,699.25,217.88,0.989,697.55,186.81,0.5377,688.55,281.31,0.9921,660.91,194.44,0.699,711.78,267.1,0.9953,731.04,260.47,0.9866,704.74,357.45,0.9977,751.89,345.53,0.9957,728.26,444.16,0.9946,783.17,424.14,0.9947
24,3.4286,10,518.58,238.77,693.31,452.52,0.622,547.05,304.19,0.7692,554.16,297.47,0.7501,550.81,293.02,0.1105,584.74,300.27,0.9088,567.36,288.97,0.0186,645.81,357.64,0.9808,556.08,331.37,0.9429,665.03,434.73,0.802,524.56,387.4,0.4079,604.62,460.87,0.5758,484.45,397.06,0.2886,627.72,482.28,0.4001,562.91,462.61,0.3371,621.81,525.8,0.027,523.76,513.87,0.0255,650.68,547.41,0.0114,541.02,533.39,0.0098
25,3.5714,1,467.69,325.62,711.16,883.53,0.9112,530.97,428.6,0.7205,534.22,418.39,0.7677,539.66,413.35,0.0283,565.81,414.46,0.9437,596.99,399.67,0.1103,576.62,493.23,0.9989,669.19,449.05,0.9933,548.83,591.83,0.9978,689.13,501.8,0.7726,471.93,594.71,0.9911,610.06,498.54,0.5884,621.12,663.25,0.9959,686.9,643.12,0.9929,647.03,772.23,0.9788,682.48,737.26,0.9754,682.13,853.73,0.8232,706.07,819.92,0.9049
25,3.5714,2,643.63,40.36,789.91,463.06,0.8878,643.2,91.71,0.9857,652.3,85.66,0.9957,646.37,82.92,0.3084,682.74,93.14,0.9909,669.35,84.39,0.0033,692.52,142.57,0.9969,694.17,124.6,0.9061,701.24,218.26,0.9848,693.96,180.54,0.1874,709.3,286.4,0.9865,675.53,216.49,0.3964,708.88,266.62,0.9941,715.51,257.55,0.9715,710.09,362.23,0.9976,743.66,342.97,0.9898,722.29,451.55,0.9962,783.26,420.48,0.9934
25,3.5714,10,514.39,242.06,682.83,448.73,0.685,546.31,313.4,0.8973,555.25,306.09,0.9204,547.04,302.26,0.2442,589.48,303.48,0.9429,557.8,293.8,0.0137,639.79,358.06,0.9883,551.6,331.76,0.9516,634.45,447.33,0.8601,523.94,400.51,0.3754,547.63,460.41,0.5203,498.26,421.35,0.1982,619.85,484.68,0.5279,558.06,466.13,0.3771,620.03,530.72,0.0284,522.19,519.22,0.0159,645.8,551.1,0.0092,538.44,538.65,0.0046
26,3.7143,1,460.67,334.56,706.38,883.11,0.9174,527.57,433.65,0.5184,530.23,425.12,0.5701,538.3,418.56,0.0242,558.77,423.13,0.9169,596.9,404.82,0.2088,573.58,494.48,0.9987,665.0,448.42,0.9903,538.28,589.34,0.9983,681.94,503.53,0.633,469.13,592.55,0.9937,598.52,507.1,0.3952,619.5,660.66,0.9965,683.9,640.26,0.9926,648.79,771.62,0.9861,674.18,741.72,0.9785,689.17,846.44,0.8967,699.65,817.12,0.931
26,3.7143,2,613.39,45.0,764.36,461.35,0.8736,633.33,93.65,0.9225,639.66,87.34,0.9418,636.6,86.27,0.0741,665.43,93.95,0.9731,656.23,89.3,0.0055,689.74,144.77,0.9983,666.83,131.62,0.9695,707.96,224.5,0.9949,647.11,183.23,0.644,713.06,291.04,0.9925,597.67,178.7,0.7567,688.34,274.44,0.9963,675.07,270.34,0.9851,702.26,361.81,0.9974,699.47,363.36,0.9926,754.08,409.81,0.997,720.49,445.41,0.9903
26,3.7143,10,512.19,242.72,678.38,448.13,0.642,543.13,308.95,0.8149,551.61,302.46,0.8691,547.03,298.19,0.1567,585.39,307.77,0.9239,563.88,295.22,0.0182,633.29,366.04,0.9751,548.34,336.63,0.9614,630.76,446.25,0.8123,520.2,403.1,0.5498,566.54,462.07,0.5666,498.23,424.65,0.3062,605.38,480.69,0.5359,545.0,460.77,0.4441,600.78,505.58,0.0612,508.31,495.42,0.0393,620.23,523.52,0.0212,523.65,510.32,0.011
26,3.7143,15,357.58,154.97,586.6,347.01,0.4117,516.97,204.71,0.6284,519.68,198.79,0.6679,525.02,196.25,0.022,534.55,208.02,0.9493,567.23,200.59,0.0765,536.06,256.87,0.9949,581.11,240.05,0.9294,460.09,277.67,0.9935,499.97,259.54,0.5611,390.33,236.83,0.9835,395.88,235.72,0.6327,526.72,383.93,0.863,566.94,369.99,0.6754,489.07,472.01,0.2003,519.55,456.28,0.0752,488.61,520.46,0.0197,525.27,508.1,0.0148
27,3.8571,1,456.72,342.84,704.58,882.78,0.9124,532.47,445.59,0.3111,530.99,435.08,0.39,540.96,429.29,0.0179,551.56,424.28,0.8663,596.25,409.73,0.2806,574.23,494.4,0.9979,662.42,454.07,0.9715,542.1,600.5,0.9976,677.82,533.62,0.3461,471.4,590.26,0.9922,598.11,563.42,0.2128,619.71,679.03,0.9948,682.76,659.37,0.9861,654.63,798.42,0.9619,686.15,763.31,0.926,685.77,860.0,0.6677,701.77,824.88,0.7243
27,3.8571,2,587.46,50.38,740.86,460.97,0.8488,627.26,97.89,0.9165,633.77,91.36,0.9037,628.86,90.63,0.129,658.07,96.79,0.9603,643.15,94.08,0.0112,691.72,145.76,0.9977,646.75,136.73,0.9834,703.35,224.9,0.9955,609.38,171.09,0.5897,701.2,292.6,0.9954,567.99,162.05,0.5113,681.85,278.21,0.9968,656.07,273.3,0.9852,696.67,374.95,0.9941,686.92,364.37,0.9481,716.99,438.86,0.9768,723.65,419.35,0.9057
27,3.8571,10,517.91,244.94,680.1,446.74,0.4925,540.64,318.01,0.8479,551.19,309.99,0.9091,541.1,305.26,0.3075,589.52,312.76,0.8662,554.56,299.7,0.0325,635.76,373.0,0.9663,541.21,348.38,0.9213,640.38,455.11,0.7415,509.9,410.03,0.3256,581.92,466.06,0.5256,477.14,409.9,0.215,613.23,498.4,0.4014,550.36,482.12,0.264,605.81,522.62,0.0566,511.53,517.83,0.0297,635.7,546.79,0.0159,532.63,532.5,0.0078
28,4.0,1,467.71,348.18,716.94,885.26,0.8987,519.56,448.86,0.7274,522.75,439.09,0.8075,526.27,431.69,0.039,555.73,431.53,0.8823,580.45,412.28,0.0797,578.57,498.97,0.9965,649.16,444.18,0.9717,568.76,614.33,0.9898,620.27,515.45,0.6778,500.16,592.44,0.9836,541.07,522.87,0.7647,613.41,660.27,0.9884,674.68,633.41,0.9838,640.68,762.06,0.9741,684.63,716.11,0.9779,684.69,851.83,0.8022,716.92,808.14,0.9146
28,4.0,2,591.83,52.04,743.0,465.03,0.8544,619.91,99.39,0.9133,626.63,92.46,0.9306,620.79,92.47,0.1073,654.22,98.0,0.9652,633.54,97.2,0.0042,688.37,151.14,0.9974,639.73,143.92,0.8888,698.98,226.2,0.9945,632.85,198.03,0.1062,684.43,290.02,0.9929,617.72,239.77,0.1629,680.09,278.77,0.9949,644.27,274.73,0.9565,699.46,368.05,0.9944,648.79,364.18,0.9472,721.34,446.31,0.984,671.56,443.44,0.9277
28,4.0,10,517.21,248.16,684.82,459.49,0.5535,578.29,325.36,0.9903,590.27,313.96,0.9956,565.5,314.29,0.9868,609.48,310.56,0.9204,547.48,312.2,0.4834,640.48,369.13,0.991,528.07,363.58,0.9484,657.65,458.26,0.874,502.2,436.23,0.4154,616.9,484.91,0.4797,494.05,489.17,0.2059,621.82,506.09,0.5414,548.53,503.41,0.3957,627.88,545.11,0.024,522.33,546.11,0.0181,647.09,578.98,0.0079,544.82,580.4,0.0053
28,4.0,15,372.92,159.62,588.56,338.3,0.5337,516.84,207.63,0.6045,519.42,202.09,0.6376,526.5,199.35,0.039,534.66,211.97,0.9367,571.24,203.6,0.1783,530.88,256.19,0.9951,602.7,241.4,0.9584,462.15,271.1,0.9974,578.64,255.89,0.5299,391.74,230.09,0.9897,501.39,213.45,0.2957,540.04,374.51,0.7654,594.83,362.92,0.5395,508.9,438.8,0.1503,556.24,427.58,0.0481,505.98,483.99,0.0156,555.22,474.18,0.009
29,4.1429,1,475.09,354.14,723.8,885.28,0.8922,517.05,456.84,0.7913,519.77,445.98,0.8659,521.18,440.38,0.0358,551.92,435.92,0.9066,570.65,421.35,0.0365,585.37,497.3,0.9949,639.95,447.73,0.9555,580.67,612.31,0.9816,611.56,518.48,0.6879,515.61,590.32,0.9801,543.44,532.94,0.8668,615.23,655.51,0.9868,665.69,630.29,0.9818,639.24,760.12,0.9726,681.8,714.81,0.977,685.46,850.19,0.7932,718.32,806.36,0.9082
29,4.1429,2,544.69,50.96,706.66,466.74,0.707,613.45,100.67,0.994,623.7,93.62,0.9966,610.17,92.47,0.6592,652.57,97.86,0.9895,612.11,94.75,0.0057,677.94,151.26,0.9978,609.99,134.11,0.9904,692.28,227.65,0.9961,554.49,130.32,0.7897,679.01,294.02,0.9935,510.22,122.71,0.6781,667.71,278.45,0.9943,624.8,275.5,0.9787,696.67,371.09,0.9895,633.08,366.5,0.9046,725.06,446.31,0.944,650.81,450.64,0.6812
29,4.1429,10,518.52,253.25,687.34,468.5,0.6634,581.11,329.35,0.995,592.85,316.69,0.9982,566.6,319.03,0.9959,611.52,314.43,0.9307,547.41,320.95,0.6515,643.92,373.53,0.9916,532.28,377.75,0.9514,661.3,461.53,0.8706,507.38,453.28,0.3115,625.49,486.23,0.4748,511.56,479.93,0.1652,634.76,514.14,0.6008,562.59,516.75,0.4174,647.69,558.5,0.0329,545.26,561.27,0.0199,665.52,599.41,0.009,570.3,600.75,0.0057
30,4.2857,1,477.16,360.09,725.51,885.32,0.9061,514.89,470.8,0.7413,516.53,460.98,0.846,520.06,453.5,0.0193,550.48,444.98,0.919,571.63,427.01,0.0222,591.35,495.18,0.9959,636.84,441.89,0.9569,589.15,615.44,0.9863,608.28,518.1,0.72,516.77,590.69,0.9834,545.89,536.11,0.892,615.61,658.31,0.9885,662.25,630.89,0.9837,640.75,764.68,0.9744,680.75,714.62,0.98,688.14,853.18,0.8,719.97,804.86,0.9272
30,4.2857,2,492.86,48.23,672.33,466.41,0.7923,611.89,100.81,0.9979,622.61,92.69,0.9992,604.31,91.96,0.9859,643.69,93.87,0.9901,597.01,92.32,0.1687,664.9,148.2,0.998,589.63,132.91,0.9983,681.71,222.33,0.9968,518.9,126.88,0.9676,676.8,291.37,0.9937,451.06,114.0,0.8745,649.17,277.07,0.9962,604.75,274.99,0.9877,677.41,372.37,0.9926,626.74,366.28,0.9089,722.42,449.56,0.9737,657.31,449.99,0.7669
30,4.2857,10,521.25,260.6,682.16,466.8,0.6343,581.69,334.06,0.9945,592.58,321.98,0.9972,567.79,323.78,0.9975,610.29,320.02,0.8342,548.52,324.83,0.8008,638.77,377.13,0.9834,533.54,379.84,0.9653,655.89,458.5,0.8074,511.13,454.91,0.3999,624.25,472.87,0.5174,518.96,477.28,0.208,629.89,502.91,0.5689,563.53,505.09,0.4217,647.71,516.33,0.0474,548.62,518.63,0.0278,665.89,549.62,0.0143,571.4,550.07,0.0077
31,4.4286,1,476.95,364.06,725.37,884.24,0.8965,511.31,467.03,0.709,513.9,458.04,0.8261,518.12,450.22,0.0228,547.13,448.43,0.9137,570.03,428.3,0.0312,584.9,503.04,0.996,634.46,446.3,0.9634,589.38,615.34,0.9867,609.06,516.35,0.7867,518.27,591.42,0.9812,546.53,528.55,0.9101,618.02,651.48,0.9871,666.16,623.37,0.9814,640.96,755.73,0.9775,681.33,706.1,0.9811,687.96,849.92,0.8399,719.48,802.56,0.9348
31,4.4286,2,469.44,47.56,659.9,457.07,0.7811,600.35,101.58,0.9983,610.72,92.7,0.9992,591.9,92.94,0.9942,630.4,94.33,0.9826,584.06,94.69,0.482,652.92,145.73,0.9986,579.25,135.77,0.9981,672.03,217.37,0.9968,514.82,132.14,0.9707,676.46,282.43,0.9879,447.43,115.18,0.9202,639.58,278.43,0.9886,596.85,276.14,0.9706,664.1,375.24,0.9838,619.95,373.25,0.8396,704.95,456.89,0.9476,643.68,453.4,0.6377
31,4.4286,10,520.66,267.39,673.87,464.26,0.6026,580.0,334.68,0.9921,591.77,322.41,0.9964,566.39,323.3,0.9969,610.47,322.08,0.8171,547.87,324.03,0.8276,632.28,385.8,0.9734,528.25,379.22,0.9678,641.89,457.58,0.7427,507.2,445.74,0.4004,608.41,468.06,0.5715,521.31,464.47,0.2577,611.94,499.64,0.5513,547.66,498.36,0.4265,631.03,499.08,0.0387,540.72,498.76,0.0265,644.43,529.42,0.0157,557.63,525.16,0.0094
31,4.4286,15,317.4,158.31,611.83,404.24,0.489,504.49,216.99,0.6435,507.6,210.15,0.6952,510.79,208.24,0.0542,523.76,217.36,0.8875,547.68,211.56,0.1028,522.11,258.86,0.9856,567.44,241.03,0.9395,454.22,262.82,0.9948,509.5,230.06,0.7442,381.64,232.27,0.9906,452.11,200.71,0.682,533.23,379.35,0.8389,567.87,368.78,0.7206,500.8,476.56,0.3772,529.93,463.16,0.1804,499.0,559.77,0.0839,529.67,550.93,0.0618
32,4.5714,1,477.43,362.09,728.37,883.73,0.9055,509.81,472.62,0.7139,511.07,464.07,0.8517,517.2,455.58,0.018,542.2,452.29,0.9412,571.16,430.83,0.0265,583.51,502.32,0.9968,635.69,439.79,0.9635,588.77,615.06,0.9895,610.03,508.07,0.7974,516.76,587.12,0.9829,549.0,521.65,0.9196,616.24,654.14,0.989,665.8,623.77,0.9847,641.34,758.2,0.9827,680.95,705.75,0.9882,686.81,851.54,0.8636,720.47,802.68,0.9567
32,4.5714,2,443.72,46.75,650.81,458.75,0.7774,593.16,102.89,0.9978,603.8,94.05,0.999,585.09,94.17,0.9921,623.82,95.86,0.9857,577.46,95.89,0.4189,647.53,146.51,0.9986,570.96,135.61,0.9981,667.82,218.89,0.997,503.19,131.1,0.9579,671.32,286.2,0.9886,435.09,111.73,0.8494,633.87,280.58,0.9904,588.61,278.55,0.9767,659.83,378.12,0.9842,613.63,377.13,0.8575,702.69,455.23,0.9271,632.67,458.25,0.5723
32,4.5714,10,515.1,270.55,664.78,462.29,0.4468,571.26,332.86,0.9884,584.14,321.27,0.9957,559.05,320.09,0.9949,604.7,323.75,0.8565,542.4,320.6,0.7599,622.37,390.64,0.9738,519.09,377.44,0.9672,631.05,464.96,0.7167,498.24,442.13,0.3427,599.07,482.34,0.471,520.8,469.18,0.1884,599.01,499.52,0.5085,535.1,495.7,0.3878,612.96,509.56,0.0296,536.22,510.2,0.0199,628.76,540.77,0.0135,547.82,537.39,0.0074
32,4.5714,15,298.86,154.6,621.38,428.42,0.4792,498.09,223.82,0.8004,502.6,216.36,0.8304,500.5,214.38,0.0824,524.65,218.88,0.9023,527.91,213.32,0.0515,529.41,257.22,0.9866,547.56,238.24,0.9453,454.33,262.84,0.9946,485.17,224.84,0.7882,380.99,234.54,0.9911,420.89,191.51,0.7539,528.44,376.2,0.8801,542.79,363.54,0.783,489.64,474.48,0.426,503.13,456.78,0.2049,486.43,550.81,0.0716,501.46,537.92,0.0495
33,4.7143,1,476.91,360.43,730.11,883.22,0.9082,511.3,475.3,0.6759,510.72,466.32,0.8205,518.45,458.01,0.0177,538.83,451.29,0.9454,572.32,430.54,0.0333,581.99,507.55,0.9972,635.78,439.57,0.9752,584.92,617.9,0.9914,613.43,504.51,0.814,515.09,584.69,0.9848,548.26,512.2,0.8886,617.42,662.06,0.9897,667.62,630.26,0.9875,642.09,761.68,0.9802,680.7,710.35,0.9877,687.16,850.23,0.8091,720.86,803.32,0.9372
33,4.7143,2,432.37,47.84,654.0,463.78,0.788,585.63,102.9,0.9977,596.19,94.93,0.9989,578.3,94.38,0.9908,615.96,96.97,0.9867,571.09,95.78,0.3499,641.78,145.43,0.9986,566.48,136.06,0.9983,662.02,219.06,0.9973,498.06,131.19,0.9675,668.24,287.04,0.9887,433.72,113.51,0.8843,628.58,279.06,0.9929,581.93,276.88,0.9805,653.76,375.53,0.9837,586.36,372.6,0.8149,700.91,451.81,0.9486,600.55,458.26,0.582
33,4.7143,10,500.79,267.73,652.43,460.33,0.5775,562.28,333.22,0.9941,577.12,323.28,0.9968,551.71,319.35,0.994,597.4,327.86,0.9216,534.3,318.34,0.6805,622.39,399.24,0.9873,510.38,370.7,0.9577,626.27,489.09,0.7859,488.41,441.53,0.3709,568.15,499.99,0.4901,496.94,471.24,0.2082,593.47,510.71,0.346,519.44,496.55,0.2271,588.06,535.28,0.0274,496.59,528.48,0.0182,595.93,574.75,0.0084,501.69,572.63,0.0042
33,4.7143,15,285.74,152.25,629.46,450.4,0.586,496.58,220.63,0.7499,501.23,213.64,0.7821,500.13,210.76,0.0512,522.12,218.56,0.9071,527.64,210.99,0.0379,527.98,257.13,0.9909,541.17,238.44,0.9575,455.01,262.02,0.996,478.2,224.71,0.8362,382.03,235.29,0.9916,407.85,193.87,0.7933,510.28,382.58,0.9344,521.32,368.84,0.8672,475.25,486.77,0.5582,485.76,466.76,0.3204,470.66,570.11,0.0761,482.19,555.98,0.0576
33,4.7143,12,584.79,0.0,655.65,127.86,0.56,601.67,21.68,0.9814,606.47,15.53,0.987,596.99,17.0,0.8415,620.1,13.73,0.9639,593.77,17.93,0.0837,637.17,40.62,0.9991,597.94,43.41,0.9418,644.2,82.5,0.9933,595.85,80.28,0.3947,614.8,86.63,0.9612,601.7,80.26,0.3663,635.39,114.12,0.9423,608.04,113.76,0.7859,634.84,156.61,0.3386,602.94,156.2,0.0994,639.68,191.83,0.0498,606.55,190.71,0.0157
34,4.8571,1,477.95,359.66,732.57,883.07,0.9015,513.61,474.22,0.5649,512.2,464.72,0.7372,520.95,457.14,0.016,536.9,449.7,0.9346,573.67,430.76,0.0449,583.58,508.0,0.9969,633.79,441.8,0.9715,585.98,621.69,0.9908,610.45,505.89,0.7827,516.72,585.27,0.9851,547.07,510.45,0.8605,616.84,665.57,0.9897,664.04,634.48,0.9875,644.12,763.31,0.9803,680.78,713.41,0.9881,686.37,849.63,0.7997,721.13,804.55,0.9339
34,4.8571,2,424.05,47.78,657.84,465.56,0.783,572.98,101.69,0.9977,582.56,94.22,0.999,568.82,93.36,0.926,608.25,96.57,0.9952,568.76,94.91,0.023,639.62,144.58,0.9986,564.62,135.75,0.9984,660.51,219.29,0.9973,495.11,132.21,0.9697,664.6,285.23,0.9913,429.98,111.23,0.8935,628.57,277.76,0.9941,583.79,276.26,0.9855,653.05,372.77,0.9871,597.59,371.36,0.8618,698.94,448.46,0.9599,615.84,456.05,0.6753
34,4.8571,10,495.18,267.82,647.33,459.79,0.6259,559.44,332.31,0.9909,573.44,322.01,0.9949,548.92,319.1,0.9892,593.8,327.77,0.9216,532.83,320.65,0.6166,621.53,400.82,0.9829,509.17,373.5,0.9518,622.06,489.3,0.6961,487.93,444.45,0.3456,559.75,499.36,0.4211,497.68,472.86,0.2105,593.73,510.39,0.3265,518.85,496.64,0.2228,588.77,530.15,0.0258,493.93,525.48,0.0182,593.48,566.53,0.0098,501.04,564.64,0.005
34,4.8571,15,281.61,150.85,629.91,460.08,0.6429,493.72,219.22,0.8199,499.58,212.38,0.8554,496.95,209.51,0.0491,521.44,219.45,0.939,522.98,211.72,0.0219,526.17,258.92,0.9924,533.97,241.03,0.9588,452.83,261.93,0.9956,470.24,224.92,0.8311,381.51,234.35,0.9914,402.33,191.46,0.8203,504.67,386.09,0.9528,511.68,372.81,0.9004,472.68,492.28,0.5824,479.97,472.0,0.3682,468.36,573.06,0.0702,476.25,559.98,0.0587
34,4.8571,12,583.39,0.0,654.64,127.76,0.5764,601.68,21.48,0.9815,606.46,15.25,0.9864,596.81,16.79,0.8517,620.08,13.37,0.9593,593.21,17.69,0.0997,636.99,40.26,0.9992,596.56,42.65,0.9434,644.33,82.71,0.9941,593.16,78.66,0.4144,612.51,87.71,0.9638,599.68,78.18,0.3826,634.64,115.69,0.9408,606.5,115.16,0.7902,633.23,156.18,0.298,601.2,155.63,0.0887,638.27,191.36,0.0444,605.93,189.9,0.0145
35,5.0,1,477.87,358.98,733.85,883.23,0.9081,505.38,470.41,0.7762,506.57,461.98,0.8996,513.58,452.86,0.0269,538.42,450.9,0.9627,569.49,427.43,0.0345,575.0,511.08,0.9981,636.72,441.29,0.9837,585.18,617.08,0.9931,617.42,507.85,0.7762,519.0,581.65,0.9847,542.81,510.74,0.8042,615.66,657.38,0.9916,671.27,624.6,0.9895,640.07,762.08,0.9874,682.5,707.43,0.9926,687.29,853.25,0.8783,724.45,802.37,0.9681
35,5.0,2,421.01,49.25,664.85,464.19,0.7512,562.85,102.09,0.9838,570.12,95.19,0.9883,563.54,93.26,0.2945,597.33,99.29,0.993,574.04,94.89,0.0049,639.48,148.62,0.9987,568.35,136.99,0.9967,661.82,222.95,0.9981,500.63,133.91,0.9566,663.17,285.9,0.9967,452.0,113.15,0.8954,630.74,283.34,0.9965,587.94,282.48,0.9891,658.48,379.91,0.9927,598.0,375.86,0.9176,712.28,449.77,0.9394,614.58,463.71,0.5894
35,5.0,10,493.39,269.54,643.19,457.54,0.6532,562.18,330.87,0.9935,576.08,321.7,0.9954,551.27,318.45,0.9936,594.89,328.87,0.8911,533.52,320.79,0.7372,617.6,396.18,0.9865,510.23,368.44,0.9556,618.52,479.76,0.7642,487.66,435.74,0.4018,560.07,483.04,0.467,501.18,460.84,0.2255,587.48,499.96,0.3127,516.29,485.34,0.2042,578.42,515.85,0.03,488.18,508.14,0.0199,586.45,553.2,0.009,496.76,552.09,0.0042
35,5.0,15,286.62,148.2,625.28,455.89,0.6678,485.27,211.32,0.9233,493.01,206.39,0.947,491.71,202.08,0.0379,517.74,220.73,0.979,522.36,208.93,0.0053,521.39,260.87,0.9947,532.12,243.6,0.9608,444.06,259.57,0.9965,468.59,225.73,0.8403,380.88,233.8,0.9918,402.35,191.41,0.8375,506.14,389.8,0.9522,516.08,376.71,0.8831,472.25,487.13,0.4896,482.2,462.82,0.2337,470.83,557.52,0.0384,487.82,542.13,0.026
35,5.0,12,583.34,0.0,656.38,130.62,0.6695,602.32,21.02,0.9829,607.41,14.8,0.9869,597.45,15.97,0.8701,620.9,12.97,0.9515,593.19,16.34,0.1062,636.89,39.25,0.9992,596.41,41.35,0.9272,645.15,82.88,0.9949,593.61,79.89,0.3448,613.75,85.78,0.9668,600.68,77.06,0.3273,635.57,115.63,0.9501,606.98,115.05,0.7799,637.51,155.0,0.3683,599.7,154.44,0.0934,644.7,189.73,0.0561,606.56,188.38,0.0147
36,5.1429,1,478.09,359.36,734.62,882.78,0.9078,505.58,468.62,0.7484,506.69,460.44,0.8824,514.6,451.46,0.0239,537.09,451.51,0.9633,571.14,428.1,0.036,576.61,511.22,0.998,636.27,440.88,0.9834,585.84,617.67,0.9928,616.11,503.08,0.7914,519.29,580.84,0.9848,545.46,504.76,0.8186,617.0,658.63,0.9919,671.02,625.86,0.9906,640.74,762.94,0.9865,680.45,709.13,0.993,685.81,851.77,0.8641,724.41,802.35,0.9676
36,5.1429,2,448.07,47.43,700.86,470.69,0.843,564.24,102.18,0.944,570.29,95.04,0.9241,565.4,94.4,0.1579,597.11,98.46,0.9696,580.04,96.85,0.0065,639.8,147.14,0.9979,580.32,144.78,0.9965,662.46,219.08,0.9976,523.33,166.07,0.9356,662.97,285.57,0.9965,466.92,137.81,0.7501,635.27,280.41,0.9976,600.31,281.58,0.9904,664.32,372.26,0.9961,627.76,373.89,0.9289,725.14,441.93,0.9879,650.96,453.34,0.8262
36,5.1429,10,497.35,269.46,646.91,456.83,0.5932,565.41,331.82,0.9916,579.44,321.55,0.9947,554.31,318.89,0.9907,599.73,325.62,0.9054,537.18,319.13,0.6709,624.08,395.9,0.9893,516.72,370.79,0.9289,627.5,481.09,0.7834,498.61,442.7,0.2733,564.85,487.35,0.5196,519.65,469.72,0.1986,596.77,502.98,0.3053,526.36,490.49,0.1498,593.57,510.75,0.0303,510.4,503.17,0.0156,600.96,551.97,0.0098,515.36,552.05,0.0042
36,5.1429,15,290.87,144.14,624.58,454.53,0.691,486.36,210.78,0.9054,493.61,205.2,0.9325,493.31,201.36,0.0291,517.9,218.36,0.9773,525.3,207.67,0.0047,522.45,258.66,0.9937,533.83,242.03,0.962,447.38,259.01,0.9955,471.83,222.02,0.8798,380.65,233.64,0.9901,407.24,186.53,0.8913,510.59,387.92,0.9498,520.42,375.52,0.8922,475.07,484.21,0.512,483.17,459.79,0.2889,477.6,558.53,0.051,490.19,543.59,0.0418
36,5.1429,12,583.41,0.0,657.31,131.72,0.645,602.24,20.53,0.988,607.51,14.4,0.9911,597.4,15.46,0.9046,621.18,13.0,0.9566,593.24,16.07,0.1107,636.95,39.75,0.9991,596.73,41.55,0.919,645.13,82.69,0.9934,592.97,79.32,0.3153,615.53,87.02,0.9597,599.36,78.06,0.3124,636.38,115.01,0.9435,608.25,114.39,0.7605,637.77,152.56,0.3402,603.26,151.93,0.087,643.73,187.24,0.0543,609.4,185.74,0.0148
37,5.2857,1,478.67,359.23,735.35,881.23,0.9023,505.74,467.67,0.7815,507.05,459.36,0.9051,514.81,450.46,0.0257,537.6,451.24,0.9677,570.9,427.97,0.0294,578.08,511.86,0.9977,635.77,442.02,0.9804,587.09,618.78,0.9907,616.85,503.56,0.7449,521.19,580.32,0.9825,549.39,502.72,0.7924,616.02,658.35,0.9921,668.48,625.59,0.9905,639.41,761.91,0.9862,681.66,708.31,0.9927,682.87,851.04,0.8539,726.82,801.11,0.9636
37,5.2857,2,503.96,49.01,750.08,470.62,0.8932,571.23,103.23,0.9122,577.11,95.42,0.9107,572.89,95.17,0.1027,605.59,97.13,0.9714,588.01,96.29,0.0052,648.5,149.77,0.9983,594.24,144.47,0.9809,670.72,224.34,0.998,587.86,201.43,0.5847,668.44,289.71,0.9972,565.85,213.43,0.3129,644.1,283.56,0.9967,606.3,284.06,0.9774,679.98,370.14,0.9961,637.05,375.97,0.9216,737.34,444.8,0.9895,652.66,456.22,0.8488
37,5.2857,15,291.7,139.94,625.07,457.54,0.7421,487.17,210.03,0.871,493.6,205.33,0.9151,494.33,201.46,0.0287,516.31,218.47,0.9796,526.45,207.81,0.0068,525.3,261.04,0.9947,534.57,238.52,0.9732,445.76,263.33,0.9958,465.58,219.64,0.9499,380.69,234.86,0.9913,400.01,186.16,0.9588,509.86,390.94,0.9574,519.49,376.41,0.9197,474.16,487.85,0.501,481.36,463.93,0.3179,474.07,557.85,0.0535,484.93,543.67,0.047
37,5.2857,12,581.04,0.0,652.47,124.86,0.4603,601.58,21.34,0.9963,606.55,15.04,0.9973,597.22,16.32,0.971,620.17,12.9,0.9743,592.76,16.59,0.137,636.92,41.07,0.9964,592.78,41.42,0.9625,645.03,85.81,0.9102,583.31,80.2,0.3859,624.16,99.17,0.5865,579.8,97.22,0.1632,628.84,113.59,0.7896,600.3,111.8,0.652,621.65,145.18,0.0859,589.04,142.42,0.0527,616.35,177.98,0.0225,598.21,173.35,0.0164
38,5.4286,1,478.32,358.23,736.2,882.14,0.9053,505.64,467.74,0.8259,507.86,459.51,0.9279,514.53,450.35,0.032,540.57,451.86,0.9685,570.77,427.76,0.0287,576.55,512.04,0.998,637.92,442.29,0.9828,587.15,617.49,0.9911,618.99,500.99,0.7624,522.37,579.77,0.9831,550.12,496.74,0.8098,617.49,656.46,0.9925,672.89,623.35,0.9908,638.73,760.53,0.9866,685.55,702.85,0.9928,685.65,852.12,0.8741,723.41,798.24,0.9711
38,5.4286,2,535.13,55.31,774.49,476.8,0.891,592.56,110.63,0.4846,591.46,102.12,0.475,594.66,103.43,0.0201,610.25,98.03,0.9346,615.61,101.19,0.0182,660.56,151.4,0.9985,625.51,148.99,0.9723,678.62,225.6,0.9977,627.74,206.34,0.5095,674.07,295.79,0.9969,597.71,230.21,0.3892,666.03,282.0,0.9973,635.48,282.06,0.9813,697.51,367.7,0.9978,652.91,374.84,0.9756,737.36,442.47,0.9961,663.9,454.88,0.9643
38,5.4286,15,293.45,137.19,623.11,458.86,0.7393,491.14,214.31,0.7281,496.04,208.31,0.7913,497.48,205.05,0.0238,517.79,216.73,0.955,529.56,207.85,0.0153,527.8,259.32,0.9927,540.37,236.45,0.9717,448.03,262.64,0.9956,468.28,219.12,0.9621,381.13,236.59,0.9907,400.38,183.64,0.964,512.59,392.01,0.9492,524.09,376.9,0.908,475.87,491.29,0.5327,484.25,467.75,0.3376,477.23,563.02,0.0692,486.08,547.59,0.0588
38,5.4286,10,504.78,266.1,653.75,454.95,0.5708,564.01,332.04,0.9812,575.95,321.27,0.9899,554.24,320.13,0.9801,596.37,321.17,0.8708,540.6,318.36,0.4997,623.16,384.57,0.9849,523.27,371.76,0.9393,625.5,464.66,0.8401,507.11,440.82,0.2641,576.54,465.83,0.5378,532.68,464.46,0.1243,600.95,502.06,0.5771,537.07,495.63,0.3856,601.18,512.75,0.0283,528.2,511.01,0.014,612.21,538.15,0.0102,540.53,537.1,0.0044
39,5.5714,1,478.18,358.83,736.13,882.35,0.9077,507.02,469.05,0.8734,509.74,460.69,0.9511,514.95,451.52,0.0446,544.78,451.54,0.9699,569.61,427.65,0.0248,577.28,510.6,0.998,640.78,441.85,0.982,587.27,617.07,0.9915,634.27,508.94,0.6077,523.08,578.8,0.982,557.28,507.62,0.6117,617.17,656.73,0.9924,672.32,623.32,0.9898,639.73,760.26,0.9862,686.01,701.42,0.9919,686.39,851.35,0.8774,722.61,797.74,0.9713
39,5.5714,2,551.51,58.79,783.06,478.08,0.8729,600.42,108.87,0.4778,600.16,101.4,0.5071,604.43,101.42,0.0184,616.94,101.68,0.9479,628.44,101.19,0.0222,666.56,153.93,0.9985,640.06,149.15,0.958,688.94,227.21,0.997,647.41,218.24,0.5753,678.05,295.9,0.9964,615.24,240.33,0.6751,676.31,283.14,0.9975,650.85,281.0,0.9845,705.8,369.25,0.9977,658.51,368.89,0.984,738.65,443.78,0.9954,664.84,451.04,0.9764
39,5.5714,15,299.6,138.93,617.64,455.78,0.7165,492.14,214.35,0.7195,497.06,208.33,0.7798,498.55,204.93,0.0267,518.28,216.08,0.9493,530.68,206.84,0.019,526.26,259.32,0.993,540.34,236.05,0.9729,448.64,262.2,0.9962,468.73,219.03,0.9587,382.45,235.88,0.9916,401.97,184.43,0.9573,511.6,390.67,0.9465,524.93,375.57,0.903,471.57,488.32,0.482,483.45,465.27,0.2862,471.5,560.97,0.0599,484.6,544.44,0.0498
39,5.5714,17,555.91,83.1,627.22,279.05,0.4994,572.09,125.41,0.4772,571.3,117.85,0.301,571.75,117.9,0.0196,579.25,115.27,0.6662,600.03,114.01,0.0209,601.61,153.47,0.9532,619.29,142.8,0.7497,594.33,215.03,0.8665,603.31,189.69,0.1485,576.78,221.21,0.6078,573.82,181.95,0.2285,593.11,255.93,0.7374,605.11,247.07,0.5649,583.14,311.73,0.1211,587.99,302.96,0.09,585.08,354.56,0.0393,586.02,344.42,0.0304
39,5.5714,12,573.24,0.0,639.43,107.21,0.4664,601.24,21.63,0.9973,606.58,15.29,0.9974,597.04,16.08,0.9827,620.63,13.42,0.9677,592.6,15.64,0.1946,637.33,42.46,0.9842,589.44,39.6,0.9764,634.82,83.8,0.5265,566.4,69.27,0.51,600.98,84.68,0.2326,559.14,74.25,0.252,617.2,117.03,0.6153,585.41,112.36,0.6424,588.51,139.16,0.0465,561.79,134.16,0.061,580.26,180.66,0.019,562.68,175.68,0.0246
40,5.7143,1,477.63,359.48,735.74,882.87,0.9072,507.34,469.65,0.8239,509.19,461.39,0.9317,516.24,451.71,0.029,543.53,451.12,0.9687,573.2,426.37,0.0239,578.91,509.27,0.998,643.34,442.02,0.9771,586.98,616.68,0.9911,639.63,516.49,0.5112,523.58,578.2,0.9805,558.15,519.17,0.5367,616.04,659.58,0.9926,671.83,626.24,0.9889,639.28,760.72,0.9861,684.81,702.78,0.9913,686.4,851.61,0.8815,722.59,797.94,0.9717
40,5.7143,2,569.88,59.86,792.46,478.79,0.8857,619.37,109.86,0.3354,619.53,103.32,0.3929,624.79,102.08,0.0204,634.5,106.21,0.9143,649.44,102.78,0.0436,677.03,157.99,0.9984,662.94,148.43,0.9105,691.68,235.33,0.9974,666.65,218.41,0.3247,687.41,299.36,0.9958,646.83,262.81,0.4679,689.28,282.73,0.9972,670.69,277.71,0.9812,714.34,367.57,0.997,658.69,360.89,0.9829,740.48,446.11,0.9931,658.89,444.97,0.9778
40,5.7143,15,309.74,148.84,606.31,449.13,0.739,491.31,211.11,0.7682,497.78,206.57,0.8004,498.18,202.71,0.0231,518.55,218.06,0.9578,527.35,207.25,0.0113,525.59,258.69,0.9943,530.69,236.7,0.9754,450.79,263.39,0.9969,467.29,223.85,0.9558,383.68,237.22,0.9927,404.84,198.89,0.9597,506.28,383.71,0.9522,513.04,369.39,0.9099,469.73,478.73,0.4519,476.62,457.01,0.2596,467.56,548.64,0.0436,476.93,533.55,0.0326
40,5.7143,12,572.45,0.0,640.46,104.62,0.5199,601.66,22.41,0.9971,606.86,15.79,0.9968,596.85,16.95,0.9819,620.24,13.33,0.9668,591.84,16.7,0.1995,637.27,42.19,0.9888,588.39,41.84,0.9741,637.46,80.78,0.6161,567.94,70.65,0.3731,603.97,85.15,0.3527,563.28,73.69,0.2135,617.84,116.82,0.6984,584.96,113.7,0.6495,594.91,148.36,0.0512,567.99,145.15,0.0457,589.88,182.91,0.0165,569.21,180.02,0.0151
40,5.7143,5,532.26,71.1,672.04,387.24,0.67,572.13,122.36,0.4082,573.16,114.93,0.4826,576.94,113.38,0.0219,582.08,115.07,0.9342,605.93,111.16,0.0718,600.78,155.37,0.993,621.46,142.67,0.9248,582.19,218.16,0.9703,604.11,194.49,0.4968,558.44,189.56,0.8949,566.58,175.04,0.5732,603.37,267.68,0.9682,624.81,259.97,0.9271,609.22,352.39,0.9041,618.83,339.19,0.752,619.41,409.9,0.6404,627.68,396.87,0.4668
40,5.7143,10,501.7,270.8,647.27,452.73,0.7146,560.83,342.29,0.9905,572.24,331.59,0.9909,550.04,331.01,0.9862,592.28,325.95,0.8619,535.12,324.53,0.5447,624.64,389.37,0.9886,517.42,368.19,0.9306,633.1,473.9,0.8211,495.31,438.02,0.2995,568.17,470.66,0.5158,506.45,463.19,0.1482,598.14,506.0,0.3124,527.3,493.79,0.1863,590.35,530.23,0.0174,496.58,522.69,0.013,595.34,567.72,0.005,506.59,567.42,0.0032
41,5.8571,1,477.53,358.51,736.24,883.19,0.9065,504.36,468.29,0.7811,506.62,460.81,0.9152,515.25,449.81,0.0216,542.79,452.51,0.9648,575.3,424.29,0.0213,579.66,509.56,0.9978,643.06,440.27,0.9752,586.97,615.72,0.9907,639.17,514.59,0.4901,523.97,577.39,0.9799,558.45,517.96,0.5055,615.93,657.47,0.9927,671.59,623.32,0.9888,638.13,758.59,0.9864,683.85,700.26,0.9918,685.49,851.2,0.8992,721.34,796.24,0.9778
41,5.8571,2,583.05,60.84,796.65,479.64,0.8954,627.67,110.74,0.2307,626.55,103.76,0.2478,633.11,103.03,0.0177,637.68,105.92,0.907,656.8,104.24,0.0803,685.64,155.86,0.9978,670.62,146.49,0.9402,690.94,237.26,0.9963,675.21,213.48,0.384,691.7,304.24,0.9949,656.71,256.87,0.4519,701.31,280.47,0.9973,680.21,274.05,0.9873,723.46,366.03,0.9975,665.68,353.12,0.9883,742.61,447.99,0.9931,686.84,435.16,0.9843
41,5.8571,15,316.74,152.42,600.65,443.76,0.707,493.27,212.44,0.7709,499.55,207.66,0.8048,499.94,203.76,0.0234,521.29,217.89,0.9542,529.35,207.1,0.0104,528.17,258.32,0.9935,533.06,235.54,0.9718,452.79,264.55,0.9967,468.86,224.39,0.9494,384.04,237.16,0.9922,406.67,199.47,0.9538,507.89,385.3,0.9463,514.48,370.43,0.8966,469.53,484.07,0.4232,476.91,461.04,0.2319,467.78,553.05,0.0409,476.98,537.17,0.031
41,5.8571,12,577.91,0.0,643.57,97.45,0.4086,601.06,23.44,0.9957,606.17,16.96,0.9954,596.21,18.35,0.9694,619.63,14.66,0.9695,591.57,18.73,0.1546,637.88,41.75,0.9931,590.52,43.1,0.9618,638.83,79.49,0.7481,574.06,73.26,0.2704,604.32,80.79,0.4836,572.25,75.86,0.1711,622.54,113.9,0.6345,590.51,111.52,0.501,602.53,144.66,0.0431,575.69,141.96,0.0266,600.09,178.56,0.0174,578.08,175.98,0.0117
41,5.8571,5,535.2,69.05,674.1,402.42,0.7017,571.28,121.27,0.4149,572.69,114.42,0.4704,576.27,112.61,0.0224,582.75,115.6,0.9272,605.48,110.72,0.0768,601.79,154.73,0.995,623.81,140.02,0.9398,581.93,216.45,0.9821,604.29,187.2,0.5436,559.27,188.11,0.9092,560.01,169.23,0.5089,608.07,266.31,0.9721,628.44,257.52,0.9322,616.51,352.06,0.9338,620.8,337.41,0.8271,628.82,413.62,0.7627,631.6,401.16,0.6387
41,5.8571,10,502.04,273.37,647.42,452.21,0.6773,551.65,344.8,0.9577,561.69,335.97,0.9472,544.89,333.25,0.82,584.83,330.52,0.8552,539.26,324.14,0.1923,623.88,391.5,0.9834,524.38,361.75,0.9142,632.47,478.51,0.7841,502.61,429.77,0.2841,562.27,482.38,0.4642,503.92,454.66,0.1402,597.48,506.16,0.3009,531.75,489.15,0.2019,588.65,535.34,0.0215,497.15,525.6,0.0165,596.32,568.9,0.006,511.2,564.07,0.0038
42,6.0,1,479.54,358.98,737.78,882.67,0.9079,514.36,467.7,0.3823,514.28,460.33,0.6206,526.82,449.9,0.0079,544.55,450.76,0.9327,589.82,424.19,0.0611,581.33,505.56,0.9981,649.44,438.67,0.9726,588.07,617.4,0.9936,637.42,515.09,0.5537,519.47,575.7,0.9789,554.45,521.57,0.5504,616.08,663.66,0.9917,675.83,631.84,0.984,642.28,762.54,0.9826,683.36,712.37,0.9843,687.7,853.8,0.8747,721.83,806.54,0.9541
42,6.0,2,598.55,58.91,805.33,481.48,0.8735,643.69,107.75,0.1626,642.7,100.08,0.3355,649.92,98.35,0.0077,654.24,101.86,0.9517,679.82,96.7,0.0443,692.12,153.2,0.9981,689.94,138.13,0.7285,694.0,234.22,0.9925,690.32,207.24,0.0658,686.36,304.69,0.9859,679.37,264.88,0.1689,712.37,282.2,0.9932,706.39,276.11,0.9098,725.43,372.46,0.9965,715.51,365.53,0.9333,746.16,451.1,0.9914,745.54,435.6,0.9289
42,6.0,15,327.96,158.51,605.48,445.64,0.5431,502.33,211.46,0.6225,505.64,205.01,0.7134,509.21,203.08,0.0227,523.53,212.92,0.9362,543.73,207.43,0.024,532.8,256.81,0.9915,549.15,239.83,0.9495,460.12,265.09,0.9941,480.95,235.91,0.8878,389.03,235.52,0.9866,413.82,212.89,0.9097,509.44,386.72,0.9239,525.24,373.48,0.8492,469.8,485.89,0.3665,480.99,466.47,0.2146,466.2,559.05,0.0459,477.59,544.55,0.0437
42,6.0,5,547.57,72.97,685.37,410.04,0.7071,571.39,124.84,0.5718,573.15,117.74,0.647,575.9,116.59,0.0268,584.56,116.78,0.9552,604.28,113.33,0.0471,598.44,153.32,0.9945,622.35,137.72,0.9629,581.97,208.01,0.9693,603.59,184.57,0.7294,544.24,191.91,0.8991,564.79,170.87,0.706,614.02,255.89,0.9857,636.62,248.55,0.9762,623.13,338.87,0.9621,648.96,323.19,0.9382,648.02,408.98,0.8067,671.4,395.37,0.7733
42,6.0,10,494.99,270.41,644.03,449.06,0.4072,532.7,329.54,0.1952,530.69,321.62,0.1656,542.73,318.89,0.0266,537.32,328.73,0.8599,591.92,322.61,0.3458,537.22,392.28,0.9307,620.93,368.83,0.9429,505.65,464.49,0.3605,612.55,446.65,0.4315,463.42,460.81,0.109,572.81,467.69,0.1521,541.79,514.09,0.197,609.22,500.46,0.2344,504.97,548.04,0.0295,581.23,536.69,0.0265,502.21,589.08,0.0134,576.86,579.38,0.0103
43,6.1429,1,482.0,363.32,736.79,878.02,0.907,511.03,468.55,0.4497,511.7,461.07,0.6947,523.65,450.49,0.0084,545.22,451.0,0.9335,586.82,423.84,0.0389,581.96,506.36,0.9978,647.22,436.95,0.9688,587.32,617.74,0.9928,635.14,512.95,0.5152,518.96,574.3,0.9764,553.59,521.28,0.4977,616.1,661.61,0.9927,672.68,629.5,0.9841,642.29,758.62,0.9895,674.98,711.92,0.9859,681.25,850.84,0.9477,723.12,796.78,0.9758
43,6.1429,2,620.55,58.61,822.35,481.36,0.8775,651.21,104.12,0.2265,651.24,96.81,0.4078,658.18,94.98,0.0084,664.05,101.11,0.9571,691.15,95.51,0.0366,699.53,157.42,0.9983,702.32,141.86,0.8607,701.88,237.14,0.9942,697.96,211.07,0.1661,688.8,301.57,0.9872,680.53,254.4,0.2704,713.55,280.68,0.9963,716.25,273.66,0.9704,724.22,369.53,0.9983,731.14,357.03,0.9881,756.82,450.94,0.9963,773.2,424.14,0.9912
43,6.1429,15,326.64,160.23,613.01,460.58,0.5622,501.28,198.87,0.7237,506.98,194.76,0.7866,509.27,192.28,0.024,525.25,210.79,0.9589,542.81,203.22,0.0154,532.63,257.71,0.993,542.87,239.95,0.9552,458.54,264.49,0.9947,477.4,234.19,0.8995,388.87,233.84,0.9888,411.43,213.55,0.9296,507.26,387.87,0.9472,518.96,374.63,0.8941,469.69,490.38,0.4917,477.09,468.59,0.3224,465.82,568.67,0.0626,473.64,553.64,0.0655
43,6.1429,5,553.16,76.09,689.27,414.34,0.749,570.43,124.72,0.6218,572.74,118.16,0.6911,574.96,117.03,0.0322,584.42,118.11,0.96,602.28,114.49,0.0427,596.38,153.48,0.9948,620.55,137.54,0.9697,583.99,206.34,0.9756,605.68,180.43,0.7559,553.6,189.08,0.9181,567.4,166.93,0.6987,614.48,252.43,0.989,636.68,245.31,0.9816,618.88,334.62,0.9696,645.59,318.66,0.9447,647.53,406.27,0.86,671.63,392.8,0.8216
43,6.1429,10,489.3,270.96,642.3,449.4,0.414,527.69,329.79,0.2902,527.25,322.02,0.25,538.35,319.27,0.0318,537.27,331.52,0.8905,590.59,324.73,0.2945,533.35,395.5,0.9269,625.89,371.74,0.9473,497.01,466.7,0.3384,620.45,449.94,0.4599,456.94,454.22,0.1235,574.25,466.91,0.1922,538.45,519.09,0.1703,611.36,504.85,0.214,497.49,544.5,0.0307,579.08,533.3,0.0278,493.65,585.0,0.0134,570.17,574.86,0.0101
44,6.2857,1,481.66,362.29,737.42,878.31,0.8972,513.79,465.64,0.4521,514.82,457.89,0.6569,525.6,447.68,0.0124,545.09,448.28,0.9174,585.95,421.81,0.0632,583.65,506.56,0.9975,642.55,433.84,0.972,586.51,619.51,0.9882,610.13,496.3,0.5034,521.44,582.46,0.9605,529.76,517.46,0.4417,616.56,661.04,0.991,672.57,628.27,0.9854,638.75,759.38,0.9831,683.69,712.47,0.9854,679.85,853.09,0.9095,723.13,804.91,0.9663
44,6.2857,2,634.9,55.09,833.27,481.69,0.8838,667.53,101.5,0.2398,667.25,94.37,0.3512,674.58,91.79,0.0091,679.75,97.84,0.9402,709.44,91.27,0.0514,711.25,153.69,0.9982,723.9,136.59,0.9124,710.42,232.35,0.995,715.55,201.3,0.2283,697.23,295.4,0.992,692.05,245.34,0.3513,724.24,282.06,0.9974,741.25,273.48,0.9852,732.51,372.52,0.9979,764.88,354.3,0.9902,743.48,458.45,0.9934,797.04,421.44,0.9889
44,6.2857,15,329.88,159.65,617.58,463.75,0.4534,508.75,208.9,0.6352,512.42,202.12,0.7227,515.89,200.09,0.0411,530.65,211.03,0.9075,552.36,205.31,0.0486,532.99,259.03,0.9875,561.55,243.15,0.9381,460.55,263.36,0.9947,491.97,245.17,0.7852,388.69,233.12,0.9888,412.03,223.65,0.7697,508.1,393.69,0.9262,532.83,380.74,0.8598,469.84,504.43,0.5167,491.63,486.55,0.3635,466.46,589.81,0.0961,488.47,575.31,0.1237
44,6.2857,5,555.86,75.92,689.48,413.1,0.7013,569.04,126.5,0.5723,570.71,119.72,0.6543,573.62,118.22,0.0324,583.54,118.3,0.9479,602.21,114.16,0.0515,596.22,153.52,0.9928,622.86,137.54,0.9613,583.7,203.81,0.9665,605.09,176.78,0.6407,549.83,188.77,0.8982,562.41,164.47,0.5643,616.23,253.54,0.9865,640.53,246.05,0.9764,619.09,336.16,0.9624,648.64,319.99,0.9262,646.38,408.16,0.8346,673.88,391.79,0.7868
45,6.4286,1,483.53,365.32,738.53,880.45,0.9053,518.54,468.25,0.4379,518.32,459.85,0.6168,528.42,450.48,0.0139,545.33,447.38,0.9166,585.86,423.77,0.0895,583.07,505.53,0.9978,650.63,441.23,0.976,587.79,620.55,0.9925,651.54,523.32,0.4211,523.28,586.3,0.9748,562.67,539.73,0.3124,616.54,666.39,0.9918,675.43,635.1,0.9862,642.07,763.68,0.982,686.02,715.19,0.9843,682.98,854.46,0.8945,724.03,808.83,0.9615
45,6.4286,2,644.93,49.97,839.39,480.41,0.8863,675.94,96.09,0.1552,674.97,88.99,0.2322,684.67,86.06,0.0066,685.33,93.67,0.9484,723.44,86.23,0.0882,718.95,149.99,0.9985,737.45,132.3,0.9415,723.66,227.53,0.9961,729.11,197.36,0.2064,711.69,290.92,0.9938,702.88,241.15,0.2579,736.29,280.42,0.9974,759.6,271.3,0.9864,740.81,371.2,0.9973,779.34,349.78,0.9867,744.87,457.49,0.9877,802.36,418.78,0.9786
45,6.4286,19,572.99,0.0,666.02,221.41,0.6827,600.26,22.61,0.9694,605.53,17.34,0.968,595.87,18.08,0.855,618.84,14.95,0.8951,592.78,17.16,0.1816,638.61,41.68,0.9943,590.86,42.27,0.9811,643.05,86.84,0.9916,578.7,78.74,0.7684,607.01,83.42,0.9751,577.97,92.31,0.5702,638.8,130.52,0.9774,606.26,130.01,0.9463,644.1,197.64,0.8728,607.96,194.87,0.5546,649.71,259.36,0.7484,622.09,257.74,0.4113
46,6.5714,1,485.08,368.34,739.27,882.67,0.8856,520.14,469.45,0.4106,519.47,459.85,0.5773,528.73,451.59,0.0144,544.43,444.21,0.9022,583.76,423.61,0.0953,581.69,503.18,0.9979,649.93,443.1,0.9751,587.85,622.32,0.9918,647.31,527.28,0.3842,524.25,589.67,0.9684,551.22,537.2,0.2484,616.6,667.36,0.9918,676.08,637.3,0.9857,640.33,764.32,0.9814,686.28,715.92,0.9821,683.45,854.87,0.8897,723.39,809.74,0.956
46,6.5714,2,653.96,48.51,842.87,480.01,0.8754,685.51,95.7,0.2029,684.35,88.53,0.2785,693.32,85.86,0.0073,694.25,92.36,0.9609,729.66,86.32,0.0672,731.1,144.37,0.9982,741.97,131.24,0.9384,734.62,222.13,0.9954,730.4,196.35,0.1724,721.66,288.16,0.9941,710.05,238.12,0.2185,746.08,277.63,0.9966,764.72,270.21,0.9805,743.96,369.67,0.9974,785.38,350.93,0.9808,743.28,457.62,0.9883,802.05,421.52,0.9687
46,6.5714,19,576.04,0.0,665.67,212.9,0.6898,600.77,22.15,0.9643,605.94,16.89,0.9622,596.32,17.64,0.8407,618.69,14.33,0.8842,592.81,16.61,0.1878,638.01,41.2,0.9949,591.23,42.11,0.9747,643.3,87.11,0.9922,578.34,78.29,0.7146,607.7,83.85,0.9739,577.5,91.86,0.525,640.51,132.19,0.9748,607.92,132.13,0.9328,646.03,198.58,0.8204,610.02,197.04,0.436,650.67,258.59,0.6048,624.97,257.94,0.2518
46,6.5714,5,551.88,82.37,684.68,419.73,0.7322,567.82,133.94,0.5125,568.57,127.42,0.6632,572.75,125.74,0.0509,578.85,124.59,0.9328,602.2,119.99,0.0689,594.98,152.25,0.9892,624.54,138.76,0.8292,578.02,192.37,0.9202,606.32,177.14,0.2069,557.77,164.39,0.7047,572.64,166.43,0.2245,625.67,251.12,0.9765,652.17,243.35,0.9357,628.51,333.19,0.9777,658.93,317.85,0.9274,647.46,405.59,0.9669,674.21,387.11,0.9325
47,6.7143,1,485.13,370.73,737.13,881.58,0.9237,519.93,467.41,0.3372,518.32,457.12,0.5089,528.53,450.94,0.0234,543.59,442.68,0.9028,583.86,426.1,0.1391,577.28,502.89,0.9979,646.73,453.41,0.9767,582.39,621.03,0.9926,661.94,547.24,0.3704,531.25,593.18,0.9605,575.0,579.11,0.1088,618.58,665.05,0.9944,674.68,636.86,0.9883,641.53,760.84,0.9876,687.22,714.34,0.9841,677.16,851.69,0.9587,717.0,803.13,0.9802
47,6.7143,2,661.55,46.67,845.0,482.01,0.8195,690.97,95.29,0.5423,692.33,88.12,0.6309,696.54,86.01,0.0138,710.47,92.18,0.972,728.45,87.6,0.0165,745.81,143.62,0.9975,743.08,135.07,0.932,751.94,221.35,0.9934,739.58,202.85,0.1563,738.19,289.16,0.9915,725.47,252.93,0.1916,752.4,279.97,0.9961,761.53,274.51,0.9752,748.54,367.48,0.9959,784.42,353.75,0.9581,756.03,457.09,0.9863,797.98,422.83,0.9492
47,6.7143,19,578.5,0.0,669.3,214.8,0.7453,601.11,23.62,0.9702,606.06,18.24,0.9754,596.62,19.19,0.8585,618.83,15.39,0.9212,593.35,18.19,0.1708,639.3,41.94,0.9966,593.34,42.67,0.9759,642.98,87.1,0.9946,579.5,78.23,0.6906,607.49,83.73,0.9804,581.51,84.76,0.5126,643.65,131.32,0.9794,611.22,131.43,0.932,652.6,196.81,0.8617,612.79,195.01,0.4511,658.45,253.9,0.6691,627.59,252.26,0.2742
48,6.8571,1,485.41,368.52,738.93,883.65,0.8936,517.26,463.99,0.4295,517.67,454.28,0.636,527.4,446.34,0.0182,544.85,443.91,0.9123,585.65,423.16,0.1062,574.58,504.63,0.9978,650.75,449.47,0.9663,582.17,623.66,0.991,657.87,551.69,0.3057,524.5,593.17,0.9584,559.38,577.77,0.2038,615.55,666.23,0.9919,678.11,638.08,0.9825,640.36,763.71,0.9827,684.6,715.2,0.9778,687.77,854.31,0.9243,719.74,809.01,0.9636
48,6.8571,2,665.96,47.74,844.7,485.63,0.5197,695.73,97.68,0.9455,700.79,89.93,0.976,697.85,88.39,0.0636,727.95,92.37,0.9874,723.83,88.43,0.0027,754.76,142.77,0.9975,743.48,130.98,0.8298,767.4,219.59,0.995,747.78,197.53,0.0917,756.61,286.78,0.9939,739.18,259.46,0.1816,756.34,273.53,0.9913,757.43,267.63,0.9224,754.86,369.11,0.9929,782.96,356.58,0.9187,775.39,460.13,0.9752,795.6,432.02,0.8993
48,6.8571,19,580.15,0.0,670.55,213.02,0.7317,600.95,23.61,0.963,605.91,18.09,0.9701,596.48,19.12,0.7871,618.9,15.54,0.913,593.55,18.5,0.1101,638.98,42.01,0.9953,592.4,43.93,0.9561,642.96,87.44,0.9927,579.06,81.52,0.5421,607.46,83.76,0.975,584.86,87.67,0.4243,642.73,131.85,0.9773,609.23,132.59,0.9176,651.72,196.97,0.8474,608.99,195.49,0.4199,657.27,256.38,0.6658,623.03,254.73,0.2808
48,6.8571,10,477.42,277.77,634.3,453.11,0.424,523.97,328.02,0.8675,531.13,321.75,0.8609,527.19,320.41,0.1515,558.3,332.15,0.9161,548.66,328.31,0.0198,612.98,383.83,0.9689,539.26,369.88,0.8746,620.88,477.17,0.6496,511.99,435.11,0.2778,529.84,483.9,0.4236,500.23,463.09,0.1846,584.35,503.93,0.2418,535.14,489.22,0.2127,550.9,539.28,0.0339,486.22,528.41,0.0343,561.71,579.51,0.013,504.59,569.44,0.0148
48,6.8571,5,564.99,107.79,685.4,416.36,0.5668,585.26,150.17,0.3176,586.75,146.48,0.3252,588.53,145.43,0.0735,599.74,147.08,0.5073,602.5,143.47,0.043,628.18,163.6,0.9484,609.56,156.89,0.6817,619.85,202.57,0.7366,599.91,189.16,0.1614,602.99,194.64,0.4343,584.44,190.04,0.1397,647.18,250.89,0.9694,631.84,246.26,0.9224,654.71,327.9,0.9659,632.38,321.41,0.8688,668.76,394.7,0.9398,639.94,389.31,0.7882
49,7.0,1,480.66,357.69,738.83,883.52,0.9023,508.8,459.24,0.5099,510.98,451.54,0.654,520.15,441.63,0.0193,541.66,443.83,0.9008,579.88,418.06,0.088,576.54,500.25,0.9977,641.82,437.65,0.9799,576.02,612.67,0.9929,618.44,500.86,0.3964,522.07,593.93,0.9819,527.06,526.73,0.3016,616.65,664.15,0.9945,675.45,633.67,0.9908,641.9,770.09,0.9795,685.9,715.13,0.9817,688.09,854.18,0.8432,721.31,799.98,0.9503
49,7.0,2,670.88,45.91,845.0,499.65,0.8824,706.34,103.0,0.9833,713.24,94.03,0.9954,704.22,93.85,0.3363,743.82,92.5,0.9896,717.82,92.19,0.0033,765.03,143.11,0.9964,743.0,135.76,0.8685,777.53,223.57,0.9923,753.65,201.9,0.1105,776.22,292.13,0.9916,749.72,263.01,0.1889,771.14,278.59,0.9867,753.44,274.89,0.9149,780.71,376.4,0.99,773.24,368.38,0.935,805.24,465.32,0.9532,800.56,449.17,0.8764
49,7.0,19,580.26,0.0,665.15,199.12,0.6731,600.88,22.8,0.9714,606.03,17.47,0.9789,596.63,18.45,0.824,619.71,15.87,0.9233,593.95,18.64,0.0956,638.99,41.92,0.9941,593.74,43.38,0.9305,641.96,84.77,0.9886,578.89,75.61,0.3907,606.8,82.15,0.959,579.01,79.44,0.2805,638.08,128.77,0.9611,605.51,128.01,0.8592,636.86,187.46,0.7103,601.02,182.7,0.2392,641.91,237.41,0.3316,611.8,236.25,0.0832
49,7.0,5,545.77,138.86,657.64,416.52,0.6332,533.4,211.77,0.4217,533.94,204.47,0.5476,539.48,202.37,0.0367,551.67,205.25,0.9203,583.21,198.97,0.1482,559.38,252.26,0.987,616.27,243.29,0.9716,552.54,325.94,0.6839,624.13,319.96,0.3414,527.75,354.77,0.0889,590.47,353.79,0.0272,579.3,378.95,0.8642,627.33,371.99,0.8667,571.29,433.92,0.1022,621.16,423.79,0.1839,597.17,485.32,0.0334,640.59,478.57,0.0742
50,7.1429,1,478.89,349.88,740.09,884.16,0.901,512.23,455.45,0.418,513.14,447.58,0.5947,524.37,438.0,0.0183,541.72,441.09,0.9008,585.9,416.01,0.1266,576.37,502.89,0.9979,648.5,442.1,0.979,569.95,611.09,0.9925,637.77,514.25,0.3756,521.02,591.05,0.9799,540.65,534.6,0.2599,614.4,666.14,0.9949,675.22,635.46,0.9909,641.05,768.87,0.9792,682.89,714.02,0.9816,686.23,853.42,0.8732,719.57,798.93,0.9617
50,7.1429,2,675.78,48.42,845.0,502.54,0.8498,714.58,108.07,0.9864,722.01,99.22,0.9968,711.68,98.44,0.5594,750.82,96.7,0.9869,720.49,95.33,0.005,772.35,145.43,0.9943,742.01,139.45,0.8896,786.73,224.23,0.976,749.41,206.16,0.2061,788.26,293.08,0.9714,750.46,267.95,0.3292,774.86,277.52,0.9839,751.77,273.05,0.9425,786.76,370.93,0.9798,775.8,361.77,0.9375,805.8,449.81,0.9422,790.66,427.21,0.9195
50,7.1429,19,578.94,0.0,663.94,198.59,0.6163,601.56,22.75,0.9762,606.61,17.46,0.9832,597.31,18.51,0.871,619.78,16.07,0.9316,594.32,19.01,0.122,638.8,41.73,0.9938,593.7,42.94,0.9422,642.72,83.65,0.9856,578.52,73.16,0.4008,607.58,82.35,0.9497,576.92,76.79,0.2621,637.11,123.68,0.9641,605.19,122.6,0.8749,636.67,182.24,0.7435,601.53,176.24,0.2652,642.63,230.71,0.3995,609.08,227.94,0.1049
50,7.1429,5,538.77,151.13,648.45,416.91,0.6402,540.92,217.65,0.5,541.6,210.36,0.6109,545.56,207.49,0.0492,558.67,209.06,0.9176,583.2,201.92,0.1418,566.02,254.37,0.9893,614.06,238.15,0.9574,560.98,324.63,0.6954,616.09,305.78,0.1994,541.49,329.9,0.0994,568.34,327.2,0.0177,588.13,377.03,0.9182,627.6,367.93,0.8906,591.78,453.07,0.1757,615.54,439.98,0.1682,608.67,506.48,0.0337,635.34,496.82,0.0395
51,7.2857,1,476.92,340.8,741.48,884.83,0.9013,518.48,450.92,0.3335,518.19,442.63,0.4533,529.13,434.09,0.0182,542.35,436.04,0.8598,586.62,413.78,0.1782,578.98,503.57,0.9976,648.2,441.18,0.9833,572.97,611.84,0.9924,631.27,501.09,0.4743,521.08,595.68,0.9808,537.42,526.35,0.3381,612.28,666.01,0.9948,671.71,634.94,0.9919,638.18,764.85,0.9813,679.39,709.28,0.9852,685.87,852.89,0.8892,717.92,796.55,0.9696
51,7.2857,2,685.54,51.46,841.88,473.99,0.8712,723.64,114.32,0.9961,732.83,105.23,0.9991,717.7,104.63,0.9118,759.87,101.26,0.9879,717.26,101.2,0.011,783.99,147.29,0.9753,731.6,145.18,0.9861,801.73,227.98,0.8828,731.46,211.02,0.9532,798.03,297.21,0.939,726.65,270.55,0.9743,783.11,275.84,0.973,749.7,274.01,0.9887,788.81,362.17,0.9471,778.11,360.31,0.9851,800.7,434.45,0.6807,798.04,425.64,0.8764
51,7.2857,19,579.49,0.0,666.09,202.25,0.5018,602.83,22.25,0.973,607.91,16.81,0.9807,598.11,18.08,0.8853,620.67,14.86,0.9137,594.18,18.18,0.16,638.6,41.14,0.9932,594.53,42.74,0.9194,643.74,83.8,0.9843,582.67,76.53,0.3182,610.29,81.78,0.9495,585.49,83.48,0.2377,638.46,123.39,0.9622,607.32,122.41,0.8488,637.76,185.81,0.7813,602.54,179.45,0.2728,642.87,238.32,0.455,609.8,233.91,0.1185
51,7.2857,5,539.54,152.12,653.48,423.35,0.6973,545.49,215.32,0.3289,545.53,207.74,0.4194,551.5,204.41,0.0298,560.43,209.98,0.9154,591.01,202.04,0.1829,572.13,260.3,0.9802,618.41,244.82,0.9714,565.73,336.81,0.4934,629.38,327.11,0.3536,545.32,351.76,0.0613,602.3,375.05,0.0345,593.14,394.22,0.8838,631.54,385.84,0.8888,593.49,472.43,0.1185,623.19,460.27,0.1427,607.39,514.94,0.0193,642.74,507.52,0.0243
51,7.2857,10,452.37,272.85,670.58,525.19,0.5218,545.99,347.12,0.9809,558.21,335.69,0.9919,536.13,334.34,0.9565,583.38,328.12,0.921,525.48,325.58,0.2579,613.68,383.03,0.9673,508.79,371.52,0.9634,639.87,473.77,0.5729,487.11,444.65,0.7216,584.99,496.87,0.4402,504.85,512.92,0.5749,591.3,517.43,0.3509,521.56,510.94,0.3335,583.41,582.24,0.0481,507.39,577.53,0.0538,587.52,629.1,0.0142,515.44,621.33,0.0164
52,7.4286,1,474.2,339.9,738.87,884.75,0.9027,516.51,450.11,0.4506,517.56,441.39,0.5631,525.9,433.27,0.0229,543.36,434.45,0.8814,581.23,412.91,0.1521,579.04,501.75,0.9976,650.19,440.25,0.9834,572.9,610.52,0.9929,651.4,512.52,0.4728,512.55,571.7,0.9821,554.07,533.3,0.3514,613.09,664.77,0.9946,672.09,633.22,0.9926,636.94,763.83,0.9818,677.61,708.63,0.988,684.48,852.62,0.8545,716.64,797.43,0.9641
52,7.4286,2,691.46,59.4,837.84,464.52,0.8759,734.37,124.26,0.9972,743.65,115.15,0.9996,727.76,114.92,0.9624,770.17,109.02,0.9921,725.38,110.05,0.016,795.42,154.42,0.9083,730.1,153.77,0.9948,808.49,224.31,0.2818,728.2,217.97,0.9801,807.3,281.66,0.5296,720.04,273.99,0.9827,790.18,278.09,0.9673,750.07,277.22,0.9949,789.87,362.23,0.9507,768.32,361.34,0.9944,801.15,434.15,0.8316,792.16,426.75,0.9663
52,7.4286,5,540.77,151.91,658.15,427.49,0.7142,547.16,208.22,0.2625,547.95,201.34,0.3322,553.66,197.67,0.0265,560.94,206.67,0.89,592.13,197.29,0.2039,575.5,261.33,0.9837,616.84,239.6,0.97,566.87,331.69,0.5136,616.39,308.79,0.2616,542.93,322.0,0.0538,570.09,328.66,0.0203,599.44,395.55,0.9231,633.65,384.02,0.9311,603.55,480.07,0.1012,623.25,462.13,0.1408,616.95,517.5,0.0126,644.76,504.89,0.0201
52,7.4286,10,468.1,270.84,659.95,490.64,0.6629,546.04,350.78,0.983,558.29,339.14,0.9925,536.01,337.88,0.9607,584.42,330.91,0.9402,525.74,327.98,0.2587,615.92,389.09,0.9774,510.77,370.38,0.9774,631.98,473.9,0.5431,490.08,440.09,0.6259,572.69,477.93,0.2074,506.3,487.66,0.234,592.35,514.54,0.2978,523.39,503.88,0.2962,592.11,556.77,0.0116,503.91,551.33,0.0179,595.53,594.89,0.0068,512.85,586.73,0.0087
53,7.5714,1,475.44,340.25,739.26,885.0,0.8945,514.76,451.23,0.4135,515.5,442.81,0.5379,524.18,435.01,0.0181,538.77,437.48,0.9045,579.9,416.67,0.1474,577.47,499.64,0.9976,652.47,443.21,0.9804,557.55,604.56,0.9906,659.62,518.93,0.4643,516.58,546.02,0.9754,563.61,529.01,0.3483,612.03,663.81,0.9953,671.8,633.65,0.9934,636.46,764.25,0.981,677.41,711.01,0.986,684.89,855.64,0.8764,716.78,799.52,0.9675
53,7.5714,2,694.67,64.38,834.72,460.32,0.8882,739.79,129.94,0.9969,749.69,120.54,0.9995,732.84,120.23,0.9738,774.96,114.54,0.9877,729.63,115.04,0.0379,797.12,160.19,0.8235,731.96,157.16,0.9945,808.87,233.02,0.1777,727.37,228.0,0.9822,807.21,293.73,0.464,719.48,286.94,0.985,791.92,290.45,0.9419,749.5,289.09,0.9941,788.24,370.31,0.8769,754.41,369.12,0.993,799.31,430.36,0.5891,786.98,428.57,0.9398
53,7.5714,5,541.55,152.01,660.36,427.39,0.6814,546.91,207.85,0.2838,548.35,201.06,0.3759,553.64,197.64,0.0237,562.94,207.37,0.8917,592.42,198.16,0.153,576.05,260.99,0.9868,613.43,239.75,0.9588,568.18,331.94,0.6366,607.14,304.96,0.2071,547.34,316.66,0.0694,561.45,309.85,0.0189,597.08,392.68,0.9095,628.76,381.6,0.8869,603.07,476.36,0.0952,616.19,457.79,0.1022,617.65,514.66,0.0121,638.77,503.53,0.0153
53,7.5714,10,481.22,271.21,652.44,463.21,0.7172,545.12,350.3,0.9835,556.86,340.03,0.993,536.15,338.06,0.9518,583.57,332.2,0.951,527.05,327.95,0.2094,617.64,389.11,0.9855,511.46,371.36,0.9797,635.62,472.01,0.6197,488.7,437.56,0.4754,581.51,470.82,0.1839,510.05,453.78,0.1258,598.85,506.41,0.2748,528.91,497.22,0.2563,612.84,551.09,0.0096,512.91,548.39,0.0141,624.96,592.56,0.0047,524.35,587.08,0.0055
54,7.7143,1,476.71,339.18,739.99,885.41,0.8976,519.35,451.72,0.2437,518.35,443.77,0.3721,529.54,435.33,0.0131,537.74,436.27,0.8889,584.9,414.24,0.2119,580.32,498.58,0.9976,651.59,440.45,0.9831,550.18,597.81,0.9893,657.19,510.64,0.5865,521.55,532.83,0.9691,567.04,514.97,0.4226,612.94,662.56,0.996,669.88,631.88,0.9947,635.27,764.35,0.9817,676.37,710.68,0.9876,683.86,857.21,0.9092,716.26,798.16,0.9786
54,7.7143,2,693.64,66.61,836.5,479.68,0.869,740.91,134.67,0.9969,751.4,124.9,0.9995,733.04,124.74,0.9807,776.16,118.32,0.9852,728.22,119.05,0.0639,796.38,165.2,0.8364,728.46,162.56,0.9954,809.04,237.99,0.1586,725.45,232.85,0.9825,809.27,297.43,0.4155,720.28,293.82,0.9854,793.32,297.16,0.9481,747.57,296.82,0.9958,802.33,383.79,0.8707,749.53,385.08,0.9961,806.57,447.4,0.5249,781.86,451.25,0.9549
54,7.7143,5,540.79,154.32,661.48,430.03,0.656,546.57,208.36,0.3846,547.62,201.98,0.4724,553.72,198.59,0.0344,563.32,207.27,0.9138,593.46,197.95,0.1458,577.55,259.88,0.9902,618.21,239.55,0.9734,563.27,328.33,0.8204,616.5,308.99,0.3134,533.5,323.81,0.2082,573.29,320.38,0.0258,601.78,389.91,0.9115,636.13,378.85,0.8948,595.28,473.43,0.1265,632.95,460.13,0.1169,610.77,517.89,0.0166,645.47,505.52,0.0189
55,7.8571,1,477.57,337.62,740.29,885.12,0.8986,518.87,453.05,0.2436,517.66,444.7,0.3789,528.93,436.83,0.011,536.65,436.47,0.8971,584.98,415.96,0.1786,580.36,495.69,0.9976,651.17,439.64,0.9782,552.9,597.91,0.9883,647.1,511.1,0.5531,523.3,531.11,0.9702,555.51,514.12,0.4676,611.3,661.56,0.9962,669.22,631.28,0.9945,634.29,765.72,0.9847,676.48,711.6,0.9891,683.18,857.91,0.9151,716.2,798.34,0.9798
55,7.8571,2,689.61,71.07,838.62,511.35,0.8851,736.61,140.88,0.997,746.47,131.05,0.9994,728.44,131.57,0.9755,771.67,123.42,0.9869,723.92,125.84,0.0485,794.41,168.49,0.9022,722.63,167.08,0.9961,807.23,240.06,0.2675,720.56,235.91,0.9835,809.92,299.77,0.5338,715.82,299.07,0.9849,792.56,306.61,0.9577,745.1,307.21,0.9961,800.11,401.58,0.9148,755.82,405.41,0.9972,803.32,479.87,0.6899,777.42,491.56,0.9724
55,7.8571,5,520.51,150.88,648.5,428.65,0.7165,543.65,214.08,0.7163,545.34,207.59,0.8016,548.55,204.02,0.0503,566.1,207.49,0.9529,582.36,198.46,0.0381,585.04,251.2,0.9953,603.38,231.87,0.9605,558.18,302.85,0.9776,567.4,276.64,0.5582,512.45,281.99,0.9016,519.95,267.93,0.3881,609.04,375.57,0.9467,623.7,363.78,0.8912,598.13,458.81,0.2688,604.08,440.05,0.1307,622.69,501.79,0.031,615.51,484.97,0.0217
56,8.0,1,479.3,339.77,739.41,883.41,0.9016,516.21,458.23,0.5409,518.2,450.29,0.646,523.48,440.9,0.0265,547.15,436.61,0.8872,574.98,412.94,0.1168,577.78,496.86,0.9976,650.6,439.71,0.9877,557.15,595.71,0.9905,664.01,510.21,0.5676,525.97,535.74,0.9803,579.55,517.75,0.4368,614.12,655.25,0.9961,673.38,625.6,0.9958,637.34,760.7,0.989,681.43,707.43,0.9946,682.62,856.32,0.9269,718.41,801.39,0.987
56,8.0,2,687.26,78.88,840.4,538.0,0.9169,727.43,148.48,0.9965,737.64,138.59,0.9991,719.02,139.28,0.9844,760.27,132.63,0.9789,712.39,135.49,0.1225,788.67,175.05,0.9335,713.3,179.96,0.9939,808.86,245.32,0.3508,714.82,246.73,0.9798,810.53,305.81,0.5066,709.19,312.39,0.9833,792.81,320.99,0.9833,742.47,325.09,0.9974,808.66,416.52,0.9466,757.73,424.77,0.9963,814.15,491.42,0.8451,772.46,515.35,0.9701
56,8.0,5,489.56,155.48,615.63,399.45,0.5076,535.7,217.58,0.8479,541.16,213.24,0.8965,539.71,208.0,0.0563,563.43,220.08,0.9499,567.02,206.09,0.0241,579.51,269.09,0.9882,585.51,230.08,0.9528,538.52,313.1,0.8659,534.82,236.29,0.9416,486.61,271.93,0.4184,470.95,227.04,0.9609,594.66,375.7,0.809,602.95,357.54,0.7865,570.66,424.68,0.1863,576.66,403.65,0.1921,589.04,467.89,0.047,591.98,455.47,0.0442
57,8.1429,1,480.43,338.92,739.62,882.43,0.8921,515.48,456.5,0.3529,516.78,448.95,0.4639,524.17,438.61,0.0193,542.75,435.98,0.8466,576.19,409.76,0.1691,578.66,498.85,0.9976,648.08,437.68,0.9866,559.24,598.82,0.9907,660.62,510.14,0.5685,527.82,540.76,0.979,577.81,519.02,0.4058,615.29,655.41,0.9963,673.17,624.31,0.9958,637.39,759.29,0.9887,681.59,706.67,0.9944,681.28,855.51,0.9236,718.71,800.71,0.9857
57,8.1429,2,683.13,83.01,837.7,548.6,0.9092,716.97,153.07,0.9962,726.85,141.77,0.9988,706.94,143.83,0.9852,749.29,133.36,0.9664,698.56,139.72,0.1499,782.85,177.58,0.9489,703.12,186.37,0.9921,810.25,250.98,0.3691,705.6,255.85,0.9759,810.08,313.35,0.4744,705.9,320.34,0.9818,786.54,328.25,0.9889,734.94,333.6,0.9975,804.74,424.75,0.9694,755.05,432.54,0.996,815.75,493.03,0.9134,773.48,518.29,0.9715
57,8.1429,5,468.77,158.36,592.96,375.58,0.7,529.96,213.21,0.8462,535.91,210.62,0.8789,535.28,204.69,0.0878,556.03,221.76,0.9171,559.95,205.21,0.025,573.12,271.02,0.9776,567.11,226.01,0.9702,556.01,332.41,0.6756,515.22,227.15,0.9735,531.4,319.22,0.2349,457.9,216.59,0.9735,572.54,372.36,0.7157,571.06,347.89,0.7621,527.49,418.36,0.1033,529.8,385.6,0.0921,543.41,443.94,0.027,547.08,418.47,0.0194
58,8.2857,1,482.49,342.33,738.99,881.58,0.8938,518.87,457.12,0.4424,519.59,448.32,0.5525,526.08,439.89,0.0196,544.68,434.62,0.8785,577.4,413.17,0.13,579.98,498.01,0.9977,651.89,440.77,0.9833,559.78,601.36,0.9906,661.34,514.9,0.545,528.14,542.88,0.9815,573.16,522.48,0.4683,613.54,658.12,0.9959,672.41,628.34,0.9948,637.7,760.96,0.9889,682.42,709.32,0.9935,681.49,855.58,0.9201,720.55,801.51,0.9825
58,8.2857,2,672.8,87.7,827.49,554.05,0.8984,703.33,159.46,0.9985,712.8,147.96,0.9994,692.74,150.49,0.9898,734.66,140.56,0.9819,684.44,148.05,0.161,772.47,186.95,0.9866,689.19,195.58,0.9966,796.75,267.69,0.9376,692.16,271.41,0.984,797.36,343.28,0.9803,698.19,334.98,0.9906,773.64,338.65,0.9915,723.33,342.87,0.9978,787.25,434.22,0.9702,753.37,440.71,0.9955,803.99,495.77,0.8803,775.04,522.23,0.9613
59,8.4286,1,482.77,343.25,738.33,881.14,0.8961,516.79,458.71,0.4241,517.53,451.0,0.5408,525.18,441.29,0.0202,542.53,438.73,0.8833,577.45,414.03,0.1481,580.87,500.43,0.9977,649.13,437.87,0.9857,560.51,600.31,0.9923,659.84,510.43,0.5837,527.54,540.69,0.9844,572.64,522.61,0.4724,615.38,657.32,0.9959,672.11,625.93,0.9951,638.21,759.57,0.9894,681.4,708.96,0.994,681.94,855.07,0.9216,720.75,801.31,0.9827
59,8.4286,2,665.57,92.79,820.56,556.44,0.9097,694.29,166.64,0.9983,704.0,155.09,0.9993,683.52,157.21,0.9882,725.33,146.48,0.9854,674.45,152.87,0.1772,761.73,196.63,0.9966,678.9,197.67,0.9964,782.58,278.33,0.9894,682.04,272.11,0.9799,778.27,354.49,0.9929,689.18,337.05,0.9853,761.99,341.28,0.9975,713.61,342.57,0.9983,771.17,439.54,0.9958,749.76,440.07,0.9967,798.72,518.55,0.983,775.3,519.57,0.9851
59,8.4286,20,647.95,0.0,729.0,106.74,0.4025,679.0,4.62,0.001,682.24,0.0,0.001,679.93,0.0,0.0007,690.9,0.0,0.0012,674.91,0.0,0.0006,698.83,0.0,0.0021,665.44,1.4,0.0012,715.19,0.0,0.1284,657.96,0.96,0.0694,715.95,4.44,0.3609,659.78,2.98,0.2148,700.46,16.25,0.82,676.37,18.08,0.8098,706.24,68.35,0.9497,685.38,70.52,0.9309,715.13,109.15,0.7833,695.54,111.99,0.7157
59,8.4286,15,383.12,150.67,621.48,402.47,0.5355,514.35,219.31,0.8221,520.04,213.38,0.8427,516.8,210.44,0.1,541.75,217.27,0.916,533.05,208.56,0.0205,566.2,268.51,0.9835,529.61,231.61,0.9848,589.48,332.61,0.8029,471.64,225.25,0.982,568.74,344.52,0.6194,411.94,193.59,0.9884,527.17,398.18,0.7927,502.21,375.87,0.8447,479.45,478.56,0.1101,456.57,460.54,0.1677,483.26,525.89,0.0284,459.7,515.6,0.0369
60,8.5714,1,483.97,346.41,738.06,882.11,0.8898,519.27,456.36,0.3584,520.11,448.51,0.4658,527.67,438.82,0.0193,545.04,436.65,0.8596,579.27,411.77,0.1798,582.59,502.13,0.9977,649.35,437.83,0.9866,565.27,605.24,0.9916,660.64,511.93,0.6035,531.87,546.59,0.9816,572.3,523.28,0.4598,615.42,659.68,0.9955,671.98,627.82,0.9947,638.38,760.36,0.9884,682.13,709.37,0.9935,683.88,855.6,0.9222,720.61,803.74,0.982
60,8.5714,2,648.32,97.8,810.45,585.56,0.9074,687.14,172.87,0.9978,697.26,161.99,0.9992,677.09,163.22,0.9798,719.95,153.69,0.9862,668.99,158.17,0.1153,755.37,200.2,0.9967,671.88,203.41,0.9958,773.81,284.07,0.99,674.2,278.54,0.9743,764.99,363.62,0.9925,683.31,346.5,0.9802,756.83,349.71,0.9972,706.58,351.0,0.9976,765.07,453.09,0.9945,739.84,449.85,0.9931,781.42,542.14,0.9761,762.39,525.21,0.9765
60,8.5714,15,371.52,153.49,632.29,435.6,0.5985,511.15,207.77,0.493,516.69,204.07,0.5641,516.58,200.62,0.0413,533.64,214.36,0.8935,534.53,204.15,0.0306,562.59,262.36,0.9789,517.61,232.38,0.9834,581.44,325.85,0.7637,463.26,225.14,0.9856,557.88,335.1,0.6099,409.99,195.09,0.9887,518.82,394.49,0.9066,488.51,377.19,0.9274,491.04,490.01,0.2083,462.96,472.76,0.384,490.74,545.72,0.0473,461.84,539.58,0.088
60,8.5714,17,552.79,73.48,651.29,347.41,0.4085,573.74,117.55,0.5195,575.69,111.33,0.6189,576.36,110.13,0.0451,585.83,111.6,0.9202,598.38,108.32,0.0785,597.29,146.41,0.9871,611.52,134.56,0.898,591.91,205.21,0.855,593.84,177.95,0.4124,569.81,202.4,0.5122,556.15,169.75,0.3338,609.21,247.66,0.9068,623.66,240.09,0.8599,605.14,323.78,0.388,620.87,309.71,0.412,618.8,374.81,0.1268,629.47,359.99,0.1948
61,8.7143,1,484.6,346.29,739.1,883.3,0.8934,521.37,459.88,0.3932,522.01,452.28,0.5092,529.62,442.68,0.0185,545.56,440.7,0.8838,580.76,416.39,0.1529,583.83,499.39,0.9978,650.68,437.6,0.9844,564.78,603.54,0.9929,660.49,512.22,0.5904,532.76,543.29,0.9862,574.25,523.24,0.5079,619.22,659.12,0.9951,675.06,628.15,0.994,639.3,758.55,0.9887,682.89,706.38,0.9935,685.71,855.36,0.9122,721.08,803.75,0.9805
61,8.7143,2,636.36,107.44,806.55,625.02,0.9119,679.19,184.27,0.9959,690.0,173.95,0.9983,670.7,173.7,0.9609,715.01,168.0,0.9837,664.67,168.43,0.0916,753.46,219.58,0.9971,666.39,214.82,0.9941,765.68,307.52,0.9924,671.0,290.91,0.9668,755.88,383.38,0.9929,680.73,358.04,0.9731,752.4,371.56,0.9956,699.57,368.7,0.9949,765.54,481.34,0.9859,738.04,472.45,0.9703,758.78,583.81,0.9338,752.2,554.38,0.9107
61,8.7143,15,369.09,153.64,630.7,442.45,0.605,505.94,214.09,0.6252,511.19,209.72,0.7136,510.04,206.55,0.0537,529.93,216.98,0.921,525.13,208.02,0.0176,562.01,260.9,0.9829,508.67,232.47,0.9845,587.99,324.0,0.8151,458.26,223.71,0.9846,562.77,348.21,0.6418,408.46,194.31,0.9873,517.4,386.64,0.9089,479.92,369.99,0.9256,494.46,480.02,0.2122,458.34,463.17,0.4141,493.56,532.99,0.0488,458.25,527.75,0.0999
62,8.8571,1,487.07,349.26,739.9,883.59,0.8968,522.99,462.3,0.3583,522.74,453.27,0.4667,529.51,445.16,0.0124,547.83,436.15,0.8716,579.07,415.69,0.0959,585.53,499.45,0.9976,652.43,437.98,0.985,572.4,604.41,0.9903,667.02,505.82,0.6391,532.34,546.28,0.9747,582.28,515.05,0.5411,621.45,660.87,0.9943,677.6,630.69,0.9932,640.65,761.43,0.9864,683.87,710.85,0.9922,687.86,854.36,0.9133,722.37,807.4,0.9784
62,8.8571,2,633.78,115.01,805.06,641.29,0.9169,676.65,190.04,0.995,688.49,179.74,0.9985,669.28,178.38,0.9495,716.19,174.24,0.9871,665.36,171.94,0.0721,752.17,228.58,0.9958,666.92,223.04,0.9936,766.41,319.55,0.9919,670.85,303.92,0.9574,752.82,397.9,0.9955,677.4,374.11,0.9706,752.92,386.21,0.9974,697.96,381.52,0.9961,766.37,502.74,0.9916,725.36,478.75,0.9676,760.35,589.89,0.9589,742.88,534.66,0.9379
62,8.8571,15,366.11,154.62,626.21,448.26,0.4531,506.91,211.74,0.6139,511.92,207.78,0.7175,510.9,204.52,0.0768,529.43,216.35,0.9047,525.76,207.4,0.0309,560.91,260.21,0.9753,506.75,233.85,0.9775,588.09,313.05,0.7614,456.51,222.63,0.9727,563.96,341.99,0.6541,406.96,192.8,0.9816,516.87,382.17,0.9066,478.79,366.94,0.9269,496.93,475.58,0.2332,461.89,459.62,0.4895,500.96,533.73,0.0576,466.7,526.53,0.1526
62,8.8571,17,552.5,75.31,650.38,352.18,0.5641,571.7,118.17,0.515,573.7,112.04,0.6346,574.48,110.81,0.033,585.2,111.89,0.929,597.06,108.64,0.0453,596.68,145.48,0.9895,611.26,134.35,0.8967,587.59,204.17,0.8903,593.65,178.73,0.3456,564.35,190.01,0.5649,561.01,163.97,0.2564,608.1,248.2,0.9346,622.04,240.82,0.8945,606.46,331.23,0.5384,619.24,317.13,0.5631,620.44,389.08,0.1695,629.12,373.7,0.2702
63,9.0,1,488.44,349.04,742.35,884.44,0.8891,523.22,454.11,0.382,522.81,443.68,0.5205,530.31,437.21,0.0109,546.22,429.21,0.9103,581.82,412.23,0.0769,590.48,496.27,0.9979,652.76,435.33,0.9794,592.08,608.95,0.9911,664.52,510.23,0.5345,534.16,549.62,0.9793,575.89,514.21,0.4917,625.31,669.49,0.9936,678.73,639.51,0.9912,646.56,767.59,0.9812,687.79,717.65,0.9878,690.78,858.58,0.8673,728.02,815.0,0.9606
63,9.0,2,634.97,122.57,805.63,649.24,0.9139,674.69,196.87,0.995,687.15,186.41,0.9986,668.15,184.4,0.9267,718.15,181.61,0.9896,666.26,177.78,0.0418,755.49,237.91,0.9961,666.95,230.2,0.9933,769.28,331.98,0.9927,667.58,312.67,0.9552,758.79,414.2,0.9951,672.03,386.8,0.9645,753.0,397.02,0.9974,694.31,391.71,0.9958,763.53,508.87,0.992,706.2,489.98,0.968,763.85,588.7,0.9662,729.02,537.03,0.9471
63,9.0,15,360.74,154.72,624.72,460.97,0.4382,505.2,211.16,0.8756,512.27,206.31,0.9183,509.12,202.71,0.0838,535.67,214.06,0.9595,524.93,203.88,0.0061,564.59,265.94,0.9771,514.1,233.69,0.9867,566.44,344.61,0.6527,460.84,228.96,0.983,537.16,365.96,0.403,409.79,196.49,0.9853,519.66,398.6,0.9269,483.44,381.03,0.9371,513.63,509.98,0.3871,466.89,490.94,0.4758,518.74,585.49,0.0862,472.08,573.32,0.1059
63,9.0,17,557.12,76.49,654.5,356.28,0.5345,573.54,118.09,0.3638,575.86,112.24,0.452,577.04,110.57,0.0174,589.24,112.7,0.9034,601.26,108.38,0.039,599.0,146.16,0.9925,618.55,136.21,0.9339,589.56,200.2,0.9256,606.48,179.56,0.3202,569.58,195.36,0.5632,572.31,174.7,0.1288,609.54,247.3,0.961,627.65,240.3,0.9281,606.29,329.81,0.5264,623.02,316.72,0.4847,617.85,388.2,0.2306,629.73,371.82,0.3014
64,9.1429,1,494.26,343.26,750.66,885.32,0.9056,531.16,451.13,0.3997,530.15,438.57,0.4685,534.21,435.52,0.0106,555.73,420.09,0.8409,578.15,411.67,0.0306,598.57,489.23,0.9961,645.51,438.53,0.9806,609.96,604.84,0.989,633.55,496.48,0.667,561.48,571.85,0.9792,553.42,504.16,0.5767,635.32,655.01,0.9951,679.04,628.56,0.9932,650.91,758.64,0.9883,687.18,703.68,0.9921,686.9,855.54,0.94,728.15,806.36,0.9834
64,9.1429,2,635.52,127.42,805.06,652.29,0.9141,673.25,200.7,0.9949,684.98,190.51,0.9983,667.21,188.63,0.8871,717.89,186.22,0.9914,667.05,182.98,0.0261,760.36,243.31,0.9967,666.66,237.2,0.9952,773.57,338.48,0.9936,666.73,315.84,0.9515,766.36,423.89,0.9951,671.96,391.58,0.9491,754.41,403.88,0.9972,694.41,401.16,0.9969,765.74,511.62,0.995,709.94,507.19,0.9929,763.69,595.94,0.9837,728.56,589.98,0.9817
64,9.1429,17,560.57,74.96,655.12,347.68,0.5737,576.52,119.94,0.4931,579.36,113.72,0.5774,578.86,112.06,0.0255,591.99,112.76,0.9152,600.54,108.59,0.0321,602.14,145.39,0.9907,617.64,133.34,0.9057,591.41,201.48,0.9258,602.39,175.11,0.2595,568.61,204.13,0.5979,566.76,172.32,0.1215,609.45,250.13,0.9506,625.43,242.49,0.9068,604.38,333.95,0.4467,620.85,320.61,0.3795,612.91,385.32,0.1324,626.07,370.06,0.1574
64,9.1429,5,420.56,156.59,553.28,365.39,0.6324,505.64,208.86,0.8656,512.79,203.94,0.8935,509.56,201.16,0.0754,536.52,212.65,0.9471,525.88,203.98,0.0075,564.55,266.27,0.9823,514.94,233.61,0.9863,564.8,335.24,0.7157,460.34,230.16,0.983,532.85,352.86,0.3463,410.88,198.65,0.9846,523.35,388.06,0.8251,488.29,368.58,0.8666,497.45,478.42,0.0765,458.65,464.48,0.102,493.5,534.24,0.0153,461.56,521.06,0.0145
65,9.2857,1,498.99,344.91,753.86,883.68,0.8883,538.45,444.73,0.721,538.84,432.21,0.8064,538.87,428.49,0.0199,567.14,413.74,0.9186,580.41,403.19,0.0208,611.5,484.29,0.9962,644.31,425.67,0.9708,621.25,611.47,0.9655,635.32,497.29,0.6078,577.42,575.54,0.9094,571.47,500.98,0.5469,646.26,646.73,0.9915,683.67,616.96,0.989,654.31,748.25,0.9836,684.96,696.19,0.9877,691.03,855.76,0.9048,725.32,797.18,0.9694
65,9.2857,2,634.81,133.41,804.61,659.08,0.9138,673.75,209.08,0.9962,685.74,199.27,0.9989,668.05,196.83,0.8952,719.64,195.41,0.9946,668.02,190.8,0.0182,763.41,251.07,0.9968,662.76,244.51,0.9954,782.81,344.17,0.9916,662.39,326.93,0.9493,777.01,429.28,0.9931,665.38,397.74,0.9457,754.53,416.24,0.9969,692.78,413.69,0.9958,760.08,527.47,0.9919,712.56,525.85,0.9786,757.41,608.77,0.9743,736.16,608.96,0.9412
65,9.2857,17,560.64,76.25,652.83,342.04,0.519,574.3,117.04,0.4154,576.81,111.16,0.52,578.32,109.54,0.0221,588.32,112.42,0.9177,603.53,107.91,0.0426,599.45,145.12,0.9879,619.12,133.29,0.8984,589.0,200.72,0.9062,604.23,177.23,0.2803,565.64,198.33,0.5745,570.68,171.77,0.1449,606.8,244.9,0.9424,626.28,236.91,0.9032,599.99,321.65,0.4304,619.71,307.26,0.3886,609.61,373.51,0.1347,625.04,355.31,0.1786
65,9.2857,5,416.8,159.25,560.09,370.38,0.5443,507.6,212.54,0.8119,513.63,207.16,0.8564,511.86,204.69,0.0515,536.93,213.72,0.9496,530.99,205.76,0.0093,563.78,266.68,0.9843,522.9,230.55,0.9836,546.46,341.86,0.7534,466.32,231.22,0.9792,508.64,358.73,0.4573,417.87,206.72,0.9879,522.01,384.28,0.8434,493.51,362.53,0.8727,490.38,468.77,0.1249,462.4,449.92,0.1532,492.43,533.07,0.0217,470.52,516.14,0.022
65,9.2857,19,578.27,0.21,661.32,187.84,0.5035,588.0,30.23,0.884,591.09,23.89,0.8758,583.71,26.14,0.479,606.19,16.88,0.7515,583.86,22.55,0.0482,631.17,40.11,0.9838,592.91,44.56,0.831,650.48,78.64,0.9774,588.94,74.19,0.2669,629.52,105.38,0.9571,579.24,86.38,0.2067,632.39,120.11,0.9421,606.57,120.26,0.8085,628.5,178.35,0.7277,608.31,178.04,0.2834,632.2,220.93,0.4148,621.15,220.51,0.1279
66,9.4286,1,506.03,345.13,757.95,883.59,0.9076,544.2,433.63,0.9336,547.8,420.91,0.9569,541.92,417.99,0.0329,585.94,402.18,0.9583,580.57,395.14,0.0048,622.35,465.87,0.9978,646.72,425.79,0.9663,642.98,591.61,0.9924,644.69,510.2,0.6735,586.41,590.85,0.9884,587.21,508.32,0.792,647.34,639.49,0.9915,677.96,617.89,0.9806,655.12,756.48,0.9844,683.97,715.95,0.9704,682.9,855.61,0.8853,716.86,809.58,0.911
66,9.4286,2,627.7,141.12,809.97,709.24,0.8931,673.7,220.96,0.9949,686.4,211.21,0.9981,667.76,208.55,0.9011,721.19,207.38,0.9922,667.23,202.12,0.0311,766.27,264.92,0.9959,659.59,257.5,0.9942,784.71,357.11,0.9911,656.82,344.02,0.8721,781.34,442.77,0.9934,663.09,422.7,0.8309,749.95,441.68,0.9972,682.64,437.15,0.9933,750.54,571.11,0.9929,685.04,559.17,0.9478,764.03,668.31,0.9788,702.11,661.04,0.8967
66,9.4286,17,565.58,79.77,648.91,313.95,0.413,573.06,120.5,0.2753,574.64,114.29,0.3911,577.47,112.94,0.0202,584.99,114.66,0.8679,604.18,110.59,0.0716,594.79,148.95,0.9883,624.96,137.85,0.8324,586.55,204.43,0.9137,615.88,181.52,0.1771,565.46,204.89,0.5593,579.5,181.82,0.1015,605.51,244.56,0.9295,632.82,236.45,0.8325,594.76,310.52,0.3924,621.16,297.35,0.2448,602.97,360.85,0.1233,625.04,342.14,0.1116
66,9.4286,19,581.82,0.44,662.64,178.09,0.5951,592.56,29.6,0.9307,595.87,23.23,0.9275,587.55,25.99,0.6542,609.59,17.28,0.7658,585.01,24.17,0.0572,632.86,39.78,0.9826,591.23,46.6,0.7795,654.07,75.57,0.9745,589.8,74.22,0.187,645.69,99.36,0.9612,589.58,89.28,0.181,635.89,118.85,0.9533,607.19,120.85,0.8242,636.09,170.36,0.7754,608.42,170.21,0.2993,640.78,205.47,0.4205,617.28,205.53,0.1116
66,9.4286,15,348.36,158.78,636.47,509.0,0.6424,508.3,215.64,0.8463,514.02,209.93,0.884,511.67,206.98,0.0665,536.4,215.39,0.9585,531.09,207.05,0.0088,558.85,264.82,0.9822,529.72,232.11,0.9808,526.12,338.37,0.9468,471.78,230.08,0.979,507.57,406.6,0.9172,418.01,203.22,0.9902,526.45,385.83,0.9271,505.97,368.47,0.9349,510.52,483.37,0.5946,495.26,466.63,0.65,512.1,560.08,0.2214,499.48,545.91,0.2632
67,9.5714,1,509.87,340.91,760.91,883.82,0.9024,565.58,422.85,0.9592,570.18,410.18,0.9686,561.22,408.9,0.1156,602.35,391.68,0.952,588.26,388.04,0.0115,636.37,454.96,0.9971,643.35,413.04,0.9747,659.19,574.53,0.9931,631.35,482.45,0.7793,600.01,582.06,0.9918,571.42,498.8,0.8744,652.37,625.35,0.9896,668.28,603.91,0.9745,657.53,750.43,0.9881,685.94,709.21,0.962,679.76,854.15,0.9495,717.86,809.03,0.9303
67,9.5714,2,625.13,149.22,811.56,732.11,0.8847,671.06,232.92,0.9943,684.02,223.26,0.998,665.67,219.69,0.8869,719.77,218.86,0.9922,665.53,211.8,0.0252,768.54,276.38,0.9954,658.87,271.94,0.9941,788.29,369.91,0.9872,657.44,357.61,0.8186,783.54,452.42,0.9898,664.09,426.21,0.7287,754.71,453.83,0.9964,686.89,450.18,0.993,753.6,580.23,0.9914,694.71,568.98,0.9561,767.06,674.54,0.9575,714.04,666.72,0.8631
67,9.5714,17,567.44,80.08,648.0,300.24,0.5382,569.88,122.69,0.2335,571.34,116.34,0.3529,575.14,114.92,0.0147,581.76,117.19,0.9014,605.25,112.71,0.0793,592.03,149.26,0.9868,627.2,137.6,0.8603,586.37,202.31,0.8744,616.54,180.8,0.1581,566.75,212.16,0.4577,578.18,186.02,0.08,606.82,243.05,0.9324,637.81,235.24,0.861,598.43,309.31,0.3605,627.33,297.97,0.2419,604.12,356.39,0.115,626.99,338.29,0.1093
67,9.5714,19,583.44,0.36,664.84,176.14,0.6459,590.54,26.29,0.9372,593.86,20.34,0.9418,586.44,22.57,0.5345,609.42,15.15,0.8769,587.32,21.0,0.0356,635.68,39.27,0.9915,593.91,46.95,0.8584,657.3,78.58,0.9784,590.88,79.63,0.1709,650.58,97.72,0.9603,582.73,91.31,0.1446,640.17,127.19,0.9565,611.94,128.83,0.8335,637.58,185.83,0.6778,611.21,186.07,0.2239,639.62,227.65,0.2108,616.89,227.57,0.05
67,9.5714,15,357.82,158.42,627.06,495.24,0.6764,509.65,217.31,0.8454,514.55,211.17,0.8919,512.86,208.49,0.0569,537.01,215.03,0.9627,533.5,207.6,0.0079,556.06,261.2,0.9847,533.08,230.9,0.979,525.89,329.15,0.9691,474.2,228.84,0.9772,504.1,396.52,0.9539,417.72,201.02,0.9894,528.15,373.81,0.9286,511.93,358.18,0.9259,516.09,469.32,0.5563,496.81,456.62,0.5677,517.3,536.28,0.2445,491.37,525.0,0.2526
68,9.7143,1,505.9,320.95,761.55,882.99,0.8982,576.92,407.38,0.9871,585.71,394.46,0.9927,569.57,393.71,0.4636,619.58,381.11,0.9699,582.87,379.15,0.0131,649.83,449.8,0.997,628.75,420.14,0.986,675.19,563.08,0.9938,622.96,494.69,0.9157,606.03,568.57,0.9918,566.69,521.09,0.9518,654.0,624.02,0.9901,649.47,607.31,0.9801,659.23,748.93,0.987,687.18,711.24,0.9634,679.08,855.23,0.9386,719.58,808.88,0.9214
68,9.7143,2,625.69,160.18,812.72,742.52,0.8806,669.26,246.3,0.9936,682.32,236.01,0.998,662.93,233.26,0.8948,718.41,231.16,0.9919,662.02,226.12,0.0327,769.58,283.08,0.9957,656.95,284.28,0.9927,792.85,375.23,0.9882,660.37,377.84,0.7478,788.77,464.4,0.9908,666.11,460.3,0.6038,759.74,461.91,0.9958,690.97,460.2,0.9915,764.98,586.23,0.988,710.76,576.77,0.939,765.4,677.48,0.9506,735.33,667.43,0.8606
68,9.7143,17,568.59,84.25,649.63,300.64,0.4408,572.12,120.13,0.1121,573.81,114.66,0.1838,578.77,113.11,0.0124,582.92,119.07,0.8586,609.69,113.78,0.1639,589.11,152.76,0.9877,633.98,143.09,0.901,585.3,201.76,0.875,635.42,186.33,0.1879,567.09,207.26,0.3876,595.44,188.58,0.066,608.37,243.18,0.9476,644.47,236.22,0.8927,600.19,305.43,0.3791,633.94,294.26,0.2544,606.38,349.55,0.1597,633.4,331.51,0.1487
68,9.7143,19,586.47,0.07,667.63,174.7,0.44,598.56,29.61,0.9319,603.37,22.73,0.9674,594.16,24.24,0.5739,619.25,18.15,0.9737,592.74,22.54,0.0362,644.5,44.9,0.999,598.58,47.75,0.9359,655.33,90.29,0.9821,598.99,89.23,0.1966,642.17,99.38,0.9009,601.21,96.75,0.1648,643.43,131.4,0.9725,612.65,131.25,0.8759,651.67,188.29,0.503,617.55,187.22,0.1878,657.97,231.61,0.1322,621.37,228.48,0.0466
68,9.7143,15,365.35,157.38,619.55,482.98,0.641,509.25,216.2,0.8159,515.1,210.36,0.8607,512.82,207.54,0.0598,538.17,215.38,0.9551,532.1,207.32,0.0089,556.48,260.82,0.9828,528.04,231.43,0.9814,532.33,327.64,0.9659,471.57,228.98,0.9764,508.99,390.41,0.9548,418.12,201.52,0.987,523.37,377.37,0.9373,503.24,361.81,0.9292,513.29,482.5,0.6525,493.5,467.9,0.6107,519.09,546.34,0.3433,493.92,533.14,0.3195
69,9.8571,1,505.37,307.11,761.24,878.66,0.8946,590.92,398.4,0.991,600.62,383.52,0.995,579.55,385.79,0.7753,631.38,371.4,0.9661,582.85,376.05,0.0398,658.7,449.31,0.9962,629.33,421.44,0.9885,680.92,556.5,0.9934,621.87,486.83,0.9427,601.28,553.2,0.9908,566.1,516.01,0.9644,661.06,622.36,0.9867,648.2,606.99,0.9766,662.46,743.32,0.9864,685.44,711.86,0.9619,676.45,843.87,0.957,714.48,810.83,0.9263
69,9.8571,2,628.96,167.55,816.57,748.28,0.8771,671.04,254.67,0.9948,684.38,244.0,0.9987,664.53,240.36,0.9181,720.48,236.77,0.9921,662.97,230.07,0.03,772.28,290.67,0.9956,654.99,288.87,0.9938,797.3,389.62,0.9799,639.01,373.71,0.6811,794.53,477.67,0.9852,638.9,440.52,0.5106,768.85,465.92,0.9953,700.15,466.83,0.9958,788.9,577.31,0.9883,740.9,582.55,0.9902,792.47,651.41,0.9588,766.4,671.03,0.9636
69,9.8571,17,569.55,88.49,653.33,309.47,0.4375,581.72,118.57,0.0382,582.12,113.79,0.0709,589.1,112.11,0.0085,588.0,119.87,0.7811,619.03,114.62,0.2598,589.99,156.26,0.9862,641.06,149.07,0.8939,584.22,201.85,0.8652,649.57,193.22,0.2208,570.62,200.71,0.3524,619.96,197.83,0.0789,608.83,248.73,0.958,647.85,242.85,0.907,603.03,312.37,0.4649,639.01,300.64,0.303,607.27,359.52,0.2409,635.25,341.34,0.2105
69,9.8571,19,588.66,0.0,672.07,179.28,0.4094,601.6,24.45,0.9584,606.33,19.53,0.9759,598.47,20.06,0.6428,622.66,17.28,0.9419,598.82,19.09,0.0345,643.81,44.72,0.9929,603.67,44.72,0.9087,658.01,86.89,0.9742,598.43,80.13,0.291,643.18,98.48,0.9216,590.72,92.11,0.1887,642.62,126.35,0.9569,614.74,125.21,0.8476,647.56,179.91,0.6292,616.76,178.81,0.197,653.55,222.26,0.2011,625.1,221.34,0.0459
69,9.8571,15,366.27,156.81,620.45,490.7,0.7161,509.54,216.1,0.7708,514.76,210.42,0.8277,514.1,207.57,0.0406,536.99,215.95,0.9573,535.34,207.75,0.0077,557.6,261.21,0.9829,529.99,231.63,0.9823,533.49,328.3,0.9623,472.79,229.53,0.9785,504.61,390.04,0.9538,419.25,202.48,0.9894,529.74,378.3,0.9515,509.49,363.03,0.9504,524.39,482.74,0.7149,496.67,469.02,0.71,531.76,547.7,0.3435,496.3,533.9,0.353
70,10.0,1,501.48,301.78,757.99,878.73,0.892,594.39,392.78,0.9953,607.68,378.53,0.9979,581.88,378.77,0.9317,638.3,367.89,0.9688,578.15,367.59,0.0959,661.08,445.05,0.9967,619.89,416.76,0.987,680.32,550.97,0.9936,613.65,489.91,0.872,601.1,543.45,0.9921,564.48,517.62,0.9233,665.45,610.04,0.9907,647.37,594.45,0.9829,663.99,734.49,0.9923,690.04,701.86,0.9798,673.72,839.63,0.9698,725.56,798.14,0.9581
70,10.0,2,633.68,172.9,829.27,772.03,0.8972,677.05,264.1,0.9957,692.4,252.97,0.9988,669.76,248.73,0.9579,726.72,245.21,0.9895,665.28,236.35,0.0709,772.28,306.26,0.9962,655.9,298.76,0.9927,804.06,407.96,0.99,641.76,380.82,0.5198,803.19,501.21,0.9929,637.89,453.12,0.3554,777.33,481.82,0.9964,708.66,480.45,0.9946,803.77,605.03,0.9967,744.47,596.61,0.9909,827.5,703.42,0.979,772.76,679.49,0.9709
70,10.0,17,567.41,83.88,658.08,320.8,0.6845,576.52,116.09,0.1138,578.52,110.56,0.1615,582.75,108.45,0.022,587.71,115.31,0.8577,613.75,109.17,0.3425,588.62,151.35,0.9882,642.24,142.73,0.9644,582.99,201.99,0.8747,657.72,192.49,0.4043,572.36,199.35,0.3413,626.3,203.04,0.0923,607.8,257.16,0.9607,647.46,251.3,0.9445,601.0,328.28,0.4109,639.68,318.46,0.2941,601.69,377.59,0.2101,632.5,360.65,0.1846
70,10.0,15,365.16,154.92,614.32,489.21,0.6889,511.11,213.24,0.7657,517.55,207.88,0.8276,513.13,204.97,0.0814,539.42,212.51,0.9366,527.72,204.26,0.018,555.63,256.76,0.9888,524.39,226.59,0.9851,524.64,330.7,0.9768,467.23,225.52,0.9832,503.69,393.07,0.9505,412.28,196.58,0.9881,534.02,366.99,0.9408,509.71,352.72,0.9412,521.92,455.1,0.572,494.08,444.95,0.6316,527.59,529.08,0.2641,496.47,520.75,0.3006
70,10.0,10,440.58,257.62,662.19,542.58,0.4584,564.88,331.86,0.9527,574.13,321.49,0.9586,556.01,321.7,0.9495,591.47,316.48,0.604,542.81,316.98,0.4316,603.55,358.36,0.8656,537.87,358.05,0.9843,613.47,443.59,0.3894,526.44,434.57,0.9655,585.13,497.78,0.363,509.48,491.02,0.9406,607.25,482.08,0.5451,564.27,482.11,0.776,603.63,564.2,0.155,560.14,555.07,0.3379,605.52,614.0,0.0929,564.99,607.63,0.1805
71,10.1429,1,501.23,295.24,758.29,878.57,0.8877,593.59,388.25,0.9961,607.42,373.88,0.9984,580.63,374.17,0.9404,638.69,363.75,0.9651,577.16,363.57,0.0872,656.91,440.7,0.996,625.76,414.23,0.9826,680.6,547.64,0.9919,619.99,490.52,0.8258,599.17,544.14,0.99,565.08,518.29,0.9072,662.13,608.85,0.9898,650.28,593.5,0.9791,660.32,732.77,0.9917,689.25,701.02,0.9746,672.75,840.26,0.9683,725.46,797.78,0.9494
71,10.1429,2,636.07,180.72,839.06,801.44,0.8473,697.06,281.04,0.9964,713.65,268.73,0.9984,685.82,265.51,0.9925,739.84,257.37,0.9594,671.09,250.27,0.4742,775.99,318.36,0.9965,658.62,308.16,0.9911,806.13,420.6,0.9908,647.91,392.79,0.4785,808.8,514.83,0.9924,651.79,462.08,0.3534,776.54,501.05,0.9965,707.76,497.3,0.9943,812.7,629.32,0.9941,747.76,609.54,0.9783,840.9,731.11,0.9377,771.79,676.59,0.9285
71,10.1429,17,567.82,80.6,662.66,325.08,0.6972,580.39,117.55,0.118,581.71,111.98,0.1508,584.55,109.63,0.0273,588.6,114.82,0.8167,611.36,108.9,0.4017,589.64,152.11,0.9871,643.34,142.6,0.9657,581.9,202.78,0.8462,663.6,194.23,0.398,569.39,197.88,0.3171,636.79,206.13,0.0879,613.85,259.3,0.9695,654.11,253.29,0.9618,611.57,331.93,0.5002,652.23,320.99,0.4458,614.83,381.11,0.2162,648.81,365.73,0.2269
71,10.1429,15,365.67,153.8,607.66,483.61,0.6462,511.04,214.06,0.8188,517.84,208.38,0.8776,512.96,205.31,0.0966,539.52,213.18,0.9403,528.38,204.33,0.0171,554.41,257.74,0.9867,528.73,226.28,0.9786,523.99,332.13,0.9689,469.42,224.68,0.978,504.09,394.19,0.9391,411.38,195.62,0.9882,542.17,367.29,0.9291,522.79,353.06,0.9365,525.39,454.11,0.5583,505.15,444.25,0.6733,531.7,531.05,0.2333,506.39,522.2,0.3231
71,10.1429,10,449.2,254.7,654.0,548.18,0.562,564.78,327.84,0.9858,576.85,317.74,0.9922,555.33,316.4,0.986,596.61,315.98,0.772,541.39,312.74,0.478,604.01,360.78,0.8541,538.06,359.05,0.9881,614.95,444.28,0.3124,526.23,435.04,0.9717,586.54,497.97,0.342,512.09,496.93,0.9614,609.11,487.66,0.5223,565.4,487.38,0.7815,604.64,575.03,0.12,561.33,564.32,0.3037,606.63,627.08,0.0662,566.83,619.05,0.1433
72,10.2857,1,499.93,285.98,758.95,879.17,0.8888,576.76,380.85,0.9929,592.01,369.03,0.9972,570.16,365.31,0.7157,634.04,365.63,0.9737,578.77,355.15,0.0161,656.09,441.59,0.996,617.17,407.28,0.9806,678.89,548.31,0.9925,614.49,488.0,0.8027,592.45,549.12,0.9912,565.48,517.61,0.8855,661.74,609.3,0.9916,646.27,592.02,0.9799,660.78,734.83,0.9929,688.18,700.7,0.9735,672.07,842.12,0.9759,727.07,795.11,0.9583
72,10.2857,2,647.51,195.8,845.0,809.33,0.8861,720.95,300.69,0.9948,736.88,286.47,0.9983,708.36,284.95,0.9958,761.09,274.45,0.9309,690.68,270.6,0.6541,790.3,344.13,0.9911,680.61,327.25,0.9847,819.24,447.52,0.9797,666.42,398.5,0.3952,819.64,540.8,0.9884,667.0,473.22,0.2556,790.23,522.32,0.9939,722.55,515.79,0.9888,818.26,648.96,0.9845,756.63,624.37,0.9388,839.84,744.02,0.8456,777.04,669.91,0.8388
72,10.2857,17,567.58,81.29,670.36,344.89,0.4633,581.48,113.76,0.2906,582.4,108.78,0.2789,586.43,107.47,0.0716,589.37,112.06,0.6941,612.69,106.77,0.1827,592.92,147.39,0.9624,643.14,136.67,0.9183,577.49,197.56,0.7617,652.97,180.64,0.3844,568.9,188.52,0.3419,616.71,193.18,0.145,618.3,253.18,0.9598,653.88,245.38,0.953,609.44,329.25,0.7729,654.64,319.16,0.7678,611.59,388.63,0.6153,657.35,380.46,0.5995
72,10.2857,15,367.42,152.19,602.25,476.43,0.6101,510.72,210.45,0.8124,518.0,205.67,0.8682,514.07,201.31,0.0777,539.37,213.44,0.9411,531.02,201.33,0.0125,555.01,260.06,0.9824,528.51,224.56,0.9785,521.77,333.75,0.9591,471.27,223.94,0.9824,501.69,394.11,0.9301,412.8,191.19,0.9902,540.78,372.33,0.9316,521.12,356.33,0.9458,528.38,466.65,0.5544,506.77,453.9,0.7048,535.15,543.27,0.2049,509.03,532.26,0.3173
72,10.2857,10,455.86,249.26,650.36,552.85,0.4616,555.68,312.22,0.9906,570.79,303.76,0.998,549.81,300.7,0.9758,599.43,310.43,0.9521,543.0,302.35,0.1289,608.28,361.3,0.8294,537.68,354.08,0.9888,619.55,443.35,0.2081,525.68,427.57,0.9558,586.19,495.02,0.2634,513.09,486.18,0.9407,607.94,482.61,0.5552,561.8,480.13,0.8008,606.04,563.6,0.1488,557.93,552.06,0.3623,609.31,609.4,0.0926,565.98,601.14,0.1965
72,10.2857,19,593.81,0.0,691.37,215.7,0.5273,616.82,32.22,0.967,621.31,26.86,0.9792,613.28,26.98,0.6126,638.25,21.63,0.9517,614.76,22.85,0.0255,655.53,47.33,0.9902,623.02,48.89,0.9204,661.15,89.8,0.9598,621.76,90.88,0.2802,648.74,107.62,0.8954,619.94,113.92,0.1658,655.15,133.66,0.9601,633.14,133.44,0.8535,663.17,198.11,0.8175,644.48,197.17,0.3118,669.5,252.49,0.6021,650.47,249.27,0.1766
73,10.4286,1,501.24,280.14,759.95,880.43,0.906,562.9,368.8,0.9758,573.69,361.18,0.9858,569.05,355.24,0.1168,613.46,370.82,0.9836,599.19,353.56,0.003,653.25,446.59,0.9978,620.62,406.38,0.9863,672.85,551.92,0.9961,616.62,488.45,0.8772,583.49,549.23,0.9953,566.46,522.79,0.9324,658.79,611.23,0.996,648.95,591.66,0.9908,662.86,736.26,0.995,689.54,699.73,0.9874,673.1,845.24,0.9826,730.02,796.43,0.9809
73,10.4286,2,663.88,209.33,845.0,809.77,0.8727,749.9,311.91,0.9945,766.15,297.14,0.9975,735.42,296.45,0.9979,788.53,285.91,0.8725,714.85,283.47,0.7938,821.93,360.37,0.967,708.58,333.56,0.986,835.94,466.05,0.7751,706.91,417.03,0.4907,835.03,565.34,0.8221,706.13,496.66,0.2815,805.8,539.11,0.97,737.76,524.52,0.987,826.13,657.45,0.8011,756.26,630.62,0.9329,839.15,724.57,0.4492,773.63,667.65,0.8541
73,10.4286,15,372.5,153.65,604.98,478.15,0.6177,510.13,204.98,0.8285,517.56,201.5,0.8758,515.32,196.23,0.0784,537.89,213.02,0.9576,534.5,198.43,0.0158,556.05,262.32,0.9887,529.92,226.18,0.9834,527.66,331.32,0.9757,471.8,227.0,0.9813,504.24,389.69,0.9572,414.47,200.16,0.9895,540.8,373.98,0.9518,523.23,356.95,0.9495,527.25,469.69,0.6613,510.36,452.93,0.6525,537.22,547.0,0.2666,513.9,530.17,0.2831
74,10.5714,1,503.93,281.27,758.96,881.33,0.8927,566.51,364.73,0.8953,573.16,357.23,0.9129,575.5,352.4,0.031,605.58,369.26,0.9748,615.76,354.56,0.0064,653.62,448.53,0.9982,635.57,407.02,0.9879,667.26,556.13,0.9965,620.06,485.22,0.898,580.57,550.19,0.9957,568.85,520.67,0.9403,659.23,620.33,0.9966,660.54,600.09,0.9933,665.63,742.26,0.995,694.12,707.09,0.9913,674.61,849.19,0.9776,730.59,803.09,0.9822
74,10.5714,2,671.68,222.04,845.0,801.55,0.8558,769.11,326.24,0.9934,785.95,310.52,0.9966,752.75,310.93,0.9983,810.29,296.99,0.8472,730.7,297.43,0.8793,838.49,360.17,0.7001,720.67,347.29,0.9872,842.24,469.95,0.068,708.17,423.24,0.5742,839.06,580.68,0.1297,710.77,488.35,0.3526,823.16,549.88,0.9256,752.07,543.65,0.9835,829.64,665.68,0.6224,766.26,659.72,0.7646,834.56,728.83,0.2386,764.25,692.21,0.3298
74,10.5714,15,372.72,157.02,612.26,497.12,0.6499,509.4,201.27,0.7856,516.76,198.35,0.8365,515.02,193.26,0.0682,536.21,211.22,0.9563,534.01,197.0,0.0174,555.84,261.55,0.9907,528.47,226.47,0.9851,526.68,331.11,0.9784,471.1,230.04,0.9815,507.27,390.29,0.9579,416.5,206.53,0.9893,535.86,377.1,0.9546,517.01,359.83,0.9478,524.65,478.52,0.7287,505.3,459.78,0.7052,535.04,557.4,0.3598,508.62,540.21,0.3721
74,10.5714,24,500.64,0.0,592.01,170.34,0.4531,531.65,26.15,0.8743,531.86,21.06,0.907,530.44,21.58,0.1162,542.55,13.98,0.9628,542.88,15.76,0.0202,561.25,33.38,0.9943,560.88,25.67,0.8799,549.4,66.51,0.9875,553.2,56.78,0.33,519.0,77.5,0.9649,524.31,68.84,0.4052,559.68,101.83,0.9661,560.55,95.5,0.8797,538.92,148.26,0.8718,541.72,145.3,0.5533,538.77,195.34,0.5991,539.27,189.83,0.2855
75,10.7143,1,505.45,281.88,757.02,880.95,0.8857,568.31,365.77,0.7619,573.29,358.4,0.8017,578.32,353.16,0.0219,601.07,369.73,0.9586,621.83,354.45,0.0145,648.34,448.76,0.998,639.5,410.25,0.985,661.91,557.16,0.9961,618.38,488.95,0.8891,573.23,553.61,0.9941,566.28,522.8,0.9322,657.47,624.91,0.9965,665.8,605.76,0.9919,663.72,745.94,0.994,695.16,710.99,0.986,674.64,850.41,0.9768,729.42,802.77,0.9765
75,10.7143,2,676.84,239.59,845.0,814.72,0.9077,767.8,345.9,0.9936,785.25,332.74,0.9984,755.66,329.15,0.9903,819.4,322.3,0.9607,745.2,314.44,0.3018,845.0,380.63,0.2271,735.09,364.41,0.9938,845.0,477.79,0.0063,725.32,440.09,0.9148,843.64,567.76,0.0498,740.19,513.99,0.8968,840.27,574.25,0.6926,768.44,568.44,0.9818,845.0,686.58,0.6751,782.19,686.95,0.9689,839.83,755.29,0.2573,806.59,744.15,0.6588
75,10.7143,15,373.5,158.43,609.53,498.98,0.6473,508.03,198.88,0.8202,515.63,196.28,0.874,514.4,191.11,0.0565,534.98,210.57,0.969,534.89,195.98,0.011,552.98,260.56,0.9914,528.15,226.04,0.9844,522.25,333.69,0.9796,471.96,230.27,0.98,504.39,392.78,0.9588,416.79,206.31,0.9895,530.54,377.0,0.9555,514.74,360.3,0.9441,518.72,475.68,0.692,504.14,458.13,0.638,529.12,549.29,0.3283,509.41,532.67,0.3075
75,10.7143,24,497.75,0.0,589.68,171.36,0.4207,532.33,25.25,0.9187,532.89,20.07,0.9427,530.47,21.02,0.1849,544.29,13.31,0.9665,540.55,16.29,0.0184,562.51,33.16,0.9926,555.81,27.72,0.9049,551.52,67.23,0.9839,547.43,59.25,0.5419,519.18,77.77,0.9625,519.05,70.98,0.6643,560.03,103.61,0.9592,555.66,98.1,0.8857,540.12,153.73,0.8423,540.28,149.33,0.5558,538.34,200.57,0.5593,537.83,194.88,0.287
76,10.8571,1,508.73,289.27,753.53,878.96,0.8952,571.02,379.39,0.6138,572.98,370.41,0.6887,579.27,366.44,0.0113,597.32,374.05,0.9576,622.41,362.98,0.0158,645.97,447.32,0.9981,640.75,412.44,0.9833,659.27,558.79,0.996,619.63,494.46,0.92,580.3,558.86,0.9928,566.02,525.19,0.9527,653.49,622.23,0.9952,662.83,605.21,0.9872,664.11,747.08,0.9926,691.17,717.07,0.9784,677.67,847.64,0.9694,724.75,809.36,0.956
76,10.8571,2,676.72,250.8,845.0,855.94,0.9052,751.05,358.19,0.9917,766.28,345.91,0.9979,745.35,340.98,0.9267,814.76,334.79,0.9499,749.29,324.25,0.0104,845.0,403.58,0.0721,745.43,387.08,0.9904,845.0,511.7,0.0062,730.72,462.34,0.9038,839.1,591.99,0.0592,740.33,527.15,0.7335,844.69,601.95,0.3963,777.3,595.85,0.9684,834.0,717.42,0.3335,802.24,721.77,0.9676,828.11,799.37,0.129,822.95,811.02,0.7283
76,10.8571,15,372.73,157.57,606.34,499.24,0.6163,510.93,213.74,0.8587,516.85,209.25,0.909,515.71,204.27,0.0569,538.86,216.21,0.9628,537.49,203.0,0.0071,554.26,264.38,0.9895,536.94,227.61,0.9771,520.26,335.59,0.9778,475.2,231.26,0.9753,503.98,390.79,0.9573,415.78,207.78,0.988,532.53,375.53,0.9449,522.28,358.21,0.9286,519.74,468.73,0.7225,510.32,453.71,0.6639,528.94,545.69,0.4291,512.05,530.22,0.3931
76,10.8571,24,497.38,0.0,586.93,167.15,0.4351,531.53,25.15,0.9144,531.7,18.91,0.9042,529.57,20.38,0.1312,543.16,10.7,0.9398,536.97,15.47,0.0037,565.47,31.01,0.995,552.64,31.56,0.9247,553.94,71.42,0.9939,544.51,64.81,0.6499,516.68,76.6,0.9817,521.5,76.02,0.7199,557.89,104.46,0.9484,548.03,101.15,0.8231,542.88,151.75,0.6135,532.51,148.53,0.3398,545.28,195.11,0.2262,530.59,191.21,0.1263
77,11.0,1,512.55,295.4,752.9,880.03,0.9005,564.2,385.93,0.8668,568.95,376.17,0.8869,569.15,373.13,0.0229,603.29,376.24,0.9601,607.92,367.08,0.0058,647.59,445.57,0.9979,642.29,408.89,0.9795,663.53,558.26,0.9949,630.79,488.13,0.8876,581.61,565.79,0.9924,571.02,522.64,0.9484,653.29,623.47,0.9929,662.1,604.57,0.9818,663.43,746.3,0.9904,697.76,713.44,0.9757,675.56,848.45,0.9608,726.91,807.82,0.9514
77,11.0,2,678.21,272.2,845.0,881.79,0.8847,732.71,379.93,0.9707,745.42,368.56,0.9858,734.04,362.88,0.474,799.48,366.64,0.9332,751.0,353.54,0.0022,845.0,440.05,0.086,748.71,420.51,0.9769,845.0,535.92,0.0061,730.2,484.21,0.8482,835.26,601.69,0.0292,743.85,545.14,0.6262,845.0,650.07,0.3393,782.28,642.52,0.9397,841.28,778.54,0.1589,822.37,784.51,0.8255,842.92,855.41,0.0105,839.72,854.56,0.0835
77,11.0,15,373.05,159.61,608.39,508.2,0.5973,513.13,219.84,0.8778,519.14,214.72,0.9072,517.19,209.81,0.0759,542.9,220.03,0.9399,538.32,207.06,0.0081,559.41,266.58,0.9822,543.25,230.06,0.959,528.91,339.31,0.9757,486.97,232.53,0.9618,511.69,398.74,0.9619,422.26,208.46,0.9829,550.19,380.99,0.9417,539.45,364.18,0.945,543.59,480.12,0.8299,533.96,466.61,0.8609,545.66,555.92,0.4266,534.34,545.24,0.5069
77,11.0,17,559.48,76.38,677.67,379.42,0.5326,582.94,116.15,0.2742,584.1,110.57,0.367,589.59,108.76,0.0364,596.13,110.82,0.8826,621.84,105.51,0.1295,597.6,143.16,0.9856,651.24,137.22,0.9543,571.25,190.68,0.8298,659.34,181.32,0.4735,568.35,163.58,0.3946,624.1,176.72,0.1733,617.45,251.99,0.9795,653.31,246.48,0.9743,613.25,330.52,0.8581,655.37,321.8,0.8715,610.4,389.98,0.6427,661.23,383.84,0.6968
77,11.0,19,598.25,0.58,692.35,213.15,0.4516,620.05,26.37,0.9284,624.75,22.18,0.9547,617.55,21.24,0.5031,640.13,18.72,0.9439,618.88,17.02,0.0527,659.56,42.66,0.9967,618.67,40.14,0.9449,668.24,84.58,0.9926,610.92,79.36,0.3726,657.29,111.28,0.9689,612.37,104.29,0.234,654.23,122.89,0.982,626.82,120.98,0.9186,661.64,185.72,0.8919,633.17,184.63,0.5196,666.77,243.11,0.7204,638.74,242.22,0.3315
78,11.1429,1,516.77,302.16,752.01,880.85,0.8938,567.71,402.27,0.9184,570.6,391.11,0.9358,568.96,388.73,0.0336,605.83,379.67,0.9584,604.05,373.87,0.004,649.07,444.93,0.9974,644.14,408.27,0.9756,663.94,557.81,0.9951,632.39,485.06,0.8763,579.27,572.88,0.9924,573.9,518.21,0.9371,651.55,621.44,0.9911,659.45,603.09,0.9754,660.02,745.9,0.9918,692.63,715.74,0.9702,673.32,845.41,0.9676,721.97,807.73,0.9413
78,11.1429,2,684.52,289.99,845.0,890.0,0.9096,716.24,394.23,0.9699,728.58,383.58,0.989,721.78,378.16,0.3803,782.1,387.72,0.9677,744.32,374.47,0.0012,845.0,461.01,0.0841,743.48,450.69,0.9768,845.0,569.69,0.0068,733.08,537.06,0.8795,835.39,637.95,0.0546,737.1,587.84,0.7403,845.0,678.63,0.3973,782.4,673.23,0.95,844.05,810.27,0.0807,819.31,818.01,0.7018,845.0,861.66,0.0063,842.54,863.53,0.0528
78,11.1429,15,372.18,162.62,611.75,523.05,0.6036,511.13,214.41,0.8593,517.37,210.59,0.9035,518.44,205.47,0.0369,541.0,221.37,0.9602,544.77,207.26,0.0042,556.58,268.9,0.9892,544.69,234.91,0.9677,525.46,339.0,0.9801,482.98,235.29,0.9693,507.54,394.18,0.9657,421.42,209.33,0.988,548.43,380.55,0.9579,542.32,365.31,0.9577,544.89,475.8,0.8649,541.27,461.91,0.8942,549.98,556.41,0.4953,545.44,542.88,0.6063
78,11.1429,17,560.76,74.64,676.23,369.2,0.5908,582.61,117.01,0.2018,583.41,111.72,0.328,588.27,109.92,0.0278,598.22,111.4,0.8959,621.49,106.23,0.1397,598.94,146.16,0.9884,650.06,138.57,0.9621,575.21,196.35,0.7889,657.93,184.58,0.3883,566.78,186.34,0.3145,628.32,186.49,0.1163,614.31,252.45,0.9779,651.86,246.42,0.9783,613.81,329.19,0.7579,652.93,321.09,0.8694,616.14,386.58,0.4497,658.16,377.71,0.695
78,11.1429,19,598.91,0.54,691.58,212.59,0.6353,618.17,25.15,0.9355,622.38,20.7,0.9635,615.62,20.31,0.4536,638.43,16.96,0.9585,617.69,16.85,0.0333,659.39,40.89,0.9966,618.03,41.08,0.9449,672.3,80.12,0.9927,611.46,79.84,0.3583,664.72,112.47,0.9744,613.98,108.48,0.2412,655.15,120.96,0.9831,627.74,120.16,0.9257,662.91,183.62,0.9029,634.92,182.7,0.56,668.32,239.96,0.7039,642.01,239.61,0.3255
79,11.2857,1,516.19,310.23,744.62,881.05,0.8907,567.73,402.02,0.9527,573.03,391.06,0.964,567.89,388.78,0.0837,612.74,380.38,0.9533,599.05,374.75,0.0043,656.3,440.78,0.9945,641.73,415.2,0.9773,664.49,556.16,0.9889,630.22,494.62,0.8777,586.98,576.59,0.9898,571.47,526.51,0.9398,659.91,625.41,0.9879,657.01,610.91,0.9699,660.68,752.48,0.9904,674.56,731.72,0.9616,675.63,845.55,0.9741,699.99,821.35,0.9383
79,11.2857,2,681.92,309.68,845.0,890.0,0.9139,712.28,419.75,0.9734,724.03,407.65,0.989,716.06,403.72,0.3426,779.82,409.21,0.9762,738.11,400.06,0.001,845.0,483.71,0.0459,731.84,477.03,0.9898,845.0,602.26,0.0028,721.09,581.34,0.9783,830.58,694.29,0.0815,725.57,686.49,0.9732,845.0,697.96,0.4048,771.01,694.08,0.9777,845.0,815.77,0.1126,811.93,825.18,0.8509,843.83,853.8,0.0074,833.61,854.72,0.0734
79,11.2857,17,562.9,75.03,673.25,353.18,0.5303,584.07,118.63,0.2022,584.37,113.17,0.3361,589.28,111.71,0.0357,597.11,112.52,0.883,620.37,108.02,0.1545,599.57,146.72,0.9881,647.04,137.07,0.9308,578.39,195.37,0.8784,651.47,173.42,0.296,568.96,184.39,0.5289,616.36,171.42,0.1197,616.37,250.03,0.9752,650.59,243.21,0.9597,615.16,322.45,0.744,649.52,312.37,0.7107,619.32,374.11,0.4945,650.58,362.66,0.5376
79,11.2857,19,599.33,0.55,692.03,214.83,0.7205,617.37,22.76,0.9458,621.58,17.95,0.9673,614.47,18.25,0.5355,636.99,14.63,0.9516,615.51,16.12,0.0355,658.48,38.34,0.9952,616.81,39.6,0.945,674.22,77.31,0.9916,610.43,77.74,0.3597,669.18,110.3,0.9781,611.0,107.44,0.2377,654.96,117.39,0.982,626.62,117.22,0.9362,664.14,178.62,0.9056,634.56,179.35,0.6283,668.16,232.57,0.7026,642.95,234.38,0.3622
80,11.4286,1,513.61,317.08,735.73,882.21,0.8729,571.72,407.37,0.8518,574.98,396.45,0.861,573.04,394.48,0.0517,609.3,384.41,0.9124,604.34,379.67,0.0101,658.31,439.67,0.9881,639.48,414.45,0.9755,665.42,556.08,0.9784,628.26,496.41,0.9264,592.82,577.4,0.9848,569.28,527.38,0.9638,666.06,627.14,0.9759,656.86,612.61,0.966,659.61,757.08,0.9788,660.13,736.27,0.9682,678.53,843.79,0.928,685.48,830.72,0.9244
80,11.4286,2,675.04,330.14,843.28,890.0,0.9196,706.53,440.22,0.9561,719.37,429.43,0.9812,713.98,423.89,0.206,774.86,437.34,0.98,740.16,422.89,0.0009,845.0,512.89,0.067,726.51,499.87,0.9891,845.0,635.04,0.0029,703.42,609.0,0.9717,826.15,731.36,0.0437,688.5,718.71,0.9532,845.0,736.09,0.5244,769.03,729.73,0.9787,844.92,851.95,0.0497,812.5,854.81,0.5622,845.0,861.33,0.0052,830.87,858.24,0.03
80,11.4286,19,598.77,0.52,693.26,221.04,0.6386,615.49,20.17,0.8921,619.85,15.25,0.9135,612.69,15.8,0.3609,635.54,12.48,0.9018,613.69,14.4,0.0298,656.76,35.68,0.9939,615.5,38.33,0.9183,674.68,73.66,0.9918,605.95,74.5,0.3097,672.21,107.24,0.9775,595.19,96.97,0.2024,655.19,120.26,0.9814,626.37,120.39,0.9287,664.05,189.11,0.9092,633.83,189.36,0.6125,666.81,249.24,0.7121,640.6,251.01,0.3592
81,11.5714,1,512.3,321.43,726.49,875.58,0.7963,574.75,409.7,0.8234,577.63,399.12,0.8479,576.89,396.43,0.0398,611.42,387.49,0.9244,608.82,381.61,0.008,661.55,441.04,0.983,638.73,418.31,0.9683,666.56,552.6,0.9725,626.16,498.58,0.9365,593.7,568.39,0.9777,569.2,525.11,0.9729,664.33,629.08,0.9654,654.89,615.1,0.9483,657.35,752.79,0.9394,659.58,732.03,0.8925,670.61,834.08,0.8318,681.42,820.27,0.7854
81,11.5714,2,663.79,353.33,830.03,890.0,0.9268,701.68,459.11,0.888,714.89,450.7,0.9355,713.08,444.26,0.1088,767.37,466.2,0.9763,744.31,448.27,0.0017,845.0,532.53,0.0558,726.41,519.98,0.9918,845.0,650.16,0.0016,697.41,625.92,0.9795,827.37,748.13,0.0245,674.37,738.98,0.9584,845.0,755.75,0.4153,774.92,749.45,0.9749,845.0,860.95,0.0152,824.95,867.55,0.3115,845.0,862.07,0.0038,831.37,860.13,0.022
81,11.5714,19,594.67,0.48,697.37,244.8,0.7447,614.72,20.08,0.9773,619.15,14.84,0.9883,610.99,15.83,0.7196,635.04,11.35,0.9623,610.87,14.72,0.0245,656.22,33.92,0.9942,613.73,39.02,0.904,675.28,69.3,0.9927,608.16,77.77,0.2014,676.91,105.03,0.9852,608.06,104.27,0.1542,655.15,120.49,0.9838,626.2,122.06,0.9156,666.7,191.21,0.9652,636.16,191.55,0.6899,669.18,255.29,0.8882,645.15,256.86,0.5059
81,11.5714,17,561.2,75.8,669.34,344.85,0.5321,578.38,119.33,0.3223,579.7,112.69,0.4391,583.64,110.64,0.0286,592.16,112.53,0.8823,614.67,106.91,0.1172,597.88,148.53,0.9882,639.71,135.56,0.918,575.6,201.51,0.9372,634.29,179.94,0.3312,556.32,196.7,0.7196,586.57,187.7,0.1692,615.87,254.44,0.9766,647.66,246.11,0.9544,617.06,331.78,0.7845,639.07,317.18,0.6772,622.39,384.74,0.5833,638.77,368.23,0.5756
82,11.7143,1,515.94,326.51,720.66,861.16,0.8033,573.68,408.88,0.8567,577.22,398.32,0.8901,573.87,396.11,0.0593,609.46,386.82,0.9358,601.39,381.28,0.0104,658.36,440.14,0.9935,637.38,409.35,0.9673,673.74,556.16,0.9724,630.24,493.18,0.9417,603.69,559.94,0.9711,576.41,523.79,0.9807,660.73,621.83,0.9643,648.96,603.26,0.9485,661.48,758.55,0.904,661.91,733.07,0.8868,669.64,840.18,0.51,670.17,825.32,0.5279
82,11.7143,2,663.24,381.58,825.39,890.0,0.9138,700.38,490.85,0.8512,714.19,483.69,0.9192,714.9,475.83,0.0737,767.57,503.33,0.972,751.91,481.09,0.0015,845.0,579.62,0.0646,734.66,560.11,0.9906,845.0,695.44,0.002,712.18,665.16,0.9775,833.66,796.6,0.025,679.48,781.67,0.9587,845.0,804.86,0.3483,780.72,795.92,0.9606,845.0,878.59,0.0021,806.65,884.91,0.0619,842.65,844.3,0.0027,812.88,840.25,0.0158
82,11.7143,19,592.96,0.46,699.66,258.33,0.7618,613.1,19.14,0.9831,617.71,13.92,0.9921,609.4,14.73,0.7186,634.0,10.93,0.9682,609.45,13.93,0.0154,654.2,33.3,0.9938,614.44,38.93,0.8811,677.69,66.02,0.991,608.56,75.67,0.1473,680.63,101.96,0.9842,605.25,101.96,0.1305,656.39,120.19,0.9838,629.17,122.4,0.9116,669.13,190.77,0.9739,641.26,193.23,0.7401,672.08,254.97,0.9167,652.01,257.34,0.5747
82,11.7143,17,561.49,77.46,669.61,343.37,0.5513,580.68,119.44,0.343,581.8,112.74,0.471,586.01,110.48,0.0334,592.42,112.46,0.9047,616.74,106.65,0.1351,594.13,149.0,0.9882,641.52,136.05,0.9399,570.55,200.56,0.9209,641.27,182.39,0.4226,556.58,203.13,0.6369,600.46,195.18,0.2024,610.48,250.28,0.9769,645.7,242.55,0.965,615.31,320.38,0.7396,639.2,306.21,0.7176,618.81,374.91,0.5442,637.97,360.04,0.6134
82,11.7143,10,526.69,241.96,685.33,458.15,0.6095,598.83,311.13,0.9862,608.19,298.7,0.9723,586.09,299.58,0.9853,622.18,293.17,0.6195,565.25,294.7,0.8036,645.73,339.1,0.9894,547.92,321.35,0.975,703.65,387.67,0.9356,514.53,364.03,0.9207,717.86,411.31,0.7427,503.74,410.52,0.8016,616.88,443.34,0.6249,550.84,434.94,0.5602,625.42,503.81,0.1785,532.55,497.47,0.1515,632.2,534.52,0.0433,532.16,534.55,0.0304
83,11.8571,1,517.98,328.59,723.23,870.8,0.8768,573.46,406.56,0.8544,576.86,396.34,0.8791,575.7,393.41,0.0431,609.63,385.25,0.9349,608.86,377.9,0.009,652.65,443.54,0.9949,644.86,411.22,0.9695,677.86,556.72,0.9903,635.41,493.37,0.9124,598.29,564.43,0.9871,574.46,524.86,0.9565,659.39,624.65,0.9771,661.41,608.39,0.9561,658.8,753.26,0.9775,673.47,735.08,0.9548,662.69,843.0,0.8874,682.66,830.84,0.8335
83,11.8571,2,676.51,404.94,832.75,890.0,0.9114,702.08,509.4,0.8592,716.58,501.84,0.9259,717.13,495.68,0.087,770.1,524.37,0.9791,752.63,504.91,0.0013,845.0,609.02,0.0612,733.61,585.68,0.99,845.0,723.28,0.0016,726.53,686.2,0.9736,814.99,814.47,0.0218,709.14,792.64,0.9627,845.0,827.31,0.3065,773.68,815.02,0.9477,834.58,890.0,0.0016,780.7,890.0,0.0315,836.77,855.69,0.0018,782.32,845.74,0.0065
83,11.8571,19,592.17,0.42,701.46,268.43,0.7286,612.01,19.78,0.9779,616.52,14.34,0.9886,608.48,15.22,0.5837,634.41,10.61,0.9559,610.42,13.71,0.0094,652.69,33.65,0.9912,621.39,40.08,0.8453,680.45,64.8,0.986,622.83,80.38,0.15,679.42,100.47,0.9743,616.06,109.92,0.1282,659.79,124.27,0.9791,637.64,126.41,0.9024,671.96,198.46,0.9681,650.86,199.62,0.7608,676.96,264.7,0.899,660.9,265.3,0.6062
83,11.8571,17,561.62,78.09,670.57,342.78,0.5593,582.49,118.68,0.3608,583.37,112.19,0.4605,587.76,109.91,0.0385,593.0,112.21,0.909,618.2,106.55,0.172,592.15,148.07,0.9857,642.44,137.55,0.9653,568.48,195.53,0.9072,652.5,184.91,0.6065,556.48,204.3,0.6153,624.22,206.53,0.303,608.9,247.92,0.9764,645.6,241.74,0.973,616.44,316.39,0.7237,641.44,303.74,0.7423,619.62,367.96,0.5611,640.83,355.31,0.6432
83,11.8571,10,522.66,241.65,691.74,453.52,0.5926,600.26,308.12,0.9873,609.23,297.19,0.9644,588.67,296.96,0.9897,620.2,293.69,0.5075,566.95,292.83,0.8853,642.55,336.79,0.9912,547.92,322.84,0.981,705.73,376.71,0.9626,515.27,360.94,0.9397,716.81,406.69,0.8665,503.25,405.08,0.8576,615.71,437.38,0.6967,551.58,430.54,0.6358,630.67,493.28,0.1715,534.39,490.25,0.1469,637.57,516.93,0.045,534.6,518.25,0.0319
84,12.0,1,523.99,330.33,729.9,876.94,0.8732,569.26,407.62,0.8626,573.38,398.07,0.9079,571.97,394.53,0.0457,606.71,389.38,0.9429,604.69,379.65,0.008,647.94,449.89,0.996,642.46,410.83,0.9558,681.59,555.77,0.9928,641.61,486.34,0.8482,603.06,577.38,0.9886,580.32,521.21,0.9258,658.18,629.45,0.9755,660.27,611.8,0.9249,675.16,753.91,0.9821,686.75,730.9,0.9255,679.87,842.18,0.9369,697.09,821.89,0.8414
84,12.0,2,688.92,437.48,836.18,890.0,0.8724,697.05,542.32,0.7287,708.88,536.32,0.7834,715.88,528.93,0.0387,756.01,563.2,0.9808,758.94,540.28,0.0024,845.0,647.03,0.1081,742.42,604.7,0.9788,845.0,761.88,0.0025,740.3,704.06,0.919,821.36,836.99,0.0128,746.63,796.92,0.8625,845.0,848.31,0.3906,769.2,824.38,0.9517,826.68,890.0,0.0046,750.1,890.0,0.0756,828.5,873.27,0.0021,771.08,849.48,0.0095
84,12.0,19,592.29,0.38,701.94,274.03,0.7116,612.87,20.71,0.9483,616.74,15.17,0.9648,609.56,16.6,0.4391,633.75,10.84,0.9137,612.13,14.95,0.012,654.06,34.69,0.9872,619.55,38.99,0.8211,681.21,66.83,0.9695,615.6,73.43,0.1031,671.61,90.61,0.9504,610.55,97.21,0.0876,660.91,126.45,0.9764,637.31,127.28,0.8929,669.56,202.05,0.964,650.12,200.85,0.7259,675.1,267.57,0.9434,660.86,267.63,0.7179
84,12.0,17,559.46,76.71,666.87,334.63,0.5083,575.42,115.74,0.4705,578.16,109.36,0.5911,578.88,107.68,0.061,588.66,111.46,0.9098,605.31,106.59,0.1602,589.06,148.54,0.9897,626.24,137.23,0.9489,563.9,198.38,0.9036,610.58,180.71,0.3972,544.04,208.92,0.5398,564.07,188.25,0.1756,607.41,252.52,0.9763,638.09,245.58,0.9624,612.21,326.28,0.6908,636.64,314.0,0.636,618.73,380.13,0.5472,635.1,364.37,0.5782
84,12.0,10,528.08,247.89,689.9,434.89,0.683,591.05,310.78,0.962,599.73,302.8,0.9567,582.04,303.14,0.9287,617.8,301.05,0.8385,569.35,302.09,0.4447,646.22,337.67,0.9953,555.6,332.03,0.9802,691.55,386.26,0.9697,527.18,371.94,0.8509,705.77,403.34,0.7698,517.13,401.8,0.5276,632.56,434.99,0.7767,571.33,430.84,0.645,652.71,473.04,0.0903,536.36,468.17,0.0457,669.32,491.04,0.0222,537.91,492.12,0.0101
84,12.0,15,379.52,159.62,595.85,486.07,0.4718,508.35,221.87,0.7501,512.34,216.54,0.8278,514.0,212.46,0.027,532.44,222.7,0.9644,539.62,212.2,0.0087,555.86,268.45,0.99,538.08,238.27,0.9645,531.36,335.98,0.9826,482.25,235.54,0.9574,508.73,387.41,0.9698,421.09,198.81,0.9807,543.92,379.6,0.92,532.5,366.44,0.9091,550.09,471.67,0.6487,532.35,462.11,0.7078,560.21,533.08,0.1609,536.65,521.91,0.2273
85,12.1429,1,530.7,330.35,735.39,875.89,0.8828,567.74,405.84,0.8683,571.76,396.72,0.9179,570.8,392.52,0.0491,607.21,388.05,0.9507,602.37,377.29,0.0072,652.82,448.16,0.9956,639.48,410.92,0.953,663.13,558.07,0.9936,635.92,489.47,0.8666,594.15,587.01,0.9896,582.71,530.58,0.9284,668.2,623.8,0.978,662.82,608.27,0.9512,696.72,749.27,0.9861,695.08,731.78,0.9709,700.82,834.45,0.922,705.74,822.5,0.8881
85,12.1429,2,687.67,451.16,833.06,890.0,0.864,692.41,564.56,0.2829,700.31,557.41,0.3089,714.19,547.03,0.0212,738.8,580.08,0.9484,769.16,550.84,0.0206,845.0,668.0,0.1384,754.45,613.6,0.9615,845.0,809.22,0.0034,748.17,717.49,0.274,817.18,865.94,0.0053,729.51,730.46,0.0643,838.79,878.59,0.1211,765.18,846.32,0.7734,805.69,890.0,0.001,738.64,890.0,0.024,814.86,879.08,0.0013,772.96,846.35,0.0093
85,12.1429,19,592.25,0.34,701.26,276.96,0.6225,612.96,22.61,0.9231,616.3,16.57,0.9426,609.32,18.37,0.3905,633.2,9.8,0.8757,612.2,14.82,0.0143,656.36,34.33,0.9813,619.56,35.77,0.7855,677.68,72.16,0.9346,613.15,66.82,0.0916,664.55,84.35,0.8899,608.86,85.49,0.079,661.09,129.01,0.9717,635.5,128.52,0.8891,669.3,208.21,0.9535,644.65,206.02,0.7037,674.56,272.5,0.9325,656.15,272.58,0.6911
85,12.1429,17,558.7,76.09,663.91,325.55,0.5586,576.18,115.58,0.4546,578.45,109.27,0.5752,579.91,107.7,0.0579,589.12,111.11,0.9044,607.99,106.46,0.1704,588.57,147.86,0.99,631.31,136.79,0.9501,565.74,199.26,0.8944,621.75,182.29,0.3381,545.67,210.21,0.4537,576.69,191.58,0.1101,605.41,252.04,0.9735,639.82,244.77,0.9569,605.21,324.7,0.6292,633.22,313.05,0.5577,611.04,380.29,0.4522,631.05,364.91,0.4697
85,12.1429,10,529.91,250.94,687.69,425.11,0.6012,593.59,314.4,0.9566,600.82,305.49,0.9489,584.11,307.3,0.9225,617.34,300.93,0.8081,571.35,305.69,0.4267,648.57,338.71,0.9939,559.38,335.17,0.9791,689.02,394.83,0.9416,531.62,376.61,0.8064,656.38,404.35,0.6011,522.35,402.33,0.4063,637.44,440.02,0.7054,578.57,436.07,0.5991,643.25,487.19,0.0651,546.88,483.72,0.0417,651.19,514.13,0.0183,548.59,513.23,0.0112
86,12.2857,1,529.58,327.14,733.45,875.78,0.8629,566.39,408.94,0.833,568.67,398.42,0.8872,568.09,396.17,0.0601,603.23,386.5,0.9369,599.63,380.53,0.0137,655.51,442.97,0.9957,638.57,405.09,0.9596,656.12,561.28,0.9874,625.04,488.7,0.8984,599.94,587.63,0.985,578.17,534.72,0.9611,660.17,622.72,0.9776,646.59,601.78,0.9614,676.39,759.33,0.966,667.67,731.33,0.9586,686.15,834.59,0.8754,685.83,814.31,0.9049
86,12.2857,2,676.34,472.33,821.05,890.0,0.8624,671.97,596.24,0.2234,674.78,586.08,0.2555,692.61,582.39,0.0075,710.3,607.21,0.976,756.57,592.09,0.0177,841.31,701.23,0.2517,741.25,657.32,0.9798,843.28,845.42,0.005,734.31,789.06,0.4345,803.51,882.9,0.0136,741.24,855.27,0.1397,830.17,890.0,0.0431,755.17,869.04,0.425,793.44,890.0,0.0008,721.75,889.26,0.0125,804.99,885.78,0.0011,757.13,849.82,0.0053
86,12.2857,19,585.97,4.39,695.25,284.0,0.4693,605.68,45.23,0.754,608.08,38.59,0.8516,603.52,40.34,0.2575,623.1,31.27,0.7925,613.02,34.96,0.0532,642.77,56.47,0.9792,624.48,50.54,0.7813,643.06,105.53,0.7598,619.8,85.5,0.1461,619.37,114.75,0.46,611.41,102.86,0.0959,652.93,142.91,0.9647,642.05,139.84,0.9234,659.58,215.25,0.9125,648.16,208.9,0.8509,671.05,273.38,0.7334,657.65,270.1,0.6615
86,12.2857,17,560.98,77.43,663.13,317.3,0.5765,576.07,114.64,0.3672,577.86,108.44,0.494,580.17,106.9,0.0529,587.46,110.68,0.9074,608.6,105.96,0.2242,589.0,147.64,0.9905,633.39,135.54,0.9672,571.11,203.57,0.8983,634.41,188.51,0.4659,550.17,215.27,0.3936,593.17,212.27,0.1078,604.3,247.49,0.9765,638.67,239.82,0.971,600.98,314.2,0.549,628.57,301.21,0.5444,606.06,366.87,0.3087,628.39,350.62,0.3826
86,12.2857,10,513.09,252.12,680.74,429.65,0.5509,583.19,316.38,0.9654,592.57,306.9,0.9652,574.58,306.31,0.8771,613.94,303.72,0.8723,565.62,302.5,0.2977,646.53,342.47,0.9887,553.63,326.39,0.9838,683.91,397.62,0.9016,523.3,360.06,0.9538,642.2,410.81,0.6045,502.92,402.42,0.8473,619.95,434.33,0.6259,558.26,424.02,0.6246,622.05,486.36,0.0835,530.6,478.71,0.0912,622.52,505.34,0.0387,527.92,504.27,0.033
87,12.4286,1,529.16,327.79,728.09,868.93,0.8261,567.18,408.8,0.8336,568.79,398.08,0.8667,568.39,396.52,0.0699,600.73,385.0,0.9173,597.53,381.04,0.0136,655.17,439.07,0.9919,634.27,406.03,0.9494,662.31,552.94,0.9608,625.78,486.56,0.8341,608.98,590.83,0.9683,583.3,533.72,0.9377,651.33,620.99,0.9633,631.5,600.6,0.9473,661.83,759.14,0.9497,648.67,731.24,0.9575,672.97,841.71,0.6991,663.58,817.25,0.8234
87,12.4286,2,664.49,489.52,811.2,890.0,0.8544,647.64,625.74,0.2192,649.18,614.39,0.2704,663.37,608.29,0.009,685.07,629.88,0.9745,722.44,610.01,0.0315,822.07,750.99,0.899,728.86,695.03,0.9862,823.21,890.0,0.0422,708.8,823.31,0.2179,748.51,884.65,0.0123,682.52,851.24,0.0147,796.1,890.0,0.0051,729.32,869.85,0.0272,752.19,890.0,0.0002,678.74,878.7,0.002,773.96,886.22,0.0003,718.09,861.01,0.0013
87,12.4286,19,588.81,1.91,695.55,278.84,0.4277,612.21,27.23,0.8888,615.61,21.05,0.9155,608.89,22.17,0.352,632.49,13.69,0.8295,613.09,16.78,0.0186,654.62,40.27,0.975,622.83,34.26,0.7856,661.49,89.19,0.8239,612.9,65.63,0.1027,638.97,92.52,0.6259,603.77,78.27,0.0645,658.52,130.83,0.9541,637.47,127.22,0.8461,663.85,208.71,0.9375,644.65,203.37,0.6379,669.89,270.17,0.927,655.12,267.37,0.6502
87,12.4286,17,559.64,79.71,662.59,322.15,0.5702,574.95,116.92,0.4405,577.24,111.38,0.5491,578.71,109.23,0.064,587.32,113.06,0.9004,603.46,106.98,0.1517,593.15,150.65,0.9905,620.69,133.06,0.9563,577.22,202.98,0.912,606.61,173.91,0.4342,557.81,195.72,0.5516,573.38,183.78,0.125,605.75,245.13,0.9777,630.17,236.02,0.9714,607.24,314.05,0.6401,627.14,300.2,0.6285,611.51,366.01,0.3684,629.84,349.26,0.4395
87,12.4286,10,503.06,251.15,681.42,436.03,0.5301,582.98,314.89,0.961,592.05,306.51,0.9695,574.89,305.73,0.8622,613.08,302.42,0.8985,566.39,300.7,0.2694,643.41,341.08,0.9889,551.58,323.95,0.9853,679.78,395.16,0.8932,520.68,360.43,0.9618,640.87,408.25,0.5964,503.77,403.68,0.8838,614.88,434.08,0.6952,554.61,424.49,0.6935,623.33,498.14,0.1175,535.35,493.75,0.1362,624.08,525.56,0.0444,533.95,527.55,0.0393
88,12.5714,1,531.55,320.35,732.15,868.05,0.799,564.08,405.69,0.694,564.53,396.1,0.7813,569.43,393.64,0.0379,591.97,390.59,0.9335,607.32,382.98,0.0239,650.78,443.95,0.9939,644.37,403.95,0.9197,660.61,553.41,0.9783,637.8,484.7,0.7027,605.25,594.15,0.9795,589.48,530.66,0.8874,651.55,618.87,0.9539,642.16,594.96,0.9018,650.56,757.5,0.9442,642.89,726.45,0.9397,670.6,851.27,0.7309,655.89,826.38,0.8393
88,12.5714,2,650.43,510.36,800.06,890.0,0.8643,630.36,643.21,0.1828,631.66,632.17,0.135,650.28,628.38,0.0031,662.98,651.44,0.9811,713.69,636.61,0.0134,812.57,770.28,0.9055,703.78,702.21,0.9809,810.29,890.0,0.0399,660.61,793.44,0.2512,721.13,890.0,0.0168,635.49,719.39,0.0496,768.46,890.0,0.0058,692.65,868.3,0.024,723.8,888.39,0.0005,647.22,874.29,0.0028,743.07,890.0,0.0006,699.08,862.18,0.0011
88,12.5714,19,588.25,4.26,694.94,285.34,0.4086,607.41,41.1,0.7973,609.66,34.8,0.8849,605.42,35.74,0.237,624.67,26.37,0.858,614.33,28.57,0.0331,647.42,50.96,0.983,623.66,43.55,0.7449,651.5,98.97,0.7984,618.03,77.42,0.0819,629.96,109.63,0.5663,610.33,97.22,0.0718,656.27,139.31,0.9733,641.41,135.15,0.9168,663.9,215.4,0.948,649.43,205.9,0.843,673.15,276.53,0.8821,660.93,272.08,0.7578
88,12.5714,17,558.64,79.9,662.85,327.63,0.6094,574.67,119.37,0.4561,576.97,113.42,0.5788,577.81,111.29,0.0631,587.35,113.4,0.8942,601.21,107.27,0.1289,594.58,152.11,0.9882,618.0,130.42,0.9277,586.17,208.77,0.8862,609.41,173.97,0.3287,562.77,213.44,0.4777,575.93,187.39,0.1035,607.37,248.69,0.9706,628.07,238.11,0.9604,611.39,320.64,0.6278,625.74,304.82,0.6431,616.61,372.87,0.3538,628.81,355.67,0.4606
89,12.7143,1,541.61,323.87,741.31,865.59,0.4039,566.78,407.02,0.6669,568.05,395.4,0.8193,571.27,394.57,0.0411,596.22,388.52,0.9356,606.55,384.15,0.0184,652.82,450.37,0.9739,635.04,407.47,0.8171,661.95,568.96,0.8438,625.79,483.52,0.7699,607.38,607.01,0.8096,582.95,525.45,0.9282,662.55,625.21,0.8408,639.59,601.03,0.756,634.41,755.4,0.7108,614.7,722.01,0.767,648.79,844.39,0.2859,634.24,833.79,0.4552
89,12.7143,2,640.11,536.3,791.52,890.0,0.7264,612.35,662.63,0.2102,613.06,651.84,0.1731,631.99,646.37,0.0039,646.17,674.68,0.986,697.16,655.31,0.0147,803.13,816.93,0.8808,688.55,737.15,0.986,794.91,890.0,0.007,651.03,849.2,0.2736,673.42,888.23,0.0054,620.71,874.82,0.0434,751.08,890.0,0.0007,673.29,868.96,0.0041,675.95,887.53,1e-04,587.61,869.62,0.002,692.78,890.0,0.0005,641.84,868.24,0.0018
89,12.7143,19,586.75,8.12,692.19,289.13,0.5586,604.03,53.53,0.8001,605.38,47.26,0.8802,602.6,48.02,0.1947,619.7,38.48,0.8615,615.27,40.09,0.0307,641.59,61.26,0.9835,629.28,51.4,0.7663,645.26,107.16,0.8217,627.96,83.35,0.1088,626.64,121.35,0.5799,618.33,104.9,0.093,652.65,142.35,0.9704,646.55,137.21,0.9097,658.74,217.0,0.9466,653.47,206.38,0.8379,669.72,277.11,0.8788,664.4,271.21,0.748
89,12.7143,17,558.22,79.54,663.03,331.38,0.504,575.27,117.13,0.4302,577.02,110.95,0.5414,578.44,109.37,0.0606,587.86,111.23,0.8699,602.6,106.48,0.1243,598.7,150.46,0.9839,619.82,131.84,0.8978,584.48,208.78,0.8838,610.28,178.23,0.2905,567.62,196.93,0.5435,583.11,180.37,0.1063,610.57,247.41,0.9597,628.89,237.78,0.936,612.57,322.2,0.5948,624.53,307.41,0.5197,620.1,374.93,0.3157,628.68,358.28,0.3432
90,12.8571,1,548.15,324.14,745.73,855.2,0.5603,562.87,406.31,0.738,564.08,395.85,0.8638,569.01,393.35,0.029,594.08,389.22,0.9618,608.52,380.5,0.0092,651.49,450.63,0.9871,643.39,403.67,0.8414,654.88,577.73,0.9446,632.59,485.65,0.7968,597.43,614.14,0.9032,586.21,530.98,0.9364,663.83,635.55,0.8732,647.9,609.91,0.7437,620.45,753.63,0.752,611.92,723.22,0.6952,641.54,851.41,0.2884,631.57,838.8,0.3236
90,12.8571,2,625.73,553.82,782.81,890.0,0.7444,598.96,676.06,0.1566,599.68,665.85,0.1622,621.49,660.83,0.0023,627.0,692.86,0.9885,694.56,674.24,0.0147,766.62,840.24,0.8565,686.05,745.26,0.9736,754.88,890.0,0.0111,654.79,845.64,0.5691,647.89,890.0,0.0124,614.72,883.82,0.2676,718.23,890.0,0.0024,666.31,869.96,0.0163,618.88,890.0,0.0002,562.76,883.49,0.0023,633.26,890.0,0.0011,609.8,846.1,0.0038
90,12.8571,19,589.24,7.94,693.19,288.64,0.6006,606.92,43.43,0.7971,608.85,37.39,0.8702,605.26,37.93,0.2159,623.93,29.31,0.8351,616.94,30.68,0.0316,643.43,54.15,0.9761,632.41,44.31,0.7464,646.95,99.98,0.7974,630.2,75.56,0.0998,629.79,113.08,0.5845,618.49,95.52,0.0801,652.83,137.16,0.9708,647.62,131.93,0.9148,657.73,213.34,0.9493,654.79,202.44,0.8318,669.83,276.69,0.8929,666.2,270.47,0.7553
90,12.8571,17,556.84,79.49,661.84,333.56,0.4297,578.5,119.26,0.6576,581.56,112.81,0.7177,579.43,111.51,0.1466,593.0,111.74,0.8429,597.74,107.62,0.1165,600.59,151.2,0.9761,614.03,131.26,0.8802,581.38,209.83,0.8344,597.71,175.32,0.2888,567.3,194.47,0.5,575.58,176.34,0.1171,609.82,247.3,0.9441,622.57,237.86,0.9228,611.62,321.4,0.5282,623.16,307.64,0.4977,619.64,377.62,0.2713,627.83,361.8,0.3201
91,13.0,1,564.24,322.01,715.28,700.66,0.7299,567.4,411.96,0.9345,571.04,400.47,0.9745,567.13,397.23,0.0986,605.64,384.0,0.9728,598.48,377.08,0.0042,647.43,439.99,0.9953,647.14,402.26,0.9461,666.88,571.66,0.9847,638.58,494.12,0.9382,593.15,588.26,0.9691,592.2,527.38,0.989,649.68,612.41,0.9079,653.58,586.84,0.885,590.52,690.83,0.1043,609.86,652.12,0.1042,615.96,704.66,0.0233,638.48,684.63,0.0254
91,13.0,2,614.56,586.55,767.84,890.0,0.7961,595.28,721.88,0.0828,592.15,714.98,0.1716,617.99,704.18,0.0022,614.97,737.58,0.9768,701.0,705.31,0.0934,726.42,861.81,0.783,714.52,748.1,0.9035,695.13,890.0,0.0127,658.73,828.14,0.1886,611.82,871.58,0.0118,616.88,844.0,0.1203,709.54,890.0,0.0071,703.65,858.77,0.0361,612.29,890.0,0.0006,577.03,860.58,0.0042,644.89,886.86,0.0015,629.74,827.78,0.0046
91,13.0,19,593.59,3.05,695.59,283.02,0.6389,613.27,21.92,0.9053,617.35,16.16,0.9199,610.41,16.87,0.2778,634.3,11.48,0.8573,615.24,13.43,0.013,652.42,39.89,0.9783,626.6,35.44,0.7735,661.76,86.35,0.8697,626.76,69.43,0.0958,641.13,93.15,0.699,616.19,83.29,0.068,658.48,129.5,0.9668,641.6,126.5,0.891,662.95,205.95,0.9527,654.42,200.1,0.7784,670.39,266.91,0.9332,664.75,263.83,0.7735
91,13.0,17,554.66,77.48,659.66,331.97,0.4072,577.49,119.5,0.7346,581.01,113.51,0.7959,579.36,111.79,0.1343,592.42,114.59,0.8945,599.55,109.23,0.0788,596.74,153.32,0.9764,610.12,132.86,0.882,575.94,212.47,0.8276,588.38,177.99,0.3187,559.53,215.73,0.4267,567.67,192.42,0.1293,606.6,249.38,0.9318,619.04,240.73,0.9088,608.58,323.28,0.4796,619.63,311.06,0.4634,618.35,379.44,0.2345,624.03,365.06,0.2786
91,13.0,10,517.61,245.09,685.6,417.99,0.5014,599.44,312.72,0.9947,607.68,302.36,0.9917,587.83,303.69,0.9964,620.19,296.28,0.6316,567.75,299.45,0.8544,648.01,341.11,0.9899,551.84,335.24,0.9736,675.82,403.31,0.8526,536.05,385.48,0.7532,639.88,420.31,0.4894,536.21,406.93,0.504,626.87,442.9,0.5712,565.12,438.5,0.5017,635.1,499.51,0.0482,540.61,498.21,0.0557,640.07,537.23,0.0155,543.52,538.7,0.0147
92,13.1429,1,564.35,328.46,712.66,688.1,0.7096,572.74,410.55,0.8802,574.3,399.3,0.9439,573.16,397.31,0.054,607.32,381.53,0.9619,604.52,377.73,0.0046,654.19,434.76,0.9958,650.2,402.63,0.96,670.84,563.29,0.9912,638.28,491.5,0.9598,595.67,588.51,0.9867,586.2,530.25,0.9914,660.13,621.46,0.971,653.64,602.78,0.9534,663.33,748.1,0.4579,653.37,718.77,0.3839,690.61,805.6,0.0784,668.94,787.7,0.0845
92,13.1429,2,604.38,615.9,755.27,890.0,0.8555,571.1,751.98,0.1745,570.41,743.95,0.2855,595.77,735.55,0.0031,599.64,762.97,0.9757,678.47,736.25,0.0371,733.45,846.06,0.7616,679.06,786.21,0.8419,766.86,890.0,0.017,639.95,838.06,0.0567,637.99,885.18,0.028,600.08,837.28,0.0824,731.49,890.0,0.0055,695.74,851.45,0.0151,664.45,870.66,0.0011,600.15,833.7,0.0043,691.58,875.92,0.0021,643.72,828.23,0.0049
92,13.1429,19,595.5,1.16,695.46,279.0,0.626,612.03,23.48,0.8612,615.87,17.81,0.8752,609.68,18.21,0.2151,632.61,12.72,0.8187,616.16,13.71,0.0149,651.24,40.97,0.9781,627.95,33.34,0.7479,659.55,88.32,0.8697,626.74,65.1,0.0928,634.11,91.47,0.6873,615.58,76.96,0.0674,658.38,130.91,0.964,643.23,126.38,0.8788,663.02,209.03,0.9501,655.43,200.7,0.7581,670.61,269.15,0.9341,665.16,264.67,0.7665
92,13.1429,10,513.03,245.64,683.71,418.58,0.5481,599.56,313.66,0.9937,607.15,303.07,0.9894,588.15,304.87,0.9946,619.22,296.79,0.6395,569.02,301.12,0.8028,648.97,339.42,0.9869,554.18,332.97,0.9699,673.35,402.84,0.8483,534.17,377.45,0.8346,627.39,416.37,0.5332,526.53,394.1,0.701,629.08,443.57,0.5872,567.45,438.23,0.5301,633.82,505.78,0.0681,539.82,503.61,0.069,636.56,541.15,0.0227,541.51,541.04,0.0186
93,13.2857,1,555.06,328.34,735.47,761.75,0.7744,574.2,410.14,0.8464,575.8,398.65,0.901,574.83,397.18,0.0312,608.63,380.7,0.9584,606.74,378.26,0.0049,656.17,433.06,0.9956,651.38,406.69,0.9721,671.68,563.26,0.9956,640.61,492.68,0.9516,592.19,588.59,0.9943,583.67,523.61,0.9802,659.47,646.19,0.982,654.79,632.16,0.9654,675.11,795.65,0.7877,669.09,772.94,0.6267,696.85,851.88,0.2019,684.59,836.41,0.1628
93,13.2857,2,601.89,652.85,748.53,890.0,0.7873,582.5,769.03,0.0247,575.42,766.85,0.0437,608.07,755.24,0.0103,570.9,796.25,0.7295,692.74,763.96,0.8397,622.69,876.04,0.2507,758.41,825.15,0.8369,637.48,884.64,0.0028,757.85,871.91,0.0293,593.61,857.47,0.0059,665.92,876.29,0.0372,671.37,890.0,0.0032,768.02,880.74,0.0149,692.51,860.92,0.0066,747.1,850.25,0.0399,706.31,877.64,0.0061,745.67,868.78,0.0115
93,13.2857,19,593.87,4.52,693.67,284.78,0.6214,607.3,40.89,0.6543,609.22,34.94,0.7552,606.57,35.2,0.118,624.35,27.73,0.7966,619.62,28.25,0.0297,645.59,52.13,0.9779,633.0,41.78,0.7637,646.73,98.09,0.7934,629.33,72.44,0.1132,624.37,102.45,0.5105,618.37,86.82,0.069,656.55,138.01,0.9715,650.11,132.24,0.9308,661.79,215.07,0.9413,658.19,203.28,0.873,672.07,276.53,0.8644,667.29,267.81,0.8005
93,13.2857,10,509.93,245.25,685.14,421.78,0.4818,596.57,316.05,0.9884,604.94,305.86,0.9852,586.46,306.42,0.9847,619.34,297.0,0.7393,569.81,298.46,0.623,649.58,340.54,0.9854,555.23,330.69,0.9614,670.8,404.65,0.862,534.67,377.67,0.7655,620.01,418.98,0.548,536.67,397.31,0.5606,624.69,450.68,0.5566,563.3,443.34,0.4904,623.25,511.7,0.0805,535.53,509.63,0.079,625.32,550.53,0.0262,538.16,550.1,0.0223
94,13.4286,1,547.41,328.1,747.66,807.75,0.8638,568.89,410.11,0.8997,571.31,398.81,0.9415,569.56,395.6,0.0406,606.99,381.11,0.9661,604.2,374.47,0.0056,650.98,437.93,0.9976,653.97,404.66,0.9762,669.76,564.6,0.9962,637.96,488.47,0.936,591.87,587.94,0.9942,581.25,526.17,0.9751,659.04,641.44,0.9827,668.95,624.31,0.9689,670.43,784.08,0.9319,707.71,753.65,0.9059,674.87,868.53,0.4382,727.0,847.09,0.4834
94,13.4286,2,591.05,681.88,738.73,890.0,0.6357,591.21,792.03,0.0032,575.14,790.09,0.0084,612.16,782.72,0.0034,553.98,818.36,0.7457,683.94,800.92,0.7916,572.65,890.0,0.0722,746.52,868.93,0.2896,575.29,869.95,0.0016,746.99,871.64,0.0062,602.51,851.61,0.0073,680.83,869.02,0.0248,631.54,890.0,0.0018,758.98,890.0,0.0041,673.3,869.35,0.0146,751.16,867.2,0.0281,692.53,872.3,0.0056,743.04,867.35,0.0049
94,13.4286,19,593.33,11.09,691.43,287.61,0.604,601.69,58.35,0.6495,603.03,52.24,0.7481,601.61,52.41,0.112,618.27,43.05,0.7819,617.6,43.22,0.0242,638.53,64.4,0.9738,634.63,52.37,0.8022,641.15,108.66,0.7496,633.11,78.63,0.143,622.37,119.31,0.4459,612.83,91.61,0.0874,653.29,139.25,0.969,653.38,132.71,0.9401,653.74,212.46,0.9486,658.11,199.87,0.9194,661.95,273.24,0.8919,663.09,266.7,0.8709
95,13.5714,1,542.94,324.06,755.17,832.47,0.9098,571.97,413.32,0.9028,573.26,401.87,0.9409,572.46,399.15,0.0395,606.79,382.48,0.9694,607.11,376.99,0.0062,649.71,441.08,0.9979,655.53,403.44,0.9811,665.34,564.71,0.9963,638.9,481.91,0.9364,591.0,587.95,0.9944,581.32,526.09,0.9744,658.76,624.25,0.9867,670.58,605.94,0.9761,673.14,746.85,0.9765,708.92,714.46,0.9674,683.57,831.4,0.8096,730.79,811.19,0.826
95,13.5714,2,592.03,704.07,743.14,890.0,0.6217,593.39,815.74,0.0053,576.46,813.7,0.0207,617.7,805.77,0.0078,560.13,839.76,0.828,700.52,820.46,0.9065,577.7,890.0,0.0319,773.26,881.09,0.1962,570.67,863.79,0.0012,776.64,878.44,0.0055,603.41,843.72,0.0128,712.94,863.08,0.0354,639.15,890.0,0.0008,779.35,890.0,0.0021,656.97,862.13,0.025,746.18,864.62,0.0521,678.96,868.93,0.0128,743.4,861.58,0.0133
95,13.5714,19,593.76,9.64,692.03,287.97,0.6132,605.0,48.12,0.682,606.79,41.75,0.7704,604.37,42.31,0.1173,622.91,32.95,0.7642,618.68,34.1,0.0196,643.58,56.13,0.9734,633.19,45.76,0.8017,646.71,102.81,0.7782,631.12,72.43,0.1598,624.48,110.94,0.4928,614.82,85.37,0.1007,655.93,135.42,0.9686,651.27,130.18,0.9382,661.82,209.31,0.9369,658.94,198.75,0.8961,669.79,270.83,0.8974,666.93,266.96,0.8595
96,13.7143,1,540.25,321.33,757.65,841.87,0.8761,570.28,414.13,0.8907,571.61,402.71,0.9425,570.54,399.9,0.0365,605.33,382.36,0.9703,604.39,376.76,0.0056,649.61,438.94,0.9978,653.83,402.56,0.9722,666.52,563.97,0.9964,638.77,483.72,0.9145,591.57,587.15,0.9945,580.44,527.89,0.9698,658.76,631.76,0.986,666.92,614.49,0.9708,679.62,762.75,0.9583,704.38,733.61,0.9312,694.72,839.94,0.6132,726.04,821.88,0.6074
96,13.7143,19,593.78,7.99,692.26,288.37,0.6046,608.62,41.68,0.6701,610.31,35.43,0.7422,606.75,36.65,0.1209,625.69,26.31,0.7326,616.75,29.46,0.0186,649.49,48.14,0.9706,629.71,42.16,0.7917,653.7,92.51,0.7985,628.42,71.19,0.1471,627.0,99.29,0.5454,613.71,83.51,0.0981,658.97,134.29,0.9722,647.63,130.8,0.935,665.0,208.87,0.9403,655.77,201.43,0.8464,672.78,270.37,0.8955,664.99,267.81,0.7737
97,13.8571,1,546.98,318.05,746.02,785.32,0.8811,570.24,415.75,0.8988,570.66,403.86,0.9525,570.13,401.21,0.0355,603.22,381.88,0.9741,604.39,376.87,0.004,650.02,438.2,0.9982,653.94,400.23,0.9582,665.41,567.47,0.9947,637.29,486.4,0.9385,590.12,589.18,0.9881,578.25,528.46,0.9864,660.49,639.12,0.9788,662.52,619.12,0.9619,680.4,781.98,0.7692,685.05,752.62,0.7321,693.42,854.36,0.0958,693.18,835.5,0.1149
97,13.8571,19,593.3,13.51,689.44,285.99,0.6576,601.26,60.17,0.7418,602.34,53.8,0.8247,600.16,54.83,0.1334,617.92,42.99,0.7968,613.4,45.64,0.0145,640.81,60.4,0.9717,628.79,53.42,0.8136,642.43,101.98,0.7556,627.83,79.71,0.163,615.6,110.6,0.4909,611.92,91.37,0.1173,656.17,137.45,0.9711,648.41,133.61,0.9444,661.87,209.23,0.9498,653.97,200.52,0.9073,670.22,269.65,0.8824,661.99,267.2,0.8128
97,13.8571,17,515.62,135.48,605.41,311.01,0.5652,568.64,189.37,0.9923,578.84,182.0,0.9954,562.55,180.03,0.9604,599.43,179.34,0.9509,557.46,174.33,0.2492,612.11,212.18,0.9908,559.45,203.44,0.9803,569.94,274.03,0.9795,538.76,255.8,0.8005,506.94,232.56,0.9798,502.26,227.19,0.7914,606.98,318.66,0.8193,564.21,311.41,0.7344,605.46,379.01,0.1607,538.86,367.84,0.0788,604.12,416.93,0.0277,534.99,405.52,0.0184
98,14.0,1,545.92,317.95,747.55,785.58,0.9136,566.8,416.38,0.9296,566.82,404.69,0.967,567.14,401.6,0.0233,602.65,381.92,0.9824,606.68,375.96,0.0021,649.28,440.06,0.9984,657.18,396.28,0.9652,667.2,568.21,0.9926,641.49,485.29,0.9259,592.76,584.65,0.9894,580.8,524.88,0.9878,660.51,638.84,0.9852,672.59,615.29,0.9776,671.18,784.26,0.8354,704.97,743.59,0.8633,676.81,856.03,0.0971,729.2,823.73,0.1847
98,14.0,19,594.11,14.61,690.4,287.39,0.6143,600.6,60.77,0.6711,601.92,54.9,0.7738,599.96,55.45,0.1023,617.44,45.0,0.7648,612.71,46.35,0.0125,642.92,61.03,0.9718,624.51,53.4,0.7698,648.14,101.7,0.7875,617.34,80.4,0.1406,619.36,111.77,0.5808,604.13,93.57,0.1322,658.16,137.13,0.9769,646.44,132.6,0.9489,664.3,210.27,0.9676,650.64,200.3,0.9333,673.93,272.72,0.953,659.88,267.35,0.921
98,14.0,17,503.86,128.88,606.88,303.21,0.6921,550.48,171.32,0.9754,562.22,170.19,0.9864,554.47,161.5,0.4378,589.27,181.06,0.9814,563.74,159.13,0.0146,605.01,213.32,0.9927,556.97,182.89,0.9804,558.06,256.49,0.993,517.29,211.53,0.7467,503.03,213.72,0.9916,487.36,199.17,0.6591,589.01,306.97,0.8613,548.67,288.12,0.7909,568.66,364.11,0.1793,508.03,342.99,0.0877,586.25,393.18,0.0249,515.0,375.63,0.0169
99,14.1429,1,535.41,318.28,757.91,836.52,0.9112,567.4,416.16,0.9304,568.17,404.76,0.9557,568.11,401.38,0.0259,603.28,383.42,0.9763,606.79,376.57,0.0031,648.4,441.61,0.9982,659.01,399.88,0.9801,668.71,564.92,0.9963,643.72,482.79,0.93,592.0,585.27,0.995,582.49,524.61,0.9761,659.51,636.52,0.9868,675.67,616.08,0.9754,670.54,774.47,0.971,707.59,742.64,0.949,674.01,867.07,0.6151,723.9,835.68,0.6062
99,14.1429,19,594.25,17.72,689.88,287.84,0.6121,598.81,66.06,0.6961,599.84,60.21,0.7939,597.89,61.08,0.1109,614.72,50.13,0.7849,610.61,52.1,0.0135,640.15,64.85,0.9742,623.32,57.74,0.7567,645.83,101.96,0.8054,618.51,83.89,0.1311,617.88,110.39,0.6038,608.23,97.91,0.1269,658.27,139.3,0.9748,647.02,135.09,0.9354,664.53,211.62,0.9664,651.75,201.46,0.9114,674.73,273.11,0.9481,662.47,267.76,0.891
99,14.1429,17,490.7,128.2,611.2,311.49,0.6247,553.92,172.36,0.9599,561.87,169.21,0.9783,558.04,164.3,0.1939,586.11,177.64,0.9818,577.1,164.7,0.0119,599.04,209.39,0.9929,587.05,189.5,0.9511,542.42,246.83,0.9936,542.25,223.77,0.6689,487.79,208.88,0.9908,487.99,205.36,0.699,604.59,302.4,0.8658,591.24,288.97,0.7504,575.41,351.32,0.3488,547.23,335.09,0.1555,596.0,386.36,0.0431,559.12,371.17,0.0293
100,14.2857,1,530.07,317.53,764.32,867.17,0.9217,568.36,415.96,0.9089,568.74,404.54,0.9292,569.74,400.88,0.0207,602.02,383.88,0.9664,610.97,376.09,0.0042,646.48,442.25,0.9983,663.59,398.84,0.9846,667.42,564.17,0.9958,645.02,480.15,0.9415,592.55,584.6,0.9945,582.91,522.73,0.9795,659.15,627.87,0.9905,684.3,606.06,0.9848,667.64,750.96,0.99,713.01,713.9,0.9877,679.49,848.76,0.9338,724.14,820.59,0.9465
100,14.2857,19,594.17,19.89,689.45,288.14,0.6215,597.84,69.16,0.6469,598.49,63.37,0.7632,597.27,64.18,0.0968,612.85,53.37,0.7763,611.34,55.12,0.0152,637.38,67.15,0.9734,626.0,60.73,0.7545,642.04,102.0,0.7848,623.22,86.96,0.1303,612.5,108.08,0.5265,609.3,98.91,0.114,657.17,140.82,0.9739,649.94,136.65,0.9341,661.74,212.25,0.9655,654.12,202.33,0.9156,671.79,274.27,0.9475,662.56,269.72,0.8957
100,14.2857,17,476.43,124.74,609.43,305.92,0.6751,552.99,172.58,0.9484,560.59,168.62,0.9702,556.42,164.17,0.1966,584.07,175.06,0.976,576.17,163.11,0.0203,596.14,205.08,0.9925,589.23,186.83,0.9514,543.53,242.13,0.9941,541.85,220.65,0.629,473.19,207.61,0.9894,469.73,203.93,0.6248,611.1,299.73,0.8304,602.8,287.48,0.7009,588.43,348.72,0.2795,566.61,333.81,0.1316,602.13,378.42,0.0366,569.98,364.42,0.027
101,14.4286,1,529.66,321.12,765.82,878.14,0.919,568.87,411.92,0.8759,570.03,400.86,0.8915,571.13,397.19,0.0159,603.38,384.0,0.9564,613.12,375.59,0.0049,646.28,443.29,0.9982,664.3,399.2,0.9859,664.23,564.94,0.9958,644.77,477.23,0.9477,590.68,585.03,0.9943,581.9,520.08,0.9809,659.63,625.39,0.9921,685.89,603.3,0.9869,667.42,748.66,0.9902,710.18,709.2,0.9865,679.15,847.52,0.9465,726.38,812.3,0.9573
101,14.4286,19,594.4,18.38,689.64,286.36,0.5973,600.4,62.25,0.6438,601.23,56.39,0.7682,599.48,57.35,0.0963,615.73,46.52,0.7882,612.97,48.53,0.0178,640.71,61.84,0.9774,627.44,55.82,0.7287,645.13,97.63,0.7969,626.28,85.12,0.1026,615.94,105.3,0.5607,615.01,96.58,0.1091,657.29,139.74,0.9733,649.21,135.63,0.9229,662.02,212.36,0.9629,653.98,203.02,0.8976,672.8,274.06,0.9402,663.86,268.96,0.8702
101,14.4286,17,459.35,124.07,608.39,309.3,0.6695,554.89,176.55,0.8602,560.2,171.59,0.8825,560.45,167.54,0.0693,581.85,176.64,0.9588,590.82,165.54,0.0327,595.83,211.84,0.9935,607.7,191.22,0.923,525.26,243.21,0.9953,543.94,224.52,0.4945,451.65,202.34,0.9905,464.95,202.07,0.4938,602.77,316.39,0.7677,612.31,300.34,0.537,548.6,370.35,0.2651,558.73,351.56,0.0785,556.14,399.54,0.0232,564.91,380.94,0.0126
102,14.5714,1,530.11,323.98,765.81,882.49,0.9209,567.66,411.11,0.8771,569.13,400.05,0.8934,570.55,396.27,0.0173,602.79,384.59,0.9551,613.85,375.71,0.0053,645.11,444.07,0.9981,665.64,400.74,0.9868,664.14,565.13,0.9958,644.75,476.73,0.9513,590.15,585.31,0.9946,581.93,519.67,0.9822,659.48,626.81,0.9928,687.64,604.85,0.9888,667.07,749.73,0.991,710.64,709.61,0.9888,679.16,846.91,0.9518,724.8,810.56,0.9658
102,14.5714,19,593.83,17.69,688.71,284.45,0.5311,600.25,62.43,0.6613,601.25,56.55,0.7881,599.2,57.52,0.1002,616.07,46.73,0.8136,612.88,48.76,0.0196,641.17,61.93,0.9796,627.09,56.13,0.7276,644.14,97.68,0.7983,625.9,84.8,0.0996,614.25,104.07,0.55,612.67,95.46,0.1128,656.64,141.14,0.9677,648.41,137.36,0.8958,661.98,213.76,0.9514,653.87,205.13,0.8377,671.89,274.7,0.9181,664.45,268.28,0.792
102,14.5714,17,448.29,126.34,607.51,308.19,0.6655,546.31,176.29,0.8692,552.29,171.71,0.8849,552.85,167.3,0.0598,572.43,178.74,0.9652,586.53,166.24,0.0419,577.04,217.47,0.9957,606.52,196.74,0.9394,507.08,237.03,0.9963,545.51,223.54,0.5214,440.61,199.76,0.99,461.58,200.27,0.4823,581.84,319.1,0.8111,605.73,303.15,0.5567,535.04,383.49,0.3012,559.06,362.14,0.0686,541.41,422.75,0.0251,562.28,400.71,0.0104
103,14.7143,1,530.16,323.97,765.31,883.96,0.9206,567.02,413.77,0.8655,568.27,402.75,0.8793,569.24,399.14,0.0168,601.39,385.97,0.9503,610.98,377.68,0.0055,645.31,442.16,0.9979,663.37,398.82,0.9875,662.82,564.6,0.9956,642.13,475.83,0.9592,590.31,585.6,0.9944,581.07,517.42,0.9843,660.03,627.39,0.9925,686.16,605.46,0.989,667.6,750.83,0.9901,710.03,711.54,0.988,680.62,848.41,0.9447,725.29,810.8,0.9613
103,14.7143,19,592.63,26.26,686.92,288.96,0.5815,592.76,78.26,0.5978,592.81,72.36,0.7296,592.01,73.36,0.0809,605.44,62.15,0.8417,607.44,64.87,0.0277,630.3,73.06,0.9708,629.59,67.03,0.7214,635.86,111.36,0.7738,634.11,99.13,0.1499,619.82,123.02,0.5731,614.18,107.71,0.1785,653.34,145.42,0.9675,655.02,141.64,0.9209,656.15,211.84,0.9603,660.0,204.23,0.9029,666.08,273.8,0.947,664.93,267.34,0.8958
103,14.7143,17,424.79,127.3,608.41,329.13,0.6005,537.23,178.78,0.8308,542.78,173.14,0.8884,545.43,169.42,0.0528,561.4,182.26,0.9477,584.97,171.72,0.0323,554.03,226.07,0.9942,611.01,210.14,0.9226,483.2,233.6,0.9969,549.9,233.78,0.3964,421.48,189.04,0.988,448.2,192.47,0.3181,557.06,347.78,0.8792,601.64,335.09,0.6563,520.88,436.38,0.2306,553.96,415.62,0.0554,522.5,498.56,0.0202,558.53,475.45,0.0113
104,14.8571,1,529.06,321.87,764.48,884.85,0.9236,563.31,416.18,0.901,564.24,405.27,0.9219,565.52,401.52,0.0178,599.61,387.55,0.9615,608.73,378.93,0.0037,643.44,443.98,0.998,660.73,397.32,0.9858,662.29,565.08,0.9959,639.7,475.11,0.9507,589.7,585.76,0.9948,580.66,517.44,0.9816,659.86,625.58,0.9921,685.34,602.64,0.9878,667.71,749.29,0.9909,709.74,708.47,0.9889,680.59,847.11,0.9489,724.81,810.1,0.9647
104,14.8571,19,592.05,28.86,686.71,289.86,0.6084,593.6,77.52,0.62,593.59,71.76,0.7619,593.03,72.49,0.0806,606.59,61.04,0.8546,608.22,63.33,0.0232,632.71,71.81,0.9732,629.17,64.91,0.7533,638.89,110.74,0.7966,634.86,98.11,0.1758,622.56,126.01,0.6505,619.53,110.11,0.2201,655.76,143.36,0.9725,655.0,139.55,0.9439,658.0,210.13,0.9646,658.84,203.38,0.9354,668.35,273.51,0.9422,665.39,266.28,0.915
104,14.8571,17,416.73,128.44,610.02,331.67,0.5872,532.93,181.4,0.7404,537.11,175.58,0.7814,542.07,172.73,0.0627,551.51,183.65,0.9579,582.97,175.07,0.1108,539.09,225.29,0.9967,613.42,215.85,0.9838,463.03,222.49,0.9988,617.85,251.06,0.5914,411.88,180.69,0.9929,578.3,232.36,0.1797,555.2,348.75,0.9088,607.63,340.91,0.7677,525.78,441.91,0.1969,572.44,421.68,0.0457,531.32,502.46,0.0222,578.85,478.06,0.0129
105,15.0,1,529.45,323.97,762.37,882.07,0.9274,559.92,414.64,0.885,561.99,404.26,0.9151,563.47,399.07,0.0204,597.93,388.54,0.9558,607.8,376.04,0.005,641.89,445.67,0.9977,661.26,397.3,0.9846,662.26,565.23,0.995,643.2,476.81,0.9502,590.32,587.12,0.9947,578.29,518.31,0.9834,657.64,626.46,0.9923,684.91,602.31,0.9892,666.65,748.23,0.9925,710.31,706.04,0.9932,680.45,844.02,0.9662,725.17,807.73,0.9825
105,15.0,19,591.41,21.3,687.84,287.53,0.6384,600.42,59.52,0.7981,602.23,53.75,0.8839,598.76,54.98,0.2156,617.24,45.38,0.8738,607.97,48.26,0.0227,643.83,61.06,0.9788,616.45,59.27,0.7773,654.68,96.85,0.8152,614.79,90.48,0.1033,634.32,109.44,0.6832,615.08,109.23,0.1258,659.2,138.76,0.9734,640.49,136.98,0.9053,665.37,210.09,0.9714,646.9,201.27,0.8447,675.17,270.37,0.9533,658.28,264.14,0.8171
105,15.0,17,400.41,128.93,602.98,333.84,0.661,522.87,175.9,0.5966,526.87,171.54,0.6466,533.68,169.05,0.0472,540.71,184.11,0.9557,577.0,175.71,0.1611,529.15,226.34,0.9974,603.64,217.37,0.9879,456.56,221.07,0.9993,609.36,249.52,0.6828,401.21,179.08,0.9955,569.92,229.45,0.2472,548.32,351.44,0.9234,601.59,344.05,0.8113,525.68,442.54,0.1697,575.17,423.28,0.0449,532.44,493.33,0.0184,583.71,472.68,0.0113
106,15.1429,1,528.54,323.46,760.73,880.54,0.9256,558.81,415.82,0.8976,560.43,405.06,0.9273,562.05,400.3,0.0203,596.99,387.75,0.9604,607.07,376.53,0.0043,640.65,444.66,0.9978,660.68,397.64,0.9831,662.31,565.03,0.9951,643.23,477.55,0.9383,590.46,587.32,0.9948,577.72,518.38,0.9797,657.61,625.22,0.9919,685.52,601.65,0.9878,666.42,746.39,0.9928,710.3,704.63,0.9932,680.62,843.48,0.9669,725.46,808.06,0.9824
106,15.1429,19,590.39,19.26,687.04,285.99,0.6263,598.93,62.79,0.7901,600.57,57.09,0.881,597.72,58.07,0.1822,615.41,49.04,0.8858,608.37,51.2,0.0208,642.36,63.91,0.9796,616.63,60.8,0.7796,651.64,98.94,0.7908,613.51,89.99,0.1036,632.87,112.03,0.6441,612.5,109.23,0.1296,657.92,139.47,0.9711,640.34,137.16,0.9019,664.19,210.38,0.9706,647.23,200.94,0.859,673.79,270.17,0.9427,658.55,263.23,0.8046
106,15.1429,17,394.2,126.93,599.54,327.7,0.6829,513.39,173.57,0.7989,519.31,169.93,0.8253,524.98,166.4,0.0585,537.27,184.64,0.9718,569.41,173.33,0.0698,524.37,225.29,0.9969,594.21,214.6,0.9915,453.48,219.96,0.9988,597.21,247.1,0.709,398.96,177.26,0.994,557.86,226.67,0.2405,544.06,350.64,0.9098,595.04,342.52,0.826,519.6,441.09,0.1206,565.62,421.79,0.0383,528.75,492.75,0.0128,575.16,470.41,0.0092
107,15.2857,1,529.0,324.64,759.88,879.51,0.9253,560.7,418.19,0.8672,562.32,407.38,0.8974,563.38,402.54,0.0203,597.9,389.07,0.9467,606.76,377.71,0.0059,641.72,447.23,0.9977,660.87,399.29,0.9848,661.82,566.25,0.9952,642.38,478.95,0.9495,589.84,587.94,0.9948,577.06,517.6,0.9816,655.47,629.14,0.9921,683.13,604.82,0.9888,665.76,750.15,0.9926,709.97,707.31,0.9932,679.53,845.14,0.967,724.89,808.3,0.9828
107,15.2857,19,588.32,17.83,684.66,283.18,0.495,599.69,60.44,0.8265,601.25,54.44,0.904,598.18,55.7,0.2484,615.62,46.0,0.8901,607.84,48.72,0.0283,643.43,62.67,0.9813,614.26,58.8,0.7863,650.44,99.37,0.7822,605.46,87.85,0.1059,629.36,108.02,0.6069,603.6,104.77,0.1264,656.29,140.36,0.9645,636.98,137.99,0.874,663.48,211.72,0.9672,645.89,202.41,0.8262,672.73,270.61,0.9242,659.46,264.88,0.721
107,15.2857,17,383.3,127.69,603.22,338.8,0.6889,515.2,171.84,0.6921,520.44,168.0,0.7049,526.56,165.33,0.0449,535.35,182.94,0.9646,570.29,173.63,0.1148,525.55,225.11,0.9978,593.17,214.63,0.991,454.09,220.98,0.9992,590.67,240.16,0.7107,396.26,177.05,0.9955,543.57,215.56,0.2849,540.9,350.85,0.9355,589.18,342.06,0.8727,516.06,443.94,0.1877,553.65,424.7,0.0737,521.47,499.5,0.0177,561.59,478.89,0.0156
108,15.4286,1,528.52,323.54,759.45,879.38,0.921,557.52,415.78,0.8317,559.84,405.2,0.8663,560.67,399.86,0.0198,594.45,388.49,0.938,603.53,375.62,0.0083,639.27,446.48,0.9979,656.44,400.17,0.9813,661.41,566.03,0.9954,640.74,482.89,0.927,590.24,586.45,0.9947,578.65,522.57,0.9732,654.95,630.06,0.9924,681.94,606.33,0.9876,665.65,750.63,0.9926,710.27,708.89,0.9921,678.83,844.74,0.9668,725.31,808.47,0.9804
108,15.4286,19,587.24,14.13,684.62,283.33,0.4764,602.31,51.8,0.8181,604.23,45.85,0.9092,601.03,46.96,0.2767,618.6,37.88,0.8916,609.82,40.26,0.0324,646.52,56.05,0.9815,614.79,52.28,0.7043,652.2,96.43,0.7986,605.9,83.98,0.074,628.39,100.82,0.633,605.78,102.34,0.1105,655.47,140.37,0.962,634.53,137.82,0.8426,662.59,213.87,0.9653,642.9,204.81,0.7977,671.51,271.79,0.9112,656.49,267.13,0.671
108,15.4286,17,379.49,129.04,606.03,342.73,0.7102,511.47,173.0,0.9257,519.19,169.74,0.9361,522.71,165.68,0.086,538.87,186.32,0.9829,564.89,173.49,0.0364,528.41,223.26,0.9973,590.25,212.03,0.9922,456.72,220.15,0.9991,588.38,238.12,0.7458,397.38,178.93,0.996,539.66,216.39,0.3431,541.82,349.19,0.9372,586.23,339.95,0.8939,517.25,448.19,0.2138,550.57,428.76,0.0944,521.02,509.85,0.0169,557.59,490.71,0.0154
109,15.5714,1,528.06,322.46,758.97,879.13,0.9202,556.15,418.37,0.8596,558.21,407.46,0.8912,558.28,402.5,0.0213,593.71,388.61,0.9397,600.64,376.83,0.0069,638.53,446.69,0.9979,656.35,400.06,0.9785,661.39,565.67,0.9952,643.12,483.6,0.911,589.98,585.45,0.9945,582.67,523.06,0.9686,654.34,630.74,0.9922,681.5,606.62,0.9862,666.19,752.9,0.9925,710.47,709.26,0.991,679.54,845.3,0.9682,725.43,808.17,0.9795
109,15.5714,19,583.91,15.9,680.98,283.44,0.5166,592.58,67.09,0.895,594.84,60.96,0.9444,590.73,62.17,0.3423,610.27,53.11,0.9123,599.4,55.63,0.0256,638.66,68.58,0.9851,604.84,64.62,0.8196,648.98,109.35,0.8298,596.71,93.08,0.1275,624.31,110.49,0.6594,596.83,106.58,0.1417,652.05,143.61,0.9614,630.02,141.72,0.8552,658.28,213.72,0.9651,637.69,205.69,0.7957,667.51,271.56,0.9056,649.86,265.65,0.644
109,15.5714,17,377.35,129.22,608.85,343.77,0.7003,513.58,170.22,0.8914,521.47,167.25,0.9,524.78,163.26,0.0764,541.12,184.7,0.9773,566.59,171.95,0.0496,529.34,223.63,0.9973,591.4,213.39,0.9918,456.31,220.53,0.9992,597.07,243.16,0.756,396.71,178.88,0.9965,553.68,226.17,0.342,543.04,355.09,0.9405,587.1,346.77,0.8907,518.01,457.76,0.1926,555.42,439.24,0.0751,522.67,518.39,0.0144,565.28,500.69,0.0118
110,15.7143,1,528.34,315.61,760.61,877.71,0.9208,554.85,420.75,0.8617,556.11,409.9,0.9076,557.56,404.6,0.0154,593.72,389.05,0.9519,603.43,376.93,0.0044,638.32,444.81,0.9978,658.98,396.95,0.9731,661.75,564.74,0.9948,643.69,478.9,0.8885,592.36,584.47,0.9943,583.86,524.7,0.9678,653.63,628.91,0.992,683.01,604.33,0.9846,666.24,752.91,0.9927,711.21,707.14,0.9914,679.94,844.74,0.9685,725.66,807.39,0.981
110,15.7143,17,377.81,128.42,610.74,341.1,0.7596,512.1,172.16,0.9353,521.4,168.97,0.9386,521.93,163.16,0.1035,543.98,184.47,0.9737,559.78,167.57,0.035,535.07,220.99,0.9965,588.74,206.26,0.9902,461.62,217.72,0.999,587.03,240.21,0.7044,401.54,179.32,0.9966,529.68,217.86,0.3391,549.34,348.56,0.9257,586.54,336.97,0.8658,510.55,440.45,0.1506,545.0,419.47,0.0523,514.91,494.25,0.012,553.9,473.07,0.0084
111,15.8571,1,527.46,312.44,760.36,877.68,0.9172,557.2,420.78,0.8088,557.56,410.5,0.8661,561.47,404.6,0.0113,594.1,389.74,0.9493,610.13,376.16,0.0055,639.32,444.27,0.998,660.81,393.76,0.9753,662.25,564.0,0.9955,644.16,475.66,0.8826,593.12,582.59,0.9946,581.97,522.15,0.96,653.05,628.37,0.9924,683.64,603.2,0.9844,665.72,751.99,0.9929,710.33,707.24,0.9903,679.61,845.56,0.9679,725.43,807.61,0.9785
111,15.8571,17,376.66,128.94,611.4,340.47,0.6957,515.01,169.57,0.8897,523.74,166.41,0.8853,524.26,161.3,0.1115,543.25,181.89,0.9588,561.04,166.55,0.0795,531.62,220.82,0.9966,590.32,207.19,0.9906,462.6,217.61,0.999,596.05,243.05,0.7204,400.53,178.52,0.9963,548.68,226.39,0.3338,548.3,350.29,0.9323,588.66,339.87,0.8766,517.35,450.01,0.2021,554.85,429.32,0.0742,521.97,513.05,0.0169,559.7,491.91,0.0124
111,15.8571,19,581.35,13.6,680.35,287.0,0.5438,592.28,67.36,0.8283,593.76,60.64,0.9063,590.51,61.76,0.1902,608.58,50.97,0.9023,601.93,53.53,0.0214,635.95,67.53,0.9851,610.08,62.6,0.7376,640.14,114.02,0.8302,609.14,96.97,0.098,610.02,110.18,0.6454,609.95,106.77,0.1346,649.19,149.34,0.9544,633.45,147.05,0.8238,655.46,220.84,0.9518,643.07,212.56,0.7734,663.5,277.52,0.8683,655.15,272.34,0.6119
112,16.0,1,526.84,314.16,759.08,879.49,0.9184,558.87,416.71,0.81,560.36,406.68,0.8375,562.67,401.51,0.0115,599.95,389.44,0.93,609.1,376.82,0.0049,643.79,446.69,0.9981,659.13,392.63,0.9796,663.88,565.3,0.9965,638.8,468.22,0.9155,588.39,581.41,0.9946,580.05,520.21,0.9668,654.99,620.98,0.9919,680.92,594.81,0.983,663.96,744.26,0.9925,707.86,698.73,0.988,677.19,845.92,0.9726,723.67,805.05,0.9783
112,16.0,17,375.73,127.75,613.37,339.31,0.7466,517.54,167.68,0.9418,527.59,165.32,0.9489,527.49,159.12,0.1689,548.44,183.24,0.9686,563.54,165.26,0.0488,535.1,221.41,0.9952,592.39,208.04,0.9871,460.31,217.54,0.9986,596.05,248.25,0.6914,398.74,177.03,0.9953,552.7,238.06,0.3185,560.11,342.95,0.9084,599.52,332.62,0.8336,524.13,426.54,0.1497,565.13,402.93,0.0481,530.87,475.97,0.013,573.1,450.58,0.0088
112,16.0,19,582.69,9.21,686.87,300.11,0.5596,598.58,52.95,0.7589,600.14,45.94,0.8753,596.76,47.09,0.1367,615.54,35.52,0.8773,609.47,38.15,0.0207,639.46,55.49,0.9837,624.16,46.25,0.5837,640.21,105.16,0.8168,620.15,75.77,0.0544,609.72,108.08,0.5681,611.55,86.68,0.0802,652.35,143.55,0.9473,645.47,138.97,0.7736,658.92,223.42,0.9516,655.59,210.61,0.7665,668.01,287.23,0.8916,662.59,279.77,0.6899
113,16.1429,1,526.84,315.44,758.13,879.9,0.9204,560.18,416.16,0.8484,562.29,406.5,0.8756,563.82,400.93,0.0135,601.34,390.72,0.9455,608.59,377.27,0.0043,644.92,446.74,0.9982,657.48,393.03,0.9815,663.54,565.42,0.9967,637.63,471.08,0.9294,589.45,582.14,0.9949,579.75,524.57,0.9735,656.1,621.14,0.992,680.18,595.16,0.9843,664.75,745.23,0.9925,707.82,700.13,0.9889,677.06,846.7,0.9725,723.75,805.17,0.9798
113,16.1429,17,374.89,127.17,615.02,338.39,0.7751,517.68,168.85,0.9421,527.69,166.42,0.9508,526.91,160.37,0.174,549.33,183.54,0.9718,561.78,165.98,0.0557,534.75,221.77,0.9964,592.19,207.93,0.989,462.04,223.68,0.999,600.65,244.73,0.7099,398.33,183.9,0.9959,558.93,232.42,0.3187,558.27,343.02,0.9152,597.63,333.09,0.8417,522.68,419.04,0.1396,567.85,397.85,0.0468,528.84,463.6,0.0121,573.15,442.41,0.0081
114,16.2857,1,528.86,307.97,761.12,880.34,0.9166,565.43,409.47,0.6546,565.52,399.19,0.7029,570.6,394.84,0.0085,593.16,387.55,0.9478,615.1,376.73,0.011,643.76,447.22,0.9986,657.94,398.87,0.9862,666.55,568.11,0.9971,641.76,477.59,0.9544,590.48,582.53,0.9954,583.43,526.69,0.9825,654.17,626.73,0.9934,678.48,602.52,0.9874,665.01,749.02,0.991,706.94,705.6,0.9875,676.76,845.76,0.9622,723.88,806.25,0.9723
114,16.2857,17,374.84,128.02,614.43,336.33,0.7807,518.57,173.54,0.9492,527.44,169.44,0.9622,527.38,165.06,0.1272,550.44,183.87,0.9774,564.49,170.49,0.0299,536.29,223.26,0.9966,595.8,211.55,0.9815,463.86,227.48,0.9987,591.18,240.78,0.5679,400.52,191.22,0.9954,532.89,213.24,0.2968,548.81,349.32,0.9057,589.18,339.41,0.7904,510.31,422.35,0.116,546.71,402.32,0.0345,519.81,464.95,0.0101,554.6,446.29,0.0065
115,16.4286,1,529.1,293.81,764.37,880.7,0.9127,565.59,394.28,0.299,564.12,384.62,0.3689,575.42,378.86,0.0054,583.4,380.63,0.942,626.45,365.48,0.0531,644.47,452.42,0.9991,658.64,398.77,0.9902,664.67,572.19,0.998,642.17,480.37,0.9671,590.35,583.39,0.9966,582.93,527.33,0.9821,654.19,629.01,0.996,680.46,602.31,0.9926,664.57,750.46,0.9924,706.61,706.81,0.9905,675.42,847.47,0.9658,723.3,805.21,0.977
115,16.4286,17,380.13,129.3,617.07,332.23,0.7315,518.25,174.17,0.9624,527.92,170.78,0.9737,526.91,164.88,0.1722,552.29,185.42,0.9776,562.29,168.48,0.0314,539.99,220.58,0.9959,593.4,205.96,0.9851,465.13,226.29,0.9987,586.8,237.31,0.6045,402.82,191.4,0.9953,511.82,209.49,0.2906,547.96,337.95,0.8965,585.51,326.87,0.7965,510.45,422.44,0.1768,554.49,404.54,0.0625,520.06,480.66,0.0205,561.11,463.08,0.0143
116,16.5714,1,527.79,289.05,763.06,880.68,0.9039,564.28,388.59,0.3288,563.73,379.23,0.393,574.68,373.26,0.0065,582.7,379.04,0.9455,626.52,362.94,0.0667,642.91,453.03,0.9991,656.41,398.8,0.9902,663.04,572.55,0.9981,636.92,479.41,0.9538,590.35,583.77,0.9967,582.28,529.79,0.9726,654.38,627.06,0.9964,681.47,600.51,0.9937,663.63,747.6,0.993,705.95,704.9,0.9927,674.93,846.9,0.9641,723.71,805.47,0.9801
116,16.5714,17,365.82,128.21,628.54,354.44,0.7034,518.82,176.11,0.954,528.59,172.24,0.9716,526.39,166.05,0.1645,553.5,185.74,0.9717,560.65,168.44,0.0298,543.45,221.47,0.9948,591.38,204.86,0.9745,465.93,226.14,0.9985,560.26,232.89,0.5763,404.94,191.69,0.9949,461.34,198.21,0.3127,544.98,343.72,0.9169,579.0,330.94,0.783,511.97,436.48,0.3885,544.25,417.36,0.1056,513.43,504.94,0.0626,540.61,486.62,0.0294
117,16.7143,1,527.95,287.14,762.05,880.45,0.9029,565.61,382.83,0.3459,566.05,374.38,0.4198,577.57,367.56,0.0062,585.57,378.66,0.9566,631.14,360.01,0.0636,645.86,455.59,0.9991,658.29,399.27,0.99,664.07,572.21,0.9982,639.6,481.86,0.9521,589.81,584.98,0.9971,583.27,530.69,0.9744,654.3,627.13,0.9968,680.94,599.35,0.9942,663.58,747.37,0.9935,707.22,702.73,0.9931,675.36,848.91,0.9691,723.99,804.2,0.9835
117,16.7143,17,357.9,127.78,641.03,373.6,0.6614,519.67,175.94,0.9227,528.5,172.19,0.9466,527.87,166.18,0.136,552.56,185.86,0.9662,563.86,168.92,0.0461,541.13,222.71,0.9946,595.8,204.81,0.9849,463.54,225.28,0.9987,586.58,235.6,0.6488,403.32,190.76,0.9952,508.9,210.53,0.2517,550.84,343.88,0.9381,587.98,331.64,0.8507,521.11,438.09,0.4816,560.59,417.09,0.1597,528.66,509.42,0.1051,558.63,490.08,0.0575
118,16.8571,1,529.91,288.72,761.54,880.37,0.9034,565.51,382.9,0.3414,565.71,373.96,0.4186,577.33,367.99,0.0053,583.99,378.79,0.9642,631.04,362.28,0.0544,647.01,456.54,0.9992,657.76,403.58,0.9892,664.07,572.98,0.9981,637.88,480.97,0.9522,589.64,583.32,0.9971,584.76,530.73,0.9786,655.06,627.94,0.9971,680.98,601.42,0.9946,663.45,746.67,0.9937,706.87,702.43,0.9929,674.86,849.19,0.9699,724.31,804.78,0.983
118,16.8571,17,346.49,127.16,650.82,395.37,0.5324,520.47,177.42,0.8686,528.19,173.03,0.9034,528.67,167.84,0.0801,552.89,185.21,0.9534,567.02,170.37,0.0403,543.43,222.91,0.9947,597.91,204.09,0.9732,461.31,225.32,0.9987,569.89,232.39,0.5601,401.48,190.98,0.9944,482.23,204.88,0.2093,558.88,348.14,0.9493,598.59,335.9,0.835,527.07,452.99,0.6914,573.69,432.4,0.2254,539.26,535.88,0.2499,576.55,516.42,0.113
119,17.0,1,528.03,289.22,758.42,879.33,0.8948,568.08,380.86,0.1534,566.65,372.49,0.2219,581.46,366.59,0.004,582.77,377.98,0.9376,638.58,361.48,0.1135,642.55,455.7,0.9991,660.38,403.41,0.9885,657.15,571.24,0.9978,631.8,477.66,0.9451,586.57,583.26,0.996,579.4,529.5,0.9696,652.81,631.0,0.9974,683.12,605.63,0.9944,664.35,750.55,0.9941,706.63,708.36,0.9919,677.96,848.7,0.9726,723.7,807.2,0.9809
119,17.0,17,337.59,126.54,659.99,416.63,0.5321,523.35,173.91,0.6911,529.79,170.51,0.7358,533.94,165.13,0.0484,549.14,183.85,0.9271,574.67,168.4,0.0739,542.32,220.82,0.9933,596.56,203.09,0.9746,470.31,226.31,0.9985,584.76,233.21,0.6271,405.29,190.32,0.994,525.45,213.12,0.2388,562.81,343.99,0.9603,601.96,332.63,0.8957,536.04,446.63,0.7125,574.58,423.34,0.3235,545.17,529.88,0.2888,576.87,507.01,0.1995
119,17.0,19,577.31,23.65,681.89,316.48,0.4306,589.67,73.86,0.5668,589.85,66.67,0.7187,590.58,66.71,0.1094,599.89,58.42,0.8793,613.6,57.97,0.1176,611.4,82.32,0.9773,643.46,68.2,0.8462,610.53,129.92,0.6368,666.85,103.68,0.2035,600.25,141.7,0.2529,645.2,113.59,0.113,635.74,169.67,0.9394,661.68,161.93,0.9011,640.3,247.01,0.8747,663.92,231.95,0.8709,650.13,320.97,0.8021,667.71,307.08,0.853
120,17.1429,1,525.11,288.43,755.48,878.71,0.9008,561.31,379.59,0.2868,561.72,370.87,0.3311,572.9,366.05,0.0052,583.72,377.2,0.9421,626.06,362.84,0.0575,642.96,457.36,0.9991,646.83,405.94,0.9914,657.59,570.62,0.9978,617.43,480.8,0.9536,586.59,583.33,0.9964,571.02,532.18,0.9708,654.27,626.62,0.9974,675.37,602.01,0.9952,664.95,746.78,0.9944,704.95,705.45,0.9934,677.43,846.29,0.9747,725.12,806.09,0.9839
120,17.1429,17,339.54,127.17,657.8,417.99,0.561,524.66,173.9,0.7564,531.59,170.9,0.7985,535.11,165.33,0.0599,550.42,185.01,0.9332,575.23,169.29,0.0659,539.98,221.4,0.9922,596.11,206.57,0.9745,467.97,225.32,0.9983,588.65,231.74,0.6194,404.88,187.57,0.9936,530.57,205.61,0.2363,552.35,344.55,0.9384,592.88,334.12,0.8587,515.23,437.11,0.4583,557.28,418.46,0.1633,518.1,512.26,0.1051,553.4,492.71,0.0699
120,17.1429,19,577.48,23.44,681.68,315.64,0.5043,589.14,75.3,0.502,588.62,68.64,0.6805,591.09,67.74,0.0749,598.45,59.5,0.9065,615.37,57.19,0.102,611.85,81.9,0.9805,644.31,66.76,0.8619,610.74,132.32,0.6644,670.14,105.75,0.2101,599.14,145.34,0.2183,647.61,112.77,0.0967,637.95,169.43,0.9381,662.93,161.49,0.8998,642.89,240.98,0.8667,665.08,227.59,0.858,652.88,313.2,0.8156,669.49,299.82,0.8572
121,17.2857,1,529.71,293.5,757.23,880.02,0.8924,562.23,380.36,0.2308,561.79,371.57,0.2919,574.21,366.91,0.0047,580.42,377.74,0.9463,627.13,364.02,0.0622,643.72,455.53,0.9991,645.92,407.02,0.9882,659.76,572.26,0.9982,623.03,482.88,0.918,588.63,585.55,0.9967,578.09,531.08,0.943,654.57,629.72,0.9977,672.93,606.19,0.9946,664.89,748.6,0.9941,703.67,710.02,0.9907,676.9,848.26,0.9705,726.09,807.72,0.9762
121,17.2857,17,357.19,128.68,638.4,384.94,0.6124,526.06,173.61,0.7721,533.52,170.55,0.8034,536.02,165.71,0.0608,552.08,185.5,0.949,574.04,171.26,0.069,542.52,221.06,0.9949,597.25,210.16,0.9807,466.23,224.47,0.9988,598.55,238.71,0.62,403.65,187.4,0.994,543.5,214.34,0.2034,564.11,343.3,0.9273,602.63,334.85,0.815,523.96,426.18,0.4609,569.03,407.3,0.1253,535.85,500.18,0.0918,576.65,479.37,0.0472
121,17.2857,19,575.5,22.18,681.75,322.15,0.4422,589.11,71.84,0.4148,588.92,64.8,0.59,591.49,63.89,0.0605,599.02,57.96,0.8861,618.16,55.44,0.1221,611.54,83.3,0.9778,647.58,70.77,0.8419,608.05,133.7,0.6204,668.01,111.61,0.1528,597.13,138.46,0.2205,639.65,117.9,0.0797,631.92,180.8,0.9355,660.54,173.25,0.8856,637.08,258.24,0.8698,661.13,244.36,0.8491,647.15,334.38,0.7955,668.31,320.24,0.8365
122,17.4286,1,531.2,294.51,757.52,880.87,0.8874,562.95,379.27,0.2773,563.26,370.92,0.3494,575.44,365.36,0.0055,582.77,377.91,0.9474,628.53,362.01,0.0555,644.13,456.41,0.9991,648.86,407.24,0.9879,662.49,572.82,0.9982,624.55,484.36,0.9075,588.27,586.38,0.9969,577.93,526.16,0.9316,653.38,631.14,0.9975,673.6,607.18,0.9942,664.08,749.33,0.994,704.48,710.45,0.9903,676.48,848.89,0.9695,726.29,807.46,0.9759
122,17.4286,17,360.66,127.45,635.12,378.48,0.609,527.36,173.14,0.7939,534.17,169.91,0.8273,538.02,165.66,0.0476,553.35,185.26,0.9569,578.86,172.5,0.0406,544.48,221.1,0.994,600.57,210.02,0.9743,466.95,221.83,0.9987,598.49,234.27,0.6202,405.91,184.09,0.9943,543.73,208.37,0.2454,557.4,345.06,0.9375,597.32,335.38,0.8249,509.36,429.59,0.5017,551.9,406.88,0.1293,519.04,502.36,0.0857,561.01,480.58,0.0411
122,17.4286,19,576.25,22.19,680.88,318.91,0.4062,590.62,71.65,0.3886,590.43,64.61,0.5675,592.39,64.17,0.0617,600.27,57.3,0.8674,617.22,55.99,0.1135,613.0,81.89,0.9712,644.89,71.13,0.8018,611.15,129.78,0.6154,663.16,108.03,0.153,599.08,131.17,0.2767,638.82,113.6,0.1164,631.83,170.82,0.93,657.92,164.17,0.8759,635.38,244.57,0.8631,658.85,230.9,0.8445,645.2,316.12,0.7754,665.1,302.63,0.8183
123,17.5714,1,532.45,296.13,756.95,879.67,0.8877,561.63,383.57,0.3219,561.91,374.49,0.3961,573.04,369.88,0.0051,581.52,379.65,0.9559,625.69,366.05,0.0448,641.41,455.69,0.9991,649.81,408.03,0.9884,662.63,572.37,0.9979,629.02,483.04,0.9318,589.22,586.6,0.9966,577.38,527.15,0.9626,652.71,631.71,0.9972,675.06,608.08,0.9941,664.95,751.03,0.9924,705.05,709.95,0.9896,675.07,849.25,0.9581,726.52,806.83,0.9709
123,17.5714,17,363.58,127.5,633.35,375.01,0.609,528.41,173.39,0.7923,535.25,170.07,0.827,539.11,165.75,0.0431,554.7,185.39,0.9552,580.27,172.52,0.0369,545.58,220.91,0.9939,601.02,209.86,0.9679,466.9,221.38,0.9988,594.76,232.1,0.5844,406.28,184.01,0.9943,532.84,202.66,0.2269,559.03,344.08,0.9278,598.93,334.67,0.794,513.29,429.56,0.4634,552.94,407.54,0.1135,521.81,502.83,0.0614,561.57,481.89,0.029
124,17.7143,1,529.35,296.9,753.62,878.62,0.8893,565.27,384.43,0.3345,565.31,375.31,0.3971,576.81,370.35,0.0055,584.39,380.06,0.9564,629.61,365.82,0.0513,644.23,457.09,0.9991,650.04,407.52,0.9902,664.6,572.59,0.998,621.56,478.62,0.9297,590.33,586.3,0.9968,566.61,516.58,0.9509,652.79,631.45,0.9971,674.72,607.36,0.9942,665.3,750.82,0.9931,705.99,709.84,0.9907,674.64,850.02,0.9578,726.31,807.07,0.9717
124,17.7143,17,368.79,128.42,628.92,366.54,0.6197,528.48,174.51,0.8211,535.4,170.76,0.8494,538.39,166.51,0.0525,555.35,184.76,0.9556,578.35,172.17,0.0395,545.91,220.87,0.9939,601.42,210.39,0.9746,467.82,221.23,0.9986,594.25,234.16,0.6085,407.54,183.73,0.9939,532.19,205.87,0.2379,559.51,344.19,0.9062,598.62,335.06,0.7693,511.45,428.25,0.3598,550.61,409.41,0.0882,516.54,498.09,0.0469,555.73,478.54,0.0232
124,17.7143,19,578.58,21.27,678.28,304.79,0.4087,592.42,69.17,0.5691,593.22,61.65,0.7474,592.03,62.72,0.1222,603.76,54.17,0.8938,611.45,56.45,0.0896,617.48,77.68,0.9658,634.77,71.98,0.7637,614.39,123.45,0.59,646.42,108.66,0.1273,600.66,130.03,0.3237,627.37,118.14,0.1251,633.11,161.47,0.9314,648.32,157.46,0.8662,635.93,228.13,0.8594,652.9,217.94,0.7976,645.69,292.33,0.7492,656.33,282.32,0.728
125,17.8571,1,529.72,299.65,753.39,879.51,0.8884,569.89,381.44,0.2146,569.47,372.94,0.2788,582.67,367.47,0.0044,585.09,380.07,0.9536,636.9,364.65,0.0823,647.53,457.46,0.9991,653.61,407.9,0.9885,666.63,572.81,0.998,622.59,477.07,0.9107,589.14,585.96,0.9968,569.53,521.52,0.9415,653.49,631.96,0.9973,676.04,607.9,0.9942,665.7,751.36,0.9928,706.1,710.9,0.9897,674.52,849.58,0.9533,726.92,807.5,0.9673
125,17.8571,17,365.24,128.06,633.13,373.97,0.6305,525.06,174.76,0.8379,531.86,171.13,0.8699,535.3,166.7,0.0446,553.74,185.35,0.963,576.9,172.39,0.0278,545.82,221.82,0.9946,600.08,210.29,0.9765,467.38,221.98,0.9988,594.94,235.41,0.6405,407.22,185.83,0.9953,544.25,212.84,0.2582,558.63,344.71,0.924,597.47,335.41,0.7968,514.53,428.54,0.4405,553.4,409.47,0.1099,518.6,500.94,0.0704,557.52,480.96,0.0332
125,17.8571,19,579.29,20.24,677.75,300.26,0.4074,591.61,68.26,0.5574,592.3,60.85,0.7362,591.44,61.96,0.1287,602.51,53.63,0.8827,610.72,55.92,0.0934,617.33,76.01,0.9593,632.11,70.88,0.7532,614.43,121.83,0.5818,643.64,106.53,0.1412,602.09,130.66,0.3586,628.87,117.77,0.1586,634.16,157.82,0.9292,647.19,154.26,0.8665,637.17,224.41,0.8759,653.36,214.15,0.8207,646.85,289.09,0.7978,656.76,279.53,0.7764
126,18.0,1,533.72,299.25,756.49,880.38,0.8858,575.51,383.35,0.1511,573.88,375.11,0.2225,588.97,369.03,0.0044,585.08,382.26,0.9522,643.92,365.46,0.1405,643.46,462.17,0.9992,658.44,410.03,0.9901,662.69,576.48,0.9983,631.44,486.98,0.9463,587.54,584.7,0.9968,580.93,527.42,0.9646,652.8,631.23,0.9975,680.78,606.36,0.9945,665.07,753.77,0.9941,708.09,710.83,0.9908,674.9,853.03,0.9708,729.67,806.73,0.9782
126,18.0,17,359.67,131.0,636.57,386.49,0.6023,524.79,173.7,0.795,530.98,170.04,0.8294,534.88,166.1,0.0511,550.01,184.15,0.9626,575.41,172.02,0.0588,545.51,220.73,0.996,601.14,208.07,0.9836,468.07,222.53,0.9989,595.83,239.04,0.6609,407.69,186.56,0.9956,533.86,216.06,0.276,560.58,341.56,0.9421,598.84,331.05,0.8415,521.73,429.55,0.552,554.64,406.45,0.1813,526.2,502.55,0.1308,554.78,483.42,0.0738
127,18.1429,1,535.47,298.85,756.75,879.06,0.8865,577.36,380.7,0.1467,576.37,372.98,0.2046,590.87,366.74,0.0049,587.73,381.87,0.9446,644.72,364.5,0.1573,643.73,462.64,0.9992,657.94,410.74,0.9903,662.49,576.04,0.9983,630.63,486.26,0.9413,588.55,583.75,0.9967,581.66,529.25,0.9598,652.58,630.38,0.9975,680.52,605.75,0.9945,665.53,752.98,0.9941,709.63,709.52,0.9908,676.25,852.25,0.9719,729.62,805.63,0.9794
127,18.1429,17,348.75,131.43,645.46,409.04,0.5535,524.33,174.04,0.8394,530.94,170.08,0.8759,533.75,166.05,0.0615,550.52,183.54,0.9655,573.17,171.12,0.0545,545.42,220.42,0.997,601.54,206.84,0.9798,469.23,222.9,0.999,589.3,239.3,0.57,407.4,186.52,0.9956,518.81,216.27,0.2487,563.36,342.0,0.9563,602.05,331.11,0.8619,532.96,435.57,0.7043,564.09,411.52,0.2897,536.79,514.64,0.2612,562.45,494.54,0.1592
127,18.1429,31,687.88,572.77,842.39,889.82,0.7585,830.9,699.37,0.0858,836.19,683.7,0.0585,831.34,684.87,0.0303,830.73,699.77,0.2634,842.08,702.58,0.1003,781.54,833.32,0.5918,803.97,830.72,0.0865,743.69,890.0,0.0387,764.52,883.87,0.0022,754.75,870.38,0.0265,767.01,871.57,0.0064,770.94,870.84,0.0031,795.84,871.35,0.0012,750.67,855.78,0.0056,771.87,848.49,0.0028,771.04,870.02,0.0032,760.21,848.74,0.0023
128,18.2857,1,536.65,302.27,755.63,879.33,0.881,582.14,384.52,0.1332,581.03,376.58,0.1773,594.74,370.71,0.0059,590.91,384.0,0.9263,646.16,367.71,0.2022,643.28,462.43,0.9991,660.38,411.76,0.9884,661.44,576.71,0.9981,632.62,488.98,0.9153,588.44,583.81,0.9962,583.46,530.52,0.9353,652.56,631.27,0.9972,681.73,606.87,0.9929,664.76,753.25,0.9937,708.31,709.4,0.9874,676.17,853.71,0.9731,729.2,806.21,0.9764
128,18.2857,17,334.17,131.19,658.64,441.87,0.6031,523.44,172.22,0.8892,531.12,168.67,0.915,532.59,164.04,0.0905,550.85,183.25,0.9676,569.8,169.47,0.0511,546.02,220.13,0.9964,597.33,205.85,0.9813,473.77,226.78,0.9987,584.09,241.17,0.5734,409.11,190.33,0.9961,519.77,223.64,0.2866,560.22,343.74,0.9658,595.31,332.34,0.9064,537.76,436.37,0.8046,564.26,410.95,0.4744,542.66,520.37,0.4226,566.07,496.47,0.3398
128,18.2857,31,676.04,535.39,845.0,889.95,0.7871,821.98,660.39,0.1239,827.58,644.02,0.1561,825.22,644.39,0.0194,835.05,654.96,0.3124,845.0,654.56,0.0215,802.3,792.35,0.702,822.06,785.24,0.0276,755.17,890.0,0.1426,775.41,881.16,0.0019,740.47,864.51,0.0566,756.8,862.07,0.0089,797.8,881.57,0.0033,812.55,878.57,0.0007,758.19,860.09,0.0096,778.48,848.98,0.0045,764.39,873.7,0.0023,761.53,862.76,0.0015
128,18.2857,19,584.18,8.64,686.36,300.76,0.4778,597.32,53.43,0.7193,599.48,46.7,0.8343,595.96,48.07,0.1798,615.15,38.38,0.8208,607.6,41.01,0.0276,638.74,59.76,0.9778,618.88,55.56,0.5733,643.39,108.52,0.8049,621.6,89.94,0.0504,612.6,113.31,0.6408,616.04,106.48,0.0894,651.68,145.23,0.9404,638.16,142.77,0.7596,657.75,217.55,0.9104,649.82,208.96,0.6498,665.91,279.83,0.8485,660.23,276.1,0.61
129,18.4286,1,536.26,301.91,754.06,878.67,0.8829,582.05,386.56,0.1495,581.05,377.77,0.191,593.1,372.73,0.0051,592.24,382.78,0.9287,641.9,368.79,0.1471,645.38,460.17,0.999,656.53,411.62,0.9898,662.7,576.28,0.9977,630.01,486.73,0.9472,588.65,584.43,0.9958,580.38,529.85,0.9656,652.78,633.67,0.9968,677.68,610.58,0.9928,666.02,756.0,0.9905,706.03,715.09,0.9832,676.41,852.6,0.9529,727.72,808.06,0.9587
129,18.4286,17,329.21,130.02,663.18,457.0,0.5964,523.42,173.8,0.8908,530.72,169.46,0.9164,531.89,165.45,0.0922,551.03,182.58,0.9689,568.72,170.5,0.0547,544.93,220.83,0.997,598.31,209.81,0.982,469.03,228.98,0.9989,591.2,249.4,0.5694,407.66,192.39,0.9965,535.34,234.35,0.272,552.54,351.58,0.9671,588.1,341.6,0.9012,532.34,448.6,0.8267,556.91,425.96,0.489,539.37,530.53,0.4454,559.95,510.61,0.3405
129,18.4286,31,681.4,496.13,845.0,890.0,0.8033,799.16,599.53,0.1848,802.92,586.09,0.3279,807.02,586.23,0.0105,819.28,607.89,0.6126,845.0,605.61,0.0072,814.85,756.78,0.6898,830.66,738.48,0.0339,767.19,885.5,0.2343,788.95,854.94,0.0052,762.49,835.98,0.1119,782.29,815.65,0.0191,811.09,886.71,0.0116,820.38,878.32,0.003,772.2,866.27,0.0153,784.64,853.62,0.006,788.94,864.18,0.0023,783.78,854.58,0.0011
129,18.4286,19,586.4,6.42,688.82,300.61,0.5665,599.78,50.5,0.7925,602.53,44.4,0.8911,597.9,45.94,0.3026,618.87,36.84,0.8574,602.69,40.58,0.0263,648.89,52.48,0.9815,603.8,59.36,0.6942,667.78,94.56,0.8555,598.95,101.14,0.0768,649.41,93.69,0.7846,606.43,123.97,0.1564,657.97,136.15,0.9715,626.71,138.3,0.8609,667.07,206.95,0.9707,632.67,205.88,0.7828,673.27,274.33,0.9383,642.56,272.36,0.6981
130,18.5714,1,536.46,301.73,752.92,878.0,0.8852,581.67,385.86,0.1522,580.76,377.02,0.1886,592.13,372.16,0.0047,592.69,381.43,0.9289,639.87,367.75,0.1322,646.35,459.63,0.999,656.67,408.27,0.9905,664.38,575.79,0.9976,630.82,482.79,0.9609,590.55,583.08,0.9958,581.23,528.61,0.9779,652.59,631.77,0.9966,676.9,607.74,0.9928,665.41,754.2,0.9894,707.29,713.27,0.9823,676.84,850.79,0.9461,729.93,807.96,0.9517
130,18.5714,17,339.88,129.71,670.1,462.96,0.6792,521.15,172.83,0.8873,529.61,169.03,0.9067,529.91,163.88,0.1321,548.22,182.2,0.9672,564.99,167.57,0.0596,543.53,221.41,0.9949,599.64,209.83,0.9836,473.02,234.87,0.998,598.59,248.45,0.5825,424.51,184.98,0.9942,553.2,240.45,0.2772,549.52,350.75,0.9671,591.94,342.6,0.9288,530.62,444.87,0.8206,562.87,428.82,0.5601,544.06,525.67,0.3958,564.73,511.75,0.305
130,18.5714,31,689.15,475.36,845.0,890.0,0.8585,775.52,589.56,0.1183,777.36,577.68,0.3849,787.66,575.11,0.0033,799.28,599.61,0.8528,843.86,589.55,0.0067,804.76,746.7,0.9138,842.38,709.44,0.0404,769.48,886.31,0.379,810.64,822.35,0.0037,788.16,850.65,0.0762,793.43,765.0,0.0127,814.79,890.0,0.0138,840.65,877.69,0.0026,782.81,878.99,0.0102,801.17,864.16,0.0048,808.98,870.98,0.0013,811.21,865.06,0.0007
130,18.5714,19,588.15,17.38,686.37,297.25,0.5453,596.39,70.95,0.9412,597.88,64.91,0.9693,593.09,66.91,0.3524,613.37,56.17,0.9483,599.02,62.06,0.0134,641.33,70.83,0.9828,609.47,78.18,0.9081,659.65,108.73,0.7644,618.69,119.22,0.3674,641.8,116.18,0.5754,620.62,125.01,0.407,658.57,142.81,0.9692,638.37,145.28,0.9308,666.8,210.58,0.9669,648.76,206.12,0.9003,674.35,276.43,0.9156,658.32,272.21,0.8028
131,18.7143,1,534.27,300.99,749.1,878.54,0.8843,582.65,385.39,0.1691,581.64,376.91,0.2113,592.86,371.85,0.0058,594.28,381.17,0.9228,639.07,366.78,0.1336,646.31,461.13,0.9989,656.59,409.55,0.9886,663.47,574.94,0.9976,631.47,484.58,0.9618,590.94,585.29,0.9948,581.64,528.2,0.9746,654.15,636.89,0.9946,675.4,614.15,0.9866,668.23,761.07,0.98,706.18,728.65,0.9503,677.08,850.62,0.8685,726.68,819.25,0.7935
131,18.7143,31,682.76,455.52,845.0,888.28,0.8138,727.43,577.4,0.2477,726.5,566.62,0.6071,744.29,563.03,0.0034,756.41,590.76,0.9586,824.69,575.33,0.0114,781.74,736.66,0.9622,845.0,667.34,0.1566,761.15,878.78,0.3356,820.88,744.13,0.0061,770.97,857.35,0.0913,768.0,687.75,0.0308,800.64,890.0,0.0226,845.0,864.83,0.0083,766.05,878.14,0.0124,797.97,851.25,0.0117,806.55,868.15,0.0022,811.26,850.55,0.0017
131,18.7143,19,587.28,21.25,683.87,294.02,0.5513,597.84,71.12,0.9685,600.43,65.08,0.9849,594.18,66.34,0.4621,617.63,57.17,0.9628,599.09,61.06,0.0111,641.64,76.84,0.9885,608.88,74.95,0.9104,646.63,123.69,0.8809,613.02,113.51,0.3296,620.46,123.07,0.7421,619.11,113.38,0.3461,653.82,147.16,0.9639,632.34,146.26,0.8982,661.98,212.56,0.9572,640.91,206.77,0.8318,671.08,278.19,0.8928,653.2,270.84,0.7032
132,18.8571,1,529.82,302.97,740.57,877.09,0.8818,582.7,386.12,0.177,582.35,377.89,0.2504,592.43,373.58,0.007,598.42,381.76,0.9224,635.09,369.53,0.0883,655.85,455.72,0.9972,645.62,413.5,0.9769,668.24,570.62,0.9938,622.08,483.92,0.9319,593.74,587.69,0.9912,577.98,529.56,0.9623,657.67,632.48,0.9916,660.23,613.71,0.981,666.52,760.5,0.9867,678.2,737.75,0.9725,673.48,849.77,0.9247,693.08,833.22,0.8916
132,18.8571,31,661.56,449.25,845.0,889.32,0.8851,688.75,572.62,0.1424,688.0,563.56,0.4849,708.19,553.48,0.003,714.13,584.27,0.9529,792.3,554.31,0.0409,749.57,729.76,0.9878,845.0,620.94,0.2541,755.73,880.17,0.6453,808.72,691.68,0.0359,750.0,862.49,0.07,715.21,647.6,0.1062,786.2,890.0,0.1392,845.0,861.07,0.0661,727.54,890.0,0.0062,777.55,850.76,0.0082,770.67,861.49,0.0012,806.59,846.42,0.0008
132,18.8571,19,582.8,20.74,681.18,297.96,0.482,594.13,69.35,0.9269,596.04,62.33,0.9607,591.14,64.61,0.2551,612.85,54.71,0.9487,599.76,60.7,0.0134,638.54,75.98,0.9858,610.9,74.99,0.8078,639.76,125.17,0.928,608.0,108.42,0.2234,613.48,115.57,0.8846,606.3,104.42,0.3206,644.84,157.67,0.9551,626.17,156.17,0.8343,651.15,222.1,0.9477,629.99,215.42,0.7523,665.75,283.66,0.8301,642.69,273.58,0.5669
133,19.0,1,525.13,300.13,730.84,873.05,0.5613,582.01,378.1,0.2732,584.67,371.63,0.2977,591.92,366.19,0.0233,601.96,380.43,0.9049,626.96,366.71,0.1074,655.79,445.0,0.9874,633.7,414.29,0.9778,641.46,536.91,0.9697,614.55,480.95,0.9594,593.5,585.15,0.9704,578.57,526.51,0.9778,644.27,610.07,0.9621,630.24,592.69,0.9521,653.6,744.44,0.9076,634.41,714.41,0.862,667.73,853.61,0.893,647.51,821.99,0.9137
133,19.0,31,628.94,443.84,838.79,889.63,0.8808,629.31,568.19,0.2027,632.97,560.99,0.4776,648.2,548.6,0.0039,664.18,580.36,0.949,731.52,543.31,0.0841,696.44,707.28,0.9951,811.62,596.94,0.8841,708.41,860.01,0.8096,785.34,658.65,0.2633,704.49,890.0,0.0581,658.74,623.99,0.1839,736.9,890.0,0.5952,825.35,846.48,0.6269,695.72,888.47,0.0067,766.3,849.89,0.0266,722.97,878.17,0.0014,785.71,866.58,0.002
134,19.1429,31,594.46,444.77,808.68,889.77,0.9093,581.67,560.28,0.8307,591.3,551.94,0.9299,598.81,540.24,0.0093,637.16,571.1,0.9719,679.78,534.15,0.0113,671.98,688.25,0.9973,766.8,579.39,0.9113,674.3,853.37,0.8819,695.76,631.97,0.5084,662.34,890.0,0.1227,594.87,603.22,0.5726,714.49,890.0,0.4962,794.38,845.75,0.5518,650.87,876.64,0.0052,725.06,834.69,0.0265,680.45,871.41,0.0012,737.52,861.77,0.0023
135,19.2857,31,561.08,437.34,782.33,889.92,0.8968,545.82,554.37,0.9598,556.16,541.95,0.9853,556.88,533.49,0.0391,607.59,550.17,0.9829,627.35,522.41,0.0051,638.01,663.38,0.9976,738.13,571.6,0.9395,636.08,829.32,0.9593,743.47,658.11,0.1881,588.49,890.0,0.3987,656.41,665.55,0.1585,682.54,882.99,0.5703,757.23,835.87,0.585,608.39,878.73,0.0057,692.87,847.02,0.0194,627.57,870.23,0.001,707.23,866.95,0.0013
135,19.2857,19,595.89,3.2,683.65,251.55,0.4833,611.13,27.11,0.9434,614.75,21.84,0.9656,607.83,22.48,0.4568,629.51,16.75,0.9468,609.29,19.04,0.0213,651.69,38.35,0.9921,614.92,39.43,0.8307,663.27,79.17,0.9717,608.25,75.51,0.1165,646.95,87.38,0.9483,619.06,85.73,0.1385,658.09,118.56,0.971,633.89,118.51,0.8225,665.11,177.4,0.9442,645.98,175.84,0.4825,669.67,231.83,0.9458,655.32,228.24,0.61
135,19.2857,1,570.02,301.02,701.04,627.69,0.6947,573.7,367.6,0.3376,578.17,363.41,0.3457,584.41,356.8,0.025,600.22,374.94,0.897,617.41,356.72,0.0458,657.07,432.94,0.9849,602.73,389.81,0.9711,669.6,522.32,0.689,561.15,436.75,0.7179,635.49,536.07,0.134,538.57,447.99,0.4096,667.03,564.0,0.6042,628.29,538.96,0.6445,627.91,628.47,0.0307,573.72,597.98,0.0311,668.85,655.14,0.0109,608.99,628.92,0.0111
136,19.4286,31,526.46,424.59,755.45,889.98,0.8727,529.5,551.52,0.9367,537.23,539.18,0.9815,539.13,529.28,0.0187,590.89,539.65,0.9841,609.08,510.68,0.0026,625.19,646.64,0.9982,700.4,555.46,0.9401,619.01,802.95,0.9824,697.63,623.59,0.2531,573.59,870.8,0.7829,622.37,610.44,0.2465,648.26,866.94,0.7912,705.28,822.9,0.7394,594.96,886.41,0.0089,649.69,859.48,0.0204,604.11,869.94,0.0012,670.25,862.24,0.0013
136,19.4286,19,596.5,0.39,682.26,243.7,0.6578,613.13,27.91,0.9846,617.55,22.65,0.9922,608.57,23.47,0.8447,631.05,19.1,0.9624,606.28,21.92,0.0479,649.4,40.52,0.992,610.94,44.45,0.9023,661.73,81.36,0.9737,610.07,83.71,0.2625,646.25,97.96,0.9534,624.12,100.25,0.2766,655.82,118.32,0.9731,630.16,120.25,0.8682,663.37,177.71,0.9553,642.17,178.42,0.5965,667.16,230.87,0.9211,650.91,229.54,0.5392
136,19.4286,1,585.59,290.94,714.35,596.11,0.7379,571.53,365.26,0.089,573.64,357.87,0.1408,584.88,351.97,0.0076,590.5,370.29,0.902,630.1,353.44,0.0927,662.63,435.46,0.9937,623.03,406.9,0.868,709.85,537.94,0.91,606.56,507.73,0.1089,721.59,610.61,0.4078,598.56,572.28,0.0365,667.8,617.78,0.7346,641.11,599.09,0.4685,655.82,727.93,0.0348,623.06,698.45,0.0162,681.72,772.64,0.0066,648.85,751.41,0.0054
137,19.5714,31,499.01,410.14,735.35,890.0,0.8553,509.68,527.67,0.9844,520.2,514.6,0.9933,514.91,508.2,0.0895,576.29,517.94,0.9871,566.03,497.57,0.0015,615.65,627.62,0.9978,655.72,546.66,0.8893,613.27,776.05,0.9899,680.96,622.26,0.1124,587.46,861.9,0.9379,650.98,677.59,0.1724,635.4,846.81,0.8818,661.81,806.76,0.7921,598.8,888.52,0.0222,634.42,856.51,0.0343,621.87,854.76,0.0017,662.27,847.42,0.0018
137,19.5714,19,597.78,0.0,682.74,241.69,0.5833,613.68,28.52,0.9645,618.85,23.83,0.9773,609.9,23.29,0.6948,633.13,20.71,0.9324,608.18,19.85,0.0459,648.61,43.68,0.9922,612.24,40.58,0.8533,664.73,85.97,0.9776,613.22,79.68,0.1842,644.28,105.67,0.9531,626.18,100.33,0.1963,654.93,117.59,0.962,630.3,116.56,0.7883,662.64,176.62,0.9465,642.8,174.56,0.4987,667.73,232.04,0.9164,652.13,227.51,0.4844
137,19.5714,1,578.3,283.07,730.51,638.03,0.4948,567.22,358.89,0.1145,570.29,350.84,0.1533,578.8,347.26,0.009,590.54,364.25,0.9431,617.74,352.54,0.0701,666.56,435.39,0.9965,597.22,410.75,0.902,707.18,536.63,0.9739,582.02,509.7,0.0937,719.11,622.74,0.7755,576.88,578.36,0.0341,666.2,628.17,0.9204,617.19,612.74,0.7025,671.58,772.45,0.2291,608.32,747.48,0.0476,691.35,834.52,0.0172,627.65,817.17,0.0061
138,19.7143,31,479.82,396.93,722.33,890.0,0.8441,508.76,528.49,0.9947,521.23,512.49,0.9987,503.07,506.43,0.5521,580.79,497.67,0.9858,530.17,482.55,0.0029,616.11,598.7,0.9969,607.74,544.89,0.8716,620.23,754.91,0.9929,625.58,651.53,0.0756,609.39,848.5,0.9689,607.51,736.24,0.0737,640.04,825.26,0.9038,631.97,797.86,0.754,629.03,890.0,0.0652,636.37,877.54,0.0355,668.46,862.49,0.0029,665.48,848.13,0.0016
138,19.7143,19,597.38,0.0,683.7,247.01,0.5918,615.94,32.48,0.9628,620.64,27.8,0.9752,612.2,27.47,0.6993,633.82,23.58,0.9232,610.37,23.19,0.0526,649.76,44.96,0.9934,611.09,42.08,0.8046,667.75,84.44,0.9858,606.65,80.45,0.1094,646.65,109.94,0.9695,620.67,105.99,0.1332,652.44,120.49,0.9636,626.15,119.71,0.7518,660.92,179.81,0.9481,635.47,178.16,0.4591,665.46,235.72,0.9023,645.59,233.13,0.4157
138,19.7143,1,554.53,276.67,764.72,784.21,0.8218,587.43,351.8,0.1194,587.53,342.35,0.2148,597.66,339.73,0.0113,602.79,352.32,0.918,641.8,343.18,0.1047,652.29,437.55,0.993,645.55,407.51,0.8169,701.71,541.56,0.9544,659.42,497.48,0.0678,700.88,644.55,0.8295,666.84,602.47,0.0441,658.32,617.96,0.9604,658.54,603.12,0.739,656.66,735.95,0.8675,665.21,714.31,0.2961,680.12,825.9,0.6053,685.86,808.14,0.1532
138,19.7143,37,486.49,124.28,623.5,428.12,0.535,548.41,170.55,0.8107,554.29,163.73,0.8615,552.56,161.68,0.108,574.46,172.23,0.9362,581.78,164.87,0.0646,572.32,221.58,0.9933,585.73,205.57,0.9316,501.79,232.72,0.9761,520.77,222.51,0.6303,533.99,193.79,0.9212,553.01,194.48,0.503,559.63,337.07,0.946,571.46,327.37,0.8435,528.6,423.08,0.6094,543.17,403.67,0.2635,531.28,495.59,0.2187,543.44,479.28,0.1193
139,19.8571,31,469.23,385.96,716.16,890.0,0.83,511.65,525.43,0.993,525.91,508.59,0.9981,502.34,503.7,0.7477,582.47,492.66,0.9772,518.47,481.04,0.0083,618.76,594.22,0.9959,583.32,547.79,0.8831,630.57,746.98,0.9931,599.28,659.33,0.0972,614.19,849.16,0.9734,586.18,757.31,0.0863,630.87,828.14,0.9208,607.79,803.94,0.8061,631.45,890.0,0.0502,628.9,873.01,0.0288,666.53,860.46,0.003,653.06,846.61,0.0017
139,19.8571,19,595.89,0.0,680.99,242.51,0.6894,617.71,34.95,0.9835,622.84,30.31,0.9888,613.7,29.93,0.8831,635.46,26.37,0.9408,610.52,26.03,0.1051,651.07,47.27,0.9961,608.16,46.63,0.9122,668.62,85.78,0.9935,592.81,83.43,0.1818,649.94,110.71,0.9846,598.85,103.66,0.1596,648.01,122.86,0.9758,619.51,122.37,0.8295,656.89,181.28,0.9545,623.43,177.85,0.4592,662.18,236.31,0.8855,632.81,232.33,0.352
139,19.8571,1,549.28,269.71,774.74,833.55,0.8319,590.77,341.45,0.2596,592.5,332.58,0.3943,601.07,330.33,0.014,610.65,345.84,0.9436,649.08,336.75,0.0657,639.11,434.07,0.994,663.01,401.34,0.8961,663.71,537.2,0.9527,688.8,486.52,0.192,669.21,625.98,0.8125,689.58,584.16,0.1044,663.9,602.22,0.9762,684.81,588.29,0.8715,672.82,723.86,0.9345,696.43,699.04,0.6105,693.94,818.36,0.8299,717.05,797.99,0.484
139,19.8571,37,490.18,120.77,626.38,422.47,0.5185,542.64,157.69,0.7759,548.2,152.52,0.8395,549.9,149.86,0.0575,568.01,165.16,0.9595,584.28,155.95,0.0399,575.4,216.1,0.9957,586.68,199.46,0.9125,503.13,233.87,0.9873,522.91,221.5,0.5771,530.03,192.44,0.9588,544.58,193.2,0.5346,567.42,325.03,0.9315,581.03,314.83,0.7569,534.32,403.6,0.5866,550.75,383.62,0.2117,539.66,476.67,0.2094,556.1,459.54,0.1052
140,20.0,31,460.05,375.74,709.8,890.0,0.8322,508.33,523.81,0.993,524.3,505.55,0.9984,496.68,503.6,0.8728,578.77,491.71,0.9772,504.95,486.57,0.0156,614.78,595.24,0.9958,560.87,558.18,0.9099,630.48,743.39,0.9922,573.19,674.29,0.2077,612.51,838.69,0.976,559.13,780.34,0.1465,619.86,817.21,0.9352,585.63,797.54,0.8418,635.95,890.0,0.0658,611.84,870.25,0.0349,669.58,868.5,0.0039,630.8,851.81,0.0022
140,20.0,19,594.0,0.0,680.73,247.19,0.6504,620.28,36.12,0.9792,625.97,31.68,0.9828,616.09,30.85,0.8968,637.81,27.87,0.9094,611.02,26.24,0.1673,653.02,49.92,0.9961,603.41,47.8,0.9222,670.33,88.0,0.9937,586.79,85.6,0.2163,650.66,113.11,0.9864,595.8,108.76,0.1949,648.5,126.41,0.9773,616.71,125.94,0.8386,658.91,185.91,0.9635,620.7,183.99,0.5054,664.3,241.89,0.9161,628.0,239.81,0.4041
140,20.0,1,553.48,270.61,778.87,853.3,0.8408,602.78,335.87,0.1862,604.28,327.7,0.2995,613.67,326.19,0.0133,621.37,343.56,0.9253,663.33,335.82,0.0978,639.1,438.1,0.9949,677.96,405.07,0.9433,658.46,553.4,0.9504,689.67,476.39,0.2374,644.19,636.64,0.7031,649.12,518.95,0.0679,659.59,606.1,0.9846,693.09,591.43,0.9434,667.54,726.48,0.9596,703.02,700.73,0.8815,687.65,824.6,0.861,720.31,807.69,0.7664
140,20.0,37,497.6,117.11,629.07,407.27,0.5239,545.44,166.79,0.7171,550.52,161.53,0.818,551.48,157.81,0.069,571.52,170.4,0.9479,583.44,159.72,0.0594,585.48,213.68,0.9951,592.22,196.65,0.863,508.13,235.28,0.9915,527.18,225.05,0.5005,523.79,179.85,0.9759,528.38,177.75,0.4982,580.76,334.95,0.9045,588.66,323.25,0.698,541.29,419.37,0.4995,551.74,397.3,0.213,544.95,485.39,0.0589,560.26,470.06,0.0414
141,20.1429,19,592.96,0.0,680.19,248.33,0.6359,620.62,37.68,0.989,626.45,33.1,0.9914,616.15,32.29,0.9453,638.28,29.09,0.9296,610.8,27.6,0.194,653.42,50.86,0.9962,602.97,48.47,0.9449,670.1,88.86,0.9939,586.02,84.97,0.2882,650.85,113.78,0.9881,597.15,109.72,0.2477,647.77,126.26,0.9801,615.46,125.7,0.8733,658.55,184.7,0.967,616.91,182.99,0.5606,663.72,241.68,0.924,624.36,238.54,0.4553
141,20.1429,1,557.05,268.97,778.73,860.9,0.84,606.74,334.53,0.2408,609.1,326.29,0.3643,616.34,324.46,0.0184,626.64,341.32,0.9167,663.03,333.07,0.0991,640.35,438.04,0.9957,681.08,403.62,0.9566,659.11,557.5,0.9598,684.43,470.75,0.3134,640.85,643.28,0.7013,636.01,485.44,0.0792,658.12,609.27,0.9855,694.01,593.53,0.9526,661.75,727.88,0.9486,702.69,700.73,0.8821,678.68,826.57,0.8382,722.55,808.28,0.7796
141,20.1429,37,502.66,117.5,629.18,394.66,0.5001,552.86,167.09,0.5653,556.38,161.01,0.703,560.71,157.62,0.0443,572.0,169.77,0.9498,597.02,160.12,0.0973,582.72,214.26,0.9967,606.02,200.23,0.8784,505.92,235.0,0.992,540.66,229.63,0.3645,519.94,188.01,0.9603,535.23,191.28,0.2569,586.45,331.58,0.9122,606.96,320.48,0.7095,542.38,408.56,0.4284,558.51,384.79,0.168,546.03,479.38,0.058,572.64,458.71,0.0455
142,20.2857,19,593.13,0.48,678.52,242.75,0.6159,617.38,38.65,0.9915,622.87,34.25,0.9953,613.67,33.36,0.9188,636.29,30.89,0.9691,610.78,29.55,0.083,652.37,51.35,0.9964,605.06,50.32,0.9533,669.19,88.63,0.994,589.74,86.63,0.3146,650.85,113.85,0.9883,600.83,109.51,0.2675,646.58,125.1,0.9802,615.75,124.82,0.8873,655.9,182.45,0.9629,617.83,180.69,0.5767,661.18,238.42,0.8875,625.73,235.54,0.3953
142,20.2857,1,557.82,268.27,775.77,864.22,0.8352,613.66,332.45,0.1451,614.65,324.99,0.2285,625.4,322.55,0.0104,630.77,341.04,0.8957,675.75,331.39,0.1241,644.09,438.71,0.9971,679.68,403.26,0.9783,660.91,556.81,0.9704,645.19,447.8,0.6325,645.52,631.88,0.7847,591.78,427.08,0.2703,663.34,604.04,0.9916,697.21,589.2,0.9755,670.37,718.23,0.9778,702.58,689.4,0.9557,691.64,824.28,0.9257,722.11,805.12,0.911
142,20.2857,37,500.57,112.52,638.84,414.51,0.4733,552.2,162.4,0.6195,556.74,156.61,0.7552,561.21,153.33,0.0471,576.28,168.43,0.9439,601.6,158.5,0.0678,582.15,216.91,0.9958,615.42,203.32,0.863,506.59,233.44,0.9891,552.17,231.43,0.424,534.02,178.14,0.9459,550.76,181.9,0.2917,588.0,337.02,0.933,618.55,326.98,0.7207,545.04,416.8,0.6433,579.9,396.87,0.2029,550.48,502.02,0.2041,590.86,478.9,0.0955
142,20.2857,31,450.06,382.27,694.9,888.43,0.8273,480.48,508.01,0.2106,480.0,496.43,0.3647,491.48,489.02,0.0068,508.28,497.28,0.9405,544.52,477.4,0.0292,591.82,610.52,0.9974,578.45,531.01,0.8537,611.77,748.63,0.9949,560.06,593.23,0.1247,598.36,846.82,0.9778,508.6,619.38,0.1358,584.99,819.89,0.966,579.22,780.93,0.9167,591.72,890.0,0.0598,593.56,860.68,0.0721,628.22,872.02,0.0033,633.59,849.79,0.0042
143,20.4286,19,592.99,1.26,677.99,243.45,0.6276,613.33,38.63,0.9902,618.65,34.03,0.9946,609.33,33.54,0.9028,631.96,30.21,0.9652,606.23,29.93,0.0663,648.05,50.54,0.9959,604.06,51.35,0.9098,664.31,87.75,0.993,592.95,88.61,0.2139,647.28,113.66,0.9858,600.79,112.62,0.2283,641.8,122.86,0.9754,612.62,123.03,0.8203,650.91,180.15,0.9585,613.69,179.34,0.4655,656.49,240.17,0.9004,623.81,236.45,0.3749
143,20.4286,1,563.93,266.86,778.07,868.88,0.8285,617.2,335.28,0.0989,619.7,327.0,0.2365,629.45,323.66,0.0111,635.8,341.54,0.8925,678.15,330.08,0.1197,647.17,436.12,0.9924,689.84,400.6,0.9132,651.67,549.82,0.9224,674.29,469.66,0.2557,625.65,558.98,0.5125,618.73,465.47,0.057,668.49,606.36,0.9874,700.82,592.87,0.9538,686.49,717.77,0.9798,701.47,697.05,0.9517,709.58,823.12,0.96,714.03,809.77,0.9433
143,20.4286,37,513.04,115.22,639.11,387.74,0.4984,550.12,170.63,0.8952,555.73,163.98,0.9382,556.53,161.49,0.1306,577.69,172.28,0.9775,593.87,163.06,0.0485,583.17,219.03,0.9963,614.27,200.9,0.9584,526.95,251.36,0.9827,564.14,237.61,0.5004,546.16,203.69,0.9152,555.65,205.23,0.3181,601.3,330.68,0.9383,627.39,319.21,0.847,561.37,410.3,0.6091,596.47,389.69,0.2604,574.21,481.81,0.1614,609.35,459.42,0.078
143,20.4286,39,515.76,250.94,627.0,500.82,0.5655,539.01,317.57,0.7879,544.09,311.67,0.8128,540.27,308.4,0.1134,570.1,310.96,0.9021,555.32,303.57,0.014,608.68,348.48,0.9767,552.34,330.64,0.9571,616.04,429.18,0.8607,546.82,408.1,0.5839,579.68,448.29,0.6072,565.3,434.07,0.2605,595.56,471.09,0.7482,558.0,460.09,0.6806,583.35,546.18,0.1543,548.32,535.71,0.1192,594.54,606.91,0.0251,567.55,599.98,0.0209
143,20.4286,31,448.78,384.27,690.18,887.5,0.8424,478.71,499.53,0.3008,477.34,487.92,0.4804,489.23,480.31,0.0091,502.41,490.7,0.9508,545.6,470.07,0.0428,574.61,609.24,0.9975,590.32,527.35,0.8891,586.33,752.85,0.9936,575.54,596.24,0.1518,581.57,859.22,0.9527,515.21,639.26,0.1424,591.08,831.36,0.9607,604.86,794.36,0.9307,596.76,890.0,0.0417,621.43,868.3,0.0819,628.38,868.69,0.0026,654.9,859.03,0.0036
144,20.5714,19,590.58,1.5,675.94,245.27,0.5601,609.45,37.2,0.9875,614.79,32.8,0.993,605.63,32.46,0.9122,627.36,30.46,0.9567,602.22,30.31,0.1002,643.63,50.05,0.9952,600.77,51.57,0.9191,659.58,84.87,0.99,589.49,85.06,0.2462,645.75,109.16,0.9813,591.96,107.34,0.255,639.23,121.07,0.9788,610.41,121.35,0.8673,649.21,178.91,0.9635,612.97,177.65,0.577,654.57,237.56,0.921,622.09,234.17,0.5033
144,20.5714,1,568.61,267.14,777.46,869.83,0.8339,619.74,336.07,0.088,621.35,327.65,0.2081,631.82,324.25,0.0107,636.74,340.89,0.8847,680.92,329.86,0.1345,651.26,435.17,0.9926,691.78,400.14,0.9241,655.28,548.82,0.9432,671.85,466.9,0.289,622.3,545.62,0.6576,612.8,459.68,0.0745,668.66,608.02,0.9897,701.52,594.15,0.9638,681.95,718.5,0.9834,704.29,696.95,0.9615,700.16,824.49,0.969,721.1,809.11,0.959
144,20.5714,37,520.09,115.91,646.91,390.94,0.5915,552.01,171.27,0.8456,557.48,166.22,0.899,558.92,162.4,0.1084,579.05,174.94,0.9612,593.94,163.13,0.0415,584.46,223.95,0.9928,614.64,198.29,0.927,546.88,275.94,0.9573,578.6,244.42,0.4223,553.24,214.71,0.8927,559.96,208.13,0.3844,595.41,335.09,0.9173,621.11,320.12,0.8102,560.06,417.1,0.6241,593.48,392.26,0.2867,571.5,491.05,0.2071,608.74,465.54,0.1124
144,20.5714,39,514.8,248.1,627.06,500.22,0.6005,541.06,312.31,0.5521,544.87,307.48,0.5045,544.43,303.17,0.0712,564.42,310.06,0.7848,563.63,300.07,0.0441,598.3,350.23,0.9825,560.64,331.98,0.9343,613.1,433.29,0.9294,552.29,412.31,0.4494,580.28,456.78,0.7772,567.86,434.16,0.1978,586.92,472.16,0.8205,564.86,460.47,0.7086,573.44,546.03,0.2198,555.73,532.26,0.132,590.38,604.82,0.0272,573.48,593.46,0.0201
144,20.5714,31,448.15,384.59,687.4,887.23,0.8496,477.86,497.51,0.2807,476.28,486.34,0.4749,489.75,477.8,0.0085,501.21,491.53,0.9472,551.99,467.7,0.0597,563.45,620.75,0.9976,606.3,529.33,0.9256,572.3,760.28,0.9919,597.64,585.64,0.2018,556.16,861.64,0.9282,524.85,615.03,0.1677,588.43,840.16,0.9617,620.73,799.8,0.9393,587.81,890.0,0.0267,631.44,866.57,0.0643,616.06,863.48,0.0021,665.35,853.59,0.0029
145,20.7143,19,586.42,1.5,673.19,249.57,0.4397,601.2,36.54,0.9685,606.54,32.23,0.9788,597.87,31.8,0.7978,619.91,29.28,0.9302,595.54,28.86,0.0813,637.65,47.39,0.9941,595.08,49.87,0.8946,655.28,83.14,0.9898,586.42,83.59,0.2129,642.55,109.5,0.9805,585.69,107.87,0.213,635.85,122.04,0.9777,606.92,122.29,0.8639,644.62,184.39,0.9607,605.96,181.86,0.5804,649.1,244.23,0.9107,614.89,241.16,0.5073
145,20.7143,1,571.16,268.54,774.76,869.46,0.8281,621.69,338.12,0.0866,622.49,329.2,0.1924,632.79,326.48,0.0099,636.18,340.66,0.8834,681.22,331.79,0.1525,650.35,432.84,0.9932,691.62,401.94,0.9358,652.66,545.14,0.9319,668.2,470.04,0.2964,618.56,545.34,0.6397,611.87,462.69,0.0879,665.57,607.9,0.9917,700.47,595.05,0.973,678.25,718.54,0.9874,706.64,697.25,0.9743,690.57,825.26,0.9804,727.15,807.13,0.9772
145,20.7143,39,517.82,253.67,625.35,494.59,0.5846,536.14,324.82,0.7019,540.07,319.11,0.7,536.77,315.45,0.0852,566.16,315.03,0.8653,550.1,307.26,0.0159,608.88,351.82,0.9818,545.83,334.19,0.9663,621.78,425.64,0.877,548.02,410.8,0.7601,591.64,456.62,0.5241,579.26,444.41,0.3469,598.11,470.18,0.7856,555.55,459.8,0.7215,595.16,547.34,0.151,553.55,536.32,0.1154,604.88,600.07,0.0245,568.35,595.06,0.0185
145,20.7143,31,446.22,387.67,682.89,887.32,0.8428,472.61,506.04,0.6443,471.84,492.66,0.8076,481.03,485.81,0.0109,503.08,492.32,0.9748,542.13,473.26,0.0159,561.28,622.08,0.9985,606.12,536.3,0.9153,566.94,760.7,0.9949,598.94,602.22,0.1389,538.4,853.46,0.9588,522.87,659.16,0.1642,584.24,839.15,0.9509,620.63,800.35,0.9069,578.72,890.0,0.0215,624.6,867.46,0.04,606.51,855.02,0.0014,656.47,850.14,0.0014
146,20.8571,1,571.38,267.81,771.04,869.14,0.7797,621.78,336.55,0.1034,623.19,327.85,0.2275,632.95,325.22,0.011,637.38,340.19,0.892,681.79,331.44,0.1501,648.01,433.25,0.9941,692.45,404.37,0.9404,652.92,543.57,0.9294,665.34,475.89,0.3051,616.64,532.22,0.6202,606.8,458.04,0.0994,662.08,612.5,0.9925,700.16,599.71,0.9764,674.31,722.53,0.987,706.76,698.11,0.9776,685.54,826.83,0.9776,727.8,805.85,0.9793
146,20.8571,39,516.34,252.48,625.33,496.48,0.5137,530.86,321.4,0.5861,534.93,316.36,0.6385,533.45,311.67,0.0767,561.24,315.88,0.815,549.55,304.63,0.0213,601.4,353.25,0.9784,547.62,328.46,0.9413,614.16,429.53,0.8626,550.41,406.84,0.5878,594.5,472.01,0.4426,566.02,460.79,0.1936,595.27,468.25,0.7704,557.52,454.62,0.6592,591.88,547.64,0.1971,551.37,531.61,0.137,606.7,597.53,0.0317,567.9,589.95,0.0228
146,20.8571,31,443.23,391.56,677.71,887.54,0.8569,464.15,517.68,0.9914,473.73,503.6,0.9977,465.96,495.94,0.1527,536.38,495.77,0.9914,511.87,474.69,0.001,569.59,619.21,0.9979,589.68,538.05,0.9436,569.61,758.39,0.9926,604.07,613.9,0.1187,536.45,848.11,0.9598,548.39,679.12,0.124,580.74,837.61,0.938,597.41,799.89,0.8841,575.44,890.0,0.0363,612.92,864.37,0.0504,605.87,861.63,0.0018,640.67,849.47,0.0018
146,20.8571,37,522.73,124.82,656.63,421.85,0.4923,559.33,176.0,0.8307,566.35,171.92,0.8939,563.45,166.99,0.1373,587.96,179.66,0.9374,583.86,166.18,0.0211,601.83,231.98,0.9866,591.39,200.19,0.8443,612.51,302.69,0.9249,583.24,248.1,0.212,581.1,289.84,0.7383,560.08,258.26,0.1362,596.3,343.97,0.8456,592.76,326.25,0.6044,589.23,436.16,0.4561,583.44,409.48,0.1451,596.22,500.85,0.1972,592.52,480.69,0.0873
147,21.0,1,573.93,270.98,768.52,869.37,0.8238,618.57,335.63,0.165,620.49,327.4,0.2813,629.71,325.42,0.0181,634.73,340.66,0.8985,679.7,332.93,0.191,643.4,430.46,0.997,695.23,407.2,0.9637,654.12,550.31,0.9323,690.66,496.35,0.2333,616.43,547.29,0.3984,615.57,487.68,0.031,658.58,616.06,0.9927,701.74,603.1,0.978,674.14,735.14,0.9541,708.16,708.89,0.943,685.06,833.27,0.8951,727.16,809.92,0.9379
147,21.0,39,516.06,255.09,625.73,500.1,0.5483,547.1,331.23,0.9533,554.46,321.69,0.9636,538.75,322.7,0.8049,579.11,308.67,0.8077,534.85,311.83,0.1031,606.37,346.54,0.976,538.72,343.1,0.9523,621.8,426.26,0.7769,543.1,422.51,0.6182,600.6,476.53,0.3093,561.23,466.39,0.2461,603.04,481.7,0.7115,557.36,479.39,0.6156,606.66,573.1,0.1428,554.41,567.81,0.0994,614.24,627.21,0.0182,567.11,626.09,0.0122
147,21.0,31,444.53,396.17,676.98,887.81,0.863,477.94,530.29,0.9986,491.77,513.03,0.9997,467.44,508.2,0.8482,551.76,490.87,0.9912,484.93,480.53,0.0022,585.31,587.5,0.9962,559.37,538.4,0.9256,580.81,751.07,0.9908,557.94,647.97,0.1205,550.74,850.64,0.9668,517.05,749.87,0.1422,588.05,844.1,0.9159,569.82,817.45,0.8415,565.52,890.0,0.0221,581.71,883.77,0.0158,600.54,862.64,0.0016,609.3,852.86,0.0009
147,21.0,40,466.67,37.56,592.3,301.92,0.5916,536.11,81.02,0.954,541.05,75.94,0.9731,536.78,74.34,0.1838,560.1,75.53,0.9407,550.65,71.64,0.0041,558.83,108.82,0.9785,561.23,98.12,0.8116,531.7,136.97,0.9802,538.91,125.21,0.3161,498.85,142.73,0.9745,506.02,136.02,0.4681,534.39,196.06,0.9732,535.85,187.63,0.9192,512.65,265.03,0.9237,505.27,250.94,0.7722,518.19,331.65,0.5504,501.04,319.15,0.4021
147,21.0,37,529.3,127.82,659.75,419.96,0.4721,555.77,176.81,0.8934,563.96,174.31,0.9273,560.46,168.79,0.1833,586.05,186.12,0.9538,579.04,170.56,0.0218,599.99,235.71,0.9883,582.24,207.62,0.8981,637.2,287.53,0.9552,582.47,267.16,0.2494,628.53,333.64,0.8627,563.19,313.63,0.1583,604.96,360.49,0.7586,593.52,345.27,0.5022,603.35,457.52,0.2319,585.73,432.82,0.0712,618.37,516.87,0.0461,601.0,499.18,0.0218
148,21.1429,1,576.71,270.49,767.95,870.49,0.8458,620.62,339.92,0.085,621.39,331.07,0.2081,631.27,328.6,0.011,634.18,342.2,0.9036,679.41,334.27,0.1873,644.9,430.26,0.9949,698.07,408.8,0.9157,650.58,547.08,0.9096,695.26,508.78,0.1321,625.04,539.09,0.4324,633.66,512.16,0.029,661.64,615.29,0.9913,702.24,603.73,0.9663,679.74,733.02,0.9761,710.1,711.66,0.9554,690.73,831.05,0.9565,727.73,808.78,0.9603
148,21.1429,39,515.92,255.64,624.35,497.31,0.5254,557.94,332.94,0.941,564.05,322.03,0.9291,547.63,325.28,0.8877,582.48,306.86,0.5561,537.31,315.01,0.3115,603.61,343.05,0.9713,540.31,345.92,0.9486,618.24,420.99,0.6982,549.06,425.51,0.6309,602.48,473.0,0.1708,560.21,471.12,0.2043,604.29,474.21,0.6833,562.37,475.89,0.6178,610.92,561.49,0.1563,563.84,560.2,0.1214,614.88,620.91,0.0231,571.84,621.61,0.0163
148,21.1429,31,446.76,398.8,678.45,888.06,0.8463,481.26,533.05,0.9987,496.58,515.36,0.9998,468.94,510.27,0.8903,558.21,491.56,0.9908,482.8,480.41,0.0026,586.27,590.67,0.9955,559.68,537.34,0.9147,588.24,750.21,0.9874,564.95,643.66,0.0967,565.22,855.03,0.944,526.89,737.85,0.1154,594.59,844.36,0.9053,575.6,816.7,0.8276,572.02,890.0,0.0254,591.11,879.19,0.021,609.69,864.97,0.0019,623.15,856.12,0.0012
148,21.1429,40,465.86,39.07,591.55,304.2,0.5787,534.61,81.82,0.9436,538.38,76.52,0.9647,535.6,75.35,0.1116,556.82,74.59,0.9424,551.6,72.05,0.0028,557.58,105.77,0.9811,562.54,96.89,0.7802,532.43,134.87,0.9834,540.35,124.5,0.2929,499.09,141.7,0.9767,506.2,133.73,0.4621,532.63,192.78,0.9737,536.89,185.19,0.9064,509.95,260.04,0.936,507.11,247.36,0.7668,513.96,326.92,0.6609,503.13,315.56,0.4723
148,21.1429,37,532.31,134.1,660.62,423.63,0.5415,557.2,180.6,0.8544,564.38,178.5,0.9001,561.98,173.63,0.1309,585.13,190.55,0.9626,579.39,176.47,0.0196,604.9,240.45,0.991,575.3,208.81,0.9349,642.23,290.63,0.9222,570.05,262.82,0.3288,630.87,329.46,0.6974,554.1,303.43,0.1763,606.35,355.22,0.8359,587.08,338.87,0.65,600.65,448.4,0.297,577.49,424.05,0.1,615.75,504.99,0.0742,591.3,488.45,0.0318
149,21.2857,1,577.85,269.67,766.01,870.27,0.8186,617.74,341.25,0.0832,618.19,332.02,0.1875,628.15,329.7,0.0116,630.54,342.49,0.8828,675.62,334.92,0.1908,643.71,431.68,0.9936,693.3,408.21,0.9234,650.46,549.82,0.8913,684.42,502.48,0.1559,621.29,537.45,0.4285,623.04,496.06,0.0338,661.32,615.26,0.99,699.87,603.1,0.9643,680.94,733.41,0.9772,709.78,711.43,0.9532,690.52,831.9,0.9673,727.81,808.14,0.9652
149,21.2857,39,514.38,255.58,621.94,495.36,0.4203,565.65,329.87,0.9587,571.56,318.63,0.9281,554.79,321.85,0.967,583.76,307.49,0.2874,537.94,315.54,0.6678,595.21,340.44,0.9538,536.96,352.23,0.951,610.6,386.27,0.6107,543.6,427.58,0.6299,592.48,381.6,0.2659,553.96,466.76,0.2845,597.96,466.6,0.6974,559.01,472.12,0.6361,606.91,542.84,0.2373,558.38,543.88,0.1813,608.4,599.94,0.0384,563.9,599.44,0.0265
149,21.2857,31,446.02,399.17,678.42,888.29,0.8554,470.01,528.89,0.9955,481.37,513.67,0.9989,465.95,506.89,0.5014,541.54,498.11,0.9914,494.39,482.31,0.0013,589.3,602.05,0.9967,554.74,546.07,0.9176,594.07,756.38,0.9876,551.58,645.42,0.0955,572.86,858.53,0.9328,507.64,727.07,0.0928,598.65,850.71,0.901,575.2,821.97,0.8175,586.45,890.0,0.018,589.79,880.8,0.0175,622.1,866.66,0.0014,620.14,855.02,0.0011
149,21.2857,40,462.59,44.1,587.75,309.29,0.673,533.3,80.83,0.9354,536.96,75.65,0.9592,534.52,74.58,0.0836,554.96,74.55,0.9454,551.19,72.24,0.0022,554.04,105.24,0.9818,560.67,97.36,0.7519,524.89,135.51,0.9817,535.68,122.54,0.2927,495.27,140.53,0.9752,503.37,131.3,0.52,527.12,189.8,0.9793,532.51,183.14,0.9103,506.56,256.61,0.9647,505.43,245.11,0.8158,507.66,322.07,0.8638,500.91,311.78,0.675
149,21.2857,37,531.8,139.76,662.86,438.45,0.5511,556.01,185.43,0.8587,562.46,183.36,0.8925,561.72,179.05,0.0968,583.36,196.08,0.969,581.22,183.54,0.0138,609.01,245.47,0.9909,575.2,216.11,0.9531,636.99,305.45,0.9197,564.22,269.4,0.4335,613.89,344.56,0.6929,547.42,306.65,0.2642,611.61,359.54,0.8737,589.11,343.42,0.7533,606.82,451.72,0.3739,577.58,426.81,0.1449,622.95,508.84,0.1116,594.65,489.74,0.0542
150,21.4286,1,575.75,268.47,761.77,870.06,0.6282,608.54,336.39,0.121,609.24,327.61,0.2106,619.82,325.88,0.0132,622.74,340.84,0.9025,670.43,333.25,0.1881,640.33,435.58,0.9967,686.55,406.26,0.9703,653.19,556.81,0.9286,682.57,486.56,0.3104,618.88,551.53,0.3897,612.22,466.16,0.037,660.19,618.17,0.9921,697.57,603.46,0.9774,679.25,737.09,0.9595,708.96,710.81,0.9414,689.85,837.27,0.9185,729.29,813.5,0.9386
150,21.4286,31,443.85,400.96,676.75,888.49,0.8397,464.64,513.87,0.3479,463.43,502.79,0.4512,475.58,494.61,0.0075,492.48,504.52,0.9579,531.99,482.58,0.0234,581.6,609.52,0.9975,567.63,528.72,0.9093,592.48,759.2,0.9934,553.09,605.21,0.1277,574.23,864.14,0.9499,499.09,675.76,0.0939,589.7,844.93,0.9476,581.91,806.54,0.9104,587.84,890.0,0.0189,595.06,873.64,0.0303,615.39,864.2,0.0015,633.1,854.42,0.0015
150,21.4286,40,461.75,43.88,587.72,312.0,0.6127,531.43,81.09,0.9215,534.81,75.93,0.9513,533.46,74.43,0.0663,553.67,74.93,0.9573,553.14,71.5,0.003,553.17,104.76,0.9883,562.69,95.0,0.8739,519.89,133.89,0.9863,534.85,118.74,0.4218,490.03,138.67,0.9782,501.34,129.08,0.5708,528.57,189.67,0.982,536.43,182.36,0.9319,507.33,255.65,0.9547,507.04,243.66,0.799,509.02,320.93,0.8463,503.09,309.25,0.6752
150,21.4286,37,522.6,139.2,664.52,466.87,0.4365,555.26,185.95,0.6067,560.13,182.91,0.6675,562.5,177.91,0.0731,578.75,196.71,0.8988,586.98,182.61,0.0383,607.92,259.36,0.9761,582.23,223.83,0.9208,617.82,326.14,0.797,567.2,284.77,0.3963,588.05,335.99,0.5253,549.91,317.28,0.1755,616.6,381.48,0.8397,601.06,366.81,0.756,616.21,476.84,0.5077,588.64,461.48,0.3611,625.61,538.24,0.1358,603.03,527.15,0.1042
151,21.5714,1,575.5,266.4,759.6,869.16,0.8815,607.82,338.16,0.1084,608.2,329.55,0.2021,619.04,327.26,0.0134,620.86,342.06,0.905,668.67,333.34,0.2079,639.1,436.06,0.9967,684.1,405.3,0.9723,651.86,554.9,0.9329,678.9,482.98,0.3605,620.5,548.59,0.4308,601.73,463.03,0.0486,663.84,613.08,0.9933,699.61,598.21,0.9828,682.14,731.04,0.9715,708.55,705.24,0.9625,690.15,833.14,0.9384,727.95,810.79,0.9566
151,21.5714,31,445.01,398.71,679.62,888.67,0.834,467.83,497.56,0.1223,463.6,487.46,0.1907,481.63,479.59,0.0053,479.49,496.84,0.9432,545.16,474.26,0.1244,562.6,615.49,0.9974,585.46,525.32,0.9193,585.16,760.39,0.9932,572.22,575.53,0.1349,571.28,860.71,0.9607,513.17,629.47,0.1145,587.19,838.16,0.9601,607.32,797.96,0.9409,581.05,890.0,0.0363,623.0,869.05,0.0826,603.78,867.18,0.0021,664.07,861.34,0.0026
151,21.5714,37,518.73,141.5,659.1,467.39,0.4148,546.86,194.09,0.6251,551.47,189.78,0.7138,557.15,185.47,0.0431,568.94,204.04,0.9271,593.56,190.16,0.0318,592.57,265.49,0.9691,599.1,229.05,0.8616,601.4,328.15,0.7713,588.48,286.56,0.25,569.39,337.13,0.5884,554.75,320.01,0.189,607.36,377.99,0.7779,615.23,361.1,0.6021,593.56,458.57,0.5702,594.24,436.5,0.2995,605.75,517.37,0.2604,609.13,494.87,0.1618
152,21.7143,1,568.57,267.3,751.85,867.18,0.8616,604.01,341.24,0.1199,603.91,332.41,0.1961,615.42,329.85,0.011,616.33,344.47,0.9232,666.22,335.23,0.2065,639.29,436.01,0.9974,677.94,404.35,0.9783,652.17,553.37,0.9649,652.22,481.89,0.5804,617.95,543.18,0.677,579.43,477.43,0.1696,666.44,613.58,0.9935,699.59,598.66,0.9824,684.01,728.72,0.9807,706.15,703.64,0.961,691.6,830.7,0.9556,724.72,809.23,0.9494
152,21.7143,31,446.91,398.32,682.45,888.83,0.8309,467.72,497.98,0.1212,464.48,488.5,0.2041,482.26,479.52,0.0044,480.76,500.0,0.9414,548.57,473.4,0.1372,549.61,624.57,0.9977,601.31,524.19,0.9478,566.28,770.01,0.9939,604.92,564.53,0.2641,562.66,865.69,0.9108,528.42,598.55,0.1412,599.22,842.7,0.9628,631.98,800.87,0.9513,602.22,890.0,0.0344,627.05,864.08,0.087,634.11,868.28,0.0023,667.71,860.62,0.003
152,21.7143,37,514.77,152.34,643.98,448.43,0.4333,536.86,209.08,0.9304,542.44,202.64,0.9694,540.0,199.51,0.1411,564.96,207.82,0.9646,563.94,199.02,0.0099,572.47,259.18,0.9761,586.4,235.12,0.8006,562.46,312.42,0.8781,568.49,284.49,0.2122,539.32,327.83,0.8152,540.18,307.4,0.3501,586.8,355.48,0.8379,596.03,343.11,0.6819,564.58,422.59,0.5392,575.32,400.81,0.367,576.0,492.8,0.3231,586.24,470.84,0.3263
153,21.8571,1,565.46,266.37,748.77,865.9,0.8635,593.66,348.86,0.1936,594.05,339.21,0.3344,604.82,336.18,0.0106,611.39,348.42,0.9472,657.78,337.88,0.1147,640.84,439.96,0.9978,678.67,404.71,0.9773,652.03,555.19,0.9685,653.48,481.58,0.583,616.61,543.11,0.6903,582.85,477.85,0.1802,666.85,618.72,0.9932,699.49,601.76,0.9807,683.43,729.44,0.9784,705.41,703.45,0.9534,692.55,828.95,0.9514,724.69,807.53,0.9392
153,21.8571,31,446.63,400.29,682.26,888.96,0.8355,464.4,498.94,0.2287,462.01,489.26,0.3127,477.84,480.8,0.0053,480.92,500.32,0.952,544.12,474.92,0.0898,547.62,625.5,0.9982,602.78,527.69,0.9593,562.06,768.54,0.9959,607.86,569.29,0.2891,544.65,863.44,0.9475,525.11,602.01,0.1786,598.3,846.55,0.964,636.2,805.17,0.9488,593.3,890.0,0.0248,632.06,874.19,0.0529,619.33,863.37,0.0016,667.05,858.56,0.0015
154,22.0,1,561.81,274.72,744.1,866.62,0.8525,586.98,371.8,0.7716,589.62,360.97,0.8668,593.25,358.84,0.0329,618.08,361.64,0.9751,640.16,354.34,0.0223,647.39,439.55,0.9979,673.67,405.16,0.9827,659.38,553.35,0.9745,641.93,472.4,0.6877,616.19,554.75,0.8639,578.84,484.51,0.4239,664.43,609.49,0.9918,692.84,591.58,0.9786,677.19,724.42,0.9864,705.71,693.59,0.9671,687.46,829.87,0.9729,728.98,805.34,0.9622
154,22.0,31,439.95,404.45,674.67,889.09,0.8655,454.22,511.61,0.5722,453.91,501.05,0.7044,465.68,492.62,0.0094,484.15,506.08,0.969,532.28,480.93,0.0309,546.84,620.17,0.9984,598.59,524.73,0.9611,560.3,763.45,0.9959,602.78,591.23,0.2631,531.79,857.4,0.952,522.85,657.54,0.1864,588.12,839.92,0.9605,625.88,797.1,0.9467,575.98,890.0,0.0257,613.63,871.01,0.0546,598.81,866.68,0.0015,636.08,857.44,0.0016
154,22.0,44,566.7,0.79,652.64,116.23,0.518,591.21,36.43,0.996,595.36,29.67,0.9965,585.63,31.56,0.9733,608.03,24.13,0.9724,580.33,29.66,0.177,628.22,44.93,0.9987,584.12,47.55,0.9832,644.9,85.3,0.9852,573.67,78.07,0.6723,619.96,105.37,0.9246,571.96,81.81,0.507,620.87,114.65,0.8949,590.72,113.85,0.8088,618.43,147.65,0.1405,574.76,145.69,0.0732,617.43,172.88,0.0313,587.03,168.77,0.0186
154,22.0,19,570.56,65.48,655.18,288.66,0.6645,564.0,118.31,0.7418,566.55,112.51,0.8612,566.61,111.69,0.0488,586.11,110.66,0.9663,585.58,108.09,0.0089,614.93,141.64,0.9962,593.15,131.03,0.8792,640.97,188.6,0.9914,590.92,176.29,0.3358,593.08,214.83,0.9719,581.55,184.57,0.4201,631.79,241.64,0.9623,616.95,235.22,0.8433,628.34,314.01,0.6296,608.31,301.52,0.2108,641.24,348.2,0.0867,618.96,338.73,0.0242
154,22.0,39,515.74,264.85,621.57,500.95,0.4947,533.35,321.6,0.6184,536.55,315.82,0.6726,535.87,312.98,0.0724,554.06,315.78,0.8247,555.36,308.56,0.0307,573.39,352.75,0.9705,562.73,335.87,0.9091,586.3,423.0,0.8615,563.8,407.3,0.6222,566.73,459.16,0.5859,556.82,438.76,0.4711,582.61,460.87,0.8158,580.12,451.76,0.6941,570.46,522.31,0.4787,569.14,505.78,0.2874,590.2,582.12,0.1135,584.53,567.97,0.0748
155,22.1429,1,558.77,281.45,740.95,867.22,0.8602,585.17,385.21,0.8403,586.81,373.32,0.9164,588.83,371.18,0.0463,617.42,364.94,0.9732,633.54,358.82,0.018,646.47,440.26,0.9983,675.83,403.11,0.9823,663.71,554.51,0.9843,648.06,470.92,0.6866,614.63,551.3,0.9095,584.15,481.1,0.4099,666.25,611.64,0.9911,697.55,592.26,0.9784,679.75,728.51,0.985,708.28,695.68,0.9705,689.69,829.87,0.9592,728.58,805.17,0.956
155,22.1429,31,436.33,405.96,671.6,889.2,0.8661,452.09,512.71,0.6338,452.31,502.42,0.7506,463.56,493.86,0.0115,484.21,507.4,0.9699,529.69,481.44,0.0303,545.48,620.85,0.9984,597.97,524.15,0.9671,560.28,760.99,0.9967,613.83,588.12,0.2799,531.97,855.48,0.9655,534.36,647.66,0.1868,589.66,835.94,0.9645,626.81,792.58,0.9524,576.36,890.0,0.0308,616.57,869.74,0.0652,599.15,865.57,0.0016,638.9,855.05,0.0018
155,22.1429,44,567.39,1.29,651.15,113.63,0.5549,591.73,36.83,0.9968,596.06,30.45,0.9973,586.27,32.07,0.983,608.18,25.46,0.972,580.88,30.13,0.2649,627.85,45.75,0.9988,583.1,46.99,0.9868,645.6,84.3,0.9839,570.92,74.47,0.7288,623.64,104.8,0.9149,569.25,78.44,0.5591,621.79,112.07,0.8889,591.41,110.82,0.8176,619.4,141.48,0.1206,573.86,138.72,0.0682,618.88,166.67,0.0316,584.78,161.42,0.0199
155,22.1429,19,567.68,69.98,662.43,309.13,0.713,567.47,123.31,0.8126,570.08,116.83,0.8849,568.13,115.63,0.0704,589.75,111.27,0.9652,584.02,108.62,0.0093,620.33,142.16,0.9964,596.21,131.02,0.8985,651.28,192.56,0.9924,592.7,175.9,0.3399,612.69,229.52,0.9804,580.13,177.07,0.4261,636.58,246.5,0.9646,619.96,239.62,0.8511,636.22,331.07,0.7893,611.36,317.54,0.3285,650.6,385.39,0.1561,620.26,375.06,0.0408
155,22.1429,39,515.29,261.02,622.12,499.9,0.4721,536.07,321.47,0.7588,541.1,315.97,0.7915,537.1,312.4,0.1689,562.46,315.7,0.7902,548.49,306.81,0.0285,587.7,355.07,0.9483,547.98,336.59,0.9397,601.19,429.06,0.7677,549.68,410.23,0.7242,578.55,471.6,0.5753,546.83,449.8,0.5946,589.33,462.56,0.7952,564.49,452.4,0.7646,582.74,528.43,0.3528,554.85,512.21,0.2899,598.18,578.24,0.0863,574.8,564.66,0.0754
156,22.2857,1,558.13,287.79,740.54,867.41,0.8743,578.72,385.94,0.8873,580.7,374.5,0.94,582.73,372.36,0.046,613.19,367.65,0.9779,628.32,361.04,0.0114,645.34,444.08,0.9985,671.56,404.39,0.9831,666.17,554.9,0.9875,647.06,470.13,0.6841,614.29,552.23,0.9441,584.11,480.29,0.4605,666.77,608.31,0.9921,695.95,587.91,0.9812,680.17,727.3,0.9877,706.64,693.63,0.9783,689.55,828.0,0.9554,728.44,804.24,0.955
156,22.2857,31,434.29,406.25,670.82,889.3,0.8604,450.49,510.24,0.6493,451.34,500.56,0.7702,462.99,491.57,0.0134,483.38,507.89,0.9706,530.2,480.3,0.0328,542.34,622.58,0.9982,598.79,524.57,0.9714,562.33,759.71,0.9966,619.57,580.73,0.308,543.53,851.8,0.9635,540.09,631.06,0.1709,593.41,836.04,0.9676,630.41,793.04,0.9574,583.44,890.0,0.0306,614.72,872.84,0.0623,609.71,867.92,0.0017,637.07,857.48,0.0019
156,22.2857,44,565.21,1.53,650.28,115.55,0.4161,591.29,37.67,0.9942,595.61,31.28,0.9955,586.16,32.56,0.9701,608.45,25.81,0.9662,581.12,29.65,0.2222,628.35,46.44,0.9979,582.92,46.67,0.982,642.84,87.52,0.9654,570.12,77.49,0.6327,620.64,103.14,0.8378,569.17,82.09,0.4394,619.43,116.42,0.8504,588.46,114.51,0.7726,618.5,146.54,0.0913,571.53,143.27,0.0591,618.46,174.79,0.024,577.07,169.26,0.0174
156,22.2857,19,567.08,70.86,692.01,380.7,0.7352,575.87,126.86,0.8886,577.89,119.35,0.9472,576.32,118.09,0.0715,600.26,110.88,0.9755,596.52,108.36,0.0055,628.45,149.36,0.9968,617.83,132.53,0.9022,641.91,210.32,0.9917,610.12,176.32,0.3479,609.68,253.74,0.9785,587.88,181.33,0.3494,646.8,252.83,0.9845,644.29,244.59,0.9083,653.08,341.38,0.9806,655.89,320.86,0.8369,689.06,411.39,0.8918,682.89,394.3,0.6696
157,22.4286,1,559.58,289.94,742.66,867.16,0.8737,577.94,388.3,0.8943,579.6,376.52,0.9434,581.48,374.9,0.0511,611.56,368.94,0.9791,627.06,363.61,0.0118,645.14,443.9,0.9984,673.46,403.13,0.9844,662.81,555.11,0.9839,649.8,470.19,0.6526,610.93,549.76,0.9271,585.49,480.96,0.3856,667.31,608.7,0.9931,697.42,587.35,0.9859,679.74,728.24,0.9884,707.41,693.3,0.9835,688.46,830.73,0.961,728.22,804.84,0.9687
157,22.4286,31,433.1,405.14,671.27,889.38,0.8557,450.78,509.29,0.6638,451.1,499.03,0.7786,463.08,490.53,0.0129,482.73,505.26,0.9743,530.89,479.29,0.0287,542.26,620.13,0.9983,599.2,526.25,0.9713,564.12,762.38,0.9967,619.79,588.97,0.2763,548.94,862.9,0.9637,536.56,648.94,0.1734,584.97,842.15,0.9639,624.26,800.11,0.9527,563.89,890.0,0.0281,610.22,875.59,0.0558,590.5,868.32,0.0016,636.49,861.86,0.0015
157,22.4286,44,567.25,0.87,646.75,106.95,0.5452,591.5,37.8,0.9932,595.83,30.99,0.9946,585.91,32.49,0.9724,608.01,24.99,0.9613,580.66,29.35,0.2715,628.88,45.9,0.9963,581.97,47.52,0.9766,641.53,88.2,0.9169,570.81,80.9,0.5366,619.47,96.58,0.6748,571.41,78.61,0.306,620.76,115.8,0.6879,589.35,114.51,0.6069,617.11,137.2,0.0471,570.88,134.64,0.0335,614.94,167.25,0.02,578.05,163.18,0.0155
157,22.4286,19,573.36,71.5,710.41,405.72,0.8149,583.01,127.82,0.9,583.91,119.14,0.9544,583.04,119.56,0.066,606.16,110.87,0.9804,603.8,112.54,0.0042,633.83,150.89,0.9971,628.07,139.22,0.9042,632.77,220.26,0.9864,621.48,184.61,0.3098,608.97,261.05,0.9587,595.95,184.41,0.2956,657.26,256.33,0.9868,650.3,251.2,0.9293,676.2,341.07,0.9816,654.97,329.21,0.8671,708.23,409.75,0.9287,671.81,402.27,0.7557
158,22.5714,1,559.68,286.63,744.36,865.34,0.863,577.08,388.9,0.8855,578.7,377.19,0.9441,580.77,375.09,0.0574,609.88,369.53,0.9796,625.94,362.95,0.0143,644.07,446.4,0.9983,671.67,403.1,0.9823,662.92,557.28,0.9823,648.02,470.05,0.5784,610.89,551.11,0.9046,581.25,479.51,0.2734,666.91,610.76,0.992,695.87,588.88,0.9813,680.13,725.84,0.9873,705.84,692.05,0.9768,687.14,829.36,0.9663,728.6,805.51,0.9643
158,22.5714,31,435.39,402.96,675.54,889.45,0.8501,455.11,510.2,0.5868,453.92,499.45,0.713,466.98,490.97,0.0106,482.13,503.18,0.9708,534.78,478.0,0.0383,540.38,617.68,0.9983,603.07,526.52,0.9728,561.16,761.84,0.9966,622.58,591.81,0.2844,549.61,860.65,0.9619,536.02,647.64,0.1769,588.44,843.54,0.965,632.45,803.51,0.953,571.52,890.0,0.0255,622.36,877.59,0.0472,599.44,867.48,0.0015,653.07,863.2,0.0013
158,22.5714,19,576.26,72.67,719.39,418.21,0.828,589.19,130.26,0.8998,589.86,121.38,0.9486,588.17,122.24,0.0738,611.25,111.44,0.9763,605.84,114.61,0.0048,643.13,148.13,0.9971,629.93,138.41,0.9117,649.11,217.9,0.9885,619.17,180.02,0.4695,635.69,260.4,0.9734,594.84,172.33,0.4964,667.64,255.59,0.9877,654.75,251.58,0.9417,690.23,340.14,0.9821,658.2,330.17,0.8776,709.58,410.06,0.9426,670.25,403.19,0.7955
159,22.7143,1,555.26,289.37,741.43,865.44,0.7939,576.54,390.2,0.8446,577.62,378.13,0.9031,579.26,376.73,0.049,606.64,368.98,0.9739,622.16,364.27,0.0211,642.51,444.05,0.9981,663.48,403.55,0.9855,657.91,556.31,0.9794,632.89,469.77,0.6901,610.11,561.74,0.8959,561.19,493.31,0.3813,666.88,607.5,0.9917,691.97,587.45,0.9814,682.17,723.8,0.991,703.85,693.79,0.9791,688.17,830.23,0.9799,729.23,807.6,0.9706
159,22.7143,31,441.23,400.8,682.58,889.52,0.8674,463.87,502.15,0.2231,460.26,491.14,0.3003,475.55,483.13,0.007,478.14,497.03,0.9401,541.5,473.85,0.1526,539.23,616.06,0.9981,608.41,532.91,0.9753,556.84,764.64,0.9968,627.34,608.01,0.3475,547.89,863.17,0.9567,536.27,656.89,0.1855,593.59,843.11,0.9705,640.5,806.14,0.9634,592.07,890.0,0.0287,635.71,880.13,0.0544,617.27,865.42,0.0018,659.55,862.59,0.0015
159,22.7143,19,581.21,77.0,725.41,421.24,0.7931,598.73,131.9,0.8449,598.88,123.52,0.9165,598.08,125.18,0.078,618.57,114.07,0.9753,615.26,118.31,0.0098,655.56,148.22,0.9979,633.97,142.8,0.9328,685.33,209.07,0.9942,630.33,184.72,0.4292,674.59,256.14,0.9904,601.23,182.14,0.5044,674.13,250.85,0.9893,657.42,248.09,0.9257,689.74,326.81,0.9882,670.09,320.1,0.8658,709.88,393.48,0.956,685.38,390.25,0.7401
160,22.8571,1,552.66,287.17,741.54,867.67,0.7099,572.99,385.27,0.8441,575.07,373.66,0.9165,576.18,371.69,0.0512,605.35,365.79,0.9742,619.29,359.18,0.021,638.53,439.5,0.9972,660.66,398.22,0.9815,636.71,548.38,0.9363,631.14,468.0,0.5463,592.41,571.06,0.6876,574.27,477.13,0.2411,666.78,604.9,0.9908,690.43,584.48,0.9799,681.98,724.57,0.9896,702.93,692.3,0.9748,689.73,834.75,0.9884,727.71,805.01,0.983
160,22.8571,31,445.29,396.37,687.96,889.57,0.8846,471.27,492.89,0.0773,466.77,483.63,0.1178,485.72,474.76,0.0058,478.43,497.24,0.9035,554.21,471.46,0.3473,530.33,625.39,0.9974,614.08,536.26,0.977,550.73,775.43,0.994,636.68,593.82,0.4654,539.98,870.42,0.8986,556.96,607.89,0.1776,591.35,850.37,0.9607,647.52,812.19,0.9529,588.67,890.0,0.0247,638.47,870.78,0.0454,602.21,870.86,0.002,663.12,864.26,0.0015
160,22.8571,19,587.79,78.99,730.92,421.37,0.8175,603.39,126.57,0.7355,604.49,118.9,0.7978,602.81,120.89,0.0846,622.29,112.69,0.9554,613.68,117.87,0.0215,666.59,143.47,0.9967,616.08,147.94,0.9789,705.27,192.41,0.9919,625.1,196.07,0.8001,693.56,240.39,0.9916,630.35,222.46,0.8473,681.4,240.63,0.995,644.54,242.05,0.9857,693.89,314.83,0.992,656.0,309.91,0.9662,712.09,381.99,0.979,668.59,378.65,0.9364
161,23.0,1,553.6,282.87,744.01,867.73,0.8543,570.3,386.29,0.9229,572.6,373.75,0.9661,570.81,372.63,0.0989,606.85,361.84,0.9761,610.52,358.2,0.0132,642.39,431.83,0.9966,658.57,398.77,0.9641,631.86,543.46,0.9377,637.81,472.76,0.3896,588.14,600.45,0.7366,578.84,481.98,0.1961,670.27,615.4,0.9846,687.45,597.89,0.9523,681.72,741.16,0.9799,705.84,714.44,0.9181,694.37,840.29,0.9686,724.68,812.22,0.9259
161,23.0,31,449.99,394.04,691.78,889.62,0.8914,483.9,495.96,0.0413,479.83,486.9,0.0609,499.28,478.17,0.0062,487.9,501.42,0.881,568.77,476.4,0.6042,517.5,631.86,0.9975,629.34,552.23,0.9843,528.54,783.46,0.9923,653.75,622.18,0.3993,517.72,876.95,0.7713,572.16,659.95,0.0805,583.87,861.36,0.9273,662.18,828.23,0.9095,573.07,890.0,0.01,647.01,880.44,0.0154,586.17,868.95,0.0012,666.82,871.02,0.0007
161,23.0,19,595.72,77.53,737.63,419.06,0.8295,615.14,129.21,0.8732,615.68,120.74,0.916,613.36,123.93,0.1782,633.51,110.97,0.9608,622.76,119.87,0.0156,678.42,141.6,0.995,625.87,153.06,0.9863,723.3,175.34,0.9878,628.39,196.59,0.8822,690.43,213.25,0.9914,634.31,210.36,0.9114,683.69,252.42,0.9956,643.58,255.16,0.9935,698.03,326.09,0.9854,653.82,322.54,0.9804,706.2,387.32,0.9168,667.4,388.66,0.906
161,23.0,44,572.26,1.41,644.43,96.49,0.4086,588.72,37.35,0.9892,593.85,31.08,0.9938,584.2,32.19,0.9309,608.04,26.15,0.9813,580.68,29.56,0.1079,627.42,47.11,0.9948,581.73,49.3,0.9785,641.68,82.88,0.8067,570.43,81.29,0.3557,617.43,91.9,0.4704,572.03,88.22,0.1493,616.94,111.8,0.4653,586.02,110.84,0.4125,611.89,137.19,0.0187,573.89,135.4,0.016,612.85,165.32,0.0213,578.93,163.12,0.0202
162,23.1429,1,554.55,278.42,745.95,867.38,0.8477,570.41,384.86,0.9465,572.82,371.91,0.9805,570.04,370.31,0.1127,608.91,357.28,0.9806,610.29,352.91,0.0093,642.88,430.89,0.997,661.96,396.25,0.9331,629.2,544.13,0.9423,651.63,481.64,0.1443,585.34,609.41,0.7386,598.86,522.42,0.071,671.4,615.46,0.9788,691.19,596.89,0.9123,679.29,736.29,0.9686,706.27,707.59,0.8459,702.75,835.59,0.9386,724.92,811.62,0.8309
162,23.1429,31,451.75,393.04,693.82,889.67,0.8823,539.0,489.29,0.0227,528.87,483.59,0.0136,548.45,474.15,0.0143,493.1,507.41,0.8103,584.36,485.11,0.8921,507.94,641.45,0.9975,639.92,571.31,0.9883,508.26,803.07,0.9947,663.9,655.02,0.3531,502.81,879.64,0.7906,571.42,687.84,0.0493,576.86,873.07,0.7657,666.11,842.83,0.771,544.18,878.79,0.0117,621.5,856.57,0.0121,568.74,869.26,0.0011,649.34,870.01,0.0005
162,23.1429,19,594.61,75.67,736.01,416.05,0.7018,615.96,128.01,0.878,616.61,119.55,0.9215,613.26,122.78,0.1348,635.16,108.89,0.9604,621.91,117.85,0.0088,679.03,139.0,0.9979,626.05,148.48,0.9714,717.4,171.86,0.9941,625.3,187.61,0.4034,667.12,182.98,0.9915,630.76,187.13,0.4406,678.52,253.57,0.9946,641.11,254.72,0.9806,691.51,329.69,0.9844,649.03,325.68,0.9543,708.24,394.96,0.8984,664.94,394.23,0.8336
162,23.1429,44,571.48,1.38,645.45,97.97,0.4398,588.81,37.5,0.9911,593.91,31.05,0.9947,584.06,32.42,0.9417,608.02,26.08,0.9824,580.56,30.17,0.1158,627.38,47.59,0.9949,582.07,50.56,0.981,641.55,84.63,0.7773,570.75,83.62,0.3415,616.99,94.19,0.4011,570.99,89.97,0.1226,618.23,113.08,0.4363,587.53,112.46,0.3989,611.61,135.7,0.0168,572.3,134.31,0.0148,613.37,163.42,0.0193,578.65,161.65,0.0186
163,23.2857,1,555.72,272.46,745.89,856.66,0.7718,573.73,383.49,0.9438,576.14,370.36,0.9828,573.67,368.52,0.0684,613.7,356.65,0.9876,612.47,352.46,0.0034,652.76,430.21,0.9959,654.24,397.51,0.8879,633.51,545.96,0.9509,649.83,488.58,0.1394,573.71,596.29,0.6617,612.88,539.48,0.0606,677.93,612.56,0.9415,682.66,597.32,0.793,682.66,726.32,0.8803,695.61,710.09,0.6049,697.94,830.31,0.6513,713.27,817.6,0.3809
163,23.2857,31,455.77,402.19,697.97,889.47,0.913,580.77,508.14,0.0255,565.78,500.77,0.0114,585.8,493.5,0.0283,504.58,518.84,0.7763,598.99,504.37,0.9488,483.99,643.99,0.9973,660.88,595.96,0.9905,482.89,792.5,0.9912,702.65,654.28,0.3038,497.6,868.47,0.7835,641.63,657.13,0.0502,568.48,873.16,0.5109,690.11,856.66,0.4545,559.79,857.53,0.0124,662.15,848.39,0.0066,584.08,876.77,0.0009,672.39,886.13,0.0002
163,23.2857,19,592.94,72.7,732.6,410.65,0.8316,609.46,124.09,0.7677,611.19,116.49,0.8004,609.12,117.93,0.0584,631.58,109.95,0.9549,619.66,114.87,0.0069,674.87,142.01,0.9965,618.72,144.56,0.9687,688.4,185.17,0.9932,610.25,190.36,0.5942,638.21,165.07,0.99,609.4,179.06,0.5065,669.17,255.6,0.9952,629.75,254.92,0.9862,688.76,332.62,0.9859,636.9,330.64,0.9406,713.1,403.07,0.8829,654.01,401.55,0.7037
164,23.4286,1,569.5,279.29,712.41,699.41,0.5655,583.33,383.77,0.9453,585.6,372.53,0.9804,583.1,368.92,0.0859,621.93,359.92,0.9803,612.25,352.34,0.0019,661.83,434.53,0.9952,650.09,384.31,0.7252,661.31,552.19,0.9566,641.66,467.29,0.0668,593.49,579.43,0.6592,603.42,500.42,0.0611,671.0,616.69,0.8516,656.54,591.03,0.6138,677.87,744.63,0.1989,641.11,717.12,0.0979,709.02,807.58,0.0167,657.62,787.72,0.0132
164,23.4286,31,460.96,408.81,707.91,889.66,0.9204,626.17,522.29,0.1936,608.94,512.58,0.0145,621.77,508.05,0.29,531.46,525.26,0.2914,600.23,519.44,0.9781,483.65,635.95,0.9978,676.17,610.4,0.9979,469.83,778.76,0.9799,724.1,716.39,0.9664,495.89,846.49,0.8442,725.15,786.83,0.8556,554.58,872.1,0.6644,691.45,862.16,0.7243,570.26,853.71,0.0088,703.79,841.54,0.0068,592.54,886.29,0.0016,693.59,883.31,0.0005
164,23.4286,19,574.01,74.21,703.36,385.31,0.7425,600.36,123.69,0.9004,601.98,116.84,0.9118,600.44,117.35,0.0598,622.72,111.77,0.9725,613.7,114.35,0.0032,657.6,142.01,0.9972,615.61,141.6,0.9657,638.92,186.25,0.995,593.86,172.79,0.609,596.01,165.92,0.9904,584.82,152.16,0.6365,653.29,260.6,0.9873,621.67,258.39,0.9577,658.52,347.99,0.8606,617.79,343.25,0.5602,673.47,407.25,0.2139,623.34,405.63,0.0786
165,23.5714,1,569.79,282.43,725.56,726.78,0.5733,587.81,382.82,0.9245,590.2,370.33,0.9404,587.92,369.31,0.0699,625.96,358.95,0.9738,617.69,356.91,0.0029,669.6,428.8,0.9964,641.54,392.37,0.9386,659.84,543.04,0.9774,605.02,454.7,0.2884,589.28,608.06,0.8078,556.72,485.16,0.1141,683.04,619.31,0.9492,658.01,601.23,0.8399,695.15,763.58,0.7364,634.7,749.22,0.2923,718.23,858.55,0.1892,641.05,848.45,0.0441
165,23.5714,31,458.11,426.4,705.96,889.74,0.9203,646.57,541.58,0.9025,632.31,529.24,0.0738,637.76,527.89,0.9469,552.22,537.08,0.0442,599.13,538.38,0.9911,477.25,633.88,0.9979,671.89,626.99,0.9972,453.52,753.66,0.9676,722.6,729.27,0.9445,509.36,823.61,0.8449,725.43,792.88,0.754,545.97,868.49,0.6622,688.26,867.68,0.6279,572.1,857.8,0.0088,708.51,856.54,0.0043,595.41,888.19,0.0015,686.97,887.1,0.0003
165,23.5714,19,568.31,75.6,683.35,347.62,0.7733,592.42,127.81,0.9634,594.45,119.97,0.9803,589.82,121.47,0.1742,616.3,111.8,0.9854,600.15,116.97,0.003,646.94,144.81,0.9962,607.95,141.65,0.9417,621.54,187.18,0.9874,591.07,177.4,0.543,585.91,177.29,0.9782,586.57,166.46,0.6595,644.23,263.3,0.9787,613.83,260.15,0.9436,642.11,350.35,0.6464,617.74,344.88,0.3736,647.47,402.16,0.0437,623.02,398.04,0.0209
165,23.5714,39,486.11,249.31,626.73,573.38,0.4913,536.35,318.11,0.7864,541.27,311.41,0.7494,537.56,307.9,0.1703,561.5,309.63,0.8178,549.78,301.35,0.0376,588.18,356.12,0.9437,550.36,338.16,0.952,572.5,442.63,0.8768,537.55,416.11,0.8728,522.51,512.33,0.7817,519.21,499.12,0.8302,591.97,490.42,0.7469,562.92,478.92,0.7877,561.63,568.25,0.2976,526.38,549.12,0.3535,564.81,635.5,0.1048,539.75,626.88,0.1456
166,23.7143,1,567.4,284.69,741.55,777.66,0.7288,582.12,383.3,0.7319,582.29,371.88,0.8288,585.6,370.17,0.0305,611.2,363.56,0.9722,625.11,358.26,0.012,657.29,431.59,0.9967,649.96,390.94,0.9292,667.43,542.96,0.9762,624.83,457.27,0.1751,610.1,581.35,0.8602,583.18,484.68,0.0824,680.33,604.8,0.9712,675.71,585.16,0.8823,696.8,739.59,0.8987,677.25,712.82,0.5821,724.21,837.55,0.5927,693.78,819.3,0.3033
166,23.7143,31,433.5,448.38,682.51,889.67,0.7135,642.56,564.79,0.8729,622.04,552.75,0.0358,633.4,552.85,0.9353,531.55,560.08,0.01,584.41,569.92,0.9866,449.69,637.65,0.9939,639.44,676.59,0.9927,377.27,669.97,0.8515,695.56,795.64,0.7413,357.28,631.51,0.4157,702.53,785.04,0.2567,509.15,858.96,0.4174,642.72,876.48,0.2707,583.63,839.04,0.0134,722.31,837.41,0.0077,601.25,885.0,0.0016,700.28,868.86,0.0011
166,23.7143,19,564.76,74.17,676.11,335.18,0.742,578.51,127.27,0.8446,579.92,119.69,0.9201,578.7,119.5,0.0457,599.31,114.38,0.9811,598.28,114.49,0.0048,627.88,147.47,0.9967,613.62,137.47,0.8904,595.71,199.62,0.9755,596.2,183.01,0.2812,571.15,182.96,0.8775,579.19,173.67,0.2572,639.41,258.42,0.9738,627.88,252.37,0.9097,633.1,343.52,0.6789,629.9,335.92,0.3638,640.95,403.19,0.1053,640.79,392.93,0.0529
166,23.7143,37,512.68,251.49,612.89,482.74,0.6028,531.94,311.93,0.4479,534.02,305.38,0.4517,535.97,302.86,0.0553,547.87,306.19,0.8324,558.14,300.1,0.0649,569.92,349.56,0.9676,562.48,336.76,0.937,559.9,434.77,0.855,549.82,408.71,0.6806,529.1,471.54,0.5516,530.43,449.17,0.52,579.01,470.45,0.7331,578.16,460.26,0.6748,547.72,531.51,0.2012,547.18,509.74,0.1339,557.15,571.65,0.0592,562.31,556.56,0.049
166,23.7143,44,567.18,0.62,645.95,102.69,0.4474,589.61,38.42,0.9916,593.91,31.31,0.9935,583.5,33.0,0.968,606.73,24.21,0.9654,577.79,28.81,0.2531,628.56,46.43,0.9975,579.41,46.38,0.9783,639.61,90.77,0.9195,570.17,79.93,0.4917,615.13,96.37,0.6467,570.14,83.44,0.256,619.38,113.69,0.7002,587.05,111.76,0.6097,620.25,141.52,0.0531,574.33,138.16,0.035,616.66,170.94,0.022,582.84,164.76,0.016
167,23.8571,1,561.56,285.8,753.11,830.7,0.8616,582.53,383.99,0.5849,581.79,371.91,0.7284,587.91,370.13,0.0163,608.56,363.06,0.9615,634.09,357.37,0.0178,650.91,436.86,0.9984,663.1,389.96,0.9519,660.92,559.42,0.9913,632.76,451.35,0.2086,601.5,574.01,0.9543,575.86,482.37,0.0892,668.01,616.97,0.9905,684.76,594.64,0.951,682.78,741.72,0.9761,702.23,704.97,0.8905,697.41,833.78,0.9267,726.19,808.33,0.8527
167,23.8571,31,423.65,475.1,663.36,888.03,0.8863,616.41,583.89,0.951,602.87,567.1,0.0858,603.7,572.8,0.9831,532.41,565.17,0.0096,554.73,587.1,0.9869,448.07,630.01,0.981,594.16,698.93,0.9973,428.74,662.9,0.5967,638.86,820.76,0.9309,488.48,650.08,0.2675,646.35,828.41,0.4949,473.37,855.17,0.597,580.12,883.68,0.5643,558.44,821.23,0.0274,659.44,835.99,0.0182,567.93,845.82,0.0084,633.62,840.38,0.004
167,23.8571,19,563.03,78.42,669.93,326.17,0.6731,567.39,129.77,0.7549,568.66,122.42,0.8803,568.66,122.17,0.0321,588.63,117.55,0.9773,592.76,117.01,0.0056,615.57,149.61,0.9943,611.7,139.31,0.8533,587.65,202.2,0.9239,592.98,182.84,0.1666,562.55,178.36,0.6043,574.55,166.86,0.1242,635.32,259.69,0.9644,633.48,253.71,0.8783,624.4,341.59,0.6013,630.07,333.8,0.2317,633.28,396.67,0.1258,640.48,384.47,0.0449
167,23.8571,40,452.02,139.77,582.04,399.94,0.4404,511.82,191.34,0.9427,518.9,185.56,0.9637,513.52,181.57,0.1721,544.36,187.97,0.9698,526.01,178.29,0.0053,564.86,229.78,0.9895,520.68,209.49,0.976,541.92,287.74,0.984,498.78,259.16,0.7627,475.05,260.23,0.9756,462.95,251.34,0.671,530.11,346.25,0.9352,498.95,331.74,0.8842,494.53,442.61,0.5852,474.53,427.92,0.3798,493.22,517.94,0.1126,478.48,506.01,0.0849
168,24.0,1,566.61,289.25,763.64,857.57,0.8912,583.83,388.49,0.6842,582.32,376.13,0.8214,589.29,374.2,0.0229,606.86,365.62,0.9644,639.19,360.81,0.0213,646.73,437.85,0.9978,686.93,401.73,0.9703,660.36,557.44,0.9856,668.59,482.59,0.4165,601.37,567.76,0.9558,606.25,498.77,0.2413,663.85,619.17,0.9947,701.83,598.6,0.9874,665.95,741.4,0.9906,706.45,704.78,0.9871,675.33,843.4,0.9719,724.35,807.29,0.9841
168,24.0,31,410.77,490.37,644.41,889.24,0.903,598.33,622.09,0.9413,584.81,601.56,0.036,587.79,611.83,0.9881,511.66,589.26,0.0014,525.15,619.64,0.9899,429.2,645.48,0.9729,538.33,737.26,0.997,441.94,712.0,0.3109,584.31,867.39,0.8199,515.76,734.15,0.0437,621.92,873.85,0.1092,449.45,857.3,0.0913,532.42,890.0,0.0696,523.59,866.1,0.0039,599.04,884.05,0.003,510.38,873.19,0.0017,577.04,863.27,0.0015
168,24.0,19,553.51,77.77,671.31,349.95,0.5286,553.59,136.58,0.5511,554.66,128.52,0.7239,556.81,127.78,0.0444,570.02,123.24,0.9537,586.85,120.35,0.0428,593.17,157.43,0.9897,614.49,142.34,0.7759,571.2,207.36,0.8708,597.31,186.19,0.1039,551.24,192.01,0.4979,564.56,186.4,0.0789,628.19,272.07,0.9622,645.45,263.47,0.8817,620.99,362.06,0.8165,642.96,349.02,0.4773,630.9,425.58,0.3941,652.93,411.03,0.1685
168,24.0,40,419.76,139.94,572.59,431.15,0.6347,506.39,183.58,0.9249,514.99,180.18,0.9555,511.09,172.96,0.1215,538.09,188.04,0.967,531.73,170.15,0.0131,545.97,224.73,0.9916,530.87,202.92,0.9583,481.78,250.24,0.9948,485.72,233.88,0.5739,423.34,201.81,0.9917,442.38,207.15,0.5601,517.88,344.26,0.9452,506.35,329.62,0.8864,485.88,440.55,0.7207,479.97,422.65,0.5206,484.65,517.43,0.2122,484.95,502.91,0.1957
168,24.0,37,501.65,254.19,614.7,516.17,0.6393,532.24,312.66,0.6273,535.88,305.77,0.586,534.9,303.82,0.0831,550.68,307.05,0.8677,550.51,302.05,0.0552,576.01,348.87,0.9505,552.46,342.73,0.9686,564.61,426.4,0.7589,538.93,413.63,0.9408,531.24,479.93,0.7025,520.54,466.94,0.9572,593.47,477.59,0.7885,575.76,473.31,0.8439,586.27,559.57,0.2836,567.16,545.56,0.2821,598.51,592.38,0.0695,582.48,584.62,0.0602
169,24.1429,1,564.18,289.66,764.98,873.86,0.9221,584.6,387.61,0.7632,583.02,375.65,0.864,589.64,373.3,0.033,606.43,364.77,0.9699,637.83,359.36,0.0298,645.47,435.01,0.9985,683.44,401.88,0.9782,657.58,555.01,0.9958,669.15,496.57,0.5755,593.5,573.4,0.9913,610.02,521.52,0.489,663.93,620.35,0.9954,700.83,600.55,0.9888,663.37,741.25,0.994,705.74,704.77,0.9901,673.85,848.12,0.9693,723.63,807.27,0.9815
169,24.1429,31,389.66,516.46,609.99,889.68,0.865,584.44,652.28,0.9203,571.14,629.77,0.0143,572.95,642.13,0.9791,496.95,618.05,0.0018,511.16,655.88,0.9863,413.54,662.12,0.9289,510.14,781.2,0.9927,425.17,700.28,0.1801,549.59,890.0,0.4859,492.33,715.51,0.0437,602.52,881.73,0.0491,448.76,844.01,0.0877,521.67,890.0,0.061,545.09,817.74,0.0073,565.63,856.26,0.0038,528.49,862.18,0.004,541.31,859.14,0.0035
169,24.1429,40,400.49,136.71,568.82,437.57,0.4335,508.31,178.04,0.9513,517.3,173.36,0.9682,513.59,168.26,0.0853,540.49,185.47,0.9763,540.98,171.6,0.0077,537.15,226.9,0.9901,547.91,210.0,0.9539,467.21,231.42,0.991,491.61,228.56,0.5712,410.23,187.28,0.9874,426.24,196.91,0.6355,511.83,355.12,0.952,520.12,341.58,0.8838,485.83,460.92,0.709,494.97,436.92,0.4152,486.62,540.61,0.2305,497.14,521.95,0.1748
169,24.1429,46,572.21,2.03,668.21,195.78,0.4404,589.22,36.06,0.9223,593.16,30.54,0.9318,584.78,32.23,0.746,605.23,25.54,0.8656,581.13,30.01,0.1717,626.75,43.83,0.9932,580.08,48.94,0.9175,638.82,83.54,0.9827,567.37,82.83,0.3812,624.5,108.22,0.9249,574.42,96.95,0.2233,631.64,118.89,0.9517,598.52,120.43,0.8194,638.66,168.42,0.7077,593.33,165.93,0.1895,642.78,208.36,0.2635,608.26,206.94,0.0451
169,24.1429,37,499.86,254.91,619.14,536.99,0.6233,530.85,313.04,0.6033,534.87,305.85,0.6007,534.02,303.6,0.083,550.82,307.14,0.8586,551.69,301.17,0.0577,575.8,349.76,0.9499,555.33,340.97,0.9573,581.64,428.79,0.7289,545.55,412.25,0.9133,556.16,475.1,0.6437,524.68,455.91,0.9397,588.88,485.24,0.8395,574.76,479.93,0.8642,578.97,577.4,0.4686,567.42,563.99,0.441,586.14,618.12,0.1072,578.07,612.94,0.09
170,24.2857,1,561.55,290.78,764.1,883.18,0.9287,588.64,386.41,0.659,586.59,374.37,0.7312,594.61,371.46,0.0162,604.99,365.58,0.956,644.99,359.1,0.0446,644.83,435.92,0.9986,688.45,401.37,0.9662,652.7,555.08,0.9976,675.38,485.25,0.472,593.43,575.04,0.9962,617.24,508.84,0.4781,655.58,625.46,0.9952,699.49,605.79,0.9802,662.0,745.77,0.9944,707.14,704.19,0.9752,677.13,847.88,0.9841,723.15,806.84,0.9771
170,24.2857,31,393.2,562.26,590.71,889.78,0.7306,573.39,709.9,0.9667,559.86,689.91,0.0221,557.91,700.77,0.9842,504.94,688.41,0.0002,489.34,720.17,0.9803,452.77,738.54,0.8806,445.14,814.84,0.968,497.62,820.28,0.0674,483.5,890.0,0.0718,569.78,836.54,0.0263,587.26,880.68,0.0219,467.45,869.18,0.0079,470.45,890.0,0.0066,544.17,862.66,0.0034,527.04,877.89,0.0048,550.74,886.18,0.0018,503.96,875.21,0.0033
170,24.2857,40,395.05,133.74,566.45,418.29,0.482,506.2,182.79,0.9704,515.26,179.26,0.9807,512.5,172.34,0.0895,540.71,190.62,0.979,543.51,173.01,0.005,532.91,224.78,0.9895,556.61,209.24,0.9659,464.31,226.0,0.9934,503.27,228.26,0.5795,406.42,187.07,0.9908,432.23,201.97,0.5675,512.13,350.6,0.9494,530.58,338.19,0.8842,489.42,459.5,0.7294,505.73,438.08,0.4143,489.39,547.26,0.246,508.18,529.67,0.1718
170,24.2857,37,494.23,254.13,622.69,566.27,0.4416,531.38,313.59,0.6713,535.8,305.93,0.6638,535.96,302.78,0.0761,551.27,306.98,0.8901,561.97,298.93,0.0649,562.27,350.75,0.9772,575.06,339.81,0.9239,559.46,430.42,0.9283,562.21,416.67,0.7446,532.46,480.07,0.861,534.5,465.13,0.7934,572.13,486.31,0.8719,587.37,480.05,0.7909,551.53,578.25,0.6849,569.93,567.03,0.4319,554.29,642.74,0.205,573.87,634.81,0.1082
171,24.4286,1,559.78,287.8,762.37,882.58,0.9391,589.26,384.09,0.6312,586.91,372.51,0.7491,595.65,369.65,0.0193,606.18,362.63,0.9688,645.85,356.13,0.0437,646.82,432.47,0.9989,687.37,399.36,0.9797,657.87,549.6,0.9978,671.08,493.15,0.6484,596.7,572.07,0.9961,609.64,514.7,0.6121,663.36,618.39,0.9965,703.17,598.92,0.9903,664.87,740.95,0.9956,707.38,705.29,0.9916,678.38,845.33,0.9729,723.03,804.64,0.9816
171,24.4286,31,391.76,647.87,552.04,889.64,0.6616,552.23,829.0,0.8138,545.66,808.67,0.0536,539.02,816.13,0.9464,505.9,801.22,0.0015,470.75,821.38,0.9595,464.61,834.82,0.722,419.05,888.25,0.3694,495.06,859.24,0.0632,451.54,890.0,0.0032,508.66,872.76,0.023,505.7,878.38,0.0038,447.69,867.99,0.0059,422.54,890.0,0.0018,527.85,872.23,0.0128,499.87,879.68,0.0073,537.23,874.43,0.0033,486.64,861.7,0.0037
171,24.4286,40,389.78,131.76,568.17,413.25,0.4652,507.63,184.8,0.9761,517.61,182.19,0.9876,513.72,172.86,0.1087,545.77,192.89,0.977,541.84,170.13,0.003,538.83,226.02,0.9817,550.04,204.84,0.9479,467.47,225.36,0.9897,491.57,220.75,0.5873,409.15,187.65,0.9895,419.32,192.84,0.6631,511.06,350.79,0.9462,519.69,335.24,0.8777,485.24,462.33,0.6613,495.37,434.35,0.3597,487.02,544.5,0.223,500.69,521.89,0.1756
172,24.5714,1,558.77,287.26,760.58,880.56,0.9365,589.98,383.67,0.6324,587.63,372.16,0.7458,596.29,369.45,0.0191,606.39,362.92,0.9691,645.72,356.79,0.0445,648.56,431.6,0.9991,685.81,400.61,0.9781,663.02,547.7,0.9981,671.54,499.92,0.6237,598.28,573.83,0.9967,607.39,526.51,0.6175,663.77,621.0,0.9962,701.35,602.25,0.9888,666.61,742.41,0.9954,708.29,708.61,0.991,680.11,844.67,0.968,724.12,807.23,0.977
172,24.5714,40,388.08,126.12,573.59,405.73,0.5616,510.21,182.76,0.9627,519.25,179.7,0.9773,517.53,171.22,0.0876,545.45,191.86,0.9738,550.79,170.92,0.0057,539.83,224.87,0.985,562.11,206.11,0.9531,464.22,223.11,0.9919,501.11,226.64,0.5502,407.63,187.34,0.99,427.16,203.19,0.5453,517.01,353.01,0.936,534.02,338.17,0.8545,486.52,463.91,0.569,501.64,437.88,0.2588,487.44,544.07,0.1645,505.56,522.44,0.1201
172,24.5714,37,500.56,256.29,625.46,566.21,0.4688,529.58,312.51,0.4994,533.2,305.1,0.515,535.48,301.96,0.0537,546.14,307.4,0.8818,564.76,299.06,0.0996,558.22,350.91,0.9785,578.34,339.4,0.9199,560.98,426.58,0.9366,568.65,414.16,0.6829,540.02,473.94,0.8863,546.03,461.54,0.743,571.1,480.1,0.8758,591.69,473.39,0.7831,554.27,577.09,0.646,576.78,563.61,0.392,562.98,644.04,0.1904,583.73,632.66,0.1118
173,24.7143,1,559.26,288.7,759.85,878.52,0.9295,588.95,386.89,0.7299,586.72,375.05,0.829,594.4,372.8,0.0242,606.95,363.57,0.9734,642.52,358.66,0.0325,649.15,431.21,0.999,683.39,399.92,0.9795,668.22,546.17,0.9978,669.49,499.13,0.6573,597.23,579.1,0.9966,606.92,525.24,0.6773,664.32,622.09,0.9958,699.93,602.74,0.9895,668.51,747.91,0.9944,709.63,709.95,0.9923,680.06,844.57,0.9518,724.87,808.06,0.9743
173,24.7143,40,383.71,119.46,582.39,410.16,0.4662,509.47,161.43,0.9399,521.22,159.82,0.9634,516.41,151.09,0.1206,547.32,178.82,0.9725,537.47,156.27,0.0076,555.13,220.88,0.9824,529.37,197.83,0.9647,477.18,228.01,0.9843,473.15,219.28,0.8521,410.0,188.57,0.9788,405.71,189.44,0.871,525.17,355.85,0.94,505.6,338.77,0.8934,493.94,474.41,0.5943,487.3,443.48,0.383,493.56,551.64,0.1592,495.97,529.55,0.1562
174,24.8571,1,560.26,289.19,760.14,877.36,0.9278,587.87,388.2,0.7294,585.64,376.33,0.8318,592.97,374.0,0.0233,606.43,363.56,0.9731,640.71,358.57,0.0311,648.65,430.65,0.999,683.2,399.58,0.9795,669.56,545.38,0.9977,670.86,502.71,0.6997,599.02,579.21,0.9967,608.93,528.73,0.7467,664.45,620.7,0.9957,700.49,601.25,0.9896,668.28,746.9,0.9947,709.32,708.29,0.9929,680.91,843.87,0.9534,724.99,807.25,0.9759
174,24.8571,40,382.18,116.12,587.71,408.17,0.5012,510.87,158.15,0.9344,521.0,154.75,0.9534,516.79,149.34,0.0884,545.29,172.35,0.9787,539.42,157.44,0.0076,555.37,219.41,0.989,532.99,200.03,0.9695,477.76,226.31,0.9883,473.02,220.36,0.8745,410.12,189.94,0.9827,404.87,188.41,0.9024,526.98,356.93,0.9407,511.05,341.12,0.876,491.71,471.74,0.5428,486.51,441.06,0.2795,492.16,545.09,0.1336,495.47,524.0,0.104
175,25.0,1,560.41,290.27,759.1,874.82,0.9339,586.4,391.06,0.8374,583.99,378.39,0.9114,590.61,376.83,0.0278,607.01,363.66,0.9809,638.76,360.84,0.0155,648.48,432.72,0.9988,686.61,402.23,0.9806,670.2,546.05,0.9972,673.04,486.66,0.7421,604.58,578.81,0.9966,607.27,499.56,0.7842,664.1,622.71,0.9957,702.08,604.12,0.9905,667.53,746.47,0.9951,712.04,710.57,0.9941,678.82,841.6,0.9473,723.94,807.79,0.9732
175,25.0,40,382.79,114.0,586.82,395.47,0.6309,511.28,159.22,0.9175,520.09,155.52,0.9476,518.4,150.51,0.0503,542.48,172.13,0.9838,542.69,158.33,0.0048,556.63,221.04,0.9893,530.7,201.83,0.9787,488.82,233.75,0.9789,474.3,219.99,0.9493,410.94,190.34,0.9675,404.68,186.67,0.9758,516.75,359.8,0.9477,498.68,344.09,0.9107,486.09,469.72,0.45,476.52,441.08,0.2743,487.23,536.78,0.0918,485.26,515.17,0.0786
175,25.0,44,560.41,0.56,648.24,113.43,0.4643,588.86,37.33,0.9954,593.51,30.01,0.9964,582.7,32.47,0.978,606.61,24.68,0.9771,577.8,31.39,0.2454,626.79,46.72,0.998,580.66,51.03,0.9885,641.02,90.37,0.9674,568.65,86.75,0.7875,613.06,108.72,0.8465,568.46,96.9,0.534,622.77,117.96,0.8116,591.99,118.05,0.7687,617.96,142.21,0.1189,569.68,141.37,0.0769,612.97,174.79,0.0321,581.13,172.23,0.023
176,25.1429,1,558.67,290.73,757.79,875.72,0.9512,586.33,389.7,0.8173,584.17,377.27,0.8981,590.7,375.46,0.0261,606.94,363.45,0.9805,638.76,359.89,0.0177,648.74,432.52,0.9989,686.18,402.29,0.9805,669.14,545.66,0.9974,674.47,493.61,0.763,604.21,578.92,0.9968,609.15,509.49,0.816,663.68,621.93,0.9959,701.53,603.17,0.9907,667.21,744.92,0.9956,712.04,709.29,0.9944,678.93,841.68,0.9606,723.48,808.1,0.9781
176,25.1429,40,382.38,112.93,587.78,388.57,0.6229,510.56,158.98,0.9344,519.92,155.29,0.9511,518.9,150.58,0.0477,543.12,173.63,0.9836,550.46,159.78,0.0057,548.15,220.49,0.9921,550.59,203.04,0.9715,472.99,227.34,0.9909,485.87,222.59,0.8793,406.09,188.59,0.9839,404.37,188.52,0.918,521.61,356.98,0.9393,525.97,342.14,0.8661,487.03,462.73,0.4484,495.81,433.37,0.2041,487.25,531.12,0.105,502.78,511.48,0.0765
176,25.1429,44,559.71,0.73,648.71,114.36,0.4774,588.74,37.58,0.9952,593.16,30.28,0.9964,582.7,32.79,0.9742,606.33,24.81,0.9787,578.09,31.67,0.2126,626.76,46.41,0.9981,581.58,50.74,0.9873,641.05,90.1,0.971,569.48,86.27,0.7714,613.52,109.07,0.8554,568.24,96.61,0.5171,622.86,117.67,0.8107,592.72,117.7,0.7571,617.26,141.6,0.1157,569.96,140.7,0.0723,611.51,173.4,0.03,581.29,170.73,0.0212
177,25.2857,1,560.02,290.92,758.96,875.52,0.9341,586.28,388.2,0.7531,583.64,375.96,0.8533,591.25,373.66,0.0223,605.73,362.7,0.9781,641.04,358.08,0.0273,646.14,432.11,0.999,688.46,403.42,0.9826,660.2,548.38,0.9975,672.62,500.25,0.7647,604.13,590.2,0.9967,609.1,516.02,0.7875,664.53,620.23,0.996,706.06,602.5,0.9907,667.04,742.2,0.996,713.22,709.73,0.9944,679.88,841.6,0.9651,723.73,808.94,0.9788
177,25.2857,40,381.64,113.01,586.78,381.41,0.6307,511.94,160.16,0.8594,520.29,155.91,0.8794,521.37,151.73,0.0263,543.11,173.28,0.9685,558.28,160.68,0.0083,543.4,221.35,0.9917,559.6,205.78,0.9637,470.79,225.22,0.9919,490.09,223.04,0.8432,407.14,187.27,0.9855,407.33,188.98,0.8939,512.32,355.81,0.9404,527.23,341.88,0.8604,479.26,460.24,0.3917,492.65,433.15,0.168,480.06,526.31,0.0874,498.5,507.94,0.0638
177,25.2857,44,559.07,0.91,648.59,114.27,0.4758,588.76,37.19,0.9948,593.2,30.05,0.996,582.77,32.51,0.9741,606.17,25.18,0.9758,578.13,31.89,0.2294,626.42,46.97,0.9979,581.02,51.24,0.9866,641.38,89.71,0.9713,567.98,85.54,0.7848,613.6,109.36,0.864,567.08,94.72,0.5533,622.08,118.09,0.8067,591.64,118.09,0.7534,616.26,141.5,0.1139,568.24,140.67,0.0718,610.32,172.87,0.029,578.79,170.48,0.0204
178,25.4286,1,561.96,291.17,760.82,877.54,0.9309,587.75,386.81,0.6959,584.98,374.62,0.8119,592.6,372.21,0.0177,606.27,362.08,0.9779,642.42,357.26,0.0302,645.03,431.51,0.999,686.53,402.95,0.9792,642.17,554.92,0.9969,665.84,499.67,0.7091,601.53,598.45,0.9949,611.81,518.2,0.7123,666.42,618.39,0.9965,706.85,601.55,0.991,667.08,740.47,0.9966,711.96,710.38,0.9939,680.26,844.32,0.9758,723.53,810.03,0.9821
178,25.4286,40,379.94,111.68,586.95,376.73,0.6371,510.87,157.74,0.8465,519.02,153.68,0.8636,521.07,149.94,0.0223,541.46,171.41,0.966,560.51,159.57,0.0081,539.37,219.57,0.9923,562.23,205.28,0.9577,469.88,223.32,0.9936,494.05,223.45,0.7628,406.85,186.95,0.9896,412.11,189.41,0.8346,510.49,353.43,0.9399,531.62,341.38,0.8504,477.78,454.87,0.3467,497.06,434.71,0.1341,478.32,519.85,0.0678,500.01,504.72,0.0439
178,25.4286,44,558.55,1.0,649.02,114.94,0.4238,588.86,37.19,0.9941,593.31,30.05,0.9955,582.77,32.47,0.9715,606.33,25.03,0.9734,577.83,31.64,0.2194,626.61,46.79,0.9981,580.95,50.86,0.9853,642.06,89.45,0.9711,567.82,84.88,0.7421,614.99,109.23,0.8644,566.53,94.3,0.5194,622.83,118.72,0.8322,592.1,118.73,0.7712,617.98,148.17,0.1233,571.05,147.25,0.0731,614.09,180.02,0.0309,580.18,177.24,0.0206
179,25.5714,1,564.9,291.46,763.03,878.6,0.933,589.6,388.55,0.6229,586.31,376.68,0.7579,595.16,373.73,0.0149,606.63,363.68,0.9766,645.97,357.61,0.0382,642.83,432.29,0.999,686.64,402.16,0.9772,634.04,552.36,0.9964,664.48,497.15,0.6347,603.74,601.67,0.9946,611.01,523.49,0.6319,666.62,616.11,0.9968,708.08,598.98,0.9914,668.53,738.26,0.9973,712.73,707.32,0.995,680.79,844.45,0.9819,724.38,809.4,0.9865
179,25.5714,40,376.96,110.19,588.46,376.64,0.6452,508.78,155.87,0.9025,517.84,151.7,0.9295,516.76,147.44,0.0325,542.58,168.79,0.9799,547.32,156.07,0.0047,547.05,218.68,0.9922,540.48,202.2,0.9675,472.45,225.41,0.9916,478.95,222.67,0.8758,408.57,190.17,0.9871,406.19,188.83,0.9285,517.8,355.25,0.9406,514.4,342.56,0.871,489.0,458.16,0.3254,492.28,435.25,0.1562,489.97,523.36,0.0551,499.59,507.31,0.0422
179,25.5714,44,559.46,1.06,650.18,115.21,0.4183,588.71,37.09,0.9941,593.11,30.05,0.9956,582.76,32.4,0.9712,606.16,24.96,0.9743,577.98,31.43,0.2209,626.63,46.54,0.9982,581.03,50.24,0.987,642.18,89.06,0.9723,569.61,84.56,0.7604,615.03,108.57,0.8709,568.92,96.62,0.5383,622.85,117.95,0.8546,592.24,117.76,0.8023,618.56,148.9,0.1349,572.12,147.59,0.0833,615.12,181.32,0.0336,581.4,177.84,0.0234
180,25.7143,1,565.05,293.55,762.45,880.69,0.9178,588.84,390.39,0.4647,585.27,378.3,0.6221,595.63,374.4,0.0089,601.2,366.89,0.9658,647.2,358.82,0.0558,637.25,437.4,0.9987,691.15,407.09,0.9679,629.47,559.93,0.9961,672.85,502.56,0.681,602.52,605.16,0.9937,609.61,519.13,0.7484,659.37,623.47,0.9959,707.73,606.73,0.9869,668.06,741.05,0.9969,714.2,706.94,0.9909,682.53,844.23,0.9871,725.95,809.78,0.9847
180,25.7143,40,371.89,108.27,591.23,382.34,0.63,509.48,157.62,0.9483,519.11,152.0,0.9699,514.39,148.11,0.0723,545.84,164.76,0.9847,537.49,153.54,0.0041,551.24,217.61,0.9932,533.74,201.93,0.973,479.81,228.83,0.9923,474.78,225.82,0.8879,409.62,191.83,0.9877,405.31,189.38,0.9326,520.76,355.92,0.9501,508.8,342.72,0.8792,491.02,460.4,0.4531,487.55,435.56,0.1995,492.34,528.59,0.0846,493.09,510.99,0.0533
181,25.8571,1,563.55,292.12,760.59,879.97,0.8872,584.77,389.67,0.3728,580.94,378.03,0.4958,592.34,374.38,0.0107,598.43,366.42,0.9595,644.44,358.16,0.0749,636.36,436.86,0.9989,687.76,404.16,0.9859,633.86,552.76,0.9959,667.93,478.84,0.5562,601.16,607.67,0.9914,591.39,480.85,0.324,663.47,619.97,0.9972,708.43,601.69,0.9929,667.77,738.81,0.9966,711.87,707.43,0.9944,680.04,845.42,0.9771,724.28,809.1,0.9852
181,25.8571,40,372.14,109.12,592.99,382.73,0.6245,508.09,157.96,0.9408,517.77,153.76,0.9657,514.43,148.81,0.0625,544.07,168.69,0.9846,540.09,154.74,0.0045,549.84,216.82,0.9937,536.84,199.08,0.9707,478.66,227.18,0.9938,477.96,225.78,0.8457,410.63,193.98,0.9899,407.64,192.38,0.8954,525.74,348.89,0.9498,517.93,335.22,0.871,495.07,450.83,0.4572,494.92,424.93,0.1948,497.97,515.51,0.0929,501.26,497.0,0.0601
182,26.0,1,563.52,294.08,760.66,880.27,0.9142,585.89,388.85,0.3351,581.58,376.56,0.4495,593.91,372.93,0.0058,595.79,366.45,0.9584,647.15,358.83,0.0634,635.03,436.25,0.9988,687.24,405.71,0.9825,629.67,554.13,0.997,657.06,473.23,0.7918,596.04,606.36,0.9948,586.44,481.07,0.7644,662.5,614.96,0.9965,710.73,599.82,0.9899,665.82,732.37,0.9977,713.77,703.28,0.9929,679.53,840.93,0.991,724.38,811.0,0.9872
182,26.0,40,374.96,114.51,594.25,381.93,0.5926,508.89,158.59,0.9301,517.75,154.77,0.9471,515.54,150.59,0.0541,540.96,171.07,0.9833,542.85,158.82,0.0069,551.11,216.1,0.9947,542.57,200.23,0.9684,479.43,227.03,0.9957,482.68,227.69,0.7806,410.03,197.8,0.992,412.91,199.94,0.8201,533.84,343.49,0.9361,529.73,330.27,0.8357,499.71,445.11,0.4992,500.36,419.86,0.2128,500.71,513.68,0.0852,505.26,496.73,0.056
182,26.0,37,506.16,250.6,624.99,556.1,0.4365,534.34,301.92,0.5562,538.11,294.26,0.5193,537.83,292.53,0.0716,552.86,298.22,0.8837,556.45,293.46,0.0673,582.43,349.06,0.9474,556.65,340.49,0.9677,594.92,431.56,0.6767,550.34,416.23,0.9355,573.33,484.88,0.6435,539.29,460.12,0.9625,590.09,494.94,0.8231,573.42,488.77,0.8441,572.86,602.4,0.4817,561.08,586.36,0.4052,580.75,657.09,0.1358,574.95,652.71,0.0948
183,26.1429,1,564.31,294.62,761.18,880.16,0.9097,586.86,387.59,0.324,582.44,375.08,0.4396,594.71,371.63,0.0062,595.83,364.91,0.9564,647.42,357.83,0.0701,635.41,435.92,0.9987,687.74,406.28,0.9813,631.09,555.19,0.997,660.99,478.01,0.7698,595.36,604.0,0.9949,590.51,483.41,0.7328,661.79,616.17,0.9965,709.93,601.01,0.9896,666.04,733.94,0.9977,713.13,704.04,0.9924,680.38,841.56,0.991,724.54,811.2,0.9871
183,26.1429,40,377.13,118.25,593.48,377.55,0.5889,509.3,158.84,0.9182,517.94,155.49,0.9358,515.85,151.19,0.0552,539.82,172.13,0.9826,541.64,159.75,0.0083,551.23,216.59,0.9946,537.87,200.28,0.9713,478.87,228.49,0.9957,478.6,227.9,0.8067,409.39,198.22,0.9921,410.44,200.08,0.8297,533.59,341.33,0.9322,525.35,328.18,0.8399,498.24,441.03,0.477,495.22,416.75,0.2163,500.38,507.47,0.0766,502.01,491.26,0.054
183,26.1429,37,507.42,251.44,623.05,556.85,0.4718,534.37,303.09,0.5551,538.22,295.32,0.4971,537.6,293.83,0.071,553.61,299.33,0.8827,555.34,295.15,0.0644,584.81,350.0,0.945,553.84,341.48,0.973,598.14,434.27,0.6669,548.7,417.63,0.9402,576.86,487.78,0.647,540.12,461.8,0.96,589.73,498.8,0.8167,568.79,492.49,0.8509,571.01,608.68,0.4547,556.2,594.06,0.3999,578.06,662.92,0.117,568.48,658.95,0.0848
184,26.2857,1,563.05,294.31,759.97,880.46,0.9129,586.96,386.75,0.3528,582.71,374.19,0.4732,594.41,370.83,0.006,596.01,363.93,0.9607,646.29,357.09,0.0592,635.96,434.46,0.9987,685.84,405.18,0.9801,630.73,553.59,0.9968,656.9,475.92,0.7583,595.21,602.15,0.9947,588.32,481.75,0.7374,660.1,616.06,0.9964,707.0,600.9,0.9891,665.21,734.35,0.9976,711.59,703.62,0.9922,679.65,841.85,0.9898,724.15,810.53,0.9858
184,26.2857,40,376.9,120.07,595.21,377.86,0.5918,509.11,158.99,0.9153,517.58,155.68,0.9343,515.95,151.34,0.0514,539.16,172.4,0.9826,543.32,159.88,0.0085,549.36,216.73,0.9948,542.49,199.98,0.9688,476.14,229.03,0.9958,483.13,228.85,0.7947,409.35,198.08,0.9918,414.02,202.26,0.8171,532.87,340.7,0.9337,529.31,327.36,0.8365,498.47,439.83,0.5076,498.51,415.38,0.2265,501.16,506.44,0.0843,504.22,490.13,0.0571
184,26.2857,37,507.56,251.41,621.38,558.59,0.4533,533.1,301.96,0.6601,537.28,294.29,0.6063,535.85,292.79,0.0863,554.01,298.46,0.9027,552.14,294.33,0.0484,588.08,349.08,0.9413,551.72,340.85,0.976,599.8,432.9,0.6014,547.34,416.01,0.9422,577.37,488.82,0.6157,540.01,461.04,0.9648,590.37,497.77,0.8243,564.72,491.19,0.8715,573.35,606.9,0.47,552.32,591.74,0.4412,579.04,665.32,0.1158,564.17,660.58,0.0888
185,26.4286,1,563.21,293.51,760.2,880.55,0.9138,586.2,385.99,0.3066,581.86,373.49,0.4215,594.01,370.11,0.0058,594.64,363.51,0.9562,646.26,356.5,0.0713,634.71,433.96,0.9986,686.49,404.99,0.98,629.56,553.87,0.9966,662.22,477.74,0.726,593.82,600.35,0.9939,590.37,483.55,0.6749,660.14,616.0,0.9965,707.34,600.68,0.9897,665.56,734.68,0.9975,710.63,703.75,0.9926,679.7,842.57,0.9899,723.96,810.67,0.9871
185,26.4286,40,377.81,119.87,598.1,376.5,0.5835,508.86,159.33,0.912,517.49,156.24,0.9335,515.65,151.61,0.0561,539.08,173.07,0.9801,543.7,159.82,0.0104,547.56,215.88,0.9944,546.31,198.95,0.9657,476.62,228.78,0.9959,486.1,228.39,0.7733,411.06,198.04,0.9916,416.68,202.91,0.7858,537.62,338.04,0.9211,538.69,325.29,0.81,502.93,435.19,0.4629,506.92,413.02,0.1926,506.5,501.08,0.078,511.19,486.09,0.05
185,26.4286,37,509.57,251.58,619.8,553.81,0.4916,533.41,302.28,0.6689,537.73,294.58,0.6239,536.29,293.06,0.0855,554.07,299.04,0.9112,552.98,294.8,0.0475,587.37,350.01,0.9426,552.51,341.74,0.9754,598.56,433.25,0.5997,547.36,415.32,0.9447,576.55,488.81,0.6264,540.85,460.2,0.9709,590.48,497.15,0.8243,566.44,490.71,0.8719,574.23,603.69,0.4393,556.03,588.57,0.411,580.59,660.68,0.1037,568.12,655.7,0.0775
186,26.5714,1,562.75,292.88,759.93,880.97,0.9141,585.62,385.76,0.2885,581.3,373.33,0.4026,593.55,369.85,0.0058,594.3,362.96,0.9538,646.09,355.6,0.0792,632.84,433.32,0.9986,687.03,403.27,0.9782,624.48,554.76,0.9967,666.59,476.87,0.6733,590.07,600.45,0.9935,592.83,482.91,0.596,659.73,616.74,0.9967,707.65,600.99,0.9894,665.14,735.22,0.9976,709.72,704.23,0.9915,679.32,843.09,0.9911,723.35,810.24,0.9871
186,26.5714,40,377.75,121.04,599.58,376.31,0.5734,510.04,161.77,0.8913,518.08,158.44,0.9153,517.0,154.12,0.0469,539.22,174.66,0.9758,546.78,162.21,0.0113,546.95,217.17,0.9939,549.95,200.88,0.9604,475.45,228.7,0.9956,487.76,228.25,0.7436,410.46,196.72,0.9912,416.57,202.47,0.7655,535.3,339.17,0.9194,539.56,326.82,0.808,501.52,436.03,0.4438,507.56,415.48,0.1899,505.04,502.45,0.0749,511.03,488.03,0.0509
186,26.5714,37,510.22,251.23,618.51,551.5,0.4891,533.75,302.9,0.654,538.02,295.33,0.5982,536.67,293.55,0.0902,553.53,300.09,0.9045,552.77,295.22,0.0561,587.81,351.16,0.9446,551.63,341.85,0.9751,598.41,434.58,0.622,546.62,414.66,0.9432,576.85,489.25,0.6491,540.89,460.05,0.9692,590.27,497.84,0.8298,564.97,490.99,0.8758,574.94,604.3,0.4512,555.12,589.37,0.4224,581.34,662.13,0.1018,567.06,657.01,0.0757
187,26.7143,1,562.71,292.09,759.8,881.05,0.9148,586.64,387.25,0.3083,582.23,374.74,0.4255,594.51,370.98,0.007,594.87,363.38,0.9536,647.22,355.46,0.0922,632.24,434.68,0.9985,690.96,404.96,0.9782,619.44,562.39,0.9963,677.35,484.36,0.621,582.92,597.03,0.9916,598.55,487.26,0.4835,659.05,620.21,0.9965,709.57,604.06,0.9891,665.0,737.39,0.9974,710.78,706.27,0.9908,679.39,843.03,0.9904,723.03,810.27,0.9861
187,26.7143,40,375.49,122.03,600.04,377.79,0.5589,510.64,165.58,0.8832,518.74,162.14,0.9151,517.29,157.19,0.049,541.78,176.6,0.9664,546.87,162.98,0.0104,546.17,218.5,0.9918,550.48,200.91,0.9547,479.22,232.02,0.9945,492.29,231.42,0.686,411.35,201.81,0.9905,424.3,209.62,0.7055,529.31,339.96,0.92,534.32,327.08,0.8196,497.29,436.86,0.4254,504.35,416.64,0.1995,502.08,504.07,0.0694,508.26,488.53,0.0532
187,26.7143,37,511.83,250.84,617.88,548.37,0.4275,534.5,302.36,0.5865,538.52,294.62,0.55,537.89,292.69,0.0765,551.49,298.97,0.8952,557.21,293.69,0.0767,575.88,349.03,0.9493,560.03,339.9,0.9603,582.95,430.28,0.6822,548.55,413.93,0.9086,567.56,485.95,0.649,541.89,462.36,0.9523,583.44,493.36,0.8208,574.31,487.11,0.8348,566.9,599.83,0.4726,565.27,583.79,0.3921,574.01,658.52,0.1241,575.59,652.3,0.088
188,26.8571,1,563.89,293.01,760.31,880.45,0.9089,588.29,387.88,0.3042,583.78,375.34,0.4315,596.13,371.64,0.0064,597.47,363.53,0.9554,649.35,355.81,0.0806,634.01,434.94,0.9983,693.0,405.25,0.9794,623.89,558.08,0.9954,676.25,479.13,0.6564,589.58,594.09,0.9905,595.7,482.76,0.5484,659.11,619.76,0.9964,710.12,603.77,0.9891,665.71,736.95,0.9975,712.86,705.28,0.9907,679.52,843.26,0.9914,724.15,810.04,0.9868
188,26.8571,40,373.46,123.64,601.98,381.49,0.5287,512.1,168.21,0.858,519.74,164.61,0.8969,518.65,159.9,0.0469,542.04,178.34,0.9587,548.99,165.36,0.0123,546.04,218.78,0.9902,554.47,201.46,0.9436,478.83,232.35,0.9939,494.58,231.56,0.6455,410.56,201.73,0.9893,425.62,210.63,0.6604,531.92,339.55,0.9089,539.7,327.07,0.7964,499.72,436.6,0.4265,508.49,418.55,0.199,504.86,505.0,0.0766,511.6,490.75,0.0582
188,26.8571,37,512.97,251.39,617.29,546.28,0.4285,534.39,302.2,0.5185,538.14,294.65,0.4921,538.51,292.71,0.0597,549.27,299.58,0.9018,560.12,294.14,0.0921,570.4,348.99,0.9592,563.76,340.08,0.9555,577.16,427.54,0.7318,551.38,413.52,0.8917,563.63,483.0,0.6721,541.93,461.63,0.9447,580.08,489.77,0.8446,579.05,484.0,0.8321,564.25,593.63,0.5103,569.27,577.51,0.3778,573.37,650.07,0.1481,581.27,643.9,0.0924
189,27.0,1,560.37,292.6,757.47,879.35,0.9153,588.31,383.85,0.4399,584.67,371.19,0.5647,595.87,368.11,0.0064,601.59,362.37,0.9641,650.21,355.92,0.0424,638.72,436.01,0.9986,691.08,406.01,0.9812,629.49,554.75,0.9963,655.91,470.37,0.7792,590.56,591.97,0.9939,582.23,478.64,0.7768,659.01,621.52,0.9964,708.26,606.01,0.989,666.56,739.26,0.9967,714.52,706.51,0.9895,680.78,842.69,0.9842,724.95,810.11,0.9784
189,27.0,40,367.34,122.57,603.19,388.47,0.5696,509.9,166.32,0.8871,518.46,163.19,0.9253,517.72,157.72,0.0417,541.47,179.69,0.9731,548.68,164.63,0.0075,544.64,221.27,0.9905,548.03,203.58,0.9579,477.06,230.35,0.9916,486.27,231.11,0.7144,411.36,200.74,0.9857,417.2,207.06,0.7476,521.57,349.98,0.9203,525.96,336.76,0.8328,490.27,451.68,0.3702,497.68,430.91,0.1974,492.45,518.22,0.0561,501.46,503.0,0.0501
189,27.0,46,559.72,1.49,674.35,232.94,0.4981,587.14,33.7,0.926,590.93,27.79,0.9234,582.01,30.5,0.7813,603.66,22.16,0.8087,577.8,29.05,0.1702,625.47,43.14,0.9902,577.91,51.11,0.9431,635.61,87.3,0.9773,563.41,85.8,0.5381,615.56,105.78,0.9161,572.02,93.68,0.3071,633.2,125.17,0.9713,600.52,128.39,0.894,648.05,184.9,0.8591,601.31,184.01,0.2889,657.08,234.78,0.6776,612.44,233.41,0.1537
190,27.1429,1,560.83,292.7,758.2,879.11,0.9173,590.34,383.7,0.4464,587.06,371.23,0.5688,597.59,368.09,0.0072,603.74,362.44,0.9613,650.37,355.87,0.0428,639.84,436.04,0.9986,690.06,405.42,0.9795,630.61,556.2,0.9963,655.38,471.64,0.7587,590.68,592.07,0.9937,583.46,474.88,0.7371,659.17,621.56,0.9962,707.0,605.92,0.9881,666.97,739.25,0.9964,713.91,706.1,0.9883,680.4,842.03,0.9842,724.18,810.2,0.9781
190,27.1429,40,367.04,122.32,602.92,387.67,0.5467,510.2,167.64,0.8721,518.56,164.3,0.914,517.88,159.07,0.0399,541.43,180.13,0.9703,549.07,165.65,0.0084,544.42,221.16,0.9904,549.09,203.79,0.9569,476.85,230.57,0.9916,485.96,230.52,0.7189,411.45,200.86,0.9856,416.6,205.98,0.7489,521.41,348.89,0.911,526.82,335.96,0.8163,488.38,450.24,0.3575,496.97,431.09,0.1894,490.2,518.9,0.0538,499.79,504.95,0.0474
190,27.1429,46,559.37,1.42,674.94,235.67,0.4805,586.59,33.96,0.9231,590.47,28.21,0.9199,581.65,30.49,0.7855,602.97,22.5,0.7888,577.34,28.39,0.1711,624.29,42.88,0.9884,578.02,49.53,0.9304,635.07,87.76,0.9754,564.51,84.51,0.5001,616.78,106.65,0.9146,572.9,93.83,0.2862,632.53,124.08,0.968,600.45,126.62,0.8815,648.27,183.86,0.8618,602.64,181.93,0.2857,657.15,235.07,0.6817,614.84,232.94,0.1507
190,27.1429,37,513.48,252.15,620.74,558.84,0.4245,542.13,314.64,0.9266,548.32,306.23,0.9252,539.97,304.72,0.3324,571.54,304.09,0.924,546.72,301.22,0.025,600.55,349.3,0.9395,548.57,340.47,0.984,606.61,430.74,0.5809,540.98,413.09,0.9683,580.06,487.53,0.5517,541.64,463.11,0.9738,596.4,495.41,0.7923,559.75,489.75,0.8768,585.22,605.17,0.4632,552.01,595.03,0.5318,587.58,666.13,0.1443,559.98,665.49,0.1404
191,27.2857,1,559.99,287.2,758.85,877.4,0.9384,591.58,379.34,0.3991,589.07,367.99,0.5356,600.06,364.34,0.01,607.91,361.6,0.9655,654.9,352.94,0.0681,642.4,435.6,0.999,691.34,403.5,0.98,632.33,555.08,0.9962,657.71,482.59,0.6053,590.67,588.89,0.9901,583.92,491.94,0.4533,665.58,617.35,0.9968,711.44,600.21,0.99,669.2,737.04,0.9964,714.94,708.91,0.9918,679.24,843.78,0.9822,723.97,810.59,0.9829
191,27.2857,40,363.53,123.43,602.06,392.38,0.4938,511.03,166.01,0.8841,519.42,162.26,0.9204,518.41,157.44,0.048,541.37,177.73,0.9701,548.21,164.3,0.0085,544.59,220.39,0.9898,544.91,204.12,0.9529,477.33,230.83,0.9913,483.8,232.19,0.6472,410.51,199.7,0.9851,417.8,206.87,0.6776,515.38,350.67,0.9229,518.17,338.38,0.8303,486.03,459.95,0.4902,492.88,442.14,0.2767,486.16,539.03,0.1011,495.44,525.57,0.0905
191,27.2857,46,560.4,1.55,672.68,229.67,0.4977,585.76,35.9,0.9353,589.83,30.34,0.9401,581.38,31.96,0.7667,602.63,24.69,0.8446,578.02,29.06,0.1326,624.03,43.92,0.9885,578.02,50.03,0.9415,637.34,85.18,0.9721,566.32,84.52,0.5347,620.71,96.99,0.9219,574.96,89.89,0.3536,632.53,122.91,0.9701,600.79,125.3,0.9035,646.01,183.32,0.8782,604.39,180.95,0.3848,653.55,233.4,0.6501,614.7,231.29,0.1683
191,27.2857,48,544.26,74.91,659.19,315.85,0.5423,558.54,127.12,0.9162,560.67,118.97,0.9344,557.18,120.03,0.1441,578.78,112.68,0.9612,570.27,115.83,0.0116,612.67,144.29,0.9819,580.03,140.05,0.8325,629.54,192.92,0.8433,573.46,186.98,0.1601,625.39,231.9,0.795,543.51,184.87,0.2329,624.71,251.52,0.8997,602.73,247.7,0.7884,626.26,332.31,0.6105,608.09,325.88,0.3143,635.6,378.43,0.158,617.03,370.85,0.0666
191,27.2857,37,504.33,250.2,617.49,571.5,0.5153,538.39,314.54,0.7823,543.31,305.56,0.7442,539.8,303.17,0.1282,562.42,303.96,0.8675,557.42,298.52,0.0341,590.68,349.92,0.9404,560.92,337.77,0.9512,594.84,441.1,0.779,540.18,423.19,0.9059,563.42,491.55,0.6695,530.99,480.66,0.9072,584.01,507.47,0.7551,564.44,499.33,0.7781,554.43,625.4,0.5102,550.11,613.91,0.4635,562.18,695.15,0.1318,556.14,692.25,0.1176
192,27.4286,1,560.13,285.22,759.54,877.25,0.9271,593.48,376.53,0.4035,591.45,365.47,0.5422,601.94,361.99,0.0104,610.45,360.87,0.9672,656.58,352.38,0.0699,643.4,434.08,0.999,694.55,403.44,0.9758,634.54,549.75,0.9958,666.33,484.67,0.4874,597.41,590.37,0.9891,594.22,503.09,0.3566,666.24,614.83,0.9969,712.88,598.22,0.9891,669.49,734.64,0.9963,714.7,707.89,0.9903,679.95,844.44,0.9803,724.12,809.93,0.9798
192,27.4286,40,361.73,127.25,603.1,400.55,0.4809,513.91,175.78,0.8585,521.15,170.92,0.9049,520.19,166.78,0.0457,542.92,182.86,0.9666,549.75,171.56,0.01,548.04,222.15,0.9898,548.26,206.45,0.9501,477.05,231.25,0.9915,481.44,231.91,0.6769,412.17,200.75,0.9841,414.04,206.18,0.6764,519.23,352.02,0.9229,521.79,340.03,0.831,489.63,462.82,0.5177,496.85,447.06,0.302,488.87,542.23,0.1023,498.77,530.82,0.0905
192,27.4286,46,561.47,1.52,671.67,225.86,0.5135,586.8,35.49,0.9408,590.8,29.79,0.9438,582.06,31.77,0.8136,602.93,24.44,0.8362,577.84,29.59,0.1785,623.86,43.61,0.9898,576.69,50.9,0.9346,635.91,84.46,0.9725,564.41,87.25,0.4907,622.03,93.37,0.9248,577.88,90.49,0.3504,631.65,123.11,0.969,598.95,126.08,0.8868,645.36,181.19,0.8743,600.52,179.19,0.3408,652.17,229.16,0.6438,609.29,227.27,0.1469
192,27.4286,48,544.82,74.26,659.4,314.38,0.5822,557.46,128.56,0.8497,559.47,120.56,0.8678,556.48,121.42,0.1081,577.54,114.28,0.9421,569.43,116.85,0.0156,613.89,145.04,0.9839,574.38,140.25,0.8384,630.11,193.57,0.8765,559.67,186.13,0.1553,629.26,235.06,0.8024,531.2,180.26,0.1831,624.49,255.28,0.9139,598.43,251.37,0.7951,625.56,334.58,0.6076,605.33,328.35,0.2653,634.72,375.58,0.147,614.7,367.88,0.0503
192,27.4286,37,501.89,250.3,616.18,572.28,0.5976,538.09,319.12,0.8392,543.08,310.58,0.8236,538.7,308.05,0.1455,564.13,307.3,0.9037,553.56,301.96,0.0252,595.05,349.97,0.9421,554.23,339.3,0.9696,598.59,437.0,0.7395,537.18,418.27,0.9533,559.54,490.26,0.6603,513.79,479.29,0.9576,593.28,502.98,0.762,564.36,496.19,0.8284,571.43,617.82,0.4457,555.47,608.25,0.452,578.52,680.31,0.1074,562.33,679.15,0.0989
193,27.5714,1,563.03,284.56,761.58,876.68,0.923,594.93,377.81,0.3983,592.4,366.31,0.5657,603.15,363.07,0.0105,610.04,359.91,0.9697,657.24,352.14,0.0681,643.05,433.95,0.9987,695.09,403.05,0.9731,632.77,549.34,0.9948,669.65,480.25,0.4663,597.37,577.52,0.9871,597.1,488.26,0.3447,665.08,614.51,0.9969,710.33,597.98,0.9888,668.21,736.52,0.9958,706.18,709.3,0.9882,679.13,843.38,0.9758,724.52,808.63,0.974
193,27.5714,40,362.77,125.47,605.74,400.98,0.4856,512.81,171.79,0.8533,520.15,166.54,0.8987,518.65,162.71,0.0471,541.78,178.69,0.9647,549.14,168.01,0.0134,547.11,219.95,0.9908,553.45,205.96,0.9475,477.72,230.31,0.9914,485.28,231.98,0.6734,412.2,201.82,0.9823,413.16,204.29,0.6803,524.78,354.33,0.919,532.47,342.8,0.8065,492.74,468.14,0.5062,503.89,452.43,0.2492,492.86,549.13,0.0987,505.18,538.47,0.0721
193,27.5714,46,562.39,1.27,671.33,223.77,0.5068,587.06,33.85,0.9361,590.8,28.06,0.9411,582.24,30.33,0.8077,602.73,22.6,0.8341,578.27,28.43,0.1816,623.8,42.02,0.9901,578.05,49.45,0.9271,635.85,84.03,0.972,567.24,85.44,0.4465,621.5,94.33,0.9153,583.57,90.02,0.3052,632.23,122.42,0.9703,600.64,125.6,0.8855,645.58,181.11,0.8666,604.69,179.52,0.3113,652.18,228.81,0.6243,614.28,227.39,0.129
193,27.5714,48,547.39,75.01,658.67,308.02,0.6258,558.45,130.85,0.9051,560.86,122.78,0.9229,556.02,124.16,0.1662,579.55,115.15,0.9524,566.18,119.21,0.0144,613.96,144.34,0.9864,569.67,141.6,0.8142,629.69,197.75,0.896,552.17,189.66,0.1153,628.49,254.75,0.802,527.11,199.49,0.1435,625.02,255.95,0.9079,596.31,253.75,0.7637,630.27,333.7,0.5338,605.36,329.94,0.2024,638.92,368.34,0.1004,614.18,364.42,0.0304
193,27.5714,37,501.99,251.95,614.78,568.79,0.6424,537.8,321.67,0.8556,542.06,312.98,0.8428,538.05,310.44,0.1414,562.45,307.78,0.9165,554.26,303.02,0.0249,591.98,348.24,0.9331,558.27,339.2,0.9684,595.16,434.08,0.6595,541.11,417.82,0.9487,571.04,495.35,0.5735,518.37,478.65,0.9587,593.49,500.75,0.7252,570.44,495.33,0.8101,579.73,613.64,0.4116,566.84,604.81,0.4252,585.35,672.14,0.1054,574.66,670.37,0.0947
194,27.7143,1,566.4,285.53,763.15,875.37,0.4473,595.95,376.62,0.3609,594.56,365.16,0.5579,603.66,361.9,0.0101,612.11,359.11,0.9686,655.05,350.84,0.0614,643.22,431.82,0.9983,695.33,401.35,0.9486,623.21,549.87,0.9919,684.13,483.2,0.2836,591.87,558.8,0.9679,612.65,492.87,0.1798,665.99,610.89,0.9956,704.79,595.22,0.9773,663.73,734.21,0.9927,684.94,714.87,0.9574,675.12,842.35,0.9702,693.89,816.74,0.9251
194,27.7143,40,366.53,125.02,610.4,400.85,0.5077,513.52,180.17,0.8398,519.43,173.75,0.8867,518.29,170.64,0.044,542.69,182.19,0.961,549.73,173.73,0.0134,553.17,221.09,0.9901,560.49,205.12,0.9378,476.73,232.01,0.9914,487.51,231.31,0.666,412.58,203.36,0.9825,415.44,208.6,0.6488,537.33,350.68,0.8945,544.48,337.74,0.7652,499.5,460.4,0.4843,507.53,443.13,0.2426,500.15,539.2,0.0907,507.86,527.61,0.0707
194,27.7143,46,562.36,1.1,672.02,226.72,0.4771,587.23,33.5,0.9149,591.11,27.95,0.9156,582.75,29.84,0.7477,603.14,22.7,0.8056,578.87,27.61,0.1604,623.89,41.99,0.9892,578.04,48.41,0.9124,636.27,83.99,0.9738,567.6,83.84,0.415,623.08,93.49,0.9207,581.49,88.04,0.2804,630.61,122.04,0.9706,598.53,124.7,0.8735,645.89,180.32,0.879,601.36,178.46,0.2913,654.53,229.71,0.6875,611.79,227.46,0.1423
194,27.7143,37,503.21,252.37,614.54,564.36,0.6143,537.08,318.78,0.8893,541.91,310.19,0.8838,536.82,308.23,0.2417,563.89,305.88,0.9124,548.7,302.28,0.027,599.43,348.28,0.9135,548.44,340.45,0.9758,606.2,434.11,0.5063,535.57,416.45,0.9621,589.63,493.54,0.5012,519.27,479.83,0.9688,600.64,490.64,0.6906,564.02,486.44,0.8281,592.75,592.43,0.403,563.1,587.36,0.4691,598.81,649.69,0.1069,573.59,649.46,0.0961
195,27.8571,1,564.26,287.17,760.83,878.11,0.897,595.75,376.69,0.4016,593.76,364.76,0.6197,603.51,361.28,0.0077,609.25,359.34,0.9685,655.48,351.33,0.049,641.46,431.21,0.9977,694.44,401.14,0.9118,616.09,548.68,0.9925,673.73,477.39,0.3374,578.67,560.45,0.9785,604.14,482.04,0.3367,660.12,608.89,0.9944,700.99,594.07,0.9751,661.61,737.18,0.9941,678.58,713.86,0.9755,674.43,844.04,0.9755,687.68,822.18,0.9594
195,27.8571,40,374.04,128.77,607.99,390.42,0.4995,515.48,182.18,0.8307,521.27,176.51,0.8764,521.02,173.01,0.0424,542.15,185.78,0.9618,553.94,176.29,0.0182,551.42,218.56,0.9918,565.05,203.23,0.9377,477.85,231.85,0.9945,489.3,230.13,0.6137,412.58,203.28,0.9868,416.4,209.17,0.5599,545.11,344.32,0.8717,557.98,332.75,0.7191,508.23,451.78,0.3967,520.96,438.11,0.1774,506.46,529.5,0.0632,519.7,519.11,0.0465
195,27.8571,46,562.55,1.12,673.08,230.35,0.4872,586.91,33.34,0.9206,590.82,27.92,0.9209,582.46,29.74,0.7705,602.69,22.8,0.8114,578.52,27.55,0.1694,623.59,41.66,0.9888,578.14,47.73,0.9158,636.51,81.97,0.9743,567.92,80.81,0.4141,624.85,96.0,0.9241,579.62,87.97,0.2671,630.3,120.78,0.9728,598.43,123.21,0.8825,647.3,178.79,0.8971,602.25,176.6,0.3142,656.94,230.33,0.7483,613.41,227.41,0.1722
195,27.8571,37,504.39,253.0,615.44,564.38,0.5575,542.3,320.95,0.9912,550.9,310.75,0.9947,534.88,310.81,0.887,576.82,304.01,0.9519,533.11,305.28,0.039,602.01,350.03,0.9162,542.94,343.44,0.9811,610.15,433.05,0.3974,534.13,419.23,0.9656,592.86,492.37,0.3797,523.5,481.51,0.9717,602.01,488.19,0.6944,561.07,485.19,0.8328,597.84,589.96,0.4553,561.69,585.66,0.5183,603.17,652.68,0.1386,568.71,652.96,0.1154
196,28.0,1,563.73,286.95,760.34,878.75,0.9093,595.58,372.33,0.3852,594.11,360.73,0.5369,604.53,357.18,0.0073,611.11,356.62,0.9707,659.07,348.0,0.0659,635.61,431.35,0.9981,699.56,404.26,0.9733,609.37,544.08,0.9898,686.64,477.62,0.4051,578.96,569.36,0.9759,606.52,485.52,0.3289,658.45,604.8,0.9971,712.74,589.74,0.9915,661.59,733.81,0.9953,722.15,698.61,0.9856,676.3,844.5,0.9539,741.51,799.69,0.948
196,28.0,40,388.52,131.35,604.66,365.47,0.509,513.14,176.29,0.8501,520.29,171.81,0.8903,519.09,166.6,0.0477,543.01,181.33,0.955,548.53,167.66,0.0129,549.42,218.08,0.9903,554.13,197.57,0.9452,481.45,232.33,0.9945,483.36,224.91,0.653,414.32,204.79,0.9905,412.59,200.19,0.6404,542.68,335.78,0.8815,547.03,322.72,0.7955,499.8,429.87,0.2046,510.28,416.52,0.1277,501.94,493.61,0.0217,508.12,482.78,0.0232
196,28.0,46,563.4,0.96,674.7,233.44,0.4728,586.15,35.62,0.9196,589.93,30.17,0.9197,581.88,31.8,0.7218,602.35,24.7,0.8397,578.82,29.13,0.1314,623.62,43.05,0.9883,581.11,48.34,0.9262,636.19,85.79,0.9742,569.92,83.46,0.4712,620.74,99.23,0.9264,575.84,91.53,0.2985,631.7,121.53,0.9673,602.03,123.81,0.8677,650.96,182.28,0.9102,609.45,180.82,0.3509,662.53,236.22,0.8031,623.64,231.45,0.2367
196,28.0,37,501.55,254.23,612.57,563.51,0.4927,538.42,320.73,0.9914,550.2,310.71,0.996,531.6,309.03,0.9046,578.21,310.23,0.9623,528.66,306.27,0.0467,595.1,363.32,0.9318,537.94,352.24,0.9802,593.26,436.21,0.4498,528.82,422.46,0.9399,566.65,490.77,0.409,522.16,477.54,0.9462,590.21,494.76,0.783,551.21,488.95,0.8598,576.95,594.35,0.4852,548.69,586.84,0.496,582.49,657.08,0.1366,552.5,655.41,0.1046
197,28.1429,1,564.15,287.2,760.97,880.4,0.9167,595.92,373.24,0.3829,594.14,361.79,0.5354,604.88,358.25,0.008,611.34,357.06,0.9657,659.22,348.58,0.0646,636.08,430.22,0.9979,699.55,403.48,0.9721,612.89,540.31,0.9896,684.41,474.47,0.423,581.07,563.93,0.9788,606.56,480.95,0.3675,654.9,606.43,0.9974,709.05,590.89,0.9929,657.44,735.06,0.9969,721.73,698.9,0.9925,670.38,846.19,0.9784,737.18,802.84,0.9801
197,28.1429,40,392.19,133.02,595.81,347.35,0.5933,514.46,177.7,0.9006,521.69,173.39,0.9258,519.84,168.02,0.0655,543.36,182.33,0.9648,547.2,168.45,0.0123,548.69,218.91,0.9916,551.2,196.68,0.9485,480.34,233.53,0.9955,484.43,220.99,0.6581,413.26,204.73,0.9931,417.41,198.22,0.696,535.18,331.18,0.8698,538.96,317.45,0.772,485.65,417.41,0.1775,498.48,405.02,0.1004,486.43,476.07,0.0188,496.02,465.63,0.0172
197,28.1429,46,564.1,0.98,676.31,237.23,0.5423,585.04,36.15,0.9279,588.75,30.65,0.9305,580.94,32.13,0.7133,601.62,24.94,0.8565,578.43,29.11,0.1042,624.3,44.6,0.9895,581.56,49.38,0.9213,637.74,89.55,0.9785,571.37,85.03,0.4407,617.43,103.01,0.9317,572.94,95.38,0.2653,633.4,124.53,0.9663,603.68,126.42,0.8493,653.4,186.1,0.9077,611.99,183.85,0.3051,663.99,241.61,0.797,626.19,236.22,0.2054
197,28.1429,37,501.47,255.9,611.31,558.76,0.4924,531.26,319.68,0.9902,542.31,309.91,0.9962,526.24,308.48,0.8468,573.17,310.32,0.9733,526.81,306.54,0.0206,597.91,370.42,0.9411,534.29,354.13,0.978,604.16,446.05,0.4841,528.43,420.44,0.9278,581.96,491.6,0.4644,521.65,470.15,0.9389,587.47,501.86,0.7622,544.05,493.25,0.8386,577.24,597.86,0.3466,542.88,588.84,0.4008,582.27,657.31,0.0899,546.51,654.32,0.0819
198,28.2857,1,565.44,286.87,761.64,879.77,0.9109,593.49,374.09,0.3589,591.43,362.5,0.519,602.53,358.82,0.0074,608.63,357.02,0.9655,657.3,348.44,0.0652,635.17,430.54,0.998,698.0,403.86,0.9715,611.54,543.32,0.9882,685.28,476.86,0.4181,581.86,566.47,0.9751,608.36,478.37,0.3327,653.07,609.58,0.9974,707.04,593.91,0.9937,655.35,742.15,0.9965,719.14,706.75,0.994,663.21,848.54,0.9761,731.37,809.78,0.9836
198,28.2857,40,404.46,133.06,602.21,331.18,0.6639,517.45,177.4,0.8864,524.68,172.55,0.9114,523.22,167.81,0.068,548.16,182.93,0.9634,553.65,170.21,0.0202,554.87,217.94,0.9931,564.92,197.77,0.9453,478.35,233.97,0.9968,489.78,221.25,0.7353,413.83,203.41,0.9925,413.4,197.71,0.7282,567.6,326.12,0.8153,576.37,313.38,0.6691,514.86,409.21,0.151,530.58,393.2,0.0658,524.75,462.98,0.0156,533.17,450.7,0.0121
198,28.2857,46,564.71,0.88,676.75,238.03,0.6251,585.66,37.22,0.9282,589.7,31.86,0.9222,581.55,32.91,0.7383,602.29,25.8,0.8359,577.9,29.06,0.1213,625.08,45.47,0.9903,578.99,49.98,0.9182,641.34,88.95,0.9838,567.91,84.9,0.3931,618.32,104.22,0.9507,569.98,97.53,0.2338,631.87,127.82,0.9686,599.94,129.41,0.8411,652.14,190.12,0.9109,601.56,188.36,0.2663,662.89,245.33,0.7699,612.77,240.45,0.1518
199,28.4286,1,566.38,287.88,758.98,865.63,0.9062,591.58,374.99,0.4109,589.17,363.04,0.6254,600.24,359.52,0.0065,606.66,358.47,0.9723,656.04,349.97,0.0552,636.24,431.26,0.9985,697.31,399.61,0.9667,613.02,544.33,0.9903,665.19,468.98,0.6961,572.87,568.48,0.972,596.82,469.71,0.7331,662.1,608.46,0.9922,712.33,592.49,0.9851,689.53,740.25,0.9758,720.81,709.93,0.9793,709.54,823.87,0.7197,733.7,807.04,0.8419
199,28.4286,40,396.8,130.95,612.35,340.65,0.6,518.02,184.21,0.8928,524.49,178.36,0.9287,522.62,173.64,0.064,549.69,185.02,0.9596,554.19,172.88,0.0169,553.52,217.17,0.9922,572.53,197.78,0.9311,475.41,231.65,0.9969,494.64,219.85,0.7234,409.44,197.57,0.9916,412.46,190.25,0.7112,567.85,329.62,0.8409,582.65,318.0,0.6849,527.2,420.71,0.1946,550.37,406.31,0.0815,532.52,477.91,0.0165,547.38,467.53,0.0116
199,28.4286,46,565.28,0.85,676.19,236.26,0.5961,586.13,37.72,0.9149,589.86,32.12,0.9042,581.88,33.69,0.6973,602.5,25.44,0.8184,578.27,29.9,0.1127,625.77,44.88,0.9903,579.17,50.54,0.9149,642.05,88.04,0.9852,566.11,85.06,0.3962,618.42,103.46,0.9529,568.04,96.25,0.2341,631.44,127.88,0.9678,599.09,129.96,0.8383,650.85,190.19,0.8977,598.63,189.16,0.2537,661.44,245.11,0.7236,609.36,241.57,0.133
199,28.4286,37,505.89,254.89,604.3,518.57,0.5422,530.21,321.48,0.9949,543.27,311.16,0.9985,522.16,310.14,0.9668,572.59,312.92,0.9697,517.21,309.76,0.0674,593.03,371.0,0.9296,533.9,352.75,0.9773,606.23,441.22,0.4542,539.35,410.58,0.8996,576.2,470.6,0.3956,523.48,434.2,0.9022,591.35,495.05,0.6845,551.64,484.44,0.8138,569.42,591.35,0.2048,544.5,579.1,0.3082,575.12,651.93,0.0406,553.64,647.72,0.05
200,28.5714,1,566.32,287.75,757.08,853.92,0.8901,591.44,373.67,0.4344,589.25,361.87,0.6287,600.06,358.42,0.0069,606.45,358.06,0.9721,655.34,349.55,0.0548,635.13,432.15,0.9986,696.68,399.71,0.9747,612.12,544.82,0.9917,663.79,464.97,0.7749,571.76,569.13,0.9781,596.14,459.0,0.7921,661.98,610.12,0.9928,713.26,593.89,0.9868,684.47,736.61,0.9786,722.03,706.94,0.9815,704.01,820.43,0.7633,732.13,803.78,0.8614
200,28.5714,40,390.15,131.14,619.54,349.84,0.5986,516.74,183.03,0.9094,523.75,177.87,0.9429,521.52,172.21,0.0662,549.15,184.85,0.9665,551.85,170.46,0.0121,553.12,218.52,0.992,567.11,195.07,0.9379,474.3,230.19,0.9966,491.77,217.02,0.7237,410.42,194.24,0.9925,414.14,188.54,0.7273,559.17,333.31,0.8881,569.05,319.11,0.7743,513.01,428.52,0.2438,529.52,410.67,0.1081,519.64,485.83,0.0227,529.63,473.26,0.0173
200,28.5714,46,565.8,0.91,675.31,233.81,0.5899,586.33,37.51,0.9313,590.0,31.84,0.9287,582.0,33.58,0.739,602.66,25.62,0.8597,578.68,30.49,0.1161,626.5,46.21,0.9914,580.21,50.85,0.9287,641.97,88.6,0.986,566.24,82.81,0.4166,618.06,103.64,0.9545,565.31,93.81,0.2311,631.04,128.28,0.9692,598.74,129.78,0.8493,650.82,189.39,0.8915,598.62,188.13,0.2438,661.09,243.23,0.7185,610.08,239.28,0.1302
200,28.5714,37,506.61,253.26,601.44,498.89,0.4951,528.3,318.76,0.9903,540.27,309.81,0.9963,523.68,307.87,0.855,571.73,312.33,0.9706,525.56,306.56,0.0233,592.57,369.62,0.943,540.59,349.46,0.9798,607.88,437.95,0.5926,542.24,413.0,0.8665,577.87,467.1,0.4707,520.99,431.83,0.8016,590.46,489.2,0.6753,555.08,477.05,0.7869,567.76,584.08,0.2067,545.06,569.86,0.2821,574.46,645.01,0.0388,553.71,638.68,0.0471
201,28.7143,1,563.54,284.71,755.9,851.35,0.8982,593.02,374.7,0.3815,590.78,362.35,0.5524,601.63,358.78,0.0071,607.18,356.5,0.9666,657.25,348.4,0.0627,640.04,429.76,0.998,695.51,398.52,0.9664,614.0,548.05,0.9916,654.24,458.04,0.5918,572.33,568.3,0.9839,577.05,451.79,0.5426,661.61,621.01,0.9946,711.32,605.12,0.987,679.09,750.55,0.9824,722.82,713.37,0.9738,693.34,834.89,0.7944,730.36,807.46,0.8506
201,28.7143,40,367.3,131.88,625.71,379.35,0.5119,517.26,180.7,0.8935,524.13,175.73,0.9256,522.05,170.65,0.0635,546.87,184.49,0.9656,550.93,171.22,0.015,550.71,223.15,0.9909,559.37,199.7,0.9577,470.36,227.06,0.9939,483.58,219.48,0.8042,407.52,192.64,0.989,408.05,186.95,0.7936,543.85,343.66,0.9088,548.55,328.4,0.8449,502.74,443.1,0.3697,509.4,421.34,0.2401,504.76,508.7,0.0503,509.32,493.76,0.055
201,28.7143,46,566.41,1.19,674.29,230.84,0.4912,586.4,36.87,0.9241,590.11,31.3,0.9244,582.01,33.12,0.7445,602.53,25.5,0.8453,578.33,30.37,0.1339,626.26,45.76,0.9908,579.62,49.79,0.925,639.63,88.03,0.9837,567.11,83.48,0.4477,619.19,104.26,0.9472,567.59,94.09,0.2651,631.39,124.82,0.968,598.61,126.1,0.8548,651.31,182.88,0.8877,599.71,181.43,0.2741,661.1,235.02,0.7442,612.22,231.02,0.167
202,28.8571,1,550.58,285.72,747.79,854.49,0.8909,591.81,374.71,0.5068,590.06,362.34,0.679,599.83,358.85,0.0075,607.43,357.73,0.9724,655.23,349.11,0.0488,637.79,432.17,0.9987,691.9,397.65,0.9742,611.65,545.68,0.9887,636.06,463.25,0.8171,569.45,561.49,0.9684,564.67,478.89,0.8685,660.29,617.29,0.9924,710.04,599.16,0.9845,677.63,747.21,0.9827,720.23,709.41,0.9802,694.37,840.62,0.8328,730.67,807.91,0.9009
202,28.8571,40,368.54,131.56,622.63,373.03,0.5182,515.84,175.98,0.8716,522.83,172.1,0.909,522.31,166.56,0.0633,543.95,184.07,0.9592,553.65,169.19,0.0206,547.3,223.0,0.9887,563.74,199.63,0.9453,470.4,225.59,0.9929,490.02,218.87,0.6726,407.47,188.22,0.9861,409.17,181.22,0.6018,554.03,331.06,0.8852,566.87,316.99,0.8062,524.11,428.45,0.3214,538.25,407.3,0.2056,530.44,487.44,0.0475,540.15,471.85,0.0544
202,28.8571,46,566.02,1.36,674.37,232.48,0.5138,586.89,36.36,0.9302,590.65,30.7,0.9346,582.3,32.69,0.7681,603.09,25.27,0.8551,578.66,30.54,0.1387,625.97,45.7,0.99,580.29,50.15,0.9186,638.48,88.18,0.9812,566.29,83.43,0.4178,618.62,105.01,0.9425,567.21,92.57,0.2553,631.86,125.21,0.9648,600.05,126.86,0.8401,651.92,184.17,0.8929,604.7,182.8,0.2802,660.98,237.71,0.7588,616.51,233.27,0.1771
203,29.0,1,546.52,290.11,747.77,862.94,0.8737,589.24,372.87,0.3912,588.13,360.99,0.5315,597.87,357.56,0.0068,606.3,358.4,0.9578,652.96,349.52,0.0667,637.27,433.15,0.9989,686.86,398.51,0.9745,614.71,549.7,0.9936,634.72,462.64,0.7404,575.88,564.14,0.9789,561.85,480.98,0.7422,659.67,613.56,0.9937,705.84,595.41,0.9833,674.48,744.68,0.9848,707.22,708.21,0.9722,687.82,843.21,0.886,715.72,807.77,0.9124
203,29.0,40,367.91,131.55,629.66,378.54,0.5394,520.68,183.21,0.8446,526.65,177.16,0.8862,527.41,172.87,0.0616,546.32,186.0,0.9563,564.27,174.41,0.0385,551.3,222.08,0.9934,585.44,206.05,0.9315,470.68,225.18,0.9969,515.99,236.34,0.4744,406.83,189.2,0.9905,426.0,203.11,0.3452,569.86,341.21,0.9226,597.12,328.91,0.7698,535.82,437.59,0.5514,555.41,416.04,0.1744,539.72,507.08,0.178,555.98,489.26,0.0935
203,29.0,46,567.61,1.86,672.19,224.62,0.425,586.86,36.43,0.8799,590.42,31.06,0.8606,582.71,32.8,0.6745,602.27,25.45,0.7686,578.6,30.03,0.1486,625.33,45.15,0.988,577.58,48.98,0.9131,636.92,89.98,0.9777,565.66,85.12,0.429,617.65,107.3,0.9279,567.78,98.37,0.2411,631.02,125.17,0.9646,597.69,126.6,0.8562,649.74,183.45,0.8578,598.18,182.8,0.2598,660.77,232.49,0.6264,608.1,229.45,0.1166
204,29.1429,1,546.53,293.19,749.65,865.8,0.8694,589.98,372.27,0.3491,589.28,360.3,0.4907,597.96,357.04,0.0072,608.71,357.13,0.9455,650.83,348.72,0.0676,638.53,431.7,0.9986,687.86,399.02,0.9612,613.74,549.91,0.9926,636.43,465.26,0.693,578.48,559.68,0.9734,563.64,481.98,0.6967,660.96,614.5,0.9908,703.81,597.83,0.9723,673.26,745.41,0.978,698.06,717.84,0.9519,682.67,840.65,0.8536,701.31,817.17,0.8443
204,29.1429,40,368.26,131.3,630.04,377.1,0.5468,521.07,183.0,0.8183,526.5,176.49,0.8636,527.65,173.04,0.0483,545.92,184.82,0.9442,565.41,175.05,0.0321,546.19,224.15,0.9907,586.45,207.77,0.9141,469.75,226.67,0.9941,512.13,234.05,0.4963,407.72,189.4,0.9846,420.59,205.18,0.4632,555.87,346.62,0.8933,586.61,334.12,0.7276,521.84,438.95,0.3477,542.53,418.42,0.1136,527.15,511.35,0.0578,541.09,494.05,0.0354
204,29.1429,46,568.0,2.02,671.21,221.4,0.421,587.08,36.71,0.8946,590.67,31.37,0.88,582.82,33.07,0.7142,602.29,25.66,0.7779,578.36,30.14,0.1599,624.3,45.18,0.9885,577.35,48.71,0.9156,635.56,89.6,0.977,565.29,83.61,0.4313,617.63,106.95,0.9236,568.25,97.77,0.2426,630.3,124.44,0.9641,597.3,125.86,0.8572,649.21,182.64,0.8517,597.39,181.94,0.2601,660.45,232.59,0.6146,607.4,229.98,0.1146
204,29.1429,37,494.8,240.51,612.7,541.36,0.4652,555.68,296.74,0.8973,563.72,289.31,0.8797,556.26,286.55,0.344,584.94,293.85,0.8285,564.52,286.72,0.0393,609.68,342.35,0.9309,565.56,333.68,0.9734,597.54,432.06,0.7117,551.07,409.37,0.9571,550.76,478.53,0.6548,514.86,453.05,0.9644,601.0,483.24,0.7171,566.95,476.23,0.8127,581.12,577.63,0.2837,551.59,566.74,0.3883,584.43,639.79,0.0821,559.19,636.29,0.1078
205,29.2857,1,547.88,289.99,753.49,866.73,0.8799,589.19,368.62,0.2775,589.2,357.36,0.4087,598.66,353.35,0.0079,609.11,356.96,0.928,652.11,346.19,0.0946,639.26,433.72,0.9985,687.6,399.24,0.9564,614.15,549.97,0.9939,638.66,465.81,0.6818,579.32,564.38,0.9774,564.97,485.16,0.6717,663.52,614.75,0.9897,704.16,598.1,0.9667,670.04,743.98,0.9791,688.22,722.2,0.9443,680.43,839.12,0.8738,692.06,819.82,0.8345
205,29.2857,40,351.44,131.15,635.05,401.51,0.5426,521.33,181.83,0.8437,526.98,175.75,0.8955,527.39,172.59,0.0612,547.25,184.87,0.9594,560.81,175.79,0.0282,550.4,224.73,0.9918,580.64,210.36,0.9165,471.25,227.77,0.9943,531.23,259.01,0.5192,409.87,190.95,0.9867,469.65,259.7,0.4451,569.26,342.53,0.9273,590.34,331.26,0.7987,541.12,433.17,0.7062,554.63,408.42,0.3795,548.25,505.69,0.3123,559.85,489.44,0.2487
206,29.4286,1,548.34,285.95,757.87,871.4,0.881,594.49,373.86,0.3545,594.99,362.6,0.4284,603.1,358.61,0.0072,616.18,359.73,0.9267,655.65,349.56,0.0622,641.57,432.45,0.9983,693.42,402.4,0.9689,614.44,545.87,0.9943,643.94,474.08,0.6292,571.39,562.18,0.9841,566.06,485.09,0.597,663.42,620.37,0.9939,712.99,605.34,0.9766,668.87,748.43,0.9793,726.91,719.15,0.9046,676.28,846.99,0.8776,734.18,810.19,0.7695
206,29.4286,40,324.45,130.09,646.82,447.23,0.629,520.19,177.06,0.9323,526.78,171.42,0.9477,525.35,168.48,0.1473,544.55,182.14,0.9736,555.19,174.09,0.0287,549.09,218.64,0.9946,575.74,212.55,0.9294,469.71,227.25,0.997,554.99,279.11,0.5039,407.12,183.42,0.9944,528.94,316.44,0.4805,565.82,340.06,0.9533,587.52,334.2,0.8439,551.32,440.91,0.8784,573.04,424.66,0.5296,557.32,519.76,0.6373,571.04,508.4,0.3896
207,29.5714,1,546.01,288.12,757.69,875.45,0.8603,590.01,375.26,0.4124,589.79,363.49,0.5192,598.79,359.69,0.0066,611.02,359.73,0.947,654.25,350.07,0.0516,637.31,434.13,0.9988,693.86,402.13,0.9792,617.25,548.56,0.9931,642.71,467.45,0.8173,578.31,564.27,0.9767,566.41,479.54,0.8204,658.74,621.96,0.9925,714.94,604.86,0.9823,663.6,753.11,0.9734,730.45,721.31,0.952,671.1,850.07,0.7766,737.98,814.3,0.7978
207,29.5714,40,322.91,128.68,651.89,461.75,0.6953,521.62,176.57,0.9079,528.06,171.46,0.9431,526.95,168.18,0.1141,546.93,181.73,0.9789,556.99,173.04,0.0262,549.9,219.96,0.9957,580.63,210.95,0.933,473.28,231.54,0.9979,562.94,279.34,0.6971,410.0,180.86,0.9946,532.58,316.18,0.7534,568.89,338.23,0.9525,591.97,331.53,0.8531,555.87,445.89,0.8925,580.44,426.23,0.5906,563.96,526.49,0.5002,584.54,514.87,0.2857
208,29.7143,1,541.79,288.02,752.65,863.67,0.8972,586.84,374.69,0.5838,586.48,362.7,0.6952,594.41,359.37,0.0083,609.33,357.67,0.9677,649.37,349.54,0.0355,636.19,430.97,0.9989,690.94,400.13,0.9885,622.47,546.38,0.9937,630.04,460.8,0.9433,578.32,571.53,0.9847,558.0,483.03,0.9635,658.38,621.63,0.9919,713.49,605.65,0.9884,664.52,759.82,0.9622,727.09,727.52,0.9705,672.22,843.2,0.5448,737.43,816.56,0.7227
208,29.7143,40,336.49,128.7,667.12,471.59,0.721,522.84,180.62,0.832,529.35,174.91,0.8673,530.31,172.97,0.0875,546.84,184.95,0.9609,567.48,177.21,0.0701,543.84,220.43,0.9939,596.66,211.67,0.9277,470.93,226.75,0.987,581.4,273.03,0.4479,405.73,177.49,0.97,538.75,321.43,0.6033,568.93,343.21,0.9681,605.29,334.9,0.9241,547.12,445.15,0.9335,580.78,434.06,0.7984,547.67,526.6,0.7794,577.55,513.04,0.6372
208,29.7143,46,566.79,1.92,673.61,229.99,0.4008,586.42,36.69,0.8798,589.83,31.16,0.87,582.19,33.14,0.6629,602.04,25.74,0.7737,578.51,30.78,0.135,624.66,46.99,0.988,578.48,51.56,0.903,637.08,91.07,0.9695,568.56,87.72,0.3779,623.0,110.11,0.8955,573.08,100.13,0.2093,630.79,127.76,0.9594,597.96,129.57,0.8292,649.52,187.16,0.8552,598.2,186.58,0.2601,660.79,240.67,0.6934,609.09,238.99,0.1548
209,29.8571,1,541.09,287.06,749.7,847.56,0.909,586.66,377.48,0.5946,585.87,365.15,0.7323,592.91,361.91,0.0104,607.78,357.6,0.9696,645.99,349.91,0.0452,635.85,430.35,0.9988,692.2,399.33,0.9844,624.14,549.2,0.9924,632.4,465.7,0.9315,581.48,569.72,0.98,560.87,485.7,0.96,659.18,625.18,0.9888,713.61,609.06,0.9849,666.0,760.57,0.9304,724.87,731.41,0.958,674.02,830.13,0.3287,733.34,816.21,0.528
209,29.8571,40,343.42,128.92,678.06,484.42,0.7114,522.6,185.62,0.7376,527.81,179.66,0.7717,530.8,176.94,0.0811,545.44,187.11,0.9349,571.2,177.88,0.1242,541.93,221.28,0.9935,606.26,212.3,0.9377,470.74,224.56,0.9888,603.22,274.96,0.395,410.89,177.71,0.9686,553.38,321.97,0.418,567.9,346.51,0.966,610.52,337.5,0.909,542.64,448.89,0.9276,580.44,437.43,0.7226,542.37,533.68,0.8302,572.24,517.04,0.6527
210,30.0,1,538.0,290.49,748.49,845.86,0.9066,588.51,386.41,0.8215,587.56,372.93,0.8974,591.89,370.29,0.0182,610.86,359.03,0.9778,642.91,353.63,0.0261,636.54,430.45,0.9987,699.75,402.19,0.9823,629.84,549.4,0.9922,651.35,474.19,0.8831,583.83,573.25,0.9817,562.91,491.67,0.9388,661.97,628.36,0.9874,719.11,612.04,0.98,678.07,766.53,0.9288,727.19,731.73,0.9393,698.81,833.14,0.3475,733.25,814.29,0.4992
210,30.0,40,344.38,129.45,678.33,493.79,0.6129,521.57,182.47,0.7099,526.78,176.75,0.7253,530.27,174.59,0.0593,543.3,186.46,0.9448,571.99,178.01,0.1096,542.08,223.79,0.9954,604.36,217.64,0.9362,469.17,218.52,0.9938,603.93,278.87,0.3501,419.7,178.39,0.9843,556.49,317.96,0.3421,565.78,356.91,0.9741,608.15,348.06,0.9086,543.77,464.24,0.923,582.28,448.25,0.6545,548.73,553.0,0.8075,577.97,533.5,0.6038
210,30.0,46,567.59,1.06,676.55,235.91,0.6309,588.82,36.7,0.9509,592.77,31.01,0.9556,584.16,32.83,0.8147,605.19,24.96,0.8736,580.19,29.94,0.1266,626.23,44.67,0.9913,582.8,49.14,0.9224,638.89,85.61,0.9843,572.44,82.25,0.3878,625.11,110.59,0.9541,572.17,101.57,0.2466,630.84,122.65,0.9779,599.65,124.19,0.8896,650.87,183.24,0.9505,593.2,181.97,0.4758,664.02,241.27,0.906,600.5,238.06,0.4024
