frame_idx,timestamp,track_id,nose_conf,left_eye_conf,right_eye_conf,left_ear_conf,right_ear_conf,left_shoulder_conf,right_shoulder_conf,left_hip_conf,right_hip_conf,face_score,face_seen,body_ok,body_visible_count,face_state,face_visible_count,face_hidden_count,turn_event,turns_in_window,turns_exceeded,detection_confidence,turn_frame_indices
0,0.000,1,0.064,0.151,0.003,0.984,0.206,0.998,0.960,0.995,0.979,0.200,False,True,4,uncertain,0,0,,0,False,0.000,[]
0,0.000,2,0.043,0.104,0.006,0.529,0.023,0.639,0.054,0.023,0.004,0.200,False,False,1,uncertain,0,0,,0,False,0.000,[]
0,0.000,3,0.721,0.848,0.191,0.870,0.016,0.937,0.762,0.574,0.393,0.600,True,True,3,uncertain,1,0,,0,False,0.000,[]
0,0.000,4,0.928,0.954,0.702,0.906,0.166,0.981,0.899,0.817,0.645,0.800,True,True,4,uncertain,1,0,,0,False,0.000,[]
1,0.033,1,0.063,0.150,0.003,0.984,0.203,0.998,0.959,0.995,0.979,0.200,False,True,4,uncertain,0,0,,0,False,0.000,[]
1,0.033,2,0.043,0.106,0.006,0.534,0.023,0.644,0.054,0.023,0.004,0.200,False,False,1,uncertain,0,0,,0,False,0.000,[]
1,0.033,3,0.726,0.852,0.200,0.871,0.017,0.939,0.766,0.579,0.397,0.600,True,True,3,uncertain,2,0,,0,False,0.000,[]
1,0.033,4,0.926,0.953,0.698,0.904,0.165,0.980,0.898,0.814,0.642,0.800,True,True,4,uncertain,2,0,,0,False,0.000,[]
2,0.067,1,0.063,0.150,0.003,0.984,0.203,0.998,0.959,0.995,0.979,0.200,False,True,4,uncertain,0,0,,0,False,0.000,[]
2,0.067,2,0.043,0.106,0.006,0.534,0.023,0.644,0.054,0.023,0.004,0.200,False,False,1,uncertain,0,0,,0,False,0.000,[]
2,0.067,3,0.726,0.852,0.200,0.871,0.017,0.939,0.766,0.579,0.397,0.600,True,True,3,visible,3,0,,0,False,0.000,[]
2,0.067,4,0.926,0.953,0.698,0.904,0.165,0.980,0.898,0.814,0.642,0.800,True,True,4,visible,3,0,,0,False,0.000,[]
3,0.100,1,0.066,0.157,0.003,0.984,0.193,0.998,0.955,0.995,0.975,0.200,False,True,4,uncertain,0,0,,0,False,0.000,[]
3,0.100,2,0.039,0.100,0.005,0.528,0.020,0.634,0.046,0.022,0.004,0.200,False,False,1,uncertain,0,0,,0,False,0.000,[]
3,0.100,3,0.687,0.827,0.164,0.863,0.014,0.933,0.747,0.582,0.401,0.600,True,True,4,visible,4,0,,0,False,0.000,[]
3,0.100,4,0.930,0.955,0.716,0.907,0.168,0.986,0.927,0.895,0.777,0.800,True,True,4,visible,4,0,,0,False,0.000,[]
4,0.133,1,0.067,0.149,0.003,0.983,0.204,0.998,0.959,0.995,0.978,0.200,False,True,4,uncertain,0,0,,0,False,0.000,[]
4,0.133,2,0.075,0.114,0.018,0.320,0.034,0.388,0.093,0.011,0.004,0.000,False,False,0,uncertain,0,0,,0,False,0.000,[]
4,0.133,3,0.639,0.793,0.089,0.865,0.007,0.911,0.716,0.479,0.330,0.600,True,True,3,visible,5,0,,0,False,0.000,[]
4,0.133,4,0.925,0.950,0.716,0.895,0.176,0.983,0.921,0.864,0.732,0.800,True,True,4,visible,5,0,,0,False,0.000,[]
5,0.167,1,0.068,0.151,0.003,0.982,0.203,0.998,0.958,0.995,0.977,0.200,False,True,4,uncertain,0,0,,0,False,0.000,[]
5,0.167,2,0.075,0.114,0.018,0.322,0.033,0.395,0.091,0.011,0.004,0.000,False,False,0,uncertain,0,0,,0,False,0.000,[]
5,0.167,3,0.645,0.798,0.092,0.867,0.007,0.913,0.719,0.479,0.329,0.600,True,True,3,visible,6,0,,0,False,0.000,[]
5,0.167,4,0.925,0.950,0.716,0.895,0.176,0.983,0.921,0.864,0.733,0.800,True,True,4,visible,6,0,,0,False,0.000,[]
6,0.200,1,0.067,0.151,0.003,0.982,0.200,0.998,0.957,0.995,0.977,0.200,False,True,4,uncertain,0,0,,0,False,0.000,[]
6,0.200,2,0.076,0.116,0.018,0.324,0.033,0.398,0.089,0.011,0.004,0.000,False,False,0,uncertain,0,0,,0,False,0.000,[]
6,0.200,3,0.645,0.798,0.092,0.867,0.007,0.913,0.719,0.479,0.329,0.600,True,True,3,visible,7,0,,0,False,0.000,[]
6,0.200,4,0.925,0.950,0.716,0.895,0.176,0.983,0.921,0.864,0.733,0.800,True,True,4,visible,7,0,,0,False,0.000,[]
7,0.233,1,0.067,0.150,0.003,0.982,0.201,0.998,0.958,0.995,0.977,0.200,False,True,4,uncertain,0,0,,0,False,0.000,[]
7,0.233,2,0.076,0.116,0.018,0.324,0.033,0.398,0.089,0.011,0.004,0.000,False,False,0,uncertain,0,0,,0,False,0.000,[]
7,0.233,3,0.645,0.798,0.092,0.867,0.007,0.913,0.719,0.479,0.329,0.600,True,True,3,visible,8,0,,0,False,0.000,[]
7,0.233,4,0.925,0.950,0.716,0.895,0.176,0.983,0.921,0.864,0.733,0.800,True,True,4,visible,8,0,,0,False,0.000,[]
8,0.267,1,0.067,0.150,0.003,0.982,0.201,0.998,0.958,0.995,0.977,0.200,False,True,4,uncertain,0,0,,0,False,0.000,[]
8,0.267,2,0.076,0.116,0.018,0.324,0.033,0.398,0.089,0.011,0.004,0.000,False,False,0,uncertain,0,0,,0,False,0.000,[]
8,0.267,3,0.645,0.798,0.092,0.867,0.007,0.913,0.719,0.479,0.329,0.600,True,True,3,visible,9,0,,0,False,0.000,[]
8,0.267,4,0.925,0.950,0.716,0.895,0.176,0.983,0.921,0.864,0.733,0.800,True,True,4,visible,9,0,,0,False,0.000,[]
9,0.300,1,0.083,0.182,0.004,0.984,0.205,0.999,0.962,0.996,0.980,0.200,False,True,4,uncertain,0,0,,0,False,0.000,[]
9,0.300,2,0.084,0.098,0.028,0.221,0.048,0.261,0.126,0.009,0.005,0.000,False,False,0,uncertain,0,0,,0,False,0.000,[]
9,0.300,3,0.797,0.901,0.133,0.935,0.007,0.944,0.809,0.484,0.336,0.600,True,True,3,visible,10,0,,0,False,0.000,[]
9,0.300,4,0.931,0.956,0.727,0.906,0.174,0.984,0.919,0.852,0.710,0.800,True,True,4,visible,10,0,,0,False,0.000,[]
10,0.333,1,0.083,0.182,0.004,0.984,0.205,0.999,0.962,0.996,0.980,0.200,False,True,4,uncertain,0,0,,0,False,0.000,[]
10,0.333,2,0.085,0.098,0.028,0.221,0.048,0.262,0.126,0.009,0.005,0.000,False,False,0,uncertain,0,0,,0,False,0.000,[]
10,0.333,3,0.797,0.902,0.134,0.935,0.007,0.944,0.809,0.483,0.335,0.600,True,True,3,visible,11,0,,0,False,0.000,[]
10,0.333,4,0.931,0.956,0.727,0.906,0.174,0.984,0.919,0.853,0.710,0.800,True,True,4,visible,11,0,,0,False,0.000,[]
11,0.367,1,0.083,0.182,0.004,0.984,0.205,0.999,0.962,0.996,0.980,0.200,False,True,4,uncertain,0,0,,0,False,0.000,[]
11,0.367,2,0.085,0.098,0.028,0.221,0.048,0.262,0.126,0.009,0.005,0.000,False,False,0,uncertain,0,0,,0,False,0.000,[]
11,0.367,3,0.797,0.902,0.134,0.935,0.007,0.944,0.809,0.483,0.335,0.600,True,True,3,visible,12,0,,0,False,0.000,[]
11,0.367,4,0.931,0.956,0.727,0.906,0.174,0.984,0.919,0.853,0.710,0.800,True,True,4,visible,12,0,,0,False,0.000,[]
12,0.400,1,0.083,0.182,0.004,0.984,0.205,0.999,0.962,0.996,0.980,0.200,False,True,4,uncertain,0,0,,0,False,0.000,[]
12,0.400,2,0.085,0.098,0.028,0.221,0.048,0.262,0.126,0.009,0.005,0.000,False,False,0,uncertain,0,0,,0,False,0.000,[]
12,0.400,3,0.797,0.902,0.134,0.935,0.007,0.944,0.809,0.483,0.335,0.600,True,True,3,visible,13,0,,0,False,0.000,[]
12,0.400,4,0.931,0.956,0.727,0.906,0.174,0.984,0.919,0.853,0.710,0.800,True,True,4,visible,13,0,,0,False,0.000,[]
13,0.433,1,0.075,0.162,0.004,0.983,0.190,0.997,0.967,0.995,0.983,0.200,False,True,4,uncertain,0,0,,0,False,0.000,[]
13,0.433,3,0.893,0.948,0.423,0.957,0.079,0.981,0.827,0.916,0.780,0.800,True,True,4,visible,14,0,,0,False,0.000,[]
13,0.433,4,0.943,0.963,0.759,0.917,0.186,0.986,0.930,0.872,0.738,0.800,True,True,4,visible,14,0,,0,False,0.000,[]
14,0.467,1,0.074,0.159,0.004,0.983,0.190,0.997,0.967,0.995,0.983,0.200,False,True,4,uncertain,0,0,,0,False,0.000,[]
14,0.467,3,0.894,0.948,0.423,0.957,0.078,0.981,0.828,0.916,0.781,0.800,True,True,4,visible,15,0,,0,False,0.000,[]
14,0.467,4,0.943,0.963,0.759,0.917,0.186,0.986,0.930,0.872,0.738,0.800,True,True,4,visible,15,0,,0,False,0.000,[]
15,0.500,1,0.074,0.159,0.004,0.983,0.190,0.997,0.967,0.995,0.983,0.200,False,True,4,uncertain,0,0,,0,False,0.000,[]
15,0.500,3,0.894,0.948,0.423,0.957,0.078,0.981,0.828,0.916,0.781,0.800,True,True,4,visible,16,0,,0,False,0.000,[]
15,0.500,4,0.943,0.963,0.759,0.917,0.186,0.986,0.930,0.872,0.738,0.800,True,True,4,visible,16,0,,0,False,0.000,[]
16,0.533,1,0.074,0.159,0.004,0.983,0.190,0.997,0.967,0.995,0.983,0.200,False,True,4,uncertain,0,0,,0,False,0.000,[]
16,0.533,3,0.894,0.948,0.423,0.957,0.078,0.981,0.828,0.916,0.781,0.800,True,True,4,visible,17,0,,0,False,0.000,[]
16,0.533,4,0.943,0.963,0.759,0.917,0.186,0.986,0.930,0.872,0.738,0.800,True,True,4,visible,17,0,,0,False,0.000,[]
17,0.567,1,0.040,0.092,0.002,0.982,0.174,0.997,0.966,0.994,0.983,0.200,False,True,4,uncertain,0,0,,0,False,0.000,[]
17,0.567,3,0.843,0.926,0.267,0.962,0.058,0.986,0.822,0.933,0.794,0.600,True,True,4,visible,18,0,,0,False,0.000,[]
17,0.567,4,0.938,0.961,0.727,0.915,0.164,0.985,0.912,0.864,0.712,0.800,True,True,4,visible,18,0,,0,False,0.000,[]
18,0.600,1,0.040,0.092,0.002,0.983,0.174,0.997,0.966,0.994,0.983,0.200,False,True,4,uncertain,0,0,,0,False,0.000,[]
18,0.600,3,0.843,0.926,0.268,0.962,0.058,0.986,0.823,0.933,0.794,0.600,True,True,4,visible,19,0,,0,False,0.000,[]
18,0.600,4,0.938,0.961,0.727,0.915,0.163,0.985,0.912,0.864,0.712,0.800,True,True,4,visible,19,0,,0,False,0.000,[]
18,0.600,5,0.054,0.108,0.004,0.969,0.146,0.998,0.958,0.999,0.996,0.200,False,True,4,uncertain,0,0,,0,False,0.000,[]
19,0.633,1,0.040,0.092,0.002,0.983,0.174,0.997,0.966,0.994,0.983,0.200,False,True,4,uncertain,0,0,,0,False,0.000,[]
19,0.633,3,0.843,0.926,0.268,0.962,0.058,0.986,0.823,0.933,0.794,0.600,True,True,4,visible,20,0,,0,False,0.000,[]
19,0.633,4,0.938,0.961,0.727,0.915,0.163,0.985,0.912,0.864,0.712,0.800,True,True,4,visible,20,0,,0,False,0.000,[]
19,0.633,5,0.054,0.108,0.004,0.969,0.146,0.998,0.958,0.999,0.996,0.200,False,True,4,uncertain,0,0,,0,False,0.000,[]
20,0.667,1,0.040,0.092,0.002,0.983,0.174,0.997,0.966,0.994,0.983,0.200,False,True,4,uncertain,0,0,,0,False,0.000,[]
20,0.667,3,0.843,0.926,0.268,0.962,0.058,0.986,0.823,0.933,0.794,0.600,True,True,4,visible,21,0,,0,False,0.000,[]
20,0.667,4,0.938,0.961,0.727,0.915,0.163,0.985,0.912,0.864,0.712,0.800,True,True,4,visible,21,0,,0,False,0.000,[]
20,0.667,5,0.054,0.108,0.004,0.969,0.146,0.998,0.958,0.999,0.996,0.200,False,True,4,uncertain,0,0,,0,False,0.000,[]
21,0.700,1,0.055,0.144,0.002,0.988,0.153,0.998,0.963,0.995,0.982,0.200,False,True,4,uncertain,0,0,,0,False,0.000,[]
21,0.700,3,0.794,0.866,0.272,0.943,0.115,0.983,0.910,0.920,0.843,0.600,True,True,4,visible,22,0,,0,False,0.000,[]
21,0.700,4,0.948,0.966,0.778,0.919,0.204,0.992,0.955,0.955,0.894,0.800,True,True,4,visible,22,0,,0,False,0.000,[]
21,0.700,5,0.173,0.354,0.011,0.983,0.142,0.999,0.956,0.999,0.996,0.200,False,True,4,uncertain,0,0,,0,False,0.000,[]
22,0.733,1,0.055,0.144,0.002,0.988,0.151,0.998,0.963,0.995,0.982,0.200,False,True,4,uncertain,0,0,,0,False,0.000,[]
22,0.733,3,0.794,0.866,0.272,0.943,0.115,0.983,0.910,0.919,0.843,0.600,True,True,4,visible,23,0,,0,False,0.000,[]
22,0.733,4,0.948,0.966,0.778,0.919,0.204,0.992,0.955,0.955,0.894,0.800,True,True,4,visible,23,0,,0,False,0.000,[]
22,0.733,5,0.173,0.353,0.011,0.983,0.142,0.999,0.957,0.999,0.996,0.200,False,True,4,uncertain,0,0,,0,False,0.000,[]
23,0.767,1,0.055,0.144,0.002,0.988,0.151,0.998,0.963,0.995,0.982,0.200,False,True,4,uncertain,0,0,,0,False,0.000,[]
23,0.767,3,0.794,0.866,0.272,0.943,0.115,0.983,0.910,0.919,0.843,0.600,True,True,4,visible,24,0,,0,False,0.000,[]
23,0.767,4,0.948,0.966,0.778,0.919,0.204,0.992,0.955,0.955,0.894,0.800,True,True,4,visible,24,0,,0,False,0.000,[]
23,0.767,5,0.173,0.353,0.011,0.983,0.142,0.999,0.957,0.999,0.996,0.200,False,True,4,uncertain,0,0,,0,False,0.000,[]
24,0.800,1,0.055,0.144,0.002,0.988,0.151,0.998,0.963,0.995,0.982,0.200,False,True,4,uncertain,0,0,,0,False,0.000,[]
24,0.800,3,0.794,0.866,0.272,0.943,0.115,0.983,0.910,0.919,0.843,0.600,True,True,4,visible,25,0,,0,False,0.000,[]
24,0.800,4,0.948,0.966,0.778,0.919,0.204,0.992,0.955,0.955,0.894,0.800,True,True,4,visible,25,0,,0,False,0.000,[]
24,0.800,5,0.173,0.353,0.011,0.983,0.142,0.999,0.957,0.999,0.996,0.200,False,True,4,uncertain,0,0,,0,False,0.000,[]
25,0.833,1,0.055,0.144,0.002,0.988,0.151,0.998,0.963,0.995,0.982,0.200,False,True,4,uncertain,0,0,,0,False,0.000,[]
25,0.833,3,0.794,0.866,0.272,0.943,0.115,0.983,0.910,0.919,0.843,0.600,True,True,4,visible,26,0,,0,False,0.000,[]
25,0.833,4,0.948,0.966,0.778,0.919,0.204,0.992,0.955,0.955,0.894,0.800,True,True,4,visible,26,0,,0,False,0.000,[]
25,0.833,5,0.173,0.353,0.011,0.983,0.142,0.999,0.957,0.999,0.996,0.200,False,True,4,uncertain,0,0,,0,False,0.000,[]
26,0.867,1,0.104,0.239,0.003,0.985,0.107,0.998,0.951,0.996,0.979,0.200,False,True,4,uncertain,0,0,,0,False,0.000,[]
26,0.867,3,0.892,0.936,0.422,0.951,0.125,0.978,0.858,0.847,0.690,0.800,True,True,4,visible,27,0,,0,False,0.000,[]
26,0.867,4,0.910,0.942,0.633,0.898,0.128,0.984,0.930,0.939,0.869,0.800,True,True,4,visible,27,0,,0,False,0.000,[]
26,0.867,5,0.532,0.749,0.061,0.977,0.128,0.996,0.900,0.997,0.984,0.600,True,True,4,uncertain,1,0,,0,False,0.000,[]
27,0.900,1,0.104,0.240,0.003,0.985,0.106,0.998,0.950,0.996,0.979,0.200,False,True,4,uncertain,0,0,,0,False,0.000,[]
27,0.900,3,0.892,0.936,0.422,0.951,0.125,0.978,0.859,0.847,0.691,0.800,True,True,4,visible,28,0,,0,False,0.000,[]
27,0.900,4,0.910,0.942,0.634,0.898,0.128,0.984,0.930,0.939,0.869,0.800,True,True,4,visible,28,0,,0,False,0.000,[]
27,0.900,5,0.533,0.749,0.061,0.977,0.128,0.996,0.900,0.997,0.984,0.600,True,True,4,uncertain,2,0,,0,False,0.000,[]
28,0.933,1,0.104,0.240,0.003,0.985,0.106,0.998,0.950,0.996,0.979,0.200,False,True,4,uncertain,0,0,,0,False,0.000,[]
28,0.933,3,0.892,0.936,0.422,0.951,0.125,0.978,0.859,0.847,0.691,0.800,True,True,4,visible,29,0,,0,False,0.000,[]
28,0.933,4,0.910,0.942,0.634,0.898,0.128,0.984,0.930,0.939,0.869,0.800,True,True,4,visible,29,0,,0,False,0.000,[]
28,0.933,5,0.533,0.749,0.061,0.977,0.128,0.996,0.900,0.997,0.984,0.600,True,True,4,visible,3,0,,0,False,0.000,[]
29,0.967,1,0.104,0.240,0.003,0.985,0.106,0.998,0.950,0.996,0.979,0.200,False,True,4,uncertain,0,0,,0,False,0.000,[]
29,0.967,3,0.892,0.936,0.422,0.951,0.125,0.978,0.859,0.847,0.691,0.800,True,True,4,visible,30,0,,0,False,0.000,[]
29,0.967,4,0.910,0.942,0.634,0.898,0.128,0.984,0.930,0.939,0.869,0.800,True,True,4,visible,30,0,,0,False,0.000,[]
29,0.967,5,0.533,0.749,0.061,0.977,0.128,0.996,0.900,0.997,0.984,0.600,True,True,4,visible,4,0,,0,False,0.000,[]
30,1.000,1,0.157,0.337,0.006,0.989,0.139,0.998,0.964,0.996,0.982,0.200,False,True,4,uncertain,0,0,,0,False,0.000,[]
30,1.000,3,0.892,0.923,0.309,0.938,0.084,0.985,0.908,0.944,0.863,0.600,True,True,4,visible,31,0,,0,False,0.000,[]
30,1.000,4,0.932,0.961,0.690,0.924,0.146,0.990,0.919,0.957,0.876,0.800,True,True,4,visible,31,0,,0,False,0.000,[]
30,1.000,5,0.551,0.750,0.073,0.976,0.152,0.996,0.908,0.996,0.983,0.600,True,True,4,visible,5,0,,0,False,0.000,[]
30,1.000,2,0.112,0.200,0.028,0.440,0.037,0.446,0.074,0.027,0.009,0.200,False,False,1,uncertain,0,0,,0,False,0.000,[]
31,1.033,1,0.157,0.337,0.006,0.989,0.139,0.998,0.964,0.996,0.982,0.200,False,True,4,uncertain,0,0,,0,False,0.000,[]
31,1.033,3,0.892,0.923,0.309,0.938,0.084,0.985,0.908,0.944,0.863,0.600,True,True,4,visible,32,0,,0,False,0.000,[]
31,1.033,4,0.932,0.961,0.690,0.924,0.146,0.990,0.919,0.957,0.876,0.800,True,True,4,visible,32,0,,0,False,0.000,[]
31,1.033,5,0.551,0.750,0.073,0.976,0.152,0.996,0.908,0.996,0.983,0.600,True,True,4,visible,6,0,,0,False,0.000,[]
31,1.033,2,0.112,0.200,0.028,0.440,0.037,0.446,0.074,0.027,0.009,0.200,False,False,1,uncertain,0,0,,0,False,0.000,[]
32,1.067,1,0.157,0.337,0.006,0.989,0.139,0.998,0.964,0.996,0.982,0.200,False,True,4,uncertain,0,0,,0,False,0.000,[]
32,1.067,3,0.892,0.923,0.309,0.938,0.084,0.985,0.908,0.944,0.863,0.600,True,True,4,visible,33,0,,0,False,0.000,[]
32,1.067,4,0.932,0.961,0.690,0.924,0.146,0.990,0.919,0.957,0.876,0.800,True,True,4,visible,33,0,,0,False,0.000,[]
32,1.067,5,0.551,0.750,0.073,0.976,0.152,0.996,0.908,0.996,0.983,0.600,True,True,4,visible,7,0,,0,False,0.000,[]
32,1.067,2,0.112,0.200,0.028,0.440,0.037,0.446,0.074,0.027,0.009,0.200,False,False,1,uncertain,0,0,,0,False,0.000,[]
33,1.100,1,0.157,0.337,0.006,0.989,0.139,0.998,0.964,0.996,0.982,0.200,False,True,4,uncertain,0,0,,0,False,0.000,[]
33,1.100,3,0.892,0.923,0.309,0.938,0.084,0.985,0.908,0.944,0.863,0.600,True,True,4,visible,34,0,,0,False,0.000,[]
33,1.100,4,0.932,0.961,0.690,0.924,0.146,0.990,0.919,0.957,0.876,0.800,True,True,4,visible,34,0,,0,False,0.000,[]
33,1.100,5,0.551,0.750,0.073,0.976,0.152,0.996,0.908,0.996,0.983,0.600,True,True,4,visible,8,0,,0,False,0.000,[]
33,1.100,2,0.112,0.200,0.028,0.440,0.037,0.446,0.074,0.027,0.009,0.200,False,False,1,uncertain,0,0,,0,False,0.000,[]
34,1.133,1,0.141,0.282,0.007,0.988,0.173,0.998,0.973,0.994,0.984,0.200,False,True,4,uncertain,0,0,,0,False,0.000,[]
34,1.133,3,0.816,0.858,0.191,0.925,0.081,0.983,0.922,0.949,0.893,0.600,True,True,4,visible,35,0,,0,False,0.000,[]
34,1.133,4,0.952,0.969,0.782,0.928,0.206,0.992,0.954,0.956,0.894,0.800,True,True,4,visible,35,0,,0,False,0.000,[]
34,1.133,5,0.700,0.852,0.119,0.973,0.111,0.996,0.892,0.997,0.986,0.600,True,True,4,visible,9,0,,0,False,0.000,[]
34,1.133,2,0.044,0.080,0.010,0.415,0.034,0.392,0.097,0.021,0.009,0.200,False,False,0,uncertain,0,0,,0,False,0.000,[]
35,1.167,1,0.141,0.282,0.007,0.988,0.173,0.997,0.973,0.994,0.984,0.200,False,True,4,uncertain,0,0,,0,False,0.000,[]
35,1.167,3,0.817,0.859,0.192,0.925,0.082,0.983,0.922,0.949,0.893,0.600,True,True,4,visible,36,0,,0,False,0.000,[]
35,1.167,4,0.952,0.969,0.782,0.928,0.206,0.992,0.954,0.955,0.893,0.800,True,True,4,visible,36,0,,0,False,0.000,[]
35,1.167,5,0.700,0.852,0.119,0.973,0.111,0.996,0.892,0.997,0.986,0.600,True,True,4,visible,10,0,,0,False,0.000,[]
35,1.167,2,0.041,0.079,0.009,0.434,0.033,0.411,0.093,0.021,0.009,0.200,False,False,1,uncertain,0,0,,0,False,0.000,[]
36,1.200,1,0.141,0.282,0.007,0.988,0.173,0.997,0.973,0.994,0.984,0.200,False,True,4,uncertain,0,0,,0,False,0.000,[]
36,1.200,3,0.817,0.859,0.192,0.925,0.082,0.983,0.922,0.949,0.893,0.600,True,True,4,visible,37,0,,0,False,0.000,[]
36,1.200,4,0.952,0.969,0.782,0.928,0.206,0.992,0.954,0.955,0.893,0.800,True,True,4,visible,37,0,,0,False,0.000,[]
36,1.200,5,0.700,0.852,0.119,0.973,0.111,0.996,0.892,0.997,0.986,0.600,True,True,4,visible,11,0,,0,False,0.000,[]
36,1.200,2,0.041,0.079,0.009,0.434,0.033,0.411,0.093,0.021,0.009,0.200,False,False,1,uncertain,0,0,,0,False,0.000,[]
37,1.233,1,0.141,0.282,0.007,0.988,0.173,0.997,0.973,0.994,0.984,0.200,False,True,4,uncertain,0,0,,0,False,0.000,[]
37,1.233,3,0.817,0.859,0.192,0.925,0.082,0.983,0.922,0.949,0.893,0.600,True,True,4,visible,38,0,,0,False,0.000,[]
37,1.233,4,0.952,0.969,0.782,0.928,0.206,0.992,0.954,0.955,0.893,0.800,True,True,4,visible,38,0,,0,False,0.000,[]
37,1.233,5,0.700,0.852,0.119,0.973,0.111,0.996,0.892,0.997,0.986,0.600,True,True,4,visible,12,0,,0,False,0.000,[]
37,1.233,2,0.041,0.079,0.009,0.434,0.033,0.411,0.093,0.021,0.009,0.200,False,False,1,uncertain,0,0,,0,False,0.000,[]
38,1.267,1,0.141,0.282,0.007,0.988,0.173,0.997,0.973,0.994,0.984,0.200,False,True,4,uncertain,0,0,,0,False,0.000,[]
38,1.267,3,0.817,0.859,0.192,0.925,0.082,0.983,0.922,0.949,0.893,0.600,True,True,4,visible,39,0,,0,False,0.000,[]
38,1.267,4,0.952,0.969,0.782,0.928,0.206,0.992,0.954,0.955,0.893,0.800,True,True,4,visible,39,0,,0,False,0.000,[]
38,1.267,5,0.700,0.852,0.119,0.973,0.111,0.996,0.892,0.997,0.986,0.600,True,True,4,visible,13,0,,0,False,0.000,[]
38,1.267,2,0.041,0.079,0.009,0.434,0.033,0.411,0.093,0.021,0.009,0.200,False,False,1,uncertain,0,0,,0,False,0.000,[]
39,1.300,1,0.136,0.274,0.006,0.988,0.147,0.998,0.973,0.994,0.984,0.200,False,True,4,uncertain,0,0,,0,False,0.000,[]
39,1.300,5,0.600,0.782,0.075,0.974,0.111,0.997,0.909,0.998,0.989,0.600,True,True,4,visible,14,0,,0,False,0.000,[]
39,1.300,2,0.053,0.096,0.012,0.451,0.041,0.334,0.112,0.014,0.008,0.200,False,False,0,uncertain,0,0,,0,False,0.000,[]
40,1.333,1,0.136,0.275,0.006,0.988,0.147,0.998,0.973,0.994,0.984,0.200,False,True,4,uncertain,0,0,,0,False,0.000,[]
40,1.333,5,0.600,0.783,0.076,0.974,0.111,0.997,0.908,0.998,0.989,0.600,True,True,4,visible,15,0,,0,False,0.000,[]
40,1.333,2,0.052,0.095,0.012,0.449,0.040,0.333,0.111,0.014,0.008,0.200,False,False,0,uncertain,0,0,,0,False,0.000,[]
40,1.333,6,0.587,0.653,0.174,0.878,0.206,0.981,0.889,0.978,0.947,0.600,True,True,4,uncertain,1,0,,0,False,0.000,[]
41,1.367,1,0.136,0.275,0.006,0.988,0.147,0.998,0.973,0.994,0.984,0.200,False,True,4,uncertain,0,0,,0,False,0.000,[]
41,1.367,5,0.600,0.783,0.076,0.974,0.111,0.997,0.908,0.998,0.989,0.600,True,True,4,visible,16,0,,0,False,0.000,[]
41,1.367,2,0.052,0.095,0.012,0.449,0.040,0.333,0.111,0.014,0.008,0.200,False,False,0,uncertain,0,0,,0,False,0.000,[]
41,1.367,6,0.587,0.653,0.174,0.878,0.206,0.981,0.889,0.978,0.947,0.600,True,True,4,uncertain,2,0,,0,False,0.000,[]
42,1.400,1,0.136,0.275,0.006,0.988,0.147,0.998,0.973,0.994,0.984,0.200,False,True,4,uncertain,0,0,,0,False,0.000,[]
42,1.400,5,0.600,0.783,0.076,0.974,0.111,0.997,0.908,0.998,0.989,0.600,True,True,4,visible,17,0,,0,False,0.000,[]
42,1.400,2,0.052,0.095,0.012,0.449,0.040,0.333,0.111,0.014,0.008,0.200,False,False,0,uncertain,0,0,,0,False,0.000,[]
42,1.400,6,0.587,0.653,0.174,0.878,0.206,0.981,0.889,0.978,0.947,0.600,True,True,4,visible,3,0,,0,False,0.000,[]
43,1.433,1,0.324,0.559,0.014,0.990,0.101,0.998,0.964,0.996,0.984,0.400,True,True,4,uncertain,1,0,,0,False,0.000,[]
43,1.433,5,0.397,0.605,0.031,0.977,0.132,0.998,0.948,0.999,0.996,0.400,True,True,4,visible,18,0,,0,False,0.000,[]
43,1.433,2,0.065,0.142,0.011,0.590,0.033,0.477,0.115,0.017,0.007,0.200,False,False,1,uncertain,0,0,,0,False,0.000,[]
43,1.433,6,0.446,0.515,0.127,0.875,0.246,0.970,0.883,0.954,0.915,0.600,True,True,4,visible,4,0,,0,False,0.000,[]
44,1.467,1,0.324,0.559,0.014,0.990,0.101,0.998,0.964,0.996,0.984,0.400,True,True,4,uncertain,2,0,,0,False,0.000,[]
44,1.467,5,0.397,0.606,0.031,0.977,0.132,0.998,0.948,0.999,0.996,0.400,True,True,4,visible,19,0,,0,False,0.000,[]
44,1.467,2,0.065,0.142,0.011,0.589,0.033,0.477,0.114,0.017,0.007,0.200,False,False,1,uncertain,0,0,,0,False,0.000,[]
44,1.467,6,0.447,0.515,0.127,0.875,0.244,0.970,0.883,0.955,0.916,0.600,True,True,4,visible,5,0,,0,False,0.000,[]
44,1.467,7,0.471,0.553,0.044,0.867,0.065,0.982,0.856,0.990,0.965,0.600,True,True,4,uncertain,1,0,,0,False,0.000,[]
45,1.500,1,0.324,0.559,0.014,0.990,0.101,0.998,0.964,0.996,0.984,0.400,True,True,4,visible,3,0,,0,False,0.000,[]
45,1.500,5,0.397,0.606,0.031,0.977,0.132,0.998,0.948,0.999,0.996,0.400,True,True,4,visible,20,0,,0,False,0.000,[]
45,1.500,2,0.065,0.142,0.011,0.589,0.033,0.477,0.114,0.017,0.007,0.200,False,False,1,uncertain,0,0,,0,False,0.000,[]
45,1.500,6,0.447,0.515,0.127,0.875,0.244,0.970,0.883,0.955,0.916,0.600,True,True,4,visible,6,0,,0,False,0.000,[]
45,1.500,7,0.471,0.553,0.044,0.867,0.065,0.982,0.856,0.990,0.965,0.600,True,True,4,uncertain,2,0,,0,False,0.000,[]
46,1.533,1,0.324,0.559,0.014,0.990,0.101,0.998,0.964,0.996,0.984,0.400,True,True,4,visible,4,0,,0,False,0.000,[]
46,1.533,5,0.397,0.606,0.031,0.977,0.132,0.998,0.948,0.999,0.996,0.400,True,True,4,visible,21,0,,0,False,0.000,[]
46,1.533,2,0.065,0.142,0.011,0.589,0.033,0.477,0.114,0.017,0.007,0.200,False,False,1,uncertain,0,0,,0,False,0.000,[]
46,1.533,6,0.447,0.515,0.127,0.875,0.244,0.970,0.883,0.955,0.916,0.600,True,True,4,visible,7,0,,0,False,0.000,[]
46,1.533,7,0.471,0.553,0.044,0.867,0.065,0.982,0.856,0.990,0.965,0.600,True,True,4,visible,3,0,,0,False,0.000,[]
47,1.567,1,0.138,0.316,0.005,0.990,0.095,0.998,0.963,0.996,0.985,0.200,False,True,4,visible,0,1,,0,False,0.000,[]
47,1.567,5,0.306,0.437,0.028,0.968,0.207,0.996,0.967,0.998,0.993,0.400,True,True,4,visible,22,0,,0,False,0.000,[]
47,1.567,2,0.147,0.222,0.035,0.420,0.037,0.305,0.130,0.017,0.011,0.200,False,False,0,uncertain,0,0,,0,False,0.000,[]
47,1.567,6,0.703,0.782,0.090,0.948,0.032,0.974,0.922,0.796,0.683,0.600,True,True,4,visible,8,0,,0,False,0.000,[]
47,1.567,3,0.752,0.775,0.241,0.777,0.069,0.903,0.830,0.831,0.776,0.600,True,True,4,visible,40,0,,0,False,0.000,[]
48,1.600,1,0.138,0.315,0.004,0.990,0.095,0.998,0.963,0.996,0.985,0.200,False,True,4,visible,0,2,,0,False,0.000,[]
48,1.600,5,0.306,0.437,0.028,0.968,0.206,0.996,0.967,0.998,0.993,0.400,True,True,4,visible,23,0,,0,False,0.000,[]
48,1.600,2,0.148,0.224,0.036,0.420,0.037,0.305,0.129,0.017,0.011,0.200,False,False,0,uncertain,0,0,,0,False,0.000,[]
48,1.600,6,0.702,0.782,0.090,0.948,0.032,0.974,0.922,0.797,0.684,0.600,True,True,4,visible,9,0,,0,False,0.000,[]
48,1.600,3,0.753,0.775,0.241,0.777,0.069,0.903,0.830,0.830,0.775,0.600,True,True,4,visible,41,0,,0,False,0.000,[]
49,1.633,1,0.138,0.315,0.004,0.990,0.095,0.998,0.963,0.996,0.985,0.200,False,True,4,visible,0,3,,0,False,0.000,[]
49,1.633,5,0.306,0.437,0.028,0.968,0.206,0.996,0.967,0.998,0.993,0.400,True,True,4,visible,24,0,,0,False,0.000,[]
49,1.633,2,0.148,0.224,0.036,0.420,0.037,0.305,0.129,0.017,0.011,0.200,False,False,0,uncertain,0,0,,0,False,0.000,[]
49,1.633,6,0.702,0.782,0.090,0.948,0.032,0.974,0.922,0.797,0.684,0.600,True,True,4,visible,10,0,,0,False,0.000,[]
49,1.633,3,0.753,0.775,0.241,0.777,0.069,0.903,0.830,0.830,0.775,0.600,True,True,4,visible,42,0,,0,False,0.000,[]
50,1.667,1,0.138,0.315,0.004,0.990,0.095,0.998,0.963,0.996,0.985,0.200,False,True,4,visible,0,4,,0,False,0.000,[]
50,1.667,5,0.306,0.437,0.028,0.968,0.206,0.996,0.967,0.998,0.993,0.400,True,True,4,visible,25,0,,0,False,0.000,[]
50,1.667,2,0.148,0.224,0.036,0.420,0.037,0.305,0.129,0.017,0.011,0.200,False,False,0,uncertain,0,0,,0,False,0.000,[]
50,1.667,6,0.702,0.782,0.090,0.948,0.032,0.974,0.922,0.797,0.684,0.600,True,True,4,visible,11,0,,0,False,0.000,[]
50,1.667,3,0.753,0.775,0.241,0.777,0.069,0.903,0.830,0.830,0.775,0.600,True,True,4,visible,43,0,,0,False,0.000,[]
51,1.700,1,0.371,0.669,0.015,0.990,0.069,0.998,0.926,0.993,0.966,0.400,True,True,4,visible,1,0,,0,False,0.000,[]
51,1.700,5,0.369,0.469,0.051,0.964,0.323,0.994,0.976,0.996,0.993,0.400,True,True,4,visible,26,0,,0,False,0.000,[]
51,1.700,6,0.751,0.826,0.119,0.968,0.057,0.986,0.944,0.820,0.691,0.600,True,True,4,visible,12,0,,0,False,0.000,[]
51,1.700,3,0.529,0.574,0.099,0.747,0.057,0.892,0.798,0.820,0.760,0.600,True,True,4,visible,44,0,,0,False,0.000,[]
52,1.733,1,0.376,0.673,0.016,0.990,0.069,0.998,0.925,0.993,0.966,0.400,True,True,4,visible,2,0,,0,False,0.000,[]
52,1.733,5,0.370,0.469,0.052,0.964,0.324,0.994,0.976,0.996,0.993,0.400,True,True,4,visible,27,0,,0,False,0.000,[]
52,1.733,6,0.747,0.821,0.109,0.954,0.034,0.980,0.934,0.827,0.719,0.600,True,True,4,visible,13,0,,0,False,0.000,[]
52,1.733,3,0.530,0.574,0.099,0.747,0.057,0.892,0.798,0.820,0.760,0.600,True,True,4,visible,45,0,,0,False,0.000,[]
52,1.733,8,0.635,0.753,0.216,0.961,0.322,0.955,0.924,0.650,0.627,0.600,True,True,4,uncertain,1,0,,0,False,0.000,[]
53,1.767,1,0.376,0.673,0.016,0.990,0.069,0.998,0.925,0.993,0.966,0.400,True,True,4,visible,3,0,,0,False,0.000,[]
53,1.767,5,0.370,0.469,0.052,0.964,0.324,0.994,0.976,0.996,0.993,0.400,True,True,4,visible,28,0,,0,False,0.000,[]
53,1.767,6,0.747,0.821,0.109,0.954,0.034,0.980,0.934,0.827,0.719,0.600,True,True,4,visible,14,0,,0,False,0.000,[]
53,1.767,3,0.530,0.574,0.099,0.747,0.057,0.892,0.798,0.820,0.760,0.600,True,True,4,visible,46,0,,0,False,0.000,[]
53,1.767,8,0.635,0.753,0.216,0.961,0.322,0.955,0.924,0.650,0.627,0.600,True,True,4,uncertain,2,0,,0,False,0.000,[]
54,1.800,1,0.376,0.673,0.016,0.990,0.069,0.998,0.925,0.993,0.966,0.400,True,True,4,visible,4,0,,0,False,0.000,[]
54,1.800,5,0.370,0.469,0.052,0.964,0.324,0.994,0.976,0.996,0.993,0.400,True,True,4,visible,29,0,,0,False,0.000,[]
54,1.800,6,0.747,0.821,0.109,0.954,0.034,0.980,0.934,0.827,0.719,0.600,True,True,4,visible,15,0,,0,False,0.000,[]
54,1.800,3,0.530,0.574,0.099,0.747,0.057,0.892,0.798,0.820,0.760,0.600,True,True,4,visible,47,0,,0,False,0.000,[]
54,1.800,8,0.635,0.753,0.216,0.961,0.322,0.955,0.924,0.650,0.627,0.600,True,True,4,visible,3,0,,0,False,0.000,[]
55,1.833,1,0.376,0.673,0.016,0.990,0.069,0.998,0.925,0.993,0.966,0.400,True,True,4,visible,5,0,,0,False,0.000,[]
55,1.833,5,0.370,0.469,0.052,0.964,0.324,0.994,0.976,0.996,0.993,0.400,True,True,4,visible,30,0,,0,False,0.000,[]
55,1.833,6,0.747,0.821,0.109,0.954,0.034,0.980,0.934,0.827,0.719,0.600,True,True,4,visible,16,0,,0,False,0.000,[]
55,1.833,3,0.530,0.574,0.099,0.747,0.057,0.892,0.798,0.820,0.760,0.600,True,True,4,visible,48,0,,0,False,0.000,[]
55,1.833,8,0.635,0.753,0.216,0.961,0.322,0.955,0.924,0.650,0.627,0.600,True,True,4,visible,4,0,,0,False,0.000,[]
56,1.867,1,0.316,0.560,0.012,0.986,0.094,0.998,0.940,0.994,0.966,0.400,True,True,4,visible,6,0,,0,False,0.000,[]
56,1.867,5,0.547,0.551,0.129,0.953,0.473,0.993,0.989,0.996,0.996,0.800,True,True,4,visible,31,0,,0,False,0.000,[]
56,1.867,6,0.700,0.786,0.097,0.957,0.045,0.977,0.925,0.828,0.715,0.600,True,True,4,visible,17,0,,0,False,0.000,[]
56,1.867,3,0.322,0.363,0.046,0.771,0.082,0.916,0.827,0.824,0.753,0.200,False,True,4,visible,0,1,,0,False,0.000,[]
56,1.867,8,0.619,0.766,0.048,0.961,0.021,0.861,0.750,0.152,0.135,0.600,True,True,2,visible,5,0,,0,False,0.000,[]
57,1.900,1,0.316,0.560,0.012,0.986,0.094,0.998,0.940,0.994,0.966,0.400,True,True,4,visible,7,0,,0,False,0.000,[]
57,1.900,5,0.547,0.551,0.130,0.953,0.476,0.993,0.989,0.996,0.996,0.800,True,True,4,visible,32,0,,0,False,0.000,[]
57,1.900,6,0.699,0.785,0.097,0.957,0.045,0.977,0.925,0.825,0.712,0.600,True,True,4,visible,18,0,,0,False,0.000,[]
57,1.900,3,0.325,0.366,0.047,0.771,0.082,0.916,0.826,0.823,0.752,0.200,False,True,4,visible,0,2,,0,False,0.000,[]
57,1.900,8,0.619,0.767,0.048,0.961,0.021,0.860,0.748,0.151,0.134,0.600,True,True,2,visible,6,0,,0,False,0.000,[]
58,1.933,1,0.316,0.560,0.012,0.986,0.094,0.998,0.940,0.994,0.966,0.400,True,True,4,visible,8,0,,0,False,0.000,[]
58,1.933,5,0.547,0.551,0.130,0.953,0.476,0.993,0.989,0.996,0.996,0.800,True,True,4,visible,33,0,,0,False,0.000,[]
58,1.933,6,0.699,0.785,0.097,0.957,0.045,0.977,0.925,0.825,0.712,0.600,True,True,4,visible,19,0,,0,False,0.000,[]
58,1.933,3,0.325,0.366,0.047,0.771,0.082,0.916,0.826,0.823,0.752,0.200,False,True,4,visible,0,3,,0,False,0.000,[]
58,1.933,8,0.619,0.767,0.048,0.961,0.021,0.860,0.748,0.151,0.134,0.600,True,True,2,visible,7,0,,0,False,0.000,[]
59,1.967,1,0.316,0.560,0.012,0.986,0.094,0.998,0.940,0.994,0.966,0.400,True,True,4,visible,9,0,,0,False,0.000,[]
59,1.967,5,0.547,0.551,0.130,0.953,0.476,0.993,0.989,0.996,0.996,0.800,True,True,4,visible,34,0,,0,False,0.000,[]
59,1.967,6,0.699,0.785,0.097,0.957,0.045,0.977,0.925,0.825,0.712,0.600,True,True,4,visible,20,0,,0,False,0.000,[]
59,1.967,3,0.325,0.366,0.047,0.771,0.082,0.916,0.826,0.823,0.752,0.200,False,True,4,visible,0,4,,0,False,0.000,[]
59,1.967,8,0.619,0.767,0.048,0.961,0.021,0.860,0.748,0.151,0.134,0.600,True,True,2,visible,8,0,,0,False,0.000,[]
60,2.000,1,0.347,0.582,0.019,0.985,0.100,0.996,0.948,0.990,0.968,0.400,True,True,4,visible,10,0,,0,False,0.000,[]
60,2.000,5,0.409,0.386,0.081,0.953,0.496,0.995,0.994,0.999,0.999,0.600,True,True,4,visible,35,0,,0,False,0.000,[]
60,2.000,6,0.743,0.819,0.134,0.939,0.037,0.970,0.898,0.837,0.723,0.600,True,True,4,visible,21,0,,0,False,0.000,[]
60,2.000,8,0.914,0.959,0.616,0.964,0.155,0.954,0.823,0.520,0.358,0.800,True,True,3,visible,9,0,,0,False,0.000,[]
60,2.000,7,0.774,0.866,0.109,0.923,0.037,0.977,0.825,0.994,0.979,0.600,True,True,4,visible,4,0,,0,False,0.000,[]
61,2.033,1,0.347,0.582,0.019,0.985,0.100,0.996,0.948,0.990,0.968,0.400,True,True,4,visible,11,0,,0,False,0.000,[]
61,2.033,5,0.409,0.386,0.081,0.953,0.496,0.995,0.994,0.999,0.999,0.600,True,True,4,visible,36,0,,0,False,0.000,[]
61,2.033,6,0.743,0.819,0.134,0.939,0.037,0.970,0.898,0.836,0.723,0.600,True,True,4,visible,22,0,,0,False,0.000,[]
61,2.033,8,0.914,0.959,0.616,0.964,0.155,0.954,0.823,0.520,0.358,0.800,True,True,3,visible,10,0,,0,False,0.000,[]
61,2.033,9,0.932,0.963,0.784,0.932,0.143,0.983,0.945,0.825,0.734,0.800,True,True,4,uncertain,1,0,,0,False,0.000,[]
61,2.033,7,0.774,0.866,0.109,0.923,0.037,0.977,0.825,0.994,0.979,0.600,True,True,4,visible,5,0,,0,False,0.000,[]
62,2.067,1,0.347,0.582,0.019,0.985,0.100,0.996,0.948,0.990,0.968,0.400,True,True,4,visible,12,0,,0,False,0.000,[]
62,2.067,5,0.409,0.386,0.081,0.953,0.496,0.995,0.994,0.999,0.999,0.600,True,True,4,visible,37,0,,0,False,0.000,[]
62,2.067,6,0.743,0.819,0.134,0.939,0.037,0.970,0.898,0.836,0.723,0.600,True,True,4,visible,23,0,,0,False,0.000,[]
62,2.067,8,0.914,0.959,0.616,0.964,0.155,0.954,0.823,0.520,0.358,0.800,True,True,3,visible,11,0,,0,False,0.000,[]
62,2.067,9,0.932,0.963,0.784,0.932,0.143,0.983,0.945,0.825,0.734,0.800,True,True,4,uncertain,2,0,,0,False,0.000,[]
62,2.067,7,0.774,0.866,0.109,0.923,0.037,0.977,0.825,0.994,0.979,0.600,True,True,4,visible,6,0,,0,False,0.000,[]
63,2.100,1,0.347,0.582,0.019,0.985,0.100,0.996,0.948,0.990,0.968,0.400,True,True,4,visible,13,0,,0,False,0.000,[]
63,2.100,5,0.409,0.386,0.081,0.953,0.496,0.995,0.994,0.999,0.999,0.600,True,True,4,visible,38,0,,0,False,0.000,[]
63,2.100,6,0.743,0.819,0.134,0.939,0.037,0.970,0.898,0.836,0.723,0.600,True,True,4,visible,24,0,,0,False,0.000,[]
63,2.100,8,0.914,0.959,0.616,0.964,0.155,0.954,0.823,0.520,0.358,0.800,True,True,3,visible,12,0,,0,False,0.000,[]
63,2.100,9,0.932,0.963,0.784,0.932,0.143,0.983,0.945,0.825,0.734,0.800,True,True,4,visible,3,0,,0,False,0.000,[]
63,2.100,7,0.774,0.866,0.109,0.923,0.037,0.977,0.825,0.994,0.979,0.600,True,True,4,visible,7,0,,0,False,0.000,[]
64,2.133,1,0.385,0.612,0.021,0.984,0.090,0.996,0.950,0.991,0.973,0.400,True,True,4,visible,14,0,,0,False,0.000,[]
64,2.133,5,0.597,0.624,0.134,0.964,0.451,0.996,0.988,0.997,0.996,0.800,True,True,4,visible,39,0,,0,False,0.000,[]
64,2.133,6,0.704,0.785,0.112,0.930,0.033,0.964,0.883,0.816,0.695,0.600,True,True,4,visible,25,0,,0,False,0.000,[]
64,2.133,8,0.854,0.928,0.527,0.955,0.223,0.960,0.838,0.586,0.399,0.800,True,True,3,visible,13,0,,0,False,0.000,[]
64,2.133,9,0.914,0.920,0.736,0.831,0.253,0.984,0.957,0.910,0.858,0.800,True,True,4,visible,4,0,,0,False,0.000,[]
64,2.133,7,0.582,0.692,0.050,0.902,0.036,0.974,0.858,0.995,0.984,0.600,True,True,4,visible,8,0,,0,False,0.000,[]
65,2.167,1,0.385,0.612,0.021,0.984,0.090,0.996,0.950,0.991,0.973,0.400,True,True,4,visible,15,0,,0,False,0.000,[]
65,2.167,5,0.595,0.622,0.132,0.964,0.449,0.996,0.988,0.997,0.996,0.800,True,True,4,visible,40,0,,0,False,0.000,[]
65,2.167,6,0.705,0.785,0.113,0.930,0.033,0.964,0.882,0.814,0.693,0.600,True,True,4,visible,26,0,,0,False,0.000,[]
65,2.167,8,0.854,0.928,0.527,0.955,0.222,0.960,0.837,0.583,0.396,0.800,True,True,3,visible,14,0,,0,False,0.000,[]
65,2.167,9,0.913,0.919,0.735,0.830,0.252,0.984,0.956,0.909,0.858,0.800,True,True,4,visible,5,0,,0,False,0.000,[]
65,2.167,7,0.583,0.693,0.050,0.902,0.036,0.974,0.858,0.995,0.984,0.600,True,True,4,visible,9,0,,0,False,0.000,[]
66,2.200,1,0.384,0.611,0.021,0.985,0.090,0.996,0.950,0.991,0.973,0.400,True,True,4,visible,16,0,,0,False,0.000,[]
66,2.200,5,0.596,0.623,0.132,0.964,0.449,0.996,0.988,0.997,0.996,0.800,True,True,4,visible,41,0,,0,False,0.000,[]
66,2.200,6,0.705,0.785,0.113,0.930,0.033,0.964,0.882,0.814,0.693,0.600,True,True,4,visible,27,0,,0,False,0.000,[]
66,2.200,8,0.854,0.928,0.528,0.955,0.223,0.960,0.837,0.583,0.397,0.800,True,True,3,visible,15,0,,0,False,0.000,[]
66,2.200,9,0.913,0.919,0.735,0.830,0.252,0.984,0.956,0.909,0.858,0.800,True,True,4,visible,6,0,,0,False,0.000,[]
66,2.200,7,0.583,0.693,0.050,0.902,0.036,0.974,0.858,0.994,0.984,0.600,True,True,4,visible,10,0,,0,False,0.000,[]
67,2.233,1,0.384,0.611,0.021,0.985,0.090,0.996,0.950,0.991,0.973,0.400,True,True,4,visible,17,0,,0,False,0.000,[]
67,2.233,5,0.596,0.623,0.132,0.964,0.449,0.996,0.988,0.997,0.996,0.800,True,True,4,visible,42,0,,0,False,0.000,[]
67,2.233,6,0.705,0.785,0.113,0.930,0.033,0.964,0.882,0.814,0.693,0.600,True,True,4,visible,28,0,,0,False,0.000,[]
67,2.233,8,0.854,0.928,0.528,0.955,0.223,0.960,0.837,0.583,0.397,0.800,True,True,3,visible,16,0,,0,False,0.000,[]
67,2.233,9,0.913,0.919,0.735,0.830,0.252,0.984,0.956,0.909,0.858,0.800,True,True,4,visible,7,0,,0,False,0.000,[]
67,2.233,7,0.583,0.693,0.050,0.902,0.036,0.974,0.858,0.994,0.984,0.600,True,True,4,visible,11,0,,0,False,0.000,[]
68,2.267,1,0.384,0.611,0.021,0.985,0.090,0.996,0.950,0.991,0.973,0.400,True,True,4,visible,18,0,,0,False,0.000,[]
68,2.267,5,0.596,0.623,0.132,0.964,0.449,0.996,0.988,0.997,0.996,0.800,True,True,4,visible,43,0,,0,False,0.000,[]
68,2.267,6,0.705,0.785,0.113,0.930,0.033,0.964,0.882,0.814,0.693,0.600,True,True,4,visible,29,0,,0,False,0.000,[]
68,2.267,8,0.854,0.928,0.528,0.955,0.223,0.960,0.837,0.583,0.397,0.800,True,True,3,visible,17,0,,0,False,0.000,[]
68,2.267,9,0.913,0.919,0.735,0.830,0.252,0.984,0.956,0.909,0.858,0.800,True,True,4,visible,8,0,,0,False,0.000,[]
68,2.267,7,0.583,0.693,0.050,0.902,0.036,0.974,0.858,0.994,0.984,0.600,True,True,4,visible,12,0,,0,False,0.000,[]
69,2.300,1,0.518,0.748,0.030,0.988,0.081,0.998,0.948,0.996,0.981,0.600,True,True,4,visible,19,0,,0,False,0.000,[]
69,2.300,5,0.415,0.475,0.057,0.959,0.309,0.996,0.982,0.998,0.996,0.600,True,True,4,visible,44,0,,0,False,0.000,[]
69,2.300,6,0.655,0.744,0.091,0.913,0.026,0.955,0.860,0.791,0.667,0.600,True,True,4,visible,30,0,,0,False,0.000,[]
69,2.300,8,0.898,0.959,0.300,0.954,0.016,0.957,0.824,0.402,0.267,0.600,True,True,3,visible,18,0,,0,False,0.000,[]
69,2.300,3,0.606,0.699,0.107,0.878,0.092,0.948,0.842,0.861,0.763,0.600,True,True,4,visible,1,0,,0,False,0.000,[]
70,2.333,1,0.511,0.742,0.030,0.988,0.082,0.998,0.949,0.996,0.981,0.600,True,True,4,visible,20,0,,0,False,0.000,[]
70,2.333,5,0.414,0.474,0.057,0.959,0.309,0.996,0.982,0.998,0.996,0.600,True,True,4,visible,45,0,,0,False,0.000,[]
70,2.333,6,0.655,0.744,0.091,0.913,0.026,0.955,0.860,0.792,0.667,0.600,True,True,4,visible,31,0,,0,False,0.000,[]
70,2.333,8,0.898,0.959,0.299,0.954,0.016,0.957,0.824,0.401,0.266,0.600,True,True,3,visible,19,0,,0,False,0.000,[]
70,2.333,3,0.660,0.761,0.126,0.931,0.130,0.970,0.880,0.854,0.744,0.600,True,True,4,visible,2,0,,0,False,0.000,[]
71,2.367,1,0.511,0.742,0.030,0.988,0.082,0.998,0.949,0.996,0.981,0.600,True,True,4,visible,21,0,,0,False,0.000,[]
71,2.367,5,0.414,0.474,0.057,0.959,0.309,0.996,0.982,0.998,0.996,0.600,True,True,4,visible,46,0,,0,False,0.000,[]
71,2.367,6,0.655,0.744,0.091,0.913,0.026,0.955,0.860,0.792,0.667,0.600,True,True,4,visible,32,0,,0,False,0.000,[]
71,2.367,8,0.898,0.959,0.299,0.954,0.016,0.957,0.824,0.401,0.266,0.600,True,True,3,visible,20,0,,0,False,0.000,[]
71,2.367,3,0.660,0.761,0.126,0.931,0.130,0.970,0.880,0.854,0.744,0.600,True,True,4,visible,3,0,,0,False,0.000,[]
72,2.400,1,0.511,0.742,0.030,0.988,0.082,0.998,0.949,0.996,0.981,0.600,True,True,4,visible,22,0,,0,False,0.000,[]
72,2.400,5,0.414,0.474,0.057,0.959,0.309,0.996,0.982,0.998,0.996,0.600,True,True,4,visible,47,0,,0,False,0.000,[]
72,2.400,6,0.655,0.744,0.091,0.913,0.026,0.955,0.860,0.792,0.667,0.600,True,True,4,visible,33,0,,0,False,0.000,[]
72,2.400,8,0.898,0.959,0.299,0.954,0.016,0.957,0.824,0.401,0.266,0.600,True,True,3,visible,21,0,,0,False,0.000,[]
72,2.400,3,0.660,0.761,0.126,0.931,0.130,0.970,0.880,0.854,0.744,0.600,True,True,4,visible,4,0,,0,False,0.000,[]
73,2.433,1,0.762,0.907,0.067,0.988,0.041,0.998,0.920,0.997,0.981,0.600,True,True,4,visible,23,0,,0,False,0.000,[]
73,2.433,5,0.428,0.515,0.053,0.960,0.229,0.996,0.972,0.998,0.994,0.600,True,True,4,visible,48,0,,0,False,0.000,[]
73,2.433,6,0.673,0.756,0.100,0.918,0.029,0.958,0.869,0.788,0.663,0.600,True,True,4,visible,34,0,,0,False,0.000,[]
73,2.433,8,0.851,0.931,0.396,0.967,0.111,0.974,0.823,0.652,0.417,0.600,True,True,4,visible,22,0,,0,False,0.000,[]
73,2.433,3,0.661,0.743,0.133,0.888,0.106,0.956,0.863,0.879,0.789,0.600,True,True,4,visible,5,0,,0,False,0.000,[]
74,2.467,1,0.759,0.906,0.066,0.988,0.041,0.998,0.920,0.997,0.981,0.600,True,True,4,visible,24,0,,0,False,0.000,[]
74,2.467,5,0.427,0.515,0.053,0.960,0.229,0.996,0.972,0.998,0.994,0.600,True,True,4,visible,49,0,,0,False,0.000,[]
74,2.467,6,0.673,0.756,0.100,0.918,0.029,0.958,0.869,0.788,0.662,0.600,True,True,4,visible,35,0,,0,False,0.000,[]
74,2.467,8,0.853,0.933,0.399,0.968,0.111,0.974,0.823,0.655,0.419,0.600,True,True,4,visible,23,0,,0,False,0.000,[]
74,2.467,3,0.663,0.744,0.135,0.889,0.106,0.956,0.863,0.879,0.788,0.600,True,True,4,visible,6,0,,0,False,0.000,[]
74,2.467,10,0.800,0.835,0.334,0.848,0.070,0.959,0.909,0.782,0.710,0.600,True,True,4,uncertain,1,0,,0,False,0.000,[]
75,2.500,1,0.759,0.906,0.066,0.988,0.041,0.998,0.920,0.997,0.981,0.600,True,True,4,visible,25,0,,0,False,0.000,[]
75,2.500,5,0.427,0.515,0.053,0.960,0.229,0.996,0.972,0.998,0.994,0.600,True,True,4,visible,50,0,,0,False,0.000,[]
75,2.500,6,0.673,0.756,0.100,0.918,0.029,0.958,0.869,0.788,0.662,0.600,True,True,4,visible,36,0,,0,False,0.000,[]
75,2.500,8,0.853,0.933,0.399,0.968,0.111,0.974,0.823,0.655,0.419,0.600,True,True,4,visible,24,0,,0,False,0.000,[]
75,2.500,3,0.663,0.744,0.135,0.889,0.106,0.956,0.863,0.879,0.788,0.600,True,True,4,visible,7,0,,0,False,0.000,[]
75,2.500,10,0.800,0.835,0.334,0.848,0.070,0.959,0.909,0.782,0.710,0.600,True,True,4,uncertain,2,0,,0,False,0.000,[]
76,2.533,1,0.759,0.906,0.066,0.988,0.041,0.998,0.920,0.997,0.981,0.600,True,True,4,visible,26,0,,0,False,0.000,[]
76,2.533,5,0.427,0.515,0.053,0.960,0.229,0.996,0.972,0.998,0.994,0.600,True,True,4,visible,51,0,,0,False,0.000,[]
76,2.533,6,0.673,0.756,0.100,0.918,0.029,0.958,0.869,0.788,0.662,0.600,True,True,4,visible,37,0,,0,False,0.000,[]
76,2.533,8,0.853,0.933,0.399,0.968,0.111,0.974,0.823,0.655,0.419,0.600,True,True,4,visible,25,0,,0,False,0.000,[]
76,2.533,3,0.663,0.744,0.135,0.889,0.106,0.956,0.863,0.879,0.788,0.600,True,True,4,visible,8,0,,0,False,0.000,[]
76,2.533,10,0.800,0.835,0.334,0.848,0.070,0.959,0.909,0.782,0.710,0.600,True,True,4,visible,3,0,,0,False,0.000,[]
77,2.567,1,0.933,0.976,0.197,0.987,0.022,0.997,0.901,0.997,0.981,0.600,True,True,4,visible,27,0,,0,False,0.000,[]
77,2.567,5,0.518,0.563,0.088,0.960,0.318,0.997,0.985,0.998,0.997,0.600,True,True,4,visible,52,0,,0,False,0.000,[]
77,2.567,6,0.677,0.793,0.096,0.963,0.052,0.985,0.922,0.936,0.852,0.600,True,True,4,visible,38,0,,0,False,0.000,[]
77,2.567,8,0.697,0.825,0.219,0.961,0.151,0.971,0.874,0.660,0.505,0.600,True,True,4,visible,26,0,,0,False,0.000,[]
77,2.567,3,0.691,0.782,0.137,0.936,0.140,0.976,0.898,0.894,0.803,0.600,True,True,4,visible,9,0,,0,False,0.000,[]
77,2.567,10,0.819,0.863,0.391,0.855,0.077,0.946,0.865,0.639,0.521,0.600,True,True,4,visible,4,0,,0,False,0.000,[]
78,2.600,1,0.934,0.976,0.199,0.987,0.022,0.997,0.900,0.997,0.981,0.600,True,True,4,visible,28,0,,0,False,0.000,[]
78,2.600,5,0.518,0.563,0.088,0.960,0.319,0.997,0.985,0.998,0.997,0.600,True,True,4,visible,53,0,,0,False,0.000,[]
78,2.600,6,0.678,0.793,0.096,0.963,0.053,0.985,0.922,0.936,0.852,0.600,True,True,4,visible,39,0,,0,False,0.000,[]
78,2.600,8,0.700,0.826,0.221,0.961,0.151,0.971,0.874,0.660,0.505,0.600,True,True,4,visible,27,0,,0,False,0.000,[]
78,2.600,3,0.691,0.782,0.137,0.936,0.140,0.976,0.898,0.893,0.803,0.600,True,True,4,visible,10,0,,0,False,0.000,[]
78,2.600,10,0.819,0.864,0.385,0.858,0.074,0.945,0.863,0.638,0.519,0.600,True,True,4,visible,5,0,,0,False,0.000,[]
79,2.633,1,0.934,0.976,0.199,0.987,0.022,0.997,0.900,0.997,0.981,0.600,True,True,4,visible,29,0,,0,False,0.000,[]
79,2.633,5,0.518,0.563,0.088,0.960,0.319,0.997,0.985,0.998,0.997,0.600,True,True,4,visible,54,0,,0,False,0.000,[]
79,2.633,6,0.678,0.793,0.096,0.963,0.053,0.985,0.922,0.936,0.852,0.600,True,True,4,visible,40,0,,0,False,0.000,[]
79,2.633,8,0.700,0.826,0.221,0.961,0.151,0.971,0.874,0.660,0.505,0.600,True,True,4,visible,28,0,,0,False,0.000,[]
79,2.633,3,0.691,0.782,0.137,0.936,0.140,0.976,0.898,0.893,0.803,0.600,True,True,4,visible,11,0,,0,False,0.000,[]
79,2.633,10,0.819,0.864,0.385,0.858,0.074,0.945,0.863,0.638,0.519,0.600,True,True,4,visible,6,0,,0,False,0.000,[]
80,2.667,1,0.934,0.976,0.199,0.987,0.022,0.997,0.900,0.997,0.981,0.600,True,True,4,visible,30,0,,0,False,0.000,[]
80,2.667,5,0.518,0.563,0.088,0.960,0.319,0.997,0.985,0.998,0.997,0.600,True,True,4,visible,55,0,,0,False,0.000,[]
80,2.667,6,0.678,0.793,0.096,0.963,0.053,0.985,0.922,0.936,0.852,0.600,True,True,4,visible,41,0,,0,False,0.000,[]
80,2.667,8,0.700,0.826,0.221,0.961,0.151,0.971,0.874,0.660,0.505,0.600,True,True,4,visible,29,0,,0,False,0.000,[]
80,2.667,3,0.691,0.782,0.137,0.936,0.140,0.976,0.898,0.893,0.803,0.600,True,True,4,visible,12,0,,0,False,0.000,[]
80,2.667,10,0.819,0.864,0.385,0.858,0.074,0.945,0.863,0.638,0.519,0.600,True,True,4,visible,7,0,,0,False,0.000,[]
81,2.700,1,0.934,0.976,0.213,0.985,0.021,0.996,0.894,0.997,0.982,0.600,True,True,4,visible,31,0,,0,False,0.000,[]
81,2.700,5,0.584,0.670,0.114,0.962,0.269,0.995,0.971,0.997,0.993,0.600,True,True,4,visible,56,0,,0,False,0.000,[]
81,2.700,6,0.684,0.801,0.098,0.969,0.060,0.987,0.931,0.931,0.846,0.600,True,True,4,visible,42,0,,0,False,0.000,[]
81,2.700,3,0.718,0.802,0.104,0.914,0.064,0.985,0.878,0.988,0.956,0.600,True,True,4,visible,13,0,,0,False,0.000,[]
81,2.700,10,0.902,0.924,0.592,0.889,0.134,0.959,0.901,0.624,0.507,0.800,True,True,4,visible,8,0,,0,False,0.000,[]
82,2.733,1,0.935,0.976,0.214,0.985,0.021,0.996,0.895,0.997,0.982,0.600,True,True,4,visible,32,0,,0,False,0.000,[]
82,2.733,5,0.584,0.670,0.114,0.962,0.269,0.995,0.971,0.997,0.993,0.600,True,True,4,visible,57,0,,0,False,0.000,[]
82,2.733,6,0.684,0.801,0.098,0.969,0.060,0.987,0.931,0.931,0.846,0.600,True,True,4,visible,43,0,,0,False,0.000,[]
82,2.733,3,0.718,0.801,0.104,0.914,0.064,0.985,0.878,0.988,0.956,0.600,True,True,4,visible,14,0,,0,False,0.000,[]
82,2.733,10,0.902,0.924,0.592,0.889,0.134,0.959,0.901,0.624,0.507,0.800,True,True,4,visible,9,0,,0,False,0.000,[]
83,2.767,1,0.935,0.976,0.214,0.985,0.021,0.996,0.895,0.997,0.982,0.600,True,True,4,visible,33,0,,0,False,0.000,[]
83,2.767,5,0.584,0.670,0.114,0.962,0.269,0.995,0.971,0.997,0.993,0.600,True,True,4,visible,58,0,,0,False,0.000,[]
83,2.767,6,0.684,0.801,0.098,0.969,0.060,0.987,0.931,0.931,0.846,0.600,True,True,4,visible,44,0,,0,False,0.000,[]
83,2.767,3,0.718,0.801,0.104,0.914,0.064,0.985,0.878,0.988,0.956,0.600,True,True,4,visible,15,0,,0,False,0.000,[]
83,2.767,10,0.902,0.924,0.592,0.889,0.134,0.959,0.901,0.624,0.507,0.800,True,True,4,visible,10,0,,0,False,0.000,[]
84,2.800,1,0.935,0.976,0.214,0.985,0.021,0.996,0.895,0.997,0.982,0.600,True,True,4,visible,34,0,,0,False,0.000,[]
84,2.800,5,0.584,0.670,0.114,0.962,0.269,0.995,0.971,0.997,0.993,0.600,True,True,4,visible,59,0,,0,False,0.000,[]
84,2.800,6,0.684,0.801,0.098,0.969,0.060,0.987,0.931,0.931,0.846,0.600,True,True,4,visible,45,0,,0,False,0.000,[]
84,2.800,3,0.718,0.801,0.104,0.914,0.064,0.985,0.878,0.988,0.956,0.600,True,True,4,visible,16,0,,0,False,0.000,[]
84,2.800,10,0.902,0.924,0.592,0.889,0.134,0.959,0.901,0.624,0.507,0.800,True,True,4,visible,11,0,,0,False,0.000,[]
85,2.833,1,0.935,0.976,0.214,0.985,0.021,0.996,0.895,0.997,0.982,0.600,True,True,4,visible,35,0,,0,False,0.000,[]
85,2.833,5,0.584,0.670,0.114,0.962,0.269,0.995,0.971,0.997,0.993,0.600,True,True,4,visible,60,0,,0,False,0.000,[]
85,2.833,6,0.684,0.801,0.098,0.969,0.060,0.987,0.931,0.931,0.846,0.600,True,True,4,visible,46,0,,0,False,0.000,[]
85,2.833,3,0.718,0.801,0.104,0.914,0.064,0.985,0.878,0.988,0.956,0.600,True,True,4,visible,17,0,,0,False,0.000,[]
85,2.833,10,0.902,0.924,0.592,0.889,0.134,0.959,0.901,0.624,0.507,0.800,True,True,4,visible,12,0,,0,False,0.000,[]
86,2.867,1,0.887,0.952,0.136,0.986,0.033,0.998,0.941,0.999,0.992,0.600,True,True,4,visible,36,0,,0,False,0.000,[]
86,2.867,5,0.697,0.793,0.148,0.963,0.194,0.996,0.948,0.997,0.987,0.600,True,True,4,visible,61,0,,0,False,0.000,[]
86,2.867,6,0.786,0.856,0.156,0.948,0.037,0.975,0.908,0.864,0.756,0.600,True,True,4,visible,47,0,,0,False,0.000,[]
86,2.867,3,0.642,0.734,0.079,0.911,0.068,0.987,0.886,0.990,0.964,0.600,True,True,4,visible,18,0,,0,False,0.000,[]
87,2.900,1,0.887,0.952,0.136,0.986,0.033,0.998,0.941,0.999,0.992,0.600,True,True,4,visible,37,0,,0,False,0.000,[]
87,2.900,5,0.696,0.792,0.147,0.963,0.193,0.996,0.948,0.997,0.987,0.600,True,True,4,visible,62,0,,0,False,0.000,[]
87,2.900,6,0.786,0.856,0.156,0.948,0.037,0.975,0.909,0.864,0.756,0.600,True,True,4,visible,48,0,,0,False,0.000,[]
87,2.900,3,0.642,0.734,0.079,0.911,0.068,0.987,0.887,0.990,0.964,0.600,True,True,4,visible,19,0,,0,False,0.000,[]
88,2.933,1,0.887,0.952,0.136,0.986,0.033,0.998,0.941,0.999,0.992,0.600,True,True,4,visible,38,0,,0,False,0.000,[]
88,2.933,5,0.696,0.792,0.147,0.963,0.193,0.996,0.948,0.997,0.987,0.600,True,True,4,visible,63,0,,0,False,0.000,[]
88,2.933,6,0.786,0.856,0.156,0.948,0.037,0.975,0.909,0.864,0.756,0.600,True,True,4,visible,49,0,,0,False,0.000,[]
88,2.933,3,0.642,0.734,0.079,0.911,0.068,0.987,0.887,0.990,0.964,0.600,True,True,4,visible,20,0,,0,False,0.000,[]
89,2.967,1,0.887,0.952,0.136,0.986,0.033,0.998,0.941,0.999,0.992,0.600,True,True,4,visible,39,0,,0,False,0.000,[]
89,2.967,5,0.696,0.792,0.147,0.963,0.193,0.996,0.948,0.997,0.987,0.600,True,True,4,visible,64,0,,0,False,0.000,[]
89,2.967,6,0.786,0.856,0.156,0.948,0.037,0.975,0.909,0.864,0.756,0.600,True,True,4,visible,50,0,,0,False,0.000,[]
89,2.967,3,0.642,0.734,0.079,0.911,0.068,0.987,0.887,0.990,0.964,0.600,True,True,4,visible,21,0,,0,False,0.000,[]
90,3.000,1,0.875,0.951,0.123,0.988,0.032,0.998,0.928,0.998,0.988,0.600,True,True,4,visible,40,0,,0,False,0.000,[]
90,3.000,5,0.723,0.853,0.183,0.968,0.165,0.994,0.910,0.995,0.982,0.600,True,True,4,visible,65,0,,0,False,0.000,[]
90,3.000,6,0.635,0.735,0.080,0.932,0.032,0.970,0.890,0.886,0.790,0.600,True,True,4,visible,51,0,,0,False,0.000,[]
90,3.000,3,0.651,0.747,0.076,0.921,0.063,0.991,0.865,0.988,0.946,0.600,True,True,4,visible,22,0,,0,False,0.000,[]
90,3.000,8,0.509,0.625,0.140,0.964,0.377,0.979,0.947,0.765,0.710,0.600,True,True,4,visible,30,0,,0,False,0.000,[]
90,3.000,10,0.567,0.603,0.198,0.657,0.064,0.902,0.764,0.766,0.658,0.600,True,True,4,visible,13,0,,0,False,0.000,[]
91,3.033,1,0.876,0.951,0.124,0.988,0.032,0.998,0.928,0.998,0.988,0.600,True,True,4,visible,41,0,,0,False,0.000,[]
91,3.033,5,0.723,0.853,0.183,0.968,0.165,0.994,0.910,0.995,0.982,0.600,True,True,4,visible,66,0,,0,False,0.000,[]
91,3.033,6,0.635,0.735,0.080,0.932,0.032,0.970,0.890,0.886,0.790,0.600,True,True,4,visible,52,0,,0,False,0.000,[]
91,3.033,3,0.651,0.747,0.076,0.921,0.063,0.991,0.865,0.988,0.946,0.600,True,True,4,visible,23,0,,0,False,0.000,[]
91,3.033,8,0.509,0.625,0.140,0.964,0.377,0.979,0.947,0.765,0.710,0.600,True,True,4,visible,31,0,,0,False,0.000,[]
91,3.033,10,0.567,0.603,0.198,0.657,0.064,0.902,0.764,0.766,0.658,0.600,True,True,4,visible,14,0,,0,False,0.000,[]
92,3.067,1,0.876,0.951,0.124,0.988,0.032,0.998,0.928,0.998,0.988,0.600,True,True,4,visible,42,0,,0,False,0.000,[]
92,3.067,5,0.723,0.853,0.183,0.968,0.165,0.994,0.910,0.995,0.982,0.600,True,True,4,visible,67,0,,0,False,0.000,[]
92,3.067,6,0.635,0.735,0.080,0.932,0.032,0.970,0.890,0.886,0.790,0.600,True,True,4,visible,53,0,,0,False,0.000,[]
92,3.067,3,0.651,0.747,0.076,0.921,0.063,0.991,0.865,0.988,0.946,0.600,True,True,4,visible,24,0,,0,False,0.000,[]
92,3.067,8,0.509,0.625,0.140,0.964,0.377,0.979,0.947,0.765,0.710,0.600,True,True,4,visible,32,0,,0,False,0.000,[]
92,3.067,10,0.567,0.603,0.198,0.657,0.064,0.902,0.764,0.766,0.658,0.600,True,True,4,visible,15,0,,0,False,0.000,[]
93,3.100,1,0.876,0.951,0.124,0.988,0.032,0.998,0.928,0.998,0.988,0.600,True,True,4,visible,43,0,,0,False,0.000,[]
93,3.100,5,0.723,0.853,0.183,0.968,0.165,0.994,0.910,0.995,0.982,0.600,True,True,4,visible,68,0,,0,False,0.000,[]
93,3.100,6,0.635,0.735,0.080,0.932,0.032,0.970,0.890,0.886,0.790,0.600,True,True,4,visible,54,0,,0,False,0.000,[]
93,3.100,3,0.651,0.747,0.076,0.921,0.063,0.991,0.865,0.988,0.946,0.600,True,True,4,visible,25,0,,0,False,0.000,[]
93,3.100,8,0.509,0.625,0.140,0.964,0.377,0.979,0.947,0.765,0.710,0.600,True,True,4,visible,33,0,,0,False,0.000,[]
93,3.100,10,0.567,0.603,0.198,0.657,0.064,0.902,0.764,0.766,0.658,0.600,True,True,4,visible,16,0,,0,False,0.000,[]
94,3.133,1,0.863,0.947,0.120,0.989,0.037,0.998,0.935,0.997,0.988,0.600,True,True,4,visible,44,0,,0,False,0.000,[]
94,3.133,5,0.789,0.897,0.228,0.967,0.132,0.994,0.895,0.996,0.982,0.600,True,True,4,visible,69,0,,0,False,0.000,[]
94,3.133,6,0.669,0.780,0.095,0.954,0.047,0.980,0.902,0.920,0.829,0.600,True,True,4,visible,55,0,,0,False,0.000,[]
94,3.133,3,0.502,0.701,0.036,0.924,0.032,0.988,0.736,0.993,0.951,0.600,True,True,4,visible,26,0,,0,False,0.000,[]
95,3.167,1,0.862,0.947,0.119,0.989,0.038,0.998,0.936,0.997,0.988,0.600,True,True,4,visible,45,0,,0,False,0.000,[]
95,3.167,5,0.864,0.936,0.297,0.959,0.086,0.992,0.848,0.993,0.965,0.600,True,True,4,visible,70,0,,0,False,0.000,[]
95,3.167,6,0.668,0.780,0.095,0.954,0.047,0.980,0.902,0.920,0.829,0.600,True,True,4,visible,56,0,,0,False,0.000,[]
95,3.167,3,0.503,0.701,0.036,0.924,0.032,0.988,0.736,0.993,0.951,0.600,True,True,4,visible,27,0,,0,False,0.000,[]
96,3.200,1,0.862,0.947,0.119,0.989,0.038,0.998,0.936,0.997,0.988,0.600,True,True,4,visible,46,0,,0,False,0.000,[]
96,3.200,5,0.864,0.935,0.297,0.959,0.086,0.992,0.848,0.993,0.965,0.600,True,True,4,visible,71,0,,0,False,0.000,[]
96,3.200,6,0.668,0.780,0.095,0.954,0.047,0.980,0.902,0.920,0.829,0.600,True,True,4,visible,57,0,,0,False,0.000,[]
96,3.200,3,0.503,0.701,0.037,0.924,0.032,0.988,0.737,0.993,0.951,0.600,True,True,4,visible,28,0,,0,False,0.000,[]
97,3.233,1,0.863,0.947,0.120,0.989,0.037,0.998,0.935,0.997,0.988,0.600,True,True,4,visible,47,0,,0,False,0.000,[]
97,3.233,5,0.864,0.935,0.297,0.959,0.087,0.992,0.848,0.993,0.965,0.600,True,True,4,visible,72,0,,0,False,0.000,[]
97,3.233,6,0.669,0.780,0.095,0.954,0.047,0.980,0.902,0.920,0.829,0.600,True,True,4,visible,58,0,,0,False,0.000,[]
97,3.233,3,0.503,0.701,0.037,0.924,0.032,0.988,0.737,0.993,0.951,0.600,True,True,4,visible,29,0,,0,False,0.000,[]
98,3.267,1,0.863,0.947,0.120,0.989,0.037,0.998,0.936,0.997,0.988,0.600,True,True,4,visible,48,0,,0,False,0.000,[]
98,3.267,5,0.864,0.935,0.297,0.959,0.087,0.992,0.848,0.993,0.965,0.600,True,True,4,visible,73,0,,0,False,0.000,[]
98,3.267,6,0.669,0.780,0.095,0.954,0.047,0.980,0.902,0.920,0.829,0.600,True,True,4,visible,59,0,,0,False,0.000,[]
98,3.267,3,0.503,0.701,0.036,0.924,0.032,0.988,0.737,0.993,0.951,0.600,True,True,4,visible,30,0,,0,False,0.000,[]
99,3.300,1,0.436,0.709,0.020,0.988,0.069,0.998,0.922,0.997,0.980,0.600,True,True,4,visible,49,0,,0,False,0.000,[]
99,3.300,5,0.913,0.961,0.362,0.958,0.057,0.993,0.819,0.994,0.966,0.600,True,True,4,visible,74,0,,0,False,0.000,[]
99,3.300,6,0.679,0.794,0.090,0.957,0.044,0.984,0.910,0.952,0.883,0.600,True,True,4,visible,60,0,,0,False,0.000,[]
99,3.300,3,0.342,0.513,0.027,0.893,0.053,0.980,0.701,0.968,0.847,0.400,True,True,4,visible,31,0,,0,False,0.000,[]
99,3.300,8,0.257,0.375,0.049,0.955,0.352,0.971,0.928,0.628,0.563,0.200,False,True,4,visible,0,1,,0,False,0.000,[]
100,3.333,1,0.464,0.725,0.026,0.990,0.090,0.998,0.948,0.998,0.989,0.600,True,True,4,visible,50,0,,0,False,0.000,[]
100,3.333,5,0.912,0.961,0.357,0.958,0.056,0.994,0.818,0.994,0.966,0.600,True,True,4,visible,75,0,,0,False,0.000,[]
100,3.333,6,0.680,0.794,0.091,0.957,0.044,0.984,0.909,0.951,0.881,0.600,True,True,4,visible,61,0,,0,False,0.000,[]
100,3.333,3,0.341,0.511,0.027,0.893,0.053,0.980,0.699,0.968,0.847,0.400,True,True,4,visible,32,0,,0,False,0.000,[]
100,3.333,8,0.259,0.375,0.049,0.955,0.354,0.972,0.929,0.634,0.569,0.200,False,True,4,visible,0,2,,0,False,0.000,[]
101,3.367,1,0.464,0.725,0.026,0.990,0.090,0.998,0.948,0.998,0.989,0.600,True,True,4,visible,51,0,,0,False,0.000,[]
101,3.367,5,0.912,0.961,0.357,0.958,0.056,0.994,0.818,0.994,0.966,0.600,True,True,4,visible,76,0,,0,False,0.000,[]
101,3.367,6,0.680,0.794,0.091,0.957,0.044,0.984,0.909,0.951,0.881,0.600,True,True,4,visible,62,0,,0,False,0.000,[]
101,3.367,3,0.341,0.511,0.027,0.893,0.053,0.980,0.699,0.968,0.847,0.400,True,True,4,visible,33,0,,0,False,0.000,[]
101,3.367,8,0.259,0.375,0.049,0.955,0.354,0.972,0.929,0.634,0.569,0.200,False,True,4,visible,0,3,,0,False,0.000,[]
102,3.400,1,0.464,0.725,0.026,0.990,0.090,0.998,0.948,0.998,0.989,0.600,True,True,4,visible,52,0,,0,False,0.000,[]
102,3.400,5,0.912,0.961,0.357,0.958,0.056,0.994,0.818,0.994,0.966,0.600,True,True,4,visible,77,0,,0,False,0.000,[]
102,3.400,6,0.680,0.794,0.091,0.957,0.044,0.984,0.909,0.951,0.881,0.600,True,True,4,visible,63,0,,0,False,0.000,[]
102,3.400,3,0.341,0.511,0.027,0.893,0.053,0.980,0.699,0.968,0.847,0.400,True,True,4,visible,34,0,,0,False,0.000,[]
102,3.400,8,0.259,0.375,0.049,0.955,0.354,0.972,0.929,0.634,0.569,0.200,False,True,4,visible,0,4,,0,False,0.000,[]
103,3.433,1,0.275,0.526,0.010,0.988,0.097,0.999,0.948,0.998,0.989,0.400,True,True,4,visible,53,0,,0,False,0.000,[]
103,3.433,5,0.924,0.958,0.441,0.960,0.103,0.994,0.922,0.996,0.983,0.800,True,True,4,visible,78,0,,0,False,0.000,[]
103,3.433,6,0.574,0.689,0.098,0.843,0.030,0.932,0.799,0.739,0.603,0.600,True,True,4,visible,64,0,,0,False,0.000,[]
103,3.433,3,0.493,0.642,0.053,0.879,0.052,0.972,0.704,0.951,0.811,0.600,True,True,4,visible,35,0,,0,False,0.000,[]
103,3.433,8,0.027,0.026,0.004,0.857,0.379,0.963,0.949,0.708,0.721,0.200,False,True,4,hidden,0,5,head_turn_away,1,False,0.000,[103]
104,3.467,1,0.273,0.524,0.010,0.988,0.098,0.999,0.949,0.998,0.989,0.400,True,True,4,visible,54,0,,0,False,0.000,[]
104,3.467,5,0.924,0.958,0.441,0.960,0.103,0.994,0.922,0.996,0.983,0.800,True,True,4,visible,79,0,,0,False,0.000,[]
104,3.467,6,0.574,0.689,0.098,0.843,0.030,0.932,0.799,0.739,0.602,0.600,True,True,4,visible,65,0,,0,False,0.000,[]
104,3.467,3,0.493,0.642,0.053,0.879,0.052,0.972,0.704,0.952,0.811,0.600,True,True,4,visible,36,0,,0,False,0.000,[]
104,3.467,8,0.027,0.026,0.004,0.857,0.379,0.963,0.949,0.709,0.722,0.200,False,True,4,hidden,0,6,,1,False,0.000,[103]
105,3.500,1,0.273,0.524,0.010,0.988,0.098,0.999,0.949,0.998,0.989,0.400,True,True,4,visible,55,0,,0,False,0.000,[]
105,3.500,5,0.924,0.958,0.441,0.960,0.103,0.994,0.922,0.996,0.983,0.800,True,True,4,visible,80,0,,0,False,0.000,[]
105,3.500,6,0.574,0.689,0.098,0.843,0.030,0.932,0.799,0.739,0.602,0.600,True,True,4,visible,66,0,,0,False,0.000,[]
105,3.500,3,0.493,0.642,0.053,0.879,0.052,0.972,0.704,0.952,0.811,0.600,True,True,4,visible,37,0,,0,False,0.000,[]
105,3.500,8,0.027,0.026,0.004,0.857,0.379,0.963,0.949,0.709,0.722,0.200,False,True,4,hidden,0,7,,1,False,0.000,[103]
106,3.533,1,0.273,0.524,0.010,0.988,0.098,0.999,0.949,0.998,0.989,0.400,True,True,4,visible,56,0,,0,False,0.000,[]
106,3.533,5,0.924,0.958,0.441,0.960,0.103,0.994,0.922,0.996,0.983,0.800,True,True,4,visible,81,0,,0,False,0.000,[]
106,3.533,6,0.574,0.689,0.098,0.843,0.030,0.932,0.799,0.739,0.602,0.600,True,True,4,visible,67,0,,0,False,0.000,[]
106,3.533,3,0.493,0.642,0.053,0.879,0.052,0.972,0.704,0.952,0.811,0.600,True,True,4,visible,38,0,,0,False,0.000,[]
106,3.533,8,0.027,0.026,0.004,0.857,0.379,0.963,0.949,0.709,0.722,0.200,False,True,4,hidden,0,8,,1,False,0.000,[103]
107,3.567,1,0.384,0.639,0.014,0.987,0.077,0.998,0.949,0.998,0.988,0.400,True,True,4,visible,57,0,,0,False,0.000,[]
107,3.567,5,0.956,0.973,0.639,0.959,0.132,0.993,0.938,0.995,0.984,0.800,True,True,4,visible,82,0,,0,False,0.000,[]
107,3.567,6,0.557,0.674,0.074,0.895,0.033,0.951,0.828,0.884,0.788,0.600,True,True,4,visible,68,0,,0,False,0.000,[]
107,3.567,3,0.543,0.706,0.057,0.899,0.048,0.974,0.699,0.963,0.841,0.600,True,True,4,visible,39,0,,0,False,0.000,[]
107,3.567,8,0.056,0.097,0.008,0.938,0.260,0.980,0.907,0.733,0.597,0.200,False,True,4,hidden,0,9,,1,False,0.000,[103]
108,3.600,1,0.384,0.640,0.014,0.987,0.077,0.998,0.949,0.998,0.988,0.400,True,True,4,visible,58,0,,0,False,0.000,[]
108,3.600,5,0.956,0.973,0.638,0.959,0.131,0.993,0.938,0.995,0.984,0.800,True,True,4,visible,83,0,,0,False,0.000,[]
108,3.600,6,0.556,0.674,0.074,0.895,0.033,0.951,0.828,0.884,0.788,0.600,True,True,4,visible,69,0,,0,False,0.000,[]
108,3.600,3,0.543,0.706,0.057,0.899,0.048,0.974,0.700,0.963,0.841,0.600,True,True,4,visible,40,0,,0,False,0.000,[]
108,3.600,8,0.056,0.098,0.008,0.939,0.261,0.980,0.906,0.729,0.593,0.200,False,True,4,hidden,0,10,,1,False,0.000,[103]
109,3.633,1,0.384,0.640,0.014,0.987,0.077,0.998,0.949,0.998,0.988,0.400,True,True,4,visible,59,0,,0,False,0.000,[]
109,3.633,5,0.956,0.973,0.638,0.959,0.131,0.993,0.938,0.995,0.984,0.800,True,True,4,visible,84,0,,0,False,0.000,[]
109,3.633,6,0.556,0.674,0.074,0.895,0.033,0.951,0.828,0.884,0.788,0.600,True,True,4,visible,70,0,,0,False,0.000,[]
109,3.633,3,0.543,0.706,0.057,0.899,0.048,0.974,0.700,0.963,0.841,0.600,True,True,4,visible,41,0,,0,False,0.000,[]
109,3.633,8,0.056,0.098,0.008,0.939,0.261,0.980,0.906,0.729,0.593,0.200,False,True,4,hidden,0,11,,1,False,0.000,[103]
110,3.667,1,0.384,0.640,0.014,0.987,0.077,0.998,0.949,0.998,0.988,0.400,True,True,4,visible,60,0,,0,False,0.000,[]
110,3.667,5,0.956,0.973,0.638,0.959,0.131,0.993,0.938,0.995,0.984,0.800,True,True,4,visible,85,0,,0,False,0.000,[]
110,3.667,6,0.556,0.674,0.074,0.895,0.033,0.951,0.828,0.884,0.788,0.600,True,True,4,visible,71,0,,0,False,0.000,[]
110,3.667,3,0.543,0.706,0.057,0.899,0.048,0.974,0.700,0.963,0.841,0.600,True,True,4,visible,42,0,,0,False,0.000,[]
110,3.667,8,0.056,0.098,0.008,0.939,0.261,0.980,0.906,0.729,0.593,0.200,False,True,4,hidden,0,12,,1,False,0.000,[103]
111,3.700,1,0.238,0.480,0.008,0.989,0.108,0.999,0.959,0.998,0.991,0.400,True,True,4,visible,61,0,,0,False,0.000,[]
111,3.700,5,0.880,0.918,0.277,0.951,0.057,0.997,0.937,0.999,0.994,0.600,True,True,4,visible,86,0,,0,False,0.000,[]
111,3.700,6,0.603,0.706,0.136,0.825,0.033,0.939,0.764,0.863,0.736,0.600,True,True,4,visible,72,0,,0,False,0.000,[]
111,3.700,3,0.560,0.659,0.069,0.866,0.069,0.968,0.803,0.962,0.881,0.600,True,True,4,visible,43,0,,0,False,0.000,[]
111,3.700,8,0.152,0.255,0.015,0.881,0.030,0.916,0.730,0.589,0.416,0.200,False,True,4,hidden,0,13,,1,False,0.000,[103]
112,3.733,1,0.238,0.481,0.008,0.989,0.108,0.999,0.959,0.998,0.991,0.400,True,True,4,visible,62,0,,0,False,0.000,[]
112,3.733,5,0.880,0.918,0.277,0.951,0.057,0.997,0.937,0.999,0.994,0.600,True,True,4,visible,87,0,,0,False,0.000,[]
112,3.733,6,0.603,0.706,0.136,0.825,0.033,0.939,0.764,0.862,0.735,0.600,True,True,4,visible,73,0,,0,False,0.000,[]
112,3.733,3,0.559,0.659,0.069,0.867,0.070,0.968,0.804,0.961,0.881,0.600,True,True,4,visible,44,0,,0,False,0.000,[]
112,3.733,8,0.153,0.257,0.015,0.881,0.030,0.916,0.730,0.590,0.416,0.200,False,True,4,hidden,0,14,,1,False,0.000,[103]
113,3.767,1,0.238,0.481,0.008,0.989,0.108,0.999,0.959,0.998,0.991,0.400,True,True,4,visible,63,0,,0,False,0.000,[]
113,3.767,5,0.880,0.918,0.277,0.951,0.057,0.997,0.937,0.999,0.994,0.600,True,True,4,visible,88,0,,0,False,0.000,[]
113,3.767,6,0.603,0.706,0.136,0.825,0.033,0.939,0.764,0.862,0.735,0.600,True,True,4,visible,74,0,,0,False,0.000,[]
113,3.767,3,0.559,0.659,0.069,0.867,0.070,0.968,0.804,0.961,0.881,0.600,True,True,4,visible,45,0,,0,False,0.000,[]
113,3.767,8,0.153,0.257,0.015,0.881,0.030,0.916,0.730,0.590,0.416,0.200,False,True,4,hidden,0,15,,1,False,0.000,[103]
114,3.800,1,0.238,0.481,0.008,0.989,0.108,0.999,0.959,0.998,0.991,0.400,True,True,4,visible,64,0,,0,False,0.000,[]
114,3.800,5,0.880,0.918,0.277,0.951,0.057,0.997,0.937,0.999,0.994,0.600,True,True,4,visible,89,0,,0,False,0.000,[]
114,3.800,6,0.603,0.706,0.136,0.825,0.033,0.939,0.764,0.862,0.735,0.600,True,True,4,visible,75,0,,0,False,0.000,[]
114,3.800,3,0.559,0.659,0.069,0.867,0.070,0.968,0.804,0.961,0.881,0.600,True,True,4,visible,46,0,,0,False,0.000,[]
114,3.800,8,0.153,0.257,0.015,0.881,0.030,0.916,0.730,0.590,0.416,0.200,False,True,4,hidden,0,16,,1,False,0.000,[103]
115,3.833,1,0.238,0.481,0.008,0.989,0.108,0.999,0.959,0.998,0.991,0.400,True,True,4,visible,65,0,,0,False,0.000,[]
115,3.833,5,0.880,0.918,0.277,0.951,0.057,0.997,0.937,0.999,0.994,0.600,True,True,4,visible,90,0,,0,False,0.000,[]
115,3.833,6,0.603,0.706,0.136,0.825,0.033,0.939,0.764,0.862,0.735,0.600,True,True,4,visible,76,0,,0,False,0.000,[]
115,3.833,3,0.559,0.659,0.069,0.867,0.070,0.968,0.804,0.961,0.881,0.600,True,True,4,visible,47,0,,0,False,0.000,[]
115,3.833,8,0.153,0.257,0.015,0.881,0.030,0.916,0.730,0.590,0.416,0.200,False,True,4,hidden,0,17,,1,False,0.000,[103]
116,3.867,1,0.274,0.518,0.009,0.988,0.096,0.999,0.951,0.997,0.983,0.400,True,True,4,visible,66,0,,0,False,0.000,[]
116,3.867,5,0.826,0.909,0.159,0.971,0.042,0.999,0.901,0.999,0.987,0.600,True,True,4,visible,91,0,,0,False,0.000,[]
116,3.867,6,0.548,0.676,0.078,0.851,0.017,0.944,0.746,0.880,0.750,0.600,True,True,4,visible,77,0,,0,False,0.000,[]
116,3.867,3,0.565,0.669,0.066,0.858,0.051,0.963,0.801,0.976,0.929,0.600,True,True,4,visible,48,0,,0,False,0.000,[]
116,3.867,8,0.227,0.358,0.025,0.875,0.030,0.917,0.744,0.492,0.331,0.200,False,True,3,hidden,0,18,,1,False,0.000,[103]
116,3.867,10,0.425,0.460,0.102,0.672,0.057,0.852,0.740,0.557,0.462,0.600,True,True,4,visible,17,0,,0,False,0.000,[]
117,3.900,1,0.274,0.518,0.009,0.988,0.096,0.999,0.951,0.997,0.984,0.400,True,True,4,visible,67,0,,0,False,0.000,[]
117,3.900,5,0.824,0.909,0.157,0.971,0.042,0.999,0.900,0.999,0.987,0.600,True,True,4,visible,92,0,,0,False,0.000,[]
117,3.900,6,0.549,0.677,0.078,0.851,0.017,0.944,0.746,0.880,0.750,0.600,True,True,4,visible,78,0,,0,False,0.000,[]
117,3.900,3,0.565,0.669,0.066,0.858,0.051,0.963,0.801,0.976,0.929,0.600,True,True,4,visible,49,0,,0,False,0.000,[]
117,3.900,8,0.225,0.355,0.025,0.875,0.031,0.917,0.745,0.493,0.332,0.200,False,True,3,hidden,0,19,,1,False,0.000,[103]
117,3.900,10,0.424,0.460,0.102,0.672,0.057,0.852,0.740,0.557,0.462,0.600,True,True,4,visible,18,0,,0,False,0.000,[]
118,3.933,1,0.274,0.518,0.009,0.988,0.096,0.999,0.951,0.997,0.984,0.400,True,True,4,visible,68,0,,0,False,0.000,[]
118,3.933,5,0.824,0.909,0.157,0.971,0.042,0.999,0.900,0.999,0.987,0.600,True,True,4,visible,93,0,,0,False,0.000,[]
118,3.933,6,0.549,0.677,0.078,0.851,0.017,0.944,0.746,0.880,0.750,0.600,True,True,4,visible,79,0,,0,False,0.000,[]
118,3.933,3,0.565,0.669,0.066,0.858,0.051,0.963,0.801,0.976,0.929,0.600,True,True,4,visible,50,0,,0,False,0.000,[]
118,3.933,8,0.225,0.355,0.025,0.875,0.031,0.917,0.745,0.493,0.332,0.200,False,True,3,hidden,0,20,,1,False,0.000,[103]
118,3.933,10,0.424,0.460,0.102,0.672,0.057,0.852,0.740,0.557,0.462,0.600,True,True,4,visible,19,0,,0,False,0.000,[]
119,3.967,1,0.274,0.518,0.009,0.988,0.096,0.999,0.951,0.997,0.984,0.400,True,True,4,visible,69,0,,0,False,0.000,[]
119,3.967,5,0.824,0.909,0.157,0.971,0.042,0.999,0.900,0.999,0.987,0.600,True,True,4,visible,94,0,,0,False,0.000,[]
119,3.967,6,0.549,0.677,0.078,0.851,0.017,0.944,0.746,0.880,0.750,0.600,True,True,4,visible,80,0,,0,False,0.000,[]
119,3.967,3,0.565,0.669,0.066,0.858,0.051,0.963,0.801,0.976,0.929,0.600,True,True,4,visible,51,0,,0,False,0.000,[]
119,3.967,8,0.225,0.355,0.025,0.875,0.031,0.917,0.745,0.493,0.332,0.200,False,True,3,hidden,0,21,,1,False,0.000,[103]
119,3.967,10,0.424,0.460,0.102,0.672,0.057,0.852,0.740,0.557,0.462,0.600,True,True,4,visible,20,0,,0,False,0.000,[]
120,4.000,1,0.394,0.586,0.017,0.984,0.110,0.999,0.963,0.998,0.990,0.400,True,True,4,visible,70,0,,0,False,0.000,[]
120,4.000,5,0.909,0.960,0.273,0.977,0.036,0.999,0.873,0.998,0.980,0.600,True,True,4,visible,95,0,,0,False,0.000,[]
120,4.000,6,0.760,0.848,0.126,0.947,0.031,0.966,0.878,0.869,0.765,0.600,True,True,4,visible,81,0,,0,False,0.000,[]
120,4.000,3,0.483,0.648,0.038,0.949,0.083,0.993,0.874,0.992,0.960,0.600,True,True,4,visible,52,0,,0,False,0.000,[]
121,4.033,1,0.394,0.586,0.017,0.984,0.111,0.999,0.963,0.998,0.990,0.400,True,True,4,visible,71,0,,0,False,0.000,[]
121,4.033,5,0.909,0.960,0.272,0.977,0.036,0.999,0.873,0.998,0.980,0.600,True,True,4,visible,96,0,,0,False,0.000,[]
121,4.033,6,0.760,0.848,0.126,0.947,0.031,0.966,0.878,0.869,0.765,0.600,True,True,4,visible,82,0,,0,False,0.000,[]
121,4.033,3,0.483,0.648,0.038,0.949,0.083,0.993,0.874,0.992,0.960,0.600,True,True,4,visible,53,0,,0,False,0.000,[]
122,4.067,1,0.394,0.586,0.017,0.984,0.111,0.999,0.963,0.998,0.990,0.400,True,True,4,visible,72,0,,0,False,0.000,[]
122,4.067,5,0.909,0.960,0.272,0.977,0.036,0.999,0.873,0.998,0.980,0.600,True,True,4,visible,97,0,,0,False,0.000,[]
122,4.067,6,0.760,0.848,0.126,0.947,0.031,0.966,0.878,0.869,0.765,0.600,True,True,4,visible,83,0,,0,False,0.000,[]
122,4.067,3,0.483,0.648,0.038,0.949,0.083,0.993,0.874,0.992,0.960,0.600,True,True,4,visible,54,0,,0,False,0.000,[]
123,4.100,1,0.394,0.586,0.017,0.984,0.111,0.999,0.963,0.998,0.990,0.400,True,True,4,visible,73,0,,0,False,0.000,[]
123,4.100,5,0.909,0.960,0.272,0.977,0.036,0.999,0.873,0.998,0.980,0.600,True,True,4,visible,98,0,,0,False,0.000,[]
123,4.100,6,0.760,0.848,0.126,0.947,0.031,0.966,0.878,0.869,0.765,0.600,True,True,4,visible,84,0,,0,False,0.000,[]
123,4.100,3,0.483,0.648,0.038,0.949,0.083,0.993,0.874,0.992,0.960,0.600,True,True,4,visible,55,0,,0,False,0.000,[]
124,4.133,1,0.524,0.654,0.030,0.976,0.109,0.999,0.964,0.998,0.990,0.600,True,True,4,visible,74,0,,0,False,0.000,[]
124,4.133,5,0.959,0.980,0.531,0.974,0.055,0.998,0.881,0.997,0.971,0.800,True,True,4,visible,99,0,,0,False,0.000,[]
124,4.133,3,0.526,0.615,0.062,0.882,0.065,0.980,0.854,0.985,0.950,0.600,True,True,4,visible,56,0,,0,False,0.000,[]
125,4.167,1,0.525,0.654,0.030,0.976,0.109,0.999,0.964,0.998,0.990,0.600,True,True,4,visible,75,0,,0,False,0.000,[]
125,4.167,5,0.958,0.980,0.527,0.974,0.054,0.998,0.877,0.997,0.970,0.800,True,True,4,visible,100,0,,0,False,0.000,[]
125,4.167,3,0.525,0.614,0.061,0.881,0.064,0.980,0.854,0.985,0.950,0.600,True,True,4,visible,57,0,,0,False,0.000,[]
126,4.200,1,0.525,0.654,0.030,0.976,0.109,0.999,0.964,0.998,0.990,0.600,True,True,4,visible,76,0,,0,False,0.000,[]
126,4.200,5,0.958,0.980,0.527,0.974,0.054,0.998,0.877,0.997,0.970,0.800,True,True,4,visible,101,0,,0,False,0.000,[]
126,4.200,3,0.525,0.614,0.061,0.881,0.064,0.980,0.854,0.985,0.950,0.600,True,True,4,visible,58,0,,0,False,0.000,[]
127,4.233,1,0.525,0.654,0.030,0.976,0.109,0.999,0.964,0.998,0.990,0.600,True,True,4,visible,77,0,,0,False,0.000,[]
127,4.233,5,0.958,0.980,0.527,0.974,0.054,0.998,0.877,0.997,0.970,0.800,True,True,4,visible,102,0,,0,False,0.000,[]
127,4.233,3,0.525,0.614,0.061,0.881,0.064,0.980,0.854,0.985,0.950,0.600,True,True,4,visible,59,0,,0,False,0.000,[]
128,4.267,1,0.525,0.654,0.030,0.976,0.109,0.999,0.964,0.998,0.990,0.600,True,True,4,visible,78,0,,0,False,0.000,[]
128,4.267,5,0.958,0.980,0.527,0.974,0.054,0.998,0.877,0.997,0.970,0.800,True,True,4,visible,103,0,,0,False,0.000,[]
128,4.267,3,0.525,0.614,0.061,0.881,0.064,0.980,0.854,0.985,0.950,0.600,True,True,4,visible,60,0,,0,False,0.000,[]
129,4.300,1,0.562,0.662,0.037,0.966,0.100,0.999,0.955,0.998,0.989,0.600,True,True,4,visible,79,0,,0,False,0.000,[]
129,4.300,5,0.992,0.987,0.935,0.960,0.406,0.997,0.997,0.999,0.998,1.000,True,True,4,visible,104,0,,0,False,0.000,[]
129,4.300,8,0.976,0.987,0.949,0.892,0.409,0.960,0.864,0.286,0.171,1.000,True,True,2,hidden,1,0,,1,False,0.000,[103]
130,4.333,1,0.557,0.653,0.037,0.965,0.103,0.999,0.956,0.998,0.989,0.600,True,True,4,visible,80,0,,0,False,0.000,[]
130,4.333,5,0.992,0.987,0.935,0.959,0.408,0.997,0.997,0.999,0.998,1.000,True,True,4,visible,105,0,,0,False,0.000,[]
130,4.333,8,0.976,0.987,0.949,0.891,0.412,0.960,0.862,0.284,0.169,1.000,True,True,2,hidden,2,0,,1,False,0.000,[103]
131,4.367,1,0.589,0.688,0.041,0.966,0.094,0.999,0.954,0.998,0.989,0.600,True,True,4,visible,81,0,,0,False,0.000,[]
131,4.367,5,0.992,0.987,0.936,0.960,0.405,0.997,0.997,0.999,0.998,1.000,True,True,4,visible,106,0,,0,False,0.000,[]
131,4.367,8,0.976,0.987,0.950,0.886,0.420,0.958,0.862,0.284,0.171,1.000,True,True,2,visible,3,0,,1,False,0.000,[103]
132,4.400,1,0.586,0.686,0.040,0.967,0.094,0.999,0.955,0.998,0.989,0.600,True,True,4,visible,82,0,,0,False,0.000,[]
132,4.400,5,0.992,0.987,0.936,0.960,0.406,0.997,0.997,0.999,0.998,1.000,True,True,4,visible,107,0,,0,False,0.000,[]
132,4.400,8,0.976,0.987,0.950,0.886,0.419,0.958,0.862,0.284,0.171,1.000,True,True,2,visible,4,0,,1,False,0.000,[103]
133,4.433,1,0.528,0.560,0.036,0.953,0.140,0.999,0.969,0.999,0.993,0.600,True,True,4,visible,83,0,,0,False,0.000,[]
133,4.433,5,0.993,0.988,0.943,0.956,0.425,0.998,0.997,0.999,0.999,1.000,True,True,4,visible,108,0,,0,False,0.000,[]
133,4.433,8,0.975,0.987,0.947,0.905,0.421,0.964,0.880,0.333,0.205,1.000,True,True,2,visible,5,0,,1,False,0.000,[103]
134,4.467,1,0.530,0.561,0.036,0.953,0.141,0.999,0.970,0.999,0.993,0.600,True,True,4,visible,84,0,,0,False,0.000,[]
134,4.467,5,0.993,0.988,0.943,0.956,0.426,0.998,0.997,0.999,0.999,1.000,True,True,4,visible,109,0,,0,False,0.000,[]
134,4.467,8,0.975,0.987,0.947,0.905,0.423,0.964,0.880,0.333,0.205,1.000,True,True,2,visible,6,0,,1,False,0.000,[103]
134,4.467,11,0.824,0.840,0.612,0.732,0.234,0.931,0.851,0.628,0.536,0.800,True,True,4,uncertain,1,0,,0,False,0.000,[]
135,4.500,1,0.530,0.561,0.036,0.953,0.141,0.999,0.970,0.999,0.993,0.600,True,True,4,visible,85,0,,0,False,0.000,[]
135,4.500,5,0.993,0.988,0.943,0.956,0.426,0.998,0.997,0.999,0.999,1.000,True,True,4,visible,110,0,,0,False,0.000,[]
135,4.500,8,0.975,0.987,0.947,0.905,0.423,0.964,0.880,0.333,0.205,1.000,True,True,2,visible,7,0,,1,False,0.000,[103]
135,4.500,11,0.824,0.840,0.612,0.732,0.234,0.931,0.851,0.628,0.536,0.800,True,True,4,uncertain,2,0,,0,False,0.000,[]
136,4.533,1,0.530,0.561,0.036,0.953,0.141,0.999,0.970,0.999,0.993,0.600,True,True,4,visible,86,0,,0,False,0.000,[]
136,4.533,5,0.993,0.988,0.943,0.956,0.426,0.998,0.997,0.999,0.999,1.000,True,True,4,visible,111,0,,0,False,0.000,[]
136,4.533,8,0.975,0.987,0.947,0.905,0.423,0.964,0.880,0.333,0.205,1.000,True,True,2,visible,8,0,,1,False,0.000,[103]
136,4.533,11,0.824,0.840,0.612,0.732,0.234,0.931,0.851,0.628,0.536,0.800,True,True,4,visible,3,0,,0,False,0.000,[]
137,4.567,1,0.572,0.651,0.036,0.968,0.101,0.999,0.971,0.999,0.993,0.600,True,True,4,visible,87,0,,0,False,0.000,[]
137,4.567,5,0.993,0.987,0.940,0.945,0.424,0.998,0.996,0.999,0.999,1.000,True,True,4,visible,112,0,,0,False,0.000,[]
137,4.567,8,0.958,0.973,0.913,0.853,0.371,0.941,0.880,0.303,0.222,0.800,True,True,2,visible,9,0,,1,False,0.000,[103]
137,4.567,11,0.815,0.821,0.605,0.705,0.246,0.931,0.865,0.656,0.577,0.800,True,True,4,visible,4,0,,0,False,0.000,[]
138,4.600,1,0.573,0.652,0.036,0.968,0.101,0.999,0.971,0.999,0.993,0.600,True,True,4,visible,88,0,,0,False,0.000,[]
138,4.600,5,0.993,0.987,0.939,0.945,0.424,0.998,0.996,0.999,0.999,1.000,True,True,4,visible,113,0,,0,False,0.000,[]
138,4.600,8,0.958,0.973,0.913,0.852,0.370,0.941,0.880,0.303,0.222,0.800,True,True,2,visible,10,0,,1,False,0.000,[103]
138,4.600,11,0.815,0.821,0.606,0.705,0.246,0.931,0.865,0.655,0.576,0.800,True,True,4,visible,5,0,,0,False,0.000,[]
139,4.633,1,0.573,0.652,0.036,0.968,0.101,0.999,0.971,0.999,0.993,0.600,True,True,4,visible,89,0,,0,False,0.000,[]
139,4.633,5,0.993,0.987,0.939,0.945,0.424,0.998,0.996,0.999,0.999,1.000,True,True,4,visible,114,0,,0,False,0.000,[]
139,4.633,8,0.958,0.973,0.913,0.852,0.370,0.941,0.880,0.303,0.222,0.800,True,True,2,visible,11,0,,1,False,0.000,[103]
139,4.633,11,0.815,0.821,0.606,0.705,0.246,0.931,0.865,0.655,0.576,0.800,True,True,4,visible,6,0,,0,False,0.000,[]
140,4.667,1,0.573,0.652,0.036,0.968,0.101,0.999,0.971,0.999,0.993,0.600,True,True,4,visible,90,0,,0,False,0.000,[]
140,4.667,5,0.993,0.987,0.939,0.945,0.424,0.998,0.996,0.999,0.999,1.000,True,True,4,visible,115,0,,0,False,0.000,[]
140,4.667,8,0.958,0.973,0.913,0.852,0.370,0.941,0.880,0.303,0.222,0.800,True,True,2,visible,12,0,,1,False,0.000,[103]
140,4.667,11,0.815,0.821,0.606,0.705,0.246,0.931,0.865,0.655,0.576,0.800,True,True,4,visible,7,0,,0,False,0.000,[]
141,4.700,1,0.523,0.596,0.032,0.968,0.115,0.999,0.976,0.999,0.994,0.600,True,True,4,visible,91,0,,0,False,0.000,[]
141,4.700,5,0.989,0.984,0.909,0.947,0.355,0.998,0.994,0.999,0.998,0.800,True,True,4,visible,116,0,,0,False,0.000,[]
141,4.700,8,0.949,0.972,0.833,0.894,0.179,0.932,0.819,0.219,0.142,0.800,True,True,2,visible,13,0,,1,False,0.000,[103]
141,4.700,11,0.929,0.955,0.730,0.905,0.183,0.981,0.898,0.817,0.643,0.800,True,True,4,visible,8,0,,0,False,0.000,[]
142,4.733,1,0.528,0.594,0.033,0.967,0.121,0.999,0.976,0.999,0.994,0.600,True,True,4,visible,92,0,,0,False,0.000,[]
142,4.733,5,0.989,0.984,0.908,0.947,0.355,0.998,0.994,0.999,0.998,0.800,True,True,4,visible,117,0,,0,False,0.000,[]
142,4.733,8,0.949,0.972,0.831,0.894,0.177,0.932,0.819,0.220,0.142,0.800,True,True,2,visible,14,0,,1,False,0.000,[103]
142,4.733,11,0.929,0.955,0.729,0.905,0.182,0.981,0.898,0.817,0.643,0.800,True,True,4,visible,9,0,,0,False,0.000,[]
143,4.767,1,0.525,0.593,0.032,0.967,0.120,0.999,0.976,0.999,0.994,0.600,True,True,4,visible,93,0,,0,False,0.000,[]
143,4.767,5,0.989,0.984,0.908,0.947,0.355,0.998,0.994,0.999,0.998,0.800,True,True,4,visible,118,0,,0,False,0.000,[]
143,4.767,8,0.949,0.972,0.831,0.894,0.178,0.932,0.819,0.220,0.142,0.800,True,True,2,visible,15,0,,1,False,0.000,[103]
143,4.767,11,0.929,0.955,0.729,0.905,0.182,0.981,0.898,0.817,0.643,0.800,True,True,4,visible,10,0,,0,False,0.000,[]
144,4.800,1,0.525,0.593,0.032,0.967,0.120,0.999,0.976,0.999,0.994,0.600,True,True,4,visible,94,0,,0,False,0.000,[]
144,4.800,5,0.989,0.984,0.908,0.947,0.355,0.998,0.994,0.999,0.998,0.800,True,True,4,visible,119,0,,0,False,0.000,[]
144,4.800,8,0.949,0.972,0.831,0.894,0.178,0.932,0.819,0.220,0.142,0.800,True,True,2,visible,16,0,,1,False,0.000,[103]
144,4.800,11,0.929,0.955,0.729,0.905,0.182,0.981,0.898,0.817,0.643,0.800,True,True,4,visible,11,0,,0,False,0.000,[]
145,4.833,1,0.525,0.593,0.032,0.967,0.120,0.999,0.976,0.999,0.994,0.600,True,True,4,visible,95,0,,0,False,0.000,[]
145,4.833,5,0.989,0.984,0.908,0.947,0.355,0.998,0.994,0.999,0.998,0.800,True,True,4,visible,120,0,,0,False,0.000,[]
145,4.833,8,0.949,0.972,0.831,0.894,0.178,0.932,0.819,0.220,0.142,0.800,True,True,2,visible,17,0,,1,False,0.000,[103]
145,4.833,11,0.929,0.955,0.729,0.905,0.182,0.981,0.898,0.817,0.643,0.800,True,True,4,visible,12,0,,0,False,0.000,[]
146,4.867,1,0.428,0.473,0.025,0.960,0.144,0.999,0.978,0.998,0.994,0.600,True,True,4,visible,96,0,,0,False,0.000,[]
146,4.867,5,0.974,0.974,0.710,0.963,0.143,0.998,0.988,0.999,0.998,0.800,True,True,4,visible,121,0,,0,False,0.000,[]
146,4.867,8,0.970,0.984,0.912,0.909,0.264,0.932,0.818,0.179,0.115,0.800,True,True,2,visible,18,0,,1,False,0.000,[103]
146,4.867,11,0.933,0.958,0.747,0.908,0.197,0.982,0.899,0.824,0.652,0.800,True,True,4,visible,13,0,,0,False,0.000,[]
147,4.900,1,0.429,0.474,0.025,0.960,0.144,0.999,0.978,0.998,0.994,0.600,True,True,4,visible,97,0,,0,False,0.000,[]
147,4.900,5,0.974,0.974,0.711,0.963,0.143,0.998,0.988,0.999,0.998,0.800,True,True,4,visible,122,0,,0,False,0.000,[]
147,4.900,8,0.970,0.984,0.912,0.909,0.264,0.931,0.818,0.179,0.115,0.800,True,True,2,visible,19,0,,1,False,0.000,[103]
147,4.900,11,0.933,0.958,0.747,0.908,0.196,0.982,0.899,0.824,0.652,0.800,True,True,4,visible,14,0,,0,False,0.000,[]
148,4.933,1,0.429,0.474,0.025,0.960,0.144,0.999,0.978,0.998,0.994,0.600,True,True,4,visible,98,0,,0,False,0.000,[]
148,4.933,5,0.974,0.974,0.711,0.963,0.143,0.998,0.988,0.999,0.998,0.800,True,True,4,visible,123,0,,0,False,0.000,[]
148,4.933,8,0.970,0.984,0.912,0.909,0.264,0.931,0.818,0.179,0.115,0.800,True,True,2,visible,20,0,,1,False,0.000,[103]
148,4.933,11,0.933,0.958,0.747,0.908,0.196,0.982,0.899,0.824,0.652,0.800,True,True,4,visible,15,0,,0,False,0.000,[]
149,4.967,1,0.429,0.474,0.025,0.960,0.144,0.999,0.978,0.998,0.994,0.600,True,True,4,visible,99,0,,0,False,0.000,[]
149,4.967,5,0.974,0.974,0.711,0.963,0.143,0.998,0.988,0.999,0.998,0.800,True,True,4,visible,124,0,,0,False,0.000,[]
149,4.967,8,0.970,0.984,0.912,0.909,0.264,0.931,0.818,0.179,0.115,0.800,True,True,2,visible,21,0,,1,False,0.000,[103]
149,4.967,11,0.933,0.958,0.747,0.908,0.196,0.982,0.899,0.824,0.652,0.800,True,True,4,visible,16,0,,0,False,0.000,[]
150,5.000,1,0.384,0.518,0.017,0.975,0.088,0.999,0.973,0.999,0.994,0.400,True,True,4,visible,100,0,,0,False,0.000,[]
150,5.000,5,0.943,0.950,0.480,0.966,0.102,0.998,0.986,0.999,0.998,0.800,True,True,4,visible,125,0,,0,False,0.000,[]
150,5.000,8,0.966,0.983,0.851,0.938,0.149,0.942,0.838,0.207,0.135,0.800,True,True,2,visible,22,0,,1,False,0.000,[103]
150,5.000,11,0.934,0.960,0.748,0.911,0.192,0.981,0.897,0.815,0.639,0.800,True,True,4,visible,17,0,,0,False,0.000,[]
151,5.033,1,0.384,0.517,0.017,0.975,0.089,0.999,0.973,0.999,0.994,0.400,True,True,4,visible,101,0,,0,False,0.000,[]
151,5.033,5,0.943,0.950,0.480,0.966,0.102,0.998,0.986,0.999,0.998,0.800,True,True,4,visible,126,0,,0,False,0.000,[]
151,5.033,8,0.966,0.983,0.851,0.938,0.149,0.942,0.838,0.207,0.135,0.800,True,True,2,visible,23,0,,1,False,0.000,[103]
151,5.033,11,0.934,0.960,0.748,0.911,0.192,0.981,0.897,0.815,0.639,0.800,True,True,4,visible,18,0,,0,False,0.000,[]
152,5.067,1,0.384,0.517,0.017,0.975,0.089,0.999,0.973,0.999,0.994,0.400,True,True,4,visible,102,0,,0,False,0.000,[]
152,5.067,5,0.943,0.950,0.480,0.966,0.102,0.998,0.986,0.999,0.998,0.800,True,True,4,visible,127,0,,0,False,0.000,[]
152,5.067,8,0.966,0.983,0.851,0.938,0.149,0.942,0.838,0.207,0.135,0.800,True,True,2,visible,24,0,,1,False,0.000,[103]
152,5.067,11,0.934,0.960,0.748,0.911,0.192,0.981,0.897,0.815,0.639,0.800,True,True,4,visible,19,0,,0,False,0.000,[]
153,5.100,1,0.384,0.517,0.017,0.975,0.089,0.999,0.973,0.999,0.994,0.400,True,True,4,visible,103,0,,0,False,0.000,[]
153,5.100,5,0.943,0.950,0.480,0.966,0.102,0.998,0.986,0.999,0.998,0.800,True,True,4,visible,128,0,,0,False,0.000,[]
153,5.100,8,0.966,0.983,0.851,0.938,0.149,0.942,0.838,0.207,0.135,0.800,True,True,2,visible,25,0,,1,False,0.000,[103]
153,5.100,11,0.934,0.960,0.748,0.911,0.192,0.981,0.897,0.815,0.639,0.800,True,True,4,visible,20,0,,0,False,0.000,[]
154,5.133,1,0.398,0.537,0.018,0.980,0.103,0.999,0.976,0.998,0.993,0.400,True,True,4,visible,104,0,,0,False,0.000,[]
154,5.133,5,0.940,0.947,0.452,0.968,0.099,0.998,0.988,0.999,0.998,0.800,True,True,4,visible,129,0,,0,False,0.000,[]
154,5.133,8,0.969,0.982,0.924,0.892,0.342,0.956,0.869,0.254,0.157,0.800,True,True,2,visible,26,0,,1,False,0.000,[103]
154,5.133,11,0.928,0.955,0.734,0.908,0.193,0.979,0.895,0.780,0.601,0.800,True,True,4,visible,21,0,,0,False,0.000,[]
155,5.167,1,0.423,0.575,0.019,0.983,0.102,0.999,0.977,0.999,0.994,0.600,True,True,4,visible,105,0,,0,False,0.000,[]
155,5.167,5,0.942,0.948,0.466,0.968,0.103,0.998,0.988,0.999,0.998,0.800,True,True,4,visible,130,0,,0,False,0.000,[]
155,5.167,8,0.970,0.983,0.927,0.891,0.353,0.952,0.864,0.230,0.143,0.800,True,True,2,visible,27,0,,1,False,0.000,[103]
155,5.167,11,0.929,0.956,0.746,0.908,0.203,0.979,0.896,0.777,0.595,0.800,True,True,4,visible,22,0,,0,False,0.000,[]
156,5.200,1,0.411,0.569,0.018,0.983,0.100,0.999,0.977,0.998,0.994,0.600,True,True,4,visible,106,0,,0,False,0.000,[]
156,5.200,5,0.947,0.953,0.490,0.969,0.107,0.998,0.989,0.999,0.998,0.800,True,True,4,visible,131,0,,0,False,0.000,[]
156,5.200,8,0.964,0.979,0.903,0.891,0.289,0.948,0.852,0.224,0.140,0.800,True,True,2,visible,28,0,,1,False,0.000,[103]
156,5.200,11,0.930,0.957,0.748,0.908,0.203,0.979,0.896,0.773,0.591,0.800,True,True,4,visible,23,0,,0,False,0.000,[]
157,5.233,1,0.411,0.569,0.018,0.983,0.100,0.999,0.977,0.998,0.994,0.600,True,True,4,visible,107,0,,0,False,0.000,[]
157,5.233,5,0.947,0.953,0.490,0.969,0.107,0.998,0.989,0.999,0.998,0.800,True,True,4,visible,132,0,,0,False,0.000,[]
157,5.233,8,0.964,0.979,0.903,0.891,0.289,0.948,0.852,0.224,0.140,0.800,True,True,2,visible,29,0,,1,False,0.000,[103]
157,5.233,11,0.930,0.957,0.748,0.908,0.203,0.979,0.896,0.773,0.591,0.800,True,True,4,visible,24,0,,0,False,0.000,[]
158,5.267,1,0.411,0.569,0.018,0.983,0.100,0.999,0.977,0.998,0.994,0.600,True,True,4,visible,108,0,,0,False,0.000,[]
158,5.267,5,0.947,0.953,0.490,0.969,0.107,0.998,0.989,0.999,0.998,0.800,True,True,4,visible,133,0,,0,False,0.000,[]
158,5.267,8,0.964,0.979,0.903,0.891,0.289,0.948,0.852,0.224,0.140,0.800,True,True,2,visible,30,0,,1,False,0.000,[103]
158,5.267,11,0.930,0.957,0.748,0.908,0.203,0.979,0.896,0.773,0.591,0.800,True,True,4,visible,25,0,,0,False,0.000,[]
159,5.300,1,0.414,0.563,0.018,0.982,0.091,0.999,0.977,0.999,0.994,0.600,True,True,4,visible,109,0,,0,False,0.000,[]
159,5.300,5,0.771,0.886,0.181,0.938,0.037,0.995,0.693,0.993,0.937,0.600,True,True,4,visible,134,0,,0,False,0.000,[]
159,5.300,8,0.967,0.982,0.925,0.883,0.333,0.920,0.819,0.161,0.108,0.800,True,True,2,visible,31,0,,1,False,0.000,[103]
159,5.300,11,0.948,0.966,0.794,0.919,0.220,0.981,0.913,0.700,0.512,0.800,True,True,4,visible,26,0,,0,False,0.000,[]
159,5.300,3,0.831,0.872,0.228,0.917,0.065,0.981,0.901,0.983,0.958,0.600,True,True,4,visible,61,0,,0,False,0.000,[]
160,5.333,1,0.411,0.559,0.017,0.982,0.091,0.999,0.977,0.999,0.994,0.600,True,True,4,visible,110,0,,0,False,0.000,[]
160,5.333,5,0.769,0.885,0.181,0.939,0.038,0.995,0.697,0.993,0.937,0.600,True,True,4,visible,135,0,,0,False,0.000,[]
160,5.333,8,0.967,0.982,0.925,0.883,0.331,0.920,0.819,0.161,0.108,0.800,True,True,2,visible,32,0,,1,False,0.000,[103]
160,5.333,11,0.948,0.966,0.793,0.918,0.220,0.981,0.913,0.701,0.512,0.800,True,True,4,visible,27,0,,0,False,0.000,[]
160,5.333,12,0.689,0.725,0.249,0.766,0.062,0.922,0.857,0.656,0.596,0.600,True,True,4,uncertain,1,0,,0,False,0.000,[]
160,5.333,3,0.832,0.873,0.229,0.917,0.065,0.981,0.901,0.983,0.958,0.600,True,True,4,visible,62,0,,0,False,0.000,[]
161,5.367,1,0.411,0.559,0.017,0.982,0.091,0.999,0.977,0.999,0.994,0.600,True,True,4,visible,111,0,,0,False,0.000,[]
161,5.367,5,0.769,0.885,0.181,0.939,0.038,0.995,0.697,0.993,0.937,0.600,True,True,4,visible,136,0,,0,False,0.000,[]
161,5.367,8,0.967,0.982,0.925,0.883,0.331,0.920,0.819,0.161,0.108,0.800,True,True,2,visible,33,0,,1,False,0.000,[103]
161,5.367,11,0.948,0.966,0.793,0.918,0.220,0.981,0.913,0.701,0.512,0.800,True,True,4,visible,28,0,,0,False,0.000,[]
161,5.367,12,0.689,0.725,0.249,0.766,0.062,0.922,0.857,0.656,0.596,0.600,True,True,4,uncertain,2,0,,0,False,0.000,[]
161,5.367,3,0.832,0.873,0.229,0.917,0.065,0.981,0.901,0.983,0.958,0.600,True,True,4,visible,63,0,,0,False,0.000,[]
162,5.400,1,0.411,0.559,0.017,0.982,0.091,0.999,0.977,0.999,0.994,0.600,True,True,4,visible,112,0,,0,False,0.000,[]
162,5.400,5,0.769,0.885,0.181,0.939,0.038,0.995,0.697,0.993,0.937,0.600,True,True,4,visible,137,0,,0,False,0.000,[]
162,5.400,8,0.967,0.982,0.925,0.883,0.331,0.920,0.819,0.161,0.108,0.800,True,True,2,visible,34,0,,1,False,0.000,[103]
162,5.400,11,0.948,0.966,0.793,0.918,0.220,0.981,0.913,0.701,0.512,0.800,True,True,4,visible,29,0,,0,False,0.000,[]
162,5.400,12,0.689,0.725,0.249,0.766,0.062,0.922,0.857,0.656,0.596,0.600,True,True,4,visible,3,0,,0,False,0.000,[]
162,5.400,3,0.832,0.873,0.229,0.917,0.065,0.981,0.901,0.983,0.958,0.600,True,True,4,visible,64,0,,0,False,0.000,[]
163,5.433,1,0.462,0.613,0.021,0.983,0.092,0.999,0.979,0.999,0.994,0.600,True,True,4,visible,113,0,,0,False,0.000,[]
163,5.433,5,0.763,0.877,0.136,0.954,0.033,0.997,0.805,0.997,0.970,0.600,True,True,4,visible,138,0,,0,False,0.000,[]
163,5.433,8,0.947,0.972,0.844,0.885,0.189,0.903,0.793,0.182,0.127,0.800,True,True,2,visible,35,0,,1,False,0.000,[103]
163,5.433,3,0.775,0.828,0.167,0.898,0.051,0.979,0.890,0.988,0.967,0.600,True,True,4,visible,65,0,,0,False,0.000,[]
164,5.467,1,0.463,0.613,0.021,0.983,0.092,0.999,0.979,0.999,0.994,0.600,True,True,4,visible,114,0,,0,False,0.000,[]
164,5.467,5,0.763,0.877,0.136,0.954,0.033,0.997,0.804,0.997,0.970,0.600,True,True,4,visible,139,0,,0,False,0.000,[]
164,5.467,8,0.947,0.972,0.843,0.885,0.188,0.903,0.793,0.182,0.127,0.800,True,True,2,visible,36,0,,1,False,0.000,[103]
164,5.467,3,0.776,0.828,0.168,0.898,0.051,0.979,0.890,0.988,0.967,0.600,True,True,4,visible,66,0,,0,False,0.000,[]
165,5.500,1,0.463,0.613,0.021,0.983,0.092,0.999,0.979,0.999,0.994,0.600,True,True,4,visible,115,0,,0,False,0.000,[]
165,5.500,5,0.763,0.877,0.136,0.954,0.033,0.997,0.804,0.997,0.970,0.600,True,True,4,visible,140,0,,0,False,0.000,[]
165,5.500,8,0.947,0.972,0.843,0.885,0.188,0.903,0.793,0.182,0.127,0.800,True,True,2,visible,37,0,,1,False,0.000,[103]
165,5.500,3,0.776,0.828,0.168,0.898,0.051,0.979,0.890,0.988,0.967,0.600,True,True,4,visible,67,0,,0,False,0.000,[]
166,5.533,1,0.463,0.613,0.021,0.983,0.092,0.999,0.979,0.999,0.994,0.600,True,True,4,visible,116,0,,0,False,0.000,[]
166,5.533,5,0.763,0.877,0.136,0.954,0.033,0.997,0.804,0.997,0.970,0.600,True,True,4,visible,141,0,,0,False,0.000,[]
166,5.533,8,0.947,0.972,0.843,0.885,0.188,0.903,0.793,0.182,0.127,0.800,True,True,2,visible,38,0,,1,False,0.000,[103]
166,5.533,3,0.776,0.828,0.168,0.898,0.051,0.979,0.890,0.988,0.967,0.600,True,True,4,visible,68,0,,0,False,0.000,[]
167,5.567,1,0.377,0.518,0.016,0.981,0.105,0.999,0.977,0.998,0.993,0.400,True,True,4,visible,117,0,,0,False,0.000,[]
167,5.567,5,0.573,0.727,0.059,0.959,0.045,0.998,0.889,0.999,0.986,0.600,True,True,4,visible,142,0,,0,False,0.000,[]
167,5.567,8,0.964,0.983,0.849,0.936,0.143,0.916,0.822,0.154,0.110,0.800,True,True,2,visible,39,0,,1,False,0.000,[103]
167,5.567,3,0.629,0.622,0.188,0.791,0.122,0.919,0.921,0.934,0.933,0.600,True,True,4,visible,69,0,,0,False,0.000,[]
168,5.600,1,0.377,0.519,0.016,0.981,0.105,0.999,0.977,0.998,0.993,0.400,True,True,4,visible,118,0,,0,False,0.000,[]
168,5.600,5,0.574,0.728,0.059,0.959,0.045,0.998,0.890,0.999,0.986,0.600,True,True,4,visible,143,0,,0,False,0.000,[]
168,5.600,8,0.964,0.983,0.849,0.936,0.143,0.916,0.822,0.154,0.110,0.800,True,True,2,visible,40,0,,1,False,0.000,[103]
168,5.600,3,0.629,0.622,0.187,0.791,0.122,0.919,0.921,0.934,0.933,0.600,True,True,4,visible,70,0,,0,False,0.000,[]
168,5.600,13,0.190,0.285,0.016,0.886,0.029,0.961,0.816,0.916,0.821,0.200,False,True,4,uncertain,0,0,,0,False,0.000,[]
168,5.600,14,0.920,0.933,0.804,0.824,0.310,0.938,0.890,0.423,0.353,0.800,True,True,3,uncertain,1,0,,0,False,0.000,[]
169,5.633,1,0.377,0.519,0.016,0.981,0.105,0.999,0.977,0.998,0.993,0.400,True,True,4,visible,119,0,,0,False,0.000,[]
169,5.633,5,0.574,0.728,0.059,0.959,0.045,0.998,0.890,0.999,0.986,0.600,True,True,4,visible,144,0,,0,False,0.000,[]
169,5.633,8,0.964,0.983,0.849,0.936,0.143,0.916,0.822,0.154,0.110,0.800,True,True,2,visible,41,0,,1,False,0.000,[103]
169,5.633,3,0.629,0.622,0.187,0.791,0.122,0.919,0.921,0.934,0.933,0.600,True,True,4,visible,71,0,,0,False,0.000,[]
169,5.633,13,0.190,0.285,0.016,0.886,0.029,0.961,0.816,0.916,0.821,0.200,False,True,4,uncertain,0,0,,0,False,0.000,[]
169,5.633,14,0.920,0.933,0.804,0.824,0.310,0.938,0.890,0.423,0.353,0.800,True,True,3,uncertain,2,0,,0,False,0.000,[]
170,5.667,1,0.377,0.519,0.016,0.981,0.105,0.999,0.977,0.998,0.993,0.400,True,True,4,visible,120,0,,0,False,0.000,[]
170,5.667,5,0.574,0.728,0.059,0.959,0.045,0.998,0.890,0.999,0.986,0.600,True,True,4,visible,145,0,,0,False,0.000,[]
170,5.667,8,0.964,0.983,0.849,0.936,0.143,0.916,0.822,0.154,0.110,0.800,True,True,2,visible,42,0,,1,False,0.000,[103]
170,5.667,3,0.629,0.622,0.187,0.791,0.122,0.919,0.921,0.934,0.933,0.600,True,True,4,visible,72,0,,0,False,0.000,[]
170,5.667,13,0.190,0.285,0.016,0.886,0.029,0.961,0.816,0.916,0.821,0.200,False,True,4,uncertain,0,0,,0,False,0.000,[]
170,5.667,14,0.920,0.933,0.804,0.824,0.310,0.938,0.890,0.423,0.353,0.800,True,True,3,visible,3,0,,0,False,0.000,[]
171,5.700,1,0.499,0.663,0.024,0.985,0.091,0.999,0.975,0.998,0.991,0.600,True,True,4,visible,121,0,,0,False,0.000,[]
171,5.700,5,0.336,0.432,0.035,0.859,0.043,0.989,0.800,0.990,0.953,0.400,True,True,4,visible,146,0,,0,False,0.000,[]
171,5.700,8,0.962,0.980,0.867,0.919,0.196,0.943,0.849,0.204,0.134,0.800,True,True,2,visible,43,0,,1,False,0.000,[103]
171,5.700,13,0.352,0.469,0.025,0.901,0.020,0.972,0.886,0.936,0.866,0.400,True,True,4,uncertain,1,0,,0,False,0.000,[]
172,5.733,1,0.499,0.662,0.024,0.985,0.091,0.999,0.975,0.998,0.991,0.600,True,True,4,visible,122,0,,0,False,0.000,[]
172,5.733,5,0.336,0.432,0.035,0.859,0.043,0.989,0.801,0.990,0.953,0.400,True,True,4,visible,147,0,,0,False,0.000,[]
172,5.733,8,0.962,0.980,0.867,0.918,0.196,0.943,0.849,0.204,0.134,0.800,True,True,2,visible,44,0,,1,False,0.000,[103]
172,5.733,13,0.357,0.474,0.026,0.902,0.020,0.973,0.887,0.936,0.866,0.400,True,True,4,uncertain,2,0,,0,False,0.000,[]
172,5.733,15,0.835,0.864,0.279,0.895,0.080,0.975,0.880,0.975,0.938,0.600,True,True,4,uncertain,1,0,,0,False,0.000,[]
173,5.767,1,0.499,0.662,0.024,0.985,0.091,0.999,0.975,0.998,0.991,0.600,True,True,4,visible,123,0,,0,False,0.000,[]
173,5.767,5,0.336,0.432,0.035,0.859,0.043,0.989,0.801,0.990,0.953,0.400,True,True,4,visible,148,0,,0,False,0.000,[]
173,5.767,8,0.962,0.980,0.867,0.918,0.196,0.943,0.849,0.204,0.134,0.800,True,True,2,visible,45,0,,1,False,0.000,[103]
173,5.767,13,0.357,0.474,0.026,0.902,0.020,0.973,0.887,0.936,0.866,0.400,True,True,4,visible,3,0,,0,False,0.000,[]
173,5.767,15,0.835,0.864,0.279,0.895,0.080,0.975,0.880,0.975,0.938,0.600,True,True,4,uncertain,2,0,,0,False,0.000,[]
174,5.800,1,0.499,0.662,0.024,0.985,0.091,0.999,0.975,0.998,0.991,0.600,True,True,4,visible,124,0,,0,False,0.000,[]
174,5.800,5,0.336,0.432,0.035,0.859,0.043,0.989,0.801,0.990,0.953,0.400,True,True,4,visible,149,0,,0,False,0.000,[]
174,5.800,8,0.962,0.980,0.867,0.918,0.196,0.943,0.849,0.204,0.134,0.800,True,True,2,visible,46,0,,1,False,0.000,[103]
174,5.800,13,0.357,0.474,0.026,0.902,0.020,0.973,0.887,0.936,0.866,0.400,True,True,4,visible,4,0,,0,False,0.000,[]
174,5.800,15,0.835,0.864,0.279,0.895,0.080,0.975,0.880,0.975,0.938,0.600,True,True,4,visible,3,0,,0,False,0.000,[]
175,5.833,1,0.499,0.662,0.024,0.985,0.091,0.999,0.975,0.998,0.991,0.600,True,True,4,visible,125,0,,0,False,0.000,[]
175,5.833,5,0.336,0.432,0.035,0.859,0.043,0.989,0.801,0.990,0.953,0.400,True,True,4,visible,150,0,,0,False,0.000,[]
175,5.833,8,0.962,0.980,0.867,0.918,0.196,0.943,0.849,0.204,0.134,0.800,True,True,2,visible,47,0,,1,False,0.000,[103]
175,5.833,13,0.357,0.474,0.026,0.902,0.020,0.973,0.887,0.936,0.866,0.400,True,True,4,visible,5,0,,0,False,0.000,[]
175,5.833,15,0.835,0.864,0.279,0.895,0.080,0.975,0.880,0.975,0.938,0.600,True,True,4,visible,4,0,,0,False,0.000,[]
176,5.867,1,0.428,0.622,0.018,0.987,0.087,0.999,0.974,0.998,0.990,0.600,True,True,4,visible,126,0,,0,False,0.000,[]
176,5.867,5,0.412,0.618,0.030,0.946,0.031,0.998,0.829,0.999,0.988,0.600,True,True,4,visible,151,0,,0,False,0.000,[]
176,5.867,13,0.429,0.558,0.085,0.914,0.167,0.987,0.854,0.979,0.927,0.600,True,True,4,visible,6,0,,0,False,0.000,[]
176,5.867,15,0.747,0.806,0.158,0.903,0.064,0.985,0.889,0.990,0.967,0.600,True,True,4,visible,5,0,,0,False,0.000,[]
176,5.867,14,0.946,0.958,0.838,0.896,0.327,0.970,0.935,0.587,0.488,0.800,True,True,4,visible,4,0,,0,False,0.000,[]
177,5.900,1,0.429,0.622,0.018,0.987,0.087,0.999,0.974,0.998,0.990,0.600,True,True,4,visible,127,0,,0,False,0.000,[]
177,5.900,5,0.412,0.618,0.030,0.946,0.031,0.997,0.828,0.999,0.987,0.600,True,True,4,visible,152,0,,0,False,0.000,[]
177,5.900,13,0.428,0.557,0.085,0.914,0.167,0.987,0.855,0.979,0.927,0.600,True,True,4,visible,7,0,,0,False,0.000,[]
177,5.900,15,0.747,0.806,0.158,0.903,0.064,0.985,0.889,0.990,0.967,0.600,True,True,4,visible,6,0,,0,False,0.000,[]
177,5.900,14,0.946,0.958,0.838,0.896,0.327,0.970,0.935,0.586,0.488,0.800,True,True,4,visible,5,0,,0,False,0.000,[]
178,5.933,1,0.429,0.622,0.018,0.987,0.087,0.999,0.974,0.998,0.990,0.600,True,True,4,visible,128,0,,0,False,0.000,[]
178,5.933,5,0.412,0.618,0.030,0.946,0.031,0.997,0.828,0.999,0.987,0.600,True,True,4,visible,153,0,,0,False,0.000,[]
178,5.933,13,0.428,0.557,0.085,0.914,0.167,0.987,0.855,0.979,0.927,0.600,True,True,4,visible,8,0,,0,False,0.000,[]
178,5.933,15,0.747,0.806,0.158,0.903,0.064,0.985,0.889,0.990,0.967,0.600,True,True,4,visible,7,0,,0,False,0.000,[]
178,5.933,14,0.946,0.958,0.838,0.896,0.327,0.970,0.935,0.586,0.488,0.800,True,True,4,visible,6,0,,0,False,0.000,[]
179,5.967,1,0.429,0.622,0.018,0.987,0.087,0.999,0.974,0.998,0.990,0.600,True,True,4,visible,129,0,,0,False,0.000,[]
179,5.967,5,0.412,0.618,0.030,0.946,0.031,0.997,0.828,0.999,0.987,0.600,True,True,4,visible,154,0,,0,False,0.000,[]
179,5.967,13,0.428,0.557,0.085,0.914,0.167,0.987,0.855,0.979,0.927,0.600,True,True,4,visible,9,0,,0,False,0.000,[]
179,5.967,15,0.747,0.806,0.158,0.903,0.064,0.985,0.889,0.990,0.967,0.600,True,True,4,visible,8,0,,0,False,0.000,[]
179,5.967,14,0.946,0.958,0.838,0.896,0.327,0.970,0.935,0.586,0.488,0.800,True,True,4,visible,7,0,,0,False,0.000,[]
180,6.000,1,0.565,0.744,0.025,0.985,0.057,0.999,0.961,0.999,0.991,0.600,True,True,4,visible,130,0,,0,False,0.000,[]
180,6.000,5,0.436,0.699,0.036,0.975,0.058,0.998,0.849,0.998,0.983,0.600,True,True,4,visible,155,0,,0,False,0.000,[]
180,6.000,13,0.235,0.320,0.028,0.896,0.122,0.987,0.891,0.991,0.972,0.200,False,True,4,visible,0,1,,0,False,0.000,[]
180,6.000,15,0.637,0.637,0.123,0.823,0.066,0.971,0.931,0.991,0.985,0.600,True,True,4,visible,9,0,,0,False,0.000,[]
181,6.033,1,0.566,0.743,0.025,0.985,0.058,0.999,0.962,0.999,0.992,0.600,True,True,4,visible,131,0,,0,False,0.000,[]
181,6.033,5,0.436,0.699,0.036,0.975,0.058,0.998,0.849,0.998,0.983,0.600,True,True,4,visible,156,0,,0,False,0.000,[]
181,6.033,13,0.235,0.320,0.028,0.896,0.122,0.987,0.891,0.991,0.972,0.200,False,True,4,visible,0,2,,0,False,0.000,[]
181,6.033,15,0.638,0.638,0.123,0.823,0.066,0.971,0.931,0.991,0.985,0.600,True,True,4,visible,10,0,,0,False,0.000,[]
182,6.067,1,0.566,0.743,0.025,0.985,0.058,0.999,0.962,0.999,0.992,0.600,True,True,4,visible,132,0,,0,False,0.000,[]
182,6.067,5,0.436,0.699,0.036,0.975,0.058,0.998,0.849,0.998,0.983,0.600,True,True,4,visible,157,0,,0,False,0.000,[]
182,6.067,13,0.235,0.320,0.028,0.896,0.122,0.987,0.891,0.991,0.972,0.200,False,True,4,visible,0,3,,0,False,0.000,[]
182,6.067,15,0.638,0.638,0.123,0.823,0.066,0.971,0.931,0.991,0.985,0.600,True,True,4,visible,11,0,,0,False,0.000,[]
183,6.100,1,0.566,0.743,0.025,0.985,0.058,0.999,0.962,0.999,0.992,0.600,True,True,4,visible,133,0,,0,False,0.000,[]
183,6.100,5,0.436,0.699,0.036,0.975,0.058,0.998,0.849,0.998,0.983,0.600,True,True,4,visible,158,0,,0,False,0.000,[]
183,6.100,13,0.235,0.320,0.028,0.896,0.122,0.987,0.891,0.991,0.972,0.200,False,True,4,visible,0,4,,0,False,0.000,[]
183,6.100,15,0.638,0.638,0.123,0.823,0.066,0.971,0.931,0.991,0.985,0.600,True,True,4,visible,12,0,,0,False,0.000,[]
184,6.133,1,0.586,0.745,0.029,0.983,0.061,0.999,0.965,0.999,0.993,0.600,True,True,4,visible,134,0,,0,False,0.000,[]
184,6.133,5,0.139,0.240,0.011,0.926,0.064,0.995,0.882,0.998,0.989,0.200,False,True,4,visible,0,1,,0,False,0.000,[]
184,6.133,13,0.329,0.440,0.044,0.916,0.122,0.990,0.915,0.994,0.983,0.400,True,True,4,visible,1,0,,0,False,0.000,[]
184,6.133,15,0.667,0.667,0.136,0.835,0.072,0.972,0.934,0.990,0.983,0.600,True,True,4,visible,13,0,,0,False,0.000,[]
184,6.133,11,0.939,0.958,0.761,0.907,0.211,0.984,0.922,0.874,0.747,0.800,True,True,4,visible,30,0,,0,False,0.000,[]
185,6.167,1,0.587,0.747,0.029,0.983,0.061,0.999,0.964,0.999,0.993,0.600,True,True,4,visible,135,0,,0,False,0.000,[]
185,6.167,5,0.138,0.239,0.011,0.926,0.063,0.995,0.881,0.998,0.989,0.200,False,True,4,visible,0,2,,0,False,0.000,[]
185,6.167,13,0.329,0.440,0.044,0.916,0.122,0.990,0.915,0.994,0.983,0.400,True,True,4,visible,2,0,,0,False,0.000,[]
185,6.167,15,0.667,0.667,0.136,0.836,0.072,0.972,0.934,0.990,0.983,0.600,True,True,4,visible,14,0,,0,False,0.000,[]
185,6.167,11,0.939,0.958,0.761,0.907,0.211,0.984,0.922,0.874,0.747,0.800,True,True,4,visible,31,0,,0,False,0.000,[]
186,6.200,1,0.589,0.748,0.029,0.983,0.061,0.999,0.964,0.999,0.992,0.600,True,True,4,visible,136,0,,0,False,0.000,[]
186,6.200,5,0.138,0.239,0.011,0.926,0.063,0.995,0.881,0.998,0.989,0.200,False,True,4,visible,0,3,,0,False,0.000,[]
186,6.200,13,0.329,0.440,0.044,0.916,0.122,0.990,0.915,0.994,0.983,0.400,True,True,4,visible,3,0,,0,False,0.000,[]
186,6.200,15,0.667,0.667,0.136,0.836,0.072,0.972,0.934,0.990,0.983,0.600,True,True,4,visible,15,0,,0,False,0.000,[]
186,6.200,11,0.939,0.958,0.761,0.907,0.211,0.984,0.922,0.874,0.747,0.800,True,True,4,visible,32,0,,0,False,0.000,[]
187,6.233,1,0.589,0.748,0.029,0.983,0.061,0.999,0.964,0.999,0.992,0.600,True,True,4,visible,137,0,,0,False,0.000,[]
187,6.233,5,0.138,0.239,0.011,0.926,0.063,0.995,0.881,0.998,0.989,0.200,False,True,4,visible,0,4,,0,False,0.000,[]
187,6.233,13,0.329,0.440,0.044,0.916,0.122,0.990,0.915,0.994,0.983,0.400,True,True,4,visible,4,0,,0,False,0.000,[]
187,6.233,15,0.667,0.667,0.136,0.836,0.072,0.972,0.934,0.990,0.983,0.600,True,True,4,visible,16,0,,0,False,0.000,[]
187,6.233,11,0.939,0.958,0.761,0.907,0.211,0.984,0.922,0.874,0.747,0.800,True,True,4,visible,33,0,,0,False,0.000,[]
188,6.267,1,0.589,0.748,0.029,0.983,0.061,0.999,0.964,0.999,0.992,0.600,True,True,4,visible,138,0,,0,False,0.000,[]
188,6.267,5,0.138,0.239,0.011,0.926,0.063,0.995,0.881,0.998,0.989,0.200,False,True,4,hidden,0,5,head_turn_away,1,False,0.000,[188]
188,6.267,13,0.329,0.440,0.044,0.916,0.122,0.990,0.915,0.994,0.983,0.400,True,True,4,visible,5,0,,0,False,0.000,[]
188,6.267,15,0.667,0.667,0.136,0.836,0.072,0.972,0.934,0.990,0.983,0.600,True,True,4,visible,17,0,,0,False,0.000,[]
188,6.267,11,0.939,0.958,0.761,0.907,0.211,0.984,0.922,0.874,0.747,0.800,True,True,4,visible,34,0,,0,False,0.000,[]
189,6.300,1,0.446,0.635,0.018,0.985,0.080,0.999,0.967,0.999,0.993,0.600,True,True,4,visible,139,0,,0,False,0.000,[]
189,6.300,5,0.180,0.381,0.009,0.976,0.060,0.999,0.901,0.999,0.990,0.200,False,True,4,hidden,0,6,,1,False,0.000,[188]
189,6.300,13,0.250,0.363,0.031,0.913,0.115,0.988,0.904,0.994,0.984,0.200,False,True,4,visible,0,1,,0,False,0.000,[]
189,6.300,15,0.673,0.724,0.127,0.870,0.069,0.976,0.904,0.988,0.971,0.600,True,True,4,visible,18,0,,0,False,0.000,[]
189,6.300,11,0.928,0.953,0.719,0.905,0.186,0.989,0.934,0.943,0.865,0.800,True,True,4,visible,35,0,,0,False,0.000,[]
190,6.333,1,0.446,0.638,0.018,0.986,0.078,0.999,0.968,0.999,0.993,0.600,True,True,4,visible,140,0,,0,False,0.000,[]
190,6.333,5,0.176,0.376,0.009,0.976,0.060,0.999,0.902,0.999,0.990,0.200,False,True,4,hidden,0,7,,1,False,0.000,[188]
190,6.333,13,0.250,0.363,0.031,0.913,0.116,0.988,0.905,0.994,0.984,0.200,False,True,4,visible,0,2,,0,False,0.000,[]
190,6.333,15,0.671,0.722,0.126,0.871,0.069,0.976,0.906,0.988,0.972,0.600,True,True,4,visible,19,0,,0,False,0.000,[]
191,6.367,1,0.446,0.638,0.018,0.986,0.078,0.999,0.968,0.999,0.993,0.600,True,True,4,visible,141,0,,0,False,0.000,[]
191,6.367,5,0.176,0.376,0.009,0.976,0.060,0.999,0.902,0.999,0.990,0.200,False,True,4,hidden,0,8,,1,False,0.000,[188]
191,6.367,13,0.250,0.363,0.031,0.913,0.116,0.988,0.905,0.994,0.984,0.200,False,True,4,visible,0,3,,0,False,0.000,[]
191,6.367,15,0.671,0.722,0.126,0.871,0.069,0.976,0.906,0.988,0.972,0.600,True,True,4,visible,20,0,,0,False,0.000,[]
192,6.400,1,0.446,0.638,0.018,0.986,0.078,0.999,0.968,0.999,0.993,0.600,True,True,4,visible,142,0,,0,False,0.000,[]
192,6.400,5,0.176,0.376,0.009,0.976,0.060,0.999,0.902,0.999,0.990,0.200,False,True,4,hidden,0,9,,1,False,0.000,[188]
192,6.400,13,0.250,0.363,0.031,0.913,0.116,0.988,0.905,0.994,0.984,0.200,False,True,4,visible,0,4,,0,False,0.000,[]
192,6.400,15,0.671,0.722,0.126,0.871,0.069,0.976,0.906,0.988,0.972,0.600,True,True,4,visible,21,0,,0,False,0.000,[]
193,6.433,1,0.322,0.452,0.014,0.973,0.081,0.998,0.967,0.998,0.993,0.400,True,True,4,visible,143,0,,0,False,0.000,[]
193,6.433,5,0.359,0.616,0.028,0.972,0.073,0.998,0.870,0.998,0.987,0.400,True,True,4,hidden,1,0,,1,False,0.000,[188]
193,6.433,13,0.274,0.395,0.034,0.924,0.123,0.990,0.918,0.995,0.986,0.200,False,True,4,hidden,0,5,head_turn_away,1,False,0.000,[193]
193,6.433,15,0.647,0.745,0.105,0.858,0.042,0.971,0.782,0.983,0.940,0.600,True,True,4,visible,22,0,,0,False,0.000,[]
193,6.433,11,0.937,0.958,0.754,0.907,0.204,0.988,0.937,0.929,0.841,0.800,True,True,4,visible,36,0,,0,False,0.000,[]
194,6.467,1,0.322,0.452,0.014,0.973,0.081,0.998,0.967,0.998,0.993,0.400,True,True,4,visible,144,0,,0,False,0.000,[]
194,6.467,5,0.359,0.616,0.028,0.972,0.072,0.998,0.869,0.998,0.986,0.400,True,True,4,hidden,2,0,,1,False,0.000,[188]
194,6.467,13,0.274,0.395,0.034,0.924,0.123,0.990,0.918,0.995,0.986,0.200,False,True,4,hidden,0,6,,1,False,0.000,[193]
194,6.467,15,0.647,0.745,0.105,0.857,0.042,0.971,0.782,0.983,0.940,0.600,True,True,4,visible,23,0,,0,False,0.000,[]
194,6.467,11,0.937,0.958,0.754,0.907,0.204,0.988,0.937,0.929,0.841,0.800,True,True,4,visible,37,0,,0,False,0.000,[]
195,6.500,1,0.322,0.452,0.014,0.973,0.081,0.998,0.967,0.998,0.993,0.400,True,True,4,visible,145,0,,0,False,0.000,[]
195,6.500,5,0.359,0.616,0.028,0.972,0.072,0.998,0.869,0.998,0.986,0.400,True,True,4,visible,3,0,,1,False,0.000,[188]
195,6.500,13,0.274,0.395,0.034,0.924,0.123,0.990,0.918,0.995,0.986,0.200,False,True,4,hidden,0,7,,1,False,0.000,[193]
195,6.500,15,0.647,0.745,0.105,0.857,0.042,0.971,0.782,0.983,0.940,0.600,True,True,4,visible,24,0,,0,False,0.000,[]
195,6.500,11,0.937,0.958,0.754,0.907,0.204,0.988,0.937,0.929,0.841,0.800,True,True,4,visible,38,0,,0,False,0.000,[]
196,6.533,1,0.322,0.452,0.014,0.973,0.081,0.998,0.967,0.998,0.993,0.400,True,True,4,visible,146,0,,0,False,0.000,[]
196,6.533,5,0.359,0.616,0.028,0.972,0.072,0.998,0.869,0.998,0.986,0.400,True,True,4,visible,4,0,,1,False,0.000,[188]
196,6.533,13,0.274,0.395,0.034,0.924,0.123,0.990,0.918,0.995,0.986,0.200,False,True,4,hidden,0,8,,1,False,0.000,[193]
196,6.533,15,0.647,0.745,0.105,0.857,0.042,0.971,0.782,0.983,0.940,0.600,True,True,4,visible,25,0,,0,False,0.000,[]
196,6.533,11,0.937,0.958,0.754,0.907,0.204,0.988,0.937,0.929,0.841,0.800,True,True,4,visible,39,0,,0,False,0.000,[]
197,6.567,1,0.260,0.363,0.011,0.959,0.080,0.999,0.952,0.999,0.993,0.200,False,True,4,visible,0,1,,0,False,0.000,[]
197,6.567,5,0.250,0.487,0.017,0.972,0.075,0.998,0.862,0.998,0.985,0.400,True,True,4,visible,5,0,,1,False,0.000,[188]
197,6.567,13,0.217,0.319,0.023,0.932,0.136,0.995,0.913,0.997,0.986,0.200,False,True,4,hidden,0,9,,1,False,0.000,[193]
197,6.567,15,0.731,0.790,0.135,0.909,0.059,0.985,0.910,0.992,0.975,0.600,True,True,4,visible,26,0,,0,False,0.000,[]
197,6.567,11,0.942,0.961,0.768,0.908,0.210,0.989,0.941,0.939,0.861,0.800,True,True,4,visible,40,0,,0,False,0.000,[]
198,6.600,1,0.259,0.363,0.011,0.959,0.079,0.999,0.952,0.999,0.993,0.200,False,True,4,visible,0,2,,0,False,0.000,[]
198,6.600,5,0.250,0.488,0.017,0.972,0.075,0.998,0.862,0.998,0.985,0.400,True,True,4,visible,6,0,,1,False,0.000,[188]
198,6.600,13,0.216,0.318,0.023,0.932,0.136,0.995,0.913,0.997,0.986,0.200,False,True,4,hidden,0,10,,1,False,0.000,[193]
198,6.600,15,0.731,0.789,0.135,0.908,0.059,0.985,0.911,0.992,0.975,0.600,True,True,4,visible,27,0,,0,False,0.000,[]
198,6.600,11,0.942,0.961,0.768,0.908,0.210,0.989,0.941,0.939,0.861,0.800,True,True,4,visible,41,0,,0,False,0.000,[]
199,6.633,1,0.259,0.363,0.011,0.959,0.079,0.999,0.952,0.999,0.993,0.200,False,True,4,visible,0,3,,0,False,0.000,[]
199,6.633,5,0.250,0.488,0.017,0.972,0.075,0.998,0.862,0.998,0.985,0.400,True,True,4,visible,7,0,,1,False,0.000,[188]
199,6.633,13,0.216,0.318,0.023,0.932,0.136,0.995,0.913,0.997,0.986,0.200,False,True,4,hidden,0,11,,1,False,0.000,[193]
199,6.633,15,0.731,0.789,0.135,0.908,0.059,0.985,0.911,0.992,0.975,0.600,True,True,4,visible,28,0,,0,False,0.000,[]
199,6.633,11,0.942,0.961,0.768,0.908,0.210,0.989,0.941,0.939,0.861,0.800,True,True,4,visible,42,0,,0,False,0.000,[]
200,6.667,1,0.259,0.363,0.011,0.959,0.079,0.999,0.952,0.999,0.993,0.200,False,True,4,visible,0,4,,0,False,0.000,[]
200,6.667,5,0.250,0.488,0.017,0.972,0.075,0.998,0.862,0.998,0.985,0.400,True,True,4,visible,8,0,,1,False,0.000,[188]
200,6.667,13,0.216,0.318,0.023,0.932,0.136,0.995,0.913,0.997,0.986,0.200,False,True,4,hidden,0,12,,1,False,0.000,[193]
200,6.667,15,0.731,0.789,0.135,0.908,0.059,0.985,0.911,0.992,0.975,0.600,True,True,4,visible,29,0,,0,False,0.000,[]
200,6.667,11,0.942,0.961,0.768,0.908,0.210,0.989,0.941,0.939,0.861,0.800,True,True,4,visible,43,0,,0,False,0.000,[]
201,6.700,1,0.292,0.382,0.017,0.948,0.118,0.998,0.952,0.997,0.990,0.200,False,True,4,hidden,0,5,head_turn_away,1,False,0.000,[201]
201,6.700,5,0.423,0.654,0.035,0.972,0.062,0.998,0.888,0.999,0.989,0.600,True,True,4,visible,9,0,,1,False,0.000,[188]
201,6.700,13,0.333,0.503,0.038,0.930,0.088,0.992,0.843,0.993,0.969,0.400,True,True,4,hidden,1,0,,1,False,0.000,[193]
201,6.700,15,0.515,0.657,0.044,0.913,0.041,0.989,0.839,0.993,0.965,0.600,True,True,4,visible,30,0,,0,False,0.000,[]
202,6.733,1,0.291,0.381,0.017,0.948,0.118,0.998,0.952,0.997,0.990,0.200,False,True,4,hidden,0,6,,1,False,0.000,[201]
202,6.733,5,0.417,0.648,0.034,0.971,0.062,0.998,0.888,0.999,0.989,0.600,True,True,4,visible,10,0,,1,False,0.000,[188]
202,6.733,13,0.335,0.505,0.038,0.931,0.088,0.992,0.843,0.993,0.969,0.400,True,True,4,hidden,2,0,,1,False,0.000,[193]
202,6.733,15,0.515,0.657,0.044,0.913,0.041,0.989,0.840,0.993,0.965,0.600,True,True,4,visible,31,0,,0,False,0.000,[]
203,6.767,1,0.291,0.381,0.017,0.948,0.118,0.998,0.952,0.997,0.990,0.200,False,True,4,hidden,0,7,,1,False,0.000,[201]
203,6.767,5,0.417,0.648,0.034,0.971,0.062,0.998,0.888,0.999,0.989,0.600,True,True,4,visible,11,0,,1,False,0.000,[188]
203,6.767,13,0.335,0.505,0.038,0.931,0.088,0.992,0.843,0.993,0.969,0.400,True,True,4,visible,3,0,,1,False,0.000,[193]
203,6.767,15,0.515,0.657,0.044,0.913,0.041,0.989,0.840,0.993,0.965,0.600,True,True,4,visible,32,0,,0,False,0.000,[]
204,6.800,1,0.291,0.381,0.017,0.948,0.118,0.998,0.952,0.997,0.990,0.200,False,True,4,hidden,0,8,,1,False,0.000,[201]
204,6.800,5,0.417,0.648,0.034,0.971,0.062,0.998,0.888,0.999,0.989,0.600,True,True,4,visible,12,0,,1,False,0.000,[188]
204,6.800,13,0.335,0.505,0.038,0.931,0.088,0.992,0.843,0.993,0.969,0.400,True,True,4,visible,4,0,,1,False,0.000,[193]
204,6.800,15,0.515,0.657,0.044,0.913,0.041,0.989,0.840,0.993,0.965,0.600,True,True,4,visible,33,0,,0,False,0.000,[]
205,6.833,1,0.291,0.381,0.017,0.948,0.118,0.998,0.952,0.997,0.990,0.200,False,True,4,hidden,0,9,,1,False,0.000,[201]
205,6.833,5,0.417,0.648,0.034,0.971,0.062,0.998,0.888,0.999,0.989,0.600,True,True,4,visible,13,0,,1,False,0.000,[188]
205,6.833,13,0.335,0.505,0.038,0.931,0.088,0.992,0.843,0.993,0.969,0.400,True,True,4,visible,5,0,,1,False,0.000,[193]
205,6.833,15,0.515,0.657,0.044,0.913,0.041,0.989,0.840,0.993,0.965,0.600,True,True,4,visible,34,0,,0,False,0.000,[]
206,6.867,1,0.293,0.429,0.021,0.945,0.107,0.994,0.915,0.993,0.978,0.400,True,True,4,hidden,1,0,,1,False,0.000,[201]
206,6.867,5,0.830,0.937,0.143,0.978,0.031,0.999,0.806,0.999,0.984,0.600,True,True,4,visible,14,0,,1,False,0.000,[188]
206,6.867,15,0.743,0.830,0.169,0.880,0.045,0.986,0.771,0.994,0.968,0.600,True,True,4,visible,35,0,,0,False,0.000,[]
206,6.867,8,0.923,0.968,0.536,0.934,0.035,0.921,0.786,0.261,0.184,0.800,True,True,2,visible,48,0,,1,False,0.000,[103]
207,6.900,1,0.293,0.428,0.021,0.945,0.107,0.994,0.915,0.993,0.978,0.400,True,True,4,hidden,2,0,,1,False,0.000,[201]
207,6.900,5,0.828,0.936,0.142,0.978,0.031,0.999,0.807,0.999,0.984,0.600,True,True,4,visible,15,0,,1,False,0.000,[188]
207,6.900,15,0.743,0.830,0.170,0.880,0.045,0.986,0.771,0.994,0.968,0.600,True,True,4,visible,36,0,,0,False,0.000,[]
207,6.900,8,0.923,0.968,0.536,0.934,0.035,0.922,0.786,0.262,0.185,0.800,True,True,2,visible,49,0,,1,False,0.000,[103]
208,6.933,1,0.293,0.428,0.021,0.945,0.107,0.994,0.915,0.993,0.978,0.400,True,True,4,visible,3,0,,1,False,0.000,[201]
208,6.933,5,0.828,0.936,0.142,0.978,0.031,0.999,0.807,0.999,0.984,0.600,True,True,4,visible,16,0,,1,False,0.000,[188]
208,6.933,15,0.743,0.830,0.170,0.880,0.045,0.986,0.771,0.994,0.968,0.600,True,True,4,visible,37,0,,0,False,0.000,[]
208,6.933,8,0.923,0.968,0.536,0.934,0.035,0.922,0.786,0.262,0.185,0.800,True,True,2,visible,50,0,,1,False,0.000,[103]
209,6.967,1,0.293,0.428,0.021,0.945,0.107,0.994,0.915,0.993,0.978,0.400,True,True,4,visible,4,0,,1,False,0.000,[201]
209,6.967,5,0.828,0.936,0.142,0.978,0.031,0.999,0.807,0.999,0.984,0.600,True,True,4,visible,17,0,,1,False,0.000,[188]
209,6.967,15,0.743,0.830,0.170,0.880,0.045,0.986,0.771,0.994,0.968,0.600,True,True,4,visible,38,0,,0,False,0.000,[]
209,6.967,8,0.923,0.968,0.536,0.934,0.035,0.922,0.786,0.262,0.185,0.800,True,True,2,visible,51,0,,1,False,0.000,[103]
210,7.000,1,0.222,0.384,0.010,0.981,0.108,0.998,0.966,0.998,0.992,0.200,False,True,4,visible,0,1,,1,False,0.000,[201]
210,7.000,5,0.943,0.974,0.462,0.965,0.044,0.997,0.821,0.997,0.976,0.800,True,True,4,visible,18,0,,1,False,0.000,[188]
210,7.000,13,0.669,0.811,0.190,0.960,0.234,0.977,0.883,0.849,0.721,0.600,True,True,4,visible,6,0,,1,False,0.000,[193]
211,7.033,1,0.221,0.383,0.010,0.981,0.108,0.998,0.966,0.998,0.992,0.200,False,True,4,visible,0,2,,1,False,0.000,[201]
211,7.033,5,0.943,0.974,0.462,0.965,0.044,0.997,0.821,0.997,0.976,0.800,True,True,4,visible,19,0,,1,False,0.000,[188]
211,7.033,16,0.669,0.740,0.145,0.835,0.033,0.926,0.824,0.652,0.536,0.600,True,True,4,uncertain,1,0,,0,False,0.000,[]
211,7.033,13,0.669,0.811,0.191,0.960,0.235,0.977,0.883,0.849,0.721,0.600,True,True,4,visible,7,0,,1,False,0.000,[193]
212,7.067,1,0.221,0.383,0.010,0.981,0.108,0.998,0.966,0.998,0.992,0.200,False,True,4,visible,0,3,,1,False,0.000,[201]
212,7.067,5,0.943,0.974,0.462,0.965,0.044,0.997,0.821,0.997,0.976,0.800,True,True,4,visible,20,0,,1,False,0.000,[188]
212,7.067,16,0.669,0.740,0.145,0.835,0.033,0.926,0.824,0.652,0.536,0.600,True,True,4,uncertain,2,0,,0,False,0.000,[]
212,7.067,13,0.669,0.811,0.191,0.960,0.235,0.977,0.883,0.849,0.721,0.600,True,True,4,visible,8,0,,1,False,0.000,[193]
213,7.100,1,0.221,0.383,0.010,0.981,0.108,0.998,0.966,0.998,0.992,0.200,False,True,4,visible,0,4,,1,False,0.000,[201]
213,7.100,5,0.943,0.974,0.462,0.965,0.044,0.997,0.821,0.997,0.976,0.800,True,True,4,visible,21,0,,1,False,0.000,[188]
213,7.100,16,0.669,0.740,0.145,0.835,0.033,0.926,0.824,0.652,0.536,0.600,True,True,4,visible,3,0,,0,False,0.000,[]
213,7.100,13,0.669,0.811,0.191,0.960,0.235,0.977,0.883,0.849,0.721,0.600,True,True,4,visible,9,0,,1,False,0.000,[193]
214,7.133,1,0.235,0.396,0.011,0.979,0.097,0.998,0.963,0.998,0.992,0.200,False,True,4,hidden,0,5,head_turn_away,2,False,0.000,"[201, 214]"
214,7.133,5,0.952,0.978,0.513,0.964,0.043,0.997,0.802,0.996,0.967,0.800,True,True,4,visible,22,0,,1,False,0.000,[188]
214,7.133,13,0.553,0.701,0.130,0.960,0.292,0.978,0.925,0.878,0.807,0.600,True,True,4,visible,10,0,,1,False,0.000,[193]
214,7.133,11,0.888,0.937,0.530,0.906,0.092,0.987,0.892,0.973,0.915,0.800,True,True,4,visible,44,0,,0,False,0.000,[]
215,7.167,1,0.235,0.397,0.011,0.979,0.097,0.998,0.963,0.998,0.992,0.200,False,True,4,hidden,0,6,,2,False,0.000,"[201, 214]"
215,7.167,5,0.952,0.978,0.513,0.964,0.043,0.997,0.802,0.996,0.967,0.800,True,True,4,visible,23,0,,1,False,0.000,[188]
215,7.167,13,0.555,0.702,0.131,0.960,0.293,0.979,0.926,0.878,0.807,0.600,True,True,4,visible,11,0,,1,False,0.000,[193]
215,7.167,11,0.888,0.937,0.530,0.905,0.092,0.987,0.891,0.973,0.915,0.800,True,True,4,visible,45,0,,0,False,0.000,[]
216,7.200,1,0.235,0.397,0.011,0.979,0.097,0.998,0.963,0.998,0.992,0.200,False,True,4,hidden,0,7,,2,False,0.000,"[201, 214]"
216,7.200,5,0.952,0.978,0.513,0.964,0.043,0.997,0.802,0.996,0.967,0.800,True,True,4,visible,24,0,,1,False,0.000,[188]
216,7.200,13,0.555,0.702,0.131,0.960,0.293,0.979,0.926,0.878,0.807,0.600,True,True,4,visible,12,0,,1,False,0.000,[193]
216,7.200,11,0.888,0.937,0.530,0.905,0.092,0.987,0.891,0.973,0.915,0.800,True,True,4,visible,46,0,,0,False,0.000,[]
217,7.233,1,0.235,0.397,0.011,0.979,0.097,0.998,0.963,0.998,0.992,0.200,False,True,4,hidden,0,8,,2,False,0.000,"[201, 214]"
217,7.233,5,0.952,0.978,0.513,0.964,0.043,0.997,0.802,0.996,0.967,0.800,True,True,4,visible,25,0,,1,False,0.000,[188]
217,7.233,13,0.555,0.702,0.131,0.960,0.293,0.979,0.926,0.878,0.807,0.600,True,True,4,visible,13,0,,1,False,0.000,[193]
217,7.233,11,0.888,0.937,0.530,0.905,0.092,0.987,0.891,0.973,0.915,0.800,True,True,4,visible,47,0,,0,False,0.000,[]
218,7.267,1,0.235,0.397,0.011,0.979,0.097,0.998,0.963,0.998,0.992,0.200,False,True,4,hidden,0,9,,2,False,0.000,"[201, 214]"
218,7.267,5,0.952,0.978,0.513,0.964,0.043,0.997,0.802,0.996,0.967,0.800,True,True,4,visible,26,0,,1,False,0.000,[188]
218,7.267,13,0.555,0.702,0.131,0.960,0.293,0.979,0.926,0.878,0.807,0.600,True,True,4,visible,14,0,,1,False,0.000,[193]
218,7.267,11,0.888,0.937,0.530,0.905,0.092,0.987,0.891,0.973,0.915,0.800,True,True,4,visible,48,0,,0,False,0.000,[]
219,7.300,1,0.331,0.564,0.015,0.986,0.081,0.999,0.954,0.998,0.991,0.400,True,True,4,hidden,1,0,,2,False,0.000,"[201, 214]"
219,7.300,5,0.978,0.978,0.840,0.945,0.225,0.994,0.974,0.994,0.987,0.800,True,True,4,visible,27,0,,1,False,0.000,[188]
219,7.300,13,0.581,0.747,0.135,0.945,0.166,0.967,0.829,0.788,0.636,0.600,True,True,4,visible,15,0,,1,False,0.000,[193]
219,7.300,11,0.812,0.888,0.426,0.836,0.077,0.976,0.833,0.960,0.885,0.800,True,True,4,visible,49,0,,0,False,0.000,[]
220,7.333,1,0.332,0.565,0.015,0.986,0.081,0.999,0.954,0.998,0.991,0.400,True,True,4,hidden,2,0,,2,False,0.000,"[201, 214]"
220,7.333,5,0.978,0.978,0.838,0.945,0.223,0.994,0.974,0.994,0.987,0.800,True,True,4,visible,28,0,,1,False,0.000,[188]
220,7.333,13,0.580,0.746,0.135,0.945,0.167,0.967,0.829,0.788,0.635,0.600,True,True,4,visible,16,0,,1,False,0.000,[193]
220,7.333,11,0.812,0.888,0.426,0.836,0.077,0.976,0.833,0.960,0.885,0.800,True,True,4,visible,50,0,,0,False,0.000,[]
221,7.367,1,0.332,0.565,0.015,0.986,0.081,0.999,0.954,0.998,0.991,0.400,True,True,4,visible,3,0,,2,False,0.000,"[201, 214]"
221,7.367,5,0.978,0.978,0.838,0.945,0.223,0.994,0.974,0.994,0.987,0.800,True,True,4,visible,29,0,,1,False,0.000,[188]
221,7.367,13,0.580,0.746,0.135,0.945,0.167,0.967,0.829,0.788,0.635,0.600,True,True,4,visible,17,0,,1,False,0.000,[193]
221,7.367,11,0.812,0.888,0.426,0.836,0.077,0.976,0.833,0.960,0.885,0.800,True,True,4,visible,51,0,,0,False,0.000,[]
222,7.400,1,0.332,0.565,0.015,0.986,0.081,0.999,0.954,0.998,0.991,0.400,True,True,4,visible,4,0,,2,False,0.000,"[201, 214]"
222,7.400,5,0.978,0.978,0.838,0.945,0.223,0.994,0.974,0.994,0.987,0.800,True,True,4,visible,30,0,,1,False,0.000,[188]
222,7.400,13,0.580,0.746,0.135,0.945,0.167,0.967,0.829,0.788,0.635,0.600,True,True,4,visible,18,0,,1,False,0.000,[193]
222,7.400,11,0.812,0.888,0.426,0.836,0.077,0.976,0.833,0.960,0.885,0.800,True,True,4,visible,52,0,,0,False,0.000,[]
223,7.433,1,0.388,0.607,0.016,0.987,0.072,0.998,0.962,0.997,0.989,0.400,True,True,4,visible,5,0,,2,False,0.000,"[201, 214]"
223,7.433,5,0.978,0.974,0.898,0.923,0.392,0.988,0.984,0.992,0.989,0.800,True,True,4,visible,31,0,,1,False,0.000,[188]
223,7.433,13,0.663,0.768,0.233,0.949,0.298,0.973,0.897,0.807,0.711,0.600,True,True,4,visible,19,0,,1,False,0.000,[193]
224,7.467,1,0.389,0.609,0.016,0.987,0.072,0.998,0.962,0.997,0.989,0.400,True,True,4,visible,6,0,,2,False,0.000,"[201, 214]"
224,7.467,5,0.978,0.974,0.898,0.923,0.392,0.988,0.984,0.992,0.989,0.800,True,True,4,visible,32,0,,1,False,0.000,[188]
224,7.467,13,0.662,0.768,0.232,0.949,0.298,0.973,0.897,0.807,0.711,0.600,True,True,4,visible,20,0,,1,False,0.000,[193]
224,7.467,17,0.933,0.953,0.725,0.908,0.183,0.986,0.940,0.888,0.783,0.800,True,True,4,uncertain,1,0,,0,False,0.000,[]
225,7.500,1,0.389,0.609,0.016,0.987,0.072,0.998,0.962,0.997,0.989,0.400,True,True,4,visible,7,0,,2,False,0.000,"[201, 214]"
225,7.500,5,0.978,0.974,0.898,0.923,0.392,0.988,0.984,0.992,0.989,0.800,True,True,4,visible,33,0,,1,False,0.000,[188]
225,7.500,13,0.662,0.768,0.232,0.949,0.298,0.973,0.897,0.807,0.711,0.600,True,True,4,visible,21,0,,1,False,0.000,[193]
225,7.500,17,0.933,0.953,0.725,0.908,0.183,0.986,0.940,0.888,0.783,0.800,True,True,4,uncertain,2,0,,0,False,0.000,[]
226,7.533,1,0.389,0.609,0.016,0.987,0.072,0.998,0.962,0.997,0.989,0.400,True,True,4,visible,8,0,,2,False,0.000,"[201, 214]"
226,7.533,5,0.978,0.974,0.898,0.923,0.392,0.988,0.984,0.992,0.989,0.800,True,True,4,visible,34,0,,1,False,0.000,[188]
226,7.533,13,0.662,0.768,0.232,0.949,0.298,0.973,0.897,0.807,0.711,0.600,True,True,4,visible,22,0,,1,False,0.000,[193]
226,7.533,17,0.933,0.953,0.725,0.908,0.183,0.986,0.940,0.888,0.783,0.800,True,True,4,visible,3,0,,0,False,0.000,[]
227,7.567,1,0.296,0.496,0.009,0.987,0.089,0.999,0.969,0.999,0.994,0.400,True,True,4,visible,9,0,,2,False,0.000,"[201, 214]"
227,7.567,5,0.981,0.973,0.931,0.907,0.508,0.979,0.989,0.986,0.989,1.000,True,True,4,visible,35,0,,1,False,0.000,[188]
227,7.567,13,0.678,0.791,0.227,0.950,0.252,0.973,0.873,0.809,0.680,0.600,True,True,4,visible,23,0,,1,False,0.000,[193]
228,7.600,1,0.286,0.485,0.009,0.987,0.090,0.999,0.970,0.999,0.994,0.400,True,True,4,visible,10,0,,2,False,0.000,"[201, 214]"
228,7.600,5,0.981,0.973,0.931,0.907,0.508,0.979,0.989,0.986,0.989,1.000,True,True,4,visible,36,0,,1,False,0.000,[188]
228,7.600,13,0.678,0.791,0.227,0.950,0.252,0.973,0.873,0.809,0.681,0.600,True,True,4,visible,24,0,,1,False,0.000,[193]
228,7.600,18,0.885,0.932,0.492,0.887,0.065,0.929,0.820,0.482,0.359,0.800,True,True,3,uncertain,1,0,,0,False,0.000,[]
229,7.633,1,0.286,0.485,0.009,0.987,0.090,0.999,0.970,0.999,0.994,0.400,True,True,4,visible,11,0,,2,False,0.000,"[201, 214]"
229,7.633,5,0.981,0.973,0.931,0.907,0.508,0.979,0.989,0.986,0.989,1.000,True,True,4,visible,37,0,,1,False,0.000,[188]
229,7.633,13,0.678,0.791,0.227,0.950,0.252,0.973,0.873,0.809,0.681,0.600,True,True,4,visible,25,0,,1,False,0.000,[193]
229,7.633,18,0.885,0.932,0.492,0.887,0.065,0.929,0.820,0.482,0.359,0.800,True,True,3,uncertain,2,0,,0,False,0.000,[]
230,7.667,1,0.286,0.485,0.009,0.987,0.090,0.999,0.970,0.999,0.994,0.400,True,True,4,visible,12,0,,2,False,0.000,"[201, 214]"
230,7.667,5,0.981,0.973,0.931,0.907,0.508,0.979,0.989,0.986,0.989,1.000,True,True,4,visible,38,0,,1,False,0.000,[188]
230,7.667,13,0.678,0.791,0.227,0.950,0.252,0.973,0.873,0.809,0.681,0.600,True,True,4,visible,26,0,,1,False,0.000,[193]
230,7.667,18,0.885,0.932,0.492,0.887,0.065,0.929,0.820,0.482,0.359,0.800,True,True,3,visible,3,0,,0,False,0.000,[]
231,7.700,1,0.281,0.393,0.010,0.972,0.099,0.998,0.972,0.997,0.989,0.200,False,True,4,visible,0,1,,2,False,0.000,"[201, 214]"
231,7.700,5,0.984,0.974,0.947,0.902,0.582,0.982,0.992,0.989,0.992,1.000,True,True,4,visible,39,0,,1,False,0.000,[188]
231,7.700,13,0.626,0.780,0.156,0.956,0.182,0.978,0.834,0.839,0.662,0.600,True,True,4,visible,27,0,,1,False,0.000,[193]
232,7.733,1,0.282,0.393,0.010,0.972,0.099,0.998,0.972,0.997,0.989,0.200,False,True,4,visible,0,2,,2,False,0.000,"[201, 214]"
232,7.733,5,0.984,0.974,0.947,0.902,0.581,0.982,0.992,0.989,0.992,1.000,True,True,4,visible,40,0,,1,False,0.000,[188]
232,7.733,13,0.626,0.780,0.156,0.956,0.182,0.978,0.834,0.839,0.662,0.600,True,True,4,visible,28,0,,1,False,0.000,[193]
232,7.733,19,0.003,0.003,0.002,0.012,0.005,0.037,0.025,0.680,0.638,0.000,False,True,2,uncertain,0,0,,0,False,0.000,[]
233,7.767,1,0.282,0.393,0.010,0.972,0.099,0.998,0.972,0.997,0.989,0.200,False,True,4,visible,0,3,,2,False,0.000,"[201, 214]"
233,7.767,5,0.984,0.974,0.947,0.902,0.581,0.982,0.992,0.989,0.992,1.000,True,True,4,visible,41,0,,1,False,0.000,[188]
233,7.767,13,0.626,0.780,0.156,0.956,0.182,0.978,0.834,0.839,0.662,0.600,True,True,4,visible,29,0,,1,False,0.000,[193]
233,7.767,19,0.003,0.003,0.002,0.012,0.005,0.037,0.025,0.680,0.638,0.000,False,True,2,uncertain,0,0,,0,False,0.000,[]
234,7.800,1,0.282,0.393,0.010,0.972,0.099,0.998,0.972,0.997,0.989,0.200,False,True,4,visible,0,4,,2,False,0.000,"[201, 214]"
234,7.800,5,0.984,0.974,0.947,0.902,0.581,0.982,0.992,0.989,0.992,1.000,True,True,4,visible,42,0,,1,False,0.000,[188]
234,7.800,13,0.626,0.780,0.156,0.956,0.182,0.978,0.834,0.839,0.662,0.600,True,True,4,visible,30,0,,1,False,0.000,[193]
234,7.800,19,0.003,0.003,0.002,0.012,0.005,0.037,0.025,0.680,0.638,0.000,False,True,2,uncertain,0,0,,0,False,0.000,[]
235,7.833,1,0.282,0.393,0.010,0.972,0.099,0.998,0.972,0.997,0.989,0.200,False,True,4,hidden,0,5,head_turn_away,3,False,0.000,"[201, 214, 235]"
235,7.833,5,0.984,0.974,0.947,0.902,0.581,0.982,0.992,0.989,0.992,1.000,True,True,4,visible,43,0,,1,False,0.000,[188]
235,7.833,13,0.626,0.780,0.156,0.956,0.182,0.978,0.834,0.839,0.662,0.600,True,True,4,visible,31,0,,1,False,0.000,[193]
235,7.833,19,0.003,0.003,0.002,0.012,0.005,0.037,0.025,0.680,0.638,0.000,False,True,2,uncertain,0,0,,0,False,0.000,[]
236,7.867,1,0.349,0.474,0.015,0.972,0.096,0.998,0.967,0.996,0.986,0.400,True,True,4,hidden,1,0,,3,False,0.000,"[201, 214, 235]"
236,7.867,5,0.983,0.973,0.939,0.896,0.533,0.985,0.991,0.993,0.994,1.000,True,True,4,visible,44,0,,1,False,0.000,[188]
236,7.867,13,0.841,0.876,0.289,0.948,0.175,0.991,0.944,0.951,0.883,0.600,True,True,4,visible,32,0,,1,False,0.000,[193]
236,7.867,17,0.910,0.937,0.668,0.885,0.158,0.983,0.928,0.885,0.783,0.800,True,True,4,visible,4,0,,0,False,0.000,[]
237,7.900,1,0.349,0.474,0.015,0.972,0.096,0.998,0.967,0.996,0.986,0.400,True,True,4,hidden,2,0,,3,False,0.000,"[201, 214, 235]"
237,7.900,5,0.983,0.973,0.939,0.896,0.533,0.985,0.991,0.993,0.994,1.000,True,True,4,visible,45,0,,1,False,0.000,[188]
237,7.900,13,0.842,0.877,0.291,0.948,0.176,0.991,0.944,0.952,0.884,0.600,True,True,4,visible,33,0,,1,False,0.000,[193]
237,7.900,17,0.910,0.937,0.668,0.885,0.158,0.982,0.928,0.885,0.783,0.800,True,True,4,visible,5,0,,0,False,0.000,[]
238,7.933,1,0.349,0.474,0.015,0.972,0.096,0.998,0.967,0.996,0.986,0.400,True,True,4,visible,3,0,,3,False,0.000,"[201, 214, 235]"
238,7.933,5,0.983,0.973,0.939,0.896,0.533,0.985,0.991,0.993,0.994,1.000,True,True,4,visible,46,0,,1,False,0.000,[188]
238,7.933,13,0.842,0.877,0.291,0.948,0.176,0.991,0.944,0.952,0.884,0.600,True,True,4,visible,34,0,,1,False,0.000,[193]
238,7.933,17,0.910,0.937,0.668,0.885,0.158,0.982,0.928,0.885,0.783,0.800,True,True,4,visible,6,0,,0,False,0.000,[]
239,7.967,1,0.349,0.474,0.015,0.972,0.096,0.998,0.967,0.996,0.986,0.400,True,True,4,visible,4,0,,3,False,0.000,"[201, 214, 235]"
239,7.967,5,0.983,0.973,0.939,0.896,0.533,0.985,0.991,0.993,0.994,1.000,True,True,4,visible,47,0,,1,False,0.000,[188]
239,7.967,13,0.842,0.877,0.291,0.948,0.176,0.991,0.944,0.952,0.884,0.600,True,True,4,visible,35,0,,1,False,0.000,[193]
239,7.967,17,0.910,0.937,0.668,0.885,0.158,0.982,0.928,0.885,0.783,0.800,True,True,4,visible,7,0,,0,False,0.000,[]
240,8.000,1,0.573,0.700,0.037,0.971,0.080,0.997,0.957,0.995,0.981,0.600,True,True,4,visible,5,0,,3,False,0.000,"[201, 214, 235]"
240,8.000,5,0.988,0.975,0.961,0.879,0.652,0.988,0.994,0.995,0.996,1.000,True,True,4,visible,48,0,,1,False,0.000,[188]
240,8.000,8,0.962,0.984,0.793,0.951,0.087,0.907,0.794,0.102,0.075,0.800,True,True,2,visible,52,0,,1,False,0.000,[103]
240,8.000,11,0.826,0.898,0.401,0.851,0.056,0.973,0.797,0.966,0.893,0.800,True,True,4,visible,53,0,,0,False,0.000,[]
241,8.033,1,0.572,0.699,0.037,0.971,0.080,0.997,0.957,0.995,0.981,0.600,True,True,4,visible,6,0,,3,False,0.000,"[201, 214, 235]"
241,8.033,5,0.988,0.975,0.961,0.879,0.652,0.988,0.994,0.995,0.996,1.000,True,True,4,visible,49,0,,1,False,0.000,[188]
241,8.033,8,0.962,0.985,0.794,0.951,0.087,0.907,0.794,0.102,0.075,0.800,True,True,2,visible,53,0,,1,False,0.000,[103]
241,8.033,11,0.826,0.898,0.401,0.851,0.056,0.973,0.797,0.966,0.894,0.800,True,True,4,visible,54,0,,0,False,0.000,[]
242,8.067,1,0.572,0.699,0.037,0.971,0.080,0.997,0.957,0.995,0.981,0.600,True,True,4,visible,7,0,,3,False,0.000,"[201, 214, 235]"
242,8.067,5,0.988,0.975,0.961,0.879,0.652,0.988,0.994,0.995,0.996,1.000,True,True,4,visible,50,0,,1,False,0.000,[188]
242,8.067,8,0.962,0.985,0.794,0.951,0.087,0.907,0.794,0.102,0.075,0.800,True,True,2,visible,54,0,,1,False,0.000,[103]
242,8.067,11,0.826,0.898,0.401,0.851,0.056,0.973,0.797,0.966,0.894,0.800,True,True,4,visible,55,0,,0,False,0.000,[]
243,8.100,1,0.572,0.699,0.037,0.971,0.080,0.997,0.957,0.995,0.981,0.600,True,True,4,visible,8,0,,3,False,0.000,"[201, 214, 235]"
243,8.100,5,0.988,0.975,0.961,0.879,0.652,0.988,0.994,0.995,0.996,1.000,True,True,4,visible,51,0,,1,False,0.000,[188]
243,8.100,8,0.962,0.985,0.794,0.951,0.087,0.907,0.794,0.102,0.075,0.800,True,True,2,visible,55,0,,1,False,0.000,[103]
243,8.100,11,0.826,0.898,0.401,0.851,0.056,0.973,0.797,0.966,0.894,0.800,True,True,4,visible,56,0,,0,False,0.000,[]
244,8.133,1,0.579,0.708,0.038,0.972,0.082,0.997,0.957,0.995,0.981,0.600,True,True,4,visible,9,0,,3,False,0.000,"[201, 214, 235]"
244,8.133,5,0.989,0.977,0.967,0.882,0.679,0.988,0.993,0.994,0.996,1.000,True,True,4,visible,52,0,,1,False,0.000,[188]
244,8.133,8,0.839,0.932,0.352,0.911,0.023,0.831,0.637,0.123,0.090,0.600,True,True,2,visible,56,0,,1,False,0.000,[103]
244,8.133,17,0.940,0.966,0.731,0.928,0.164,0.991,0.923,0.964,0.892,0.800,True,True,4,visible,8,0,,0,False,0.000,[]
245,8.167,1,0.579,0.709,0.038,0.972,0.082,0.997,0.957,0.995,0.981,0.600,True,True,4,visible,10,0,,3,False,0.000,"[201, 214, 235]"
245,8.167,5,0.989,0.977,0.967,0.882,0.679,0.988,0.993,0.994,0.996,1.000,True,True,4,visible,53,0,,1,False,0.000,[188]
245,8.167,8,0.840,0.933,0.353,0.911,0.023,0.832,0.637,0.123,0.090,0.600,True,True,2,visible,57,0,,1,False,0.000,[103]
245,8.167,20,0.787,0.783,0.358,0.862,0.165,0.937,0.952,0.932,0.944,0.600,True,True,4,uncertain,1,0,,0,False,0.000,[]
245,8.167,17,0.940,0.966,0.731,0.928,0.164,0.991,0.923,0.964,0.892,0.800,True,True,4,visible,9,0,,0,False,0.000,[]
246,8.200,1,0.579,0.709,0.038,0.972,0.082,0.997,0.957,0.995,0.981,0.600,True,True,4,visible,11,0,,3,False,0.000,"[201, 214, 235]"
246,8.200,5,0.989,0.977,0.967,0.882,0.679,0.988,0.993,0.994,0.996,1.000,True,True,4,visible,54,0,,1,False,0.000,[188]
246,8.200,8,0.840,0.933,0.353,0.911,0.023,0.832,0.637,0.123,0.090,0.600,True,True,2,visible,58,0,,1,False,0.000,[103]
246,8.200,20,0.787,0.783,0.358,0.862,0.165,0.937,0.952,0.932,0.944,0.600,True,True,4,uncertain,2,0,,0,False,0.000,[]
246,8.200,17,0.940,0.966,0.731,0.928,0.164,0.991,0.923,0.964,0.892,0.800,True,True,4,visible,10,0,,0,False,0.000,[]
247,8.233,1,0.579,0.709,0.038,0.972,0.082,0.997,0.957,0.995,0.981,0.600,True,True,4,visible,12,0,,3,False,0.000,"[201, 214, 235]"
247,8.233,5,0.989,0.977,0.967,0.882,0.679,0.988,0.993,0.994,0.996,1.000,True,True,4,visible,55,0,,1,False,0.000,[188]
247,8.233,8,0.840,0.933,0.353,0.911,0.023,0.832,0.637,0.123,0.090,0.600,True,True,2,visible,59,0,,1,False,0.000,[103]
247,8.233,20,0.787,0.783,0.358,0.862,0.165,0.937,0.952,0.932,0.944,0.600,True,True,4,visible,3,0,,0,False,0.000,[]
247,8.233,17,0.940,0.966,0.731,0.928,0.164,0.991,0.923,0.964,0.892,0.800,True,True,4,visible,11,0,,0,False,0.000,[]
248,8.267,1,0.579,0.709,0.038,0.972,0.082,0.997,0.957,0.995,0.981,0.600,True,True,4,visible,13,0,,3,False,0.000,"[201, 214, 235]"
248,8.267,5,0.989,0.977,0.967,0.882,0.679,0.988,0.993,0.994,0.996,1.000,True,True,4,visible,56,0,,1,False,0.000,[188]
248,8.267,8,0.840,0.933,0.353,0.911,0.023,0.832,0.637,0.123,0.090,0.600,True,True,2,visible,60,0,,1,False,0.000,[103]
248,8.267,20,0.787,0.783,0.358,0.862,0.165,0.937,0.952,0.932,0.944,0.600,True,True,4,visible,4,0,,0,False,0.000,[]
248,8.267,17,0.940,0.966,0.731,0.928,0.164,0.991,0.923,0.964,0.892,0.800,True,True,4,visible,12,0,,0,False,0.000,[]
249,8.300,1,0.764,0.820,0.098,0.959,0.104,0.996,0.955,0.993,0.977,0.600,True,True,4,visible,14,0,,3,False,0.000,"[201, 214, 235]"
249,8.300,5,0.985,0.978,0.900,0.926,0.359,0.997,0.986,0.998,0.995,0.800,True,True,4,visible,57,0,,1,False,0.000,[188]
249,8.300,8,0.753,0.888,0.271,0.869,0.022,0.812,0.583,0.133,0.093,0.600,True,True,2,visible,61,0,,1,False,0.000,[103]
249,8.300,20,0.842,0.812,0.504,0.797,0.161,0.918,0.947,0.966,0.971,0.800,True,True,4,visible,5,0,,0,False,0.000,[]
249,8.300,17,0.878,0.925,0.555,0.876,0.116,0.984,0.882,0.948,0.858,0.800,True,True,4,visible,13,0,,0,False,0.000,[]
249,8.300,19,0.001,0.001,0.001,0.004,0.002,0.014,0.006,0.657,0.569,0.000,False,True,2,uncertain,0,0,,0,False,0.000,[]
250,8.333,1,0.764,0.820,0.098,0.959,0.104,0.996,0.955,0.993,0.977,0.600,True,True,4,visible,15,0,,3,False,0.000,"[201, 214, 235]"
250,8.333,5,0.985,0.978,0.900,0.926,0.360,0.997,0.986,0.998,0.995,0.800,True,True,4,visible,58,0,,1,False,0.000,[188]
250,8.333,8,0.753,0.888,0.271,0.868,0.022,0.812,0.583,0.133,0.094,0.600,True,True,2,visible,62,0,,1,False,0.000,[103]
250,8.333,20,0.842,0.812,0.503,0.797,0.161,0.918,0.947,0.966,0.971,0.800,True,True,4,visible,6,0,,0,False,0.000,[]
250,8.333,17,0.878,0.925,0.555,0.876,0.116,0.984,0.883,0.948,0.858,0.800,True,True,4,visible,14,0,,0,False,0.000,[]
250,8.333,21,0.678,0.700,0.260,0.675,0.051,0.864,0.843,0.578,0.576,0.600,True,True,4,uncertain,1,0,,0,False,0.000,[]
250,8.333,19,0.001,0.001,0.001,0.004,0.002,0.014,0.006,0.657,0.569,0.000,False,True,2,uncertain,0,0,,0,False,0.000,[]
251,8.367,1,0.764,0.820,0.098,0.959,0.104,0.996,0.955,0.993,0.977,0.600,True,True,4,visible,16,0,,3,False,0.000,"[201, 214, 235]"
251,8.367,5,0.985,0.978,0.900,0.926,0.360,0.997,0.986,0.998,0.995,0.800,True,True,4,visible,59,0,,1,False,0.000,[188]
251,8.367,8,0.753,0.888,0.271,0.868,0.022,0.812,0.583,0.133,0.094,0.600,True,True,2,visible,63,0,,1,False,0.000,[103]
251,8.367,20,0.842,0.812,0.503,0.797,0.161,0.918,0.947,0.966,0.971,0.800,True,True,4,visible,7,0,,0,False,0.000,[]
251,8.367,17,0.878,0.925,0.555,0.876,0.116,0.984,0.883,0.948,0.858,0.800,True,True,4,visible,15,0,,0,False,0.000,[]
251,8.367,21,0.678,0.700,0.260,0.675,0.051,0.864,0.843,0.578,0.576,0.600,True,True,4,uncertain,2,0,,0,False,0.000,[]
251,8.367,19,0.001,0.001,0.001,0.004,0.002,0.014,0.006,0.657,0.569,0.000,False,True,2,uncertain,0,0,,0,False,0.000,[]
252,8.400,1,0.764,0.820,0.098,0.959,0.104,0.996,0.955,0.993,0.977,0.600,True,True,4,visible,17,0,,3,False,0.000,"[201, 214, 235]"
252,8.400,5,0.985,0.978,0.900,0.926,0.360,0.997,0.986,0.998,0.995,0.800,True,True,4,visible,60,0,,1,False,0.000,[188]
252,8.400,8,0.753,0.888,0.271,0.868,0.022,0.812,0.583,0.133,0.094,0.600,True,True,2,visible,64,0,,1,False,0.000,[103]
252,8.400,20,0.842,0.812,0.503,0.797,0.161,0.918,0.947,0.966,0.971,0.800,True,True,4,visible,8,0,,0,False,0.000,[]
252,8.400,17,0.878,0.925,0.555,0.876,0.116,0.984,0.883,0.948,0.858,0.800,True,True,4,visible,16,0,,0,False,0.000,[]
252,8.400,21,0.678,0.700,0.260,0.675,0.051,0.864,0.843,0.578,0.576,0.600,True,True,4,visible,3,0,,0,False,0.000,[]
252,8.400,19,0.001,0.001,0.001,0.004,0.002,0.014,0.006,0.657,0.569,0.000,False,True,2,uncertain,0,0,,0,False,0.000,[]
253,8.433,1,0.580,0.738,0.034,0.983,0.081,0.999,0.966,0.998,0.991,0.600,True,True,4,visible,18,0,,3,False,0.000,"[201, 214, 235]"
253,8.433,5,0.992,0.982,0.944,0.921,0.518,0.998,0.996,0.999,0.999,1.000,True,True,4,visible,61,0,,1,False,0.000,[188]
253,8.433,8,0.892,0.953,0.627,0.886,0.066,0.837,0.638,0.103,0.072,0.800,True,True,2,visible,65,0,,1,False,0.000,[103]
253,8.433,17,0.818,0.880,0.458,0.829,0.100,0.977,0.873,0.929,0.834,0.800,True,True,4,visible,17,0,,0,False,0.000,[]
253,8.433,21,0.674,0.750,0.223,0.766,0.037,0.873,0.758,0.508,0.425,0.600,True,True,4,visible,4,0,,0,False,0.000,[]
253,8.433,19,0.011,0.014,0.007,0.042,0.013,0.171,0.066,0.827,0.729,0.000,False,True,2,uncertain,0,0,,0,False,0.000,[]
253,8.433,13,0.690,0.655,0.268,0.900,0.285,0.971,0.978,0.926,0.947,0.600,True,True,4,visible,36,0,,1,False,0.000,[193]
254,8.467,1,0.588,0.745,0.035,0.983,0.080,0.999,0.966,0.998,0.991,0.600,True,True,4,visible,19,0,,3,False,0.000,"[201, 214, 235]"
254,8.467,5,0.992,0.982,0.944,0.921,0.516,0.998,0.996,0.999,0.999,1.000,True,True,4,visible,62,0,,1,False,0.000,[188]
254,8.467,8,0.893,0.953,0.629,0.886,0.067,0.838,0.639,0.103,0.072,0.800,True,True,2,visible,66,0,,1,False,0.000,[103]
254,8.467,17,0.817,0.879,0.456,0.829,0.099,0.977,0.872,0.929,0.834,0.800,True,True,4,visible,18,0,,0,False,0.000,[]
254,8.467,21,0.674,0.750,0.223,0.766,0.037,0.873,0.758,0.508,0.424,0.600,True,True,4,visible,5,0,,0,False,0.000,[]
254,8.467,19,0.011,0.014,0.006,0.042,0.012,0.170,0.066,0.830,0.732,0.000,False,True,2,uncertain,0,0,,0,False,0.000,[]
254,8.467,13,0.690,0.655,0.267,0.900,0.284,0.971,0.978,0.926,0.947,0.600,True,True,4,visible,37,0,,1,False,0.000,[193]
255,8.500,1,0.588,0.745,0.035,0.983,0.080,0.999,0.966,0.998,0.991,0.600,True,True,4,visible,20,0,,3,False,0.000,"[201, 214, 235]"
255,8.500,5,0.992,0.982,0.944,0.921,0.516,0.998,0.996,0.999,0.999,1.000,True,True,4,visible,63,0,,1,False,0.000,[188]
255,8.500,8,0.893,0.953,0.629,0.886,0.067,0.838,0.639,0.103,0.072,0.800,True,True,2,visible,67,0,,1,False,0.000,[103]
255,8.500,17,0.817,0.879,0.456,0.829,0.099,0.977,0.872,0.929,0.834,0.800,True,True,4,visible,19,0,,0,False,0.000,[]
255,8.500,21,0.674,0.750,0.223,0.766,0.037,0.873,0.758,0.508,0.424,0.600,True,True,4,visible,6,0,,0,False,0.000,[]
255,8.500,19,0.011,0.014,0.006,0.042,0.012,0.170,0.066,0.830,0.732,0.000,False,True,2,uncertain,0,0,,0,False,0.000,[]
255,8.500,13,0.690,0.655,0.267,0.900,0.284,0.971,0.978,0.926,0.947,0.600,True,True,4,visible,38,0,,1,False,0.000,[193]
256,8.533,1,0.588,0.745,0.035,0.983,0.080,0.999,0.966,0.998,0.991,0.600,True,True,4,visible,21,0,,3,False,0.000,"[201, 214, 235]"
256,8.533,5,0.992,0.982,0.944,0.921,0.516,0.998,0.996,0.999,0.999,1.000,True,True,4,visible,64,0,,1,False,0.000,[188]
256,8.533,8,0.893,0.953,0.629,0.886,0.067,0.838,0.639,0.103,0.072,0.800,True,True,2,visible,68,0,,1,False,0.000,[103]
256,8.533,17,0.817,0.879,0.456,0.829,0.099,0.977,0.872,0.929,0.834,0.800,True,True,4,visible,20,0,,0,False,0.000,[]
256,8.533,21,0.674,0.750,0.223,0.766,0.037,0.873,0.758,0.508,0.424,0.600,True,True,4,visible,7,0,,0,False,0.000,[]
256,8.533,19,0.011,0.014,0.006,0.042,0.012,0.170,0.066,0.830,0.732,0.000,False,True,2,uncertain,0,0,,0,False,0.000,[]
256,8.533,13,0.690,0.655,0.267,0.900,0.284,0.971,0.978,0.926,0.947,0.600,True,True,4,visible,39,0,,1,False,0.000,[193]
257,8.567,1,0.475,0.613,0.027,0.974,0.109,0.998,0.963,0.996,0.985,0.600,True,True,4,visible,22,0,,3,False,0.000,"[201, 214, 235]"
257,8.567,5,0.989,0.982,0.910,0.939,0.370,0.997,0.994,0.999,0.998,0.800,True,True,4,visible,65,0,,1,False,0.000,[188]
257,8.567,8,0.879,0.946,0.377,0.938,0.028,0.920,0.739,0.167,0.105,0.600,True,True,2,visible,69,0,,1,False,0.000,[103]
257,8.567,13,0.758,0.750,0.299,0.927,0.273,0.977,0.979,0.915,0.930,0.600,True,True,4,visible,40,0,,1,False,0.000,[193]
257,8.567,18,0.521,0.651,0.040,0.927,0.019,0.971,0.888,0.896,0.807,0.600,True,True,4,visible,4,0,,0,False,0.000,[]
258,8.600,1,0.475,0.613,0.027,0.974,0.109,0.998,0.963,0.996,0.985,0.600,True,True,4,visible,23,0,,3,False,0.000,"[201, 214, 235]"
258,8.600,5,0.989,0.982,0.910,0.939,0.370,0.997,0.994,0.999,0.998,0.800,True,True,4,visible,66,0,,1,False,0.000,[188]
258,8.600,8,0.879,0.946,0.377,0.938,0.028,0.920,0.739,0.167,0.105,0.600,True,True,2,visible,70,0,,1,False,0.000,[103]
258,8.600,13,0.758,0.750,0.298,0.927,0.273,0.977,0.979,0.915,0.930,0.600,True,True,4,visible,41,0,,1,False,0.000,[193]
258,8.600,18,0.521,0.651,0.040,0.927,0.019,0.971,0.888,0.896,0.807,0.600,True,True,4,visible,5,0,,0,False,0.000,[]
259,8.633,1,0.475,0.613,0.027,0.974,0.109,0.998,0.963,0.996,0.985,0.600,True,True,4,visible,24,0,,3,False,0.000,"[201, 214, 235]"
259,8.633,5,0.989,0.982,0.910,0.939,0.370,0.997,0.994,0.999,0.998,0.800,True,True,4,visible,67,0,,1,False,0.000,[188]
259,8.633,8,0.879,0.946,0.377,0.938,0.028,0.920,0.739,0.167,0.105,0.600,True,True,2,visible,71,0,,1,False,0.000,[103]
259,8.633,13,0.758,0.750,0.298,0.927,0.273,0.977,0.979,0.915,0.930,0.600,True,True,4,visible,42,0,,1,False,0.000,[193]
259,8.633,18,0.521,0.651,0.040,0.927,0.019,0.971,0.888,0.896,0.807,0.600,True,True,4,visible,6,0,,0,False,0.000,[]
260,8.667,1,0.475,0.613,0.027,0.974,0.109,0.998,0.963,0.996,0.985,0.600,True,True,4,visible,25,0,,3,False,0.000,"[201, 214, 235]"
260,8.667,5,0.989,0.982,0.910,0.939,0.370,0.997,0.994,0.999,0.998,0.800,True,True,4,visible,68,0,,1,False,0.000,[188]
260,8.667,8,0.879,0.946,0.377,0.938,0.028,0.920,0.739,0.167,0.105,0.600,True,True,2,visible,72,0,,1,False,0.000,[103]
260,8.667,13,0.758,0.750,0.298,0.927,0.273,0.977,0.979,0.915,0.930,0.600,True,True,4,visible,43,0,,1,False,0.000,[193]
260,8.667,18,0.521,0.651,0.040,0.927,0.019,0.971,0.888,0.896,0.807,0.600,True,True,4,visible,7,0,,0,False,0.000,[]
261,8.700,1,0.710,0.834,0.056,0.979,0.059,0.998,0.946,0.997,0.985,0.600,True,True,4,visible,26,0,,3,False,0.000,"[201, 214, 235]"
261,8.700,5,0.987,0.983,0.885,0.950,0.288,0.998,0.990,0.999,0.997,0.800,True,True,4,visible,69,0,,1,False,0.000,[188]
261,8.700,8,0.862,0.939,0.325,0.929,0.020,0.842,0.642,0.095,0.069,0.600,True,True,2,visible,73,0,,1,False,0.000,[103]
261,8.700,18,0.701,0.800,0.074,0.962,0.032,0.980,0.923,0.869,0.766,0.600,True,True,4,visible,8,0,,0,False,0.000,[]
261,8.700,19,0.000,0.000,0.000,0.004,0.008,0.036,0.053,0.884,0.905,0.000,False,True,2,uncertain,0,0,,0,False,0.000,[]
262,8.733,1,0.710,0.835,0.056,0.979,0.059,0.998,0.946,0.997,0.985,0.600,True,True,4,visible,27,0,,3,False,0.000,"[201, 214, 235]"
262,8.733,5,0.987,0.983,0.885,0.950,0.286,0.998,0.989,0.999,0.997,0.800,True,True,4,visible,70,0,,1,False,0.000,[188]
262,8.733,8,0.862,0.939,0.324,0.929,0.019,0.842,0.643,0.096,0.070,0.600,True,True,2,visible,74,0,,1,False,0.000,[103]
262,8.733,18,0.701,0.800,0.073,0.962,0.032,0.980,0.923,0.870,0.767,0.600,True,True,4,visible,9,0,,0,False,0.000,[]
262,8.733,22,0.541,0.545,0.123,0.826,0.065,0.920,0.915,0.924,0.924,0.600,True,True,4,uncertain,1,0,,0,False,0.000,[]
262,8.733,23,0.935,0.951,0.750,0.892,0.227,0.979,0.939,0.786,0.664,0.800,True,True,4,uncertain,1,0,,0,False,0.000,[]
262,8.733,19,0.000,0.000,0.000,0.004,0.008,0.036,0.052,0.882,0.903,0.000,False,True,2,uncertain,0,0,,0,False,0.000,[]
263,8.767,1,0.710,0.835,0.056,0.979,0.059,0.998,0.946,0.997,0.985,0.600,True,True,4,visible,28,0,,3,False,0.000,"[201, 214, 235]"
263,8.767,5,0.987,0.983,0.885,0.950,0.286,0.998,0.989,0.999,0.997,0.800,True,True,4,visible,71,0,,1,False,0.000,[188]
263,8.767,8,0.862,0.939,0.324,0.929,0.019,0.842,0.643,0.096,0.070,0.600,True,True,2,visible,75,0,,1,False,0.000,[103]
263,8.767,18,0.701,0.800,0.073,0.962,0.032,0.980,0.923,0.870,0.767,0.600,True,True,4,visible,10,0,,0,False,0.000,[]
263,8.767,22,0.541,0.545,0.123,0.826,0.065,0.920,0.915,0.924,0.924,0.600,True,True,4,uncertain,2,0,,0,False,0.000,[]
263,8.767,23,0.935,0.951,0.750,0.892,0.227,0.979,0.939,0.786,0.664,0.800,True,True,4,uncertain,2,0,,0,False,0.000,[]
263,8.767,19,0.000,0.000,0.000,0.004,0.008,0.036,0.052,0.882,0.903,0.000,False,True,2,uncertain,0,0,,0,False,0.000,[]
264,8.800,1,0.710,0.835,0.056,0.979,0.059,0.998,0.946,0.997,0.985,0.600,True,True,4,visible,29,0,,3,False,0.000,"[201, 214, 235]"
264,8.800,5,0.987,0.983,0.885,0.950,0.286,0.998,0.989,0.999,0.997,0.800,True,True,4,visible,72,0,,1,False,0.000,[188]
264,8.800,8,0.862,0.939,0.324,0.929,0.019,0.842,0.643,0.096,0.070,0.600,True,True,2,visible,76,0,,1,False,0.000,[103]
264,8.800,18,0.701,0.800,0.073,0.962,0.032,0.980,0.923,0.870,0.767,0.600,True,True,4,visible,11,0,,0,False,0.000,[]
264,8.800,22,0.541,0.545,0.123,0.826,0.065,0.920,0.915,0.924,0.924,0.600,True,True,4,visible,3,0,,0,False,0.000,[]
264,8.800,23,0.935,0.951,0.750,0.892,0.227,0.979,0.939,0.786,0.664,0.800,True,True,4,visible,3,0,,0,False,0.000,[]
264,8.800,19,0.000,0.000,0.000,0.004,0.008,0.036,0.052,0.882,0.903,0.000,False,True,2,uncertain,0,0,,0,False,0.000,[]
265,8.833,1,0.710,0.835,0.056,0.979,0.059,0.998,0.946,0.997,0.985,0.600,True,True,4,visible,30,0,,3,False,0.000,"[201, 214, 235]"
265,8.833,5,0.987,0.983,0.885,0.950,0.286,0.998,0.989,0.999,0.997,0.800,True,True,4,visible,73,0,,1,False,0.000,[188]
265,8.833,8,0.862,0.939,0.324,0.929,0.019,0.842,0.643,0.096,0.070,0.600,True,True,2,visible,77,0,,1,False,0.000,[103]
265,8.833,18,0.701,0.800,0.073,0.962,0.032,0.980,0.923,0.870,0.767,0.600,True,True,4,visible,12,0,,0,False,0.000,[]
265,8.833,22,0.541,0.545,0.123,0.826,0.065,0.920,0.915,0.924,0.924,0.600,True,True,4,visible,4,0,,0,False,0.000,[]
265,8.833,23,0.935,0.951,0.750,0.892,0.227,0.979,0.939,0.786,0.664,0.800,True,True,4,visible,4,0,,0,False,0.000,[]
265,8.833,19,0.000,0.000,0.000,0.004,0.008,0.036,0.052,0.882,0.903,0.000,False,True,2,uncertain,0,0,,0,False,0.000,[]
266,8.867,1,0.454,0.608,0.020,0.974,0.077,0.998,0.954,0.997,0.986,0.600,True,True,4,visible,31,0,,3,False,0.000,"[201, 214, 235]"
266,8.867,5,0.987,0.985,0.848,0.966,0.203,0.999,0.991,1.000,0.999,0.800,True,True,4,visible,74,0,,1,False,0.000,[188]
266,8.867,8,0.709,0.851,0.137,0.908,0.013,0.837,0.606,0.132,0.091,0.600,True,True,2,visible,78,0,,1,False,0.000,[103]
266,8.867,22,0.548,0.526,0.143,0.917,0.204,0.981,0.978,0.987,0.987,0.600,True,True,4,visible,5,0,,0,False,0.000,[]
266,8.867,19,0.001,0.000,0.001,0.016,0.026,0.065,0.107,0.807,0.857,0.000,False,True,2,uncertain,0,0,,0,False,0.000,[]
266,8.867,17,0.899,0.941,0.603,0.897,0.126,0.982,0.893,0.899,0.771,0.800,True,True,4,visible,21,0,,0,False,0.000,[]
267,8.900,1,0.456,0.610,0.020,0.974,0.076,0.998,0.954,0.997,0.986,0.600,True,True,4,visible,32,0,,3,False,0.000,"[201, 214, 235]"
267,8.900,5,0.987,0.985,0.848,0.966,0.203,0.999,0.991,1.000,0.999,0.800,True,True,4,visible,75,0,,1,False,0.000,[188]
267,8.900,8,0.709,0.851,0.137,0.908,0.013,0.837,0.606,0.132,0.091,0.600,True,True,2,visible,79,0,,1,False,0.000,[103]
267,8.900,22,0.548,0.526,0.143,0.917,0.204,0.981,0.978,0.987,0.987,0.600,True,True,4,visible,6,0,,0,False,0.000,[]
267,8.900,19,0.001,0.000,0.001,0.015,0.026,0.062,0.103,0.803,0.854,0.000,False,True,2,uncertain,0,0,,0,False,0.000,[]
267,8.900,17,0.899,0.941,0.603,0.897,0.126,0.982,0.893,0.899,0.771,0.800,True,True,4,visible,22,0,,0,False,0.000,[]
268,8.933,1,0.456,0.610,0.020,0.974,0.076,0.998,0.954,0.997,0.986,0.600,True,True,4,visible,33,0,,3,False,0.000,"[201, 214, 235]"
268,8.933,5,0.987,0.985,0.848,0.966,0.203,0.999,0.991,1.000,0.999,0.800,True,True,4,visible,76,0,,1,False,0.000,[188]
268,8.933,8,0.709,0.851,0.137,0.908,0.013,0.837,0.606,0.132,0.091,0.600,True,True,2,visible,80,0,,1,False,0.000,[103]
268,8.933,22,0.548,0.526,0.143,0.917,0.204,0.981,0.978,0.987,0.987,0.600,True,True,4,visible,7,0,,0,False,0.000,[]
268,8.933,19,0.001,0.000,0.001,0.015,0.026,0.062,0.103,0.803,0.854,0.000,False,True,2,uncertain,0,0,,0,False,0.000,[]
268,8.933,17,0.899,0.941,0.603,0.897,0.126,0.982,0.893,0.899,0.771,0.800,True,True,4,visible,23,0,,0,False,0.000,[]
269,8.967,1,0.456,0.610,0.020,0.974,0.076,0.998,0.954,0.997,0.986,0.600,True,True,4,visible,34,0,,3,False,0.000,"[201, 214, 235]"
269,8.967,5,0.987,0.985,0.848,0.966,0.203,0.999,0.991,1.000,0.999,0.800,True,True,4,visible,77,0,,1,False,0.000,[188]
269,8.967,8,0.709,0.851,0.137,0.908,0.013,0.837,0.606,0.132,0.091,0.600,True,True,2,visible,81,0,,1,False,0.000,[103]
269,8.967,22,0.548,0.526,0.143,0.917,0.204,0.981,0.978,0.987,0.987,0.600,True,True,4,visible,8,0,,0,False,0.000,[]
269,8.967,19,0.001,0.000,0.001,0.015,0.026,0.062,0.103,0.803,0.854,0.000,False,True,2,uncertain,0,0,,0,False,0.000,[]
269,8.967,17,0.899,0.941,0.603,0.897,0.126,0.982,0.893,0.899,0.771,0.800,True,True,4,visible,24,0,,0,False,0.000,[]
270,9.000,1,0.549,0.777,0.024,0.984,0.025,0.998,0.908,0.998,0.989,0.600,True,True,4,visible,35,0,,3,False,0.000,"[201, 214, 235]"
270,9.000,5,0.985,0.986,0.833,0.965,0.184,0.998,0.985,0.999,0.997,0.800,True,True,4,visible,78,0,,1,False,0.000,[188]
270,9.000,22,0.848,0.817,0.473,0.855,0.158,0.956,0.969,0.981,0.984,0.800,True,True,4,visible,9,0,,0,False,0.000,[]
270,9.000,19,0.002,0.002,0.002,0.005,0.005,0.017,0.020,0.664,0.693,0.000,False,True,2,uncertain,0,0,,0,False,0.000,[]
270,9.000,21,0.829,0.868,0.418,0.849,0.083,0.947,0.881,0.658,0.561,0.800,True,True,4,visible,8,0,,0,False,0.000,[]
270,9.000,18,0.456,0.576,0.043,0.957,0.064,0.981,0.919,0.876,0.767,0.600,True,True,4,visible,13,0,,0,False,0.000,[]
271,9.033,1,0.549,0.777,0.024,0.984,0.025,0.998,0.908,0.998,0.989,0.600,True,True,4,visible,36,0,,3,False,0.000,"[201, 214, 235]"
271,9.033,5,0.985,0.986,0.833,0.965,0.184,0.998,0.985,0.999,0.997,0.800,True,True,4,visible,79,0,,1,False,0.000,[188]
271,9.033,22,0.848,0.817,0.473,0.855,0.158,0.956,0.969,0.981,0.984,0.800,True,True,4,visible,10,0,,0,False,0.000,[]
271,9.033,19,0.002,0.002,0.002,0.005,0.005,0.017,0.020,0.664,0.693,0.000,False,True,2,uncertain,0,0,,0,False,0.000,[]
271,9.033,21,0.829,0.868,0.418,0.849,0.083,0.947,0.881,0.658,0.561,0.800,True,True,4,visible,9,0,,0,False,0.000,[]
271,9.033,18,0.456,0.576,0.043,0.957,0.064,0.981,0.919,0.876,0.767,0.600,True,True,4,visible,14,0,,0,False,0.000,[]
272,9.067,1,0.549,0.777,0.024,0.984,0.025,0.998,0.908,0.998,0.989,0.600,True,True,4,visible,37,0,,3,False,0.000,"[201, 214, 235]"
272,9.067,5,0.985,0.986,0.833,0.965,0.184,0.998,0.985,0.999,0.997,0.800,True,True,4,visible,80,0,,1,False,0.000,[188]
272,9.067,22,0.848,0.817,0.473,0.855,0.158,0.956,0.969,0.981,0.984,0.800,True,True,4,visible,11,0,,0,False,0.000,[]
272,9.067,19,0.002,0.002,0.002,0.005,0.005,0.017,0.020,0.664,0.693,0.000,False,True,2,uncertain,0,0,,0,False,0.000,[]
272,9.067,21,0.829,0.868,0.418,0.849,0.083,0.947,0.881,0.658,0.561,0.800,True,True,4,visible,10,0,,0,False,0.000,[]
272,9.067,18,0.456,0.576,0.043,0.957,0.064,0.981,0.919,0.876,0.767,0.600,True,True,4,visible,15,0,,0,False,0.000,[]
273,9.100,1,0.549,0.777,0.024,0.984,0.025,0.998,0.908,0.998,0.989,0.600,True,True,4,visible,38,0,,3,False,0.000,"[201, 214, 235]"
273,9.100,5,0.985,0.986,0.833,0.965,0.184,0.998,0.985,0.999,0.997,0.800,True,True,4,visible,81,0,,1,False,0.000,[188]
273,9.100,22,0.848,0.817,0.473,0.855,0.158,0.956,0.969,0.981,0.984,0.800,True,True,4,visible,12,0,,0,False,0.000,[]
273,9.100,19,0.002,0.002,0.002,0.005,0.005,0.017,0.020,0.664,0.693,0.000,False,True,2,uncertain,0,0,,0,False,0.000,[]
273,9.100,21,0.829,0.868,0.418,0.849,0.083,0.947,0.881,0.658,0.561,0.800,True,True,4,visible,11,0,,0,False,0.000,[]
273,9.100,18,0.456,0.576,0.043,0.957,0.064,0.981,0.919,0.876,0.767,0.600,True,True,4,visible,16,0,,0,False,0.000,[]
274,9.133,1,0.468,0.708,0.018,0.984,0.029,0.999,0.931,0.999,0.992,0.600,True,True,4,visible,39,0,,3,False,0.000,"[201, 214, 235]"
274,9.133,5,0.985,0.988,0.789,0.978,0.121,0.999,0.985,1.000,0.998,0.800,True,True,4,visible,82,0,,1,False,0.000,[188]
274,9.133,22,0.856,0.847,0.451,0.820,0.137,0.939,0.948,0.973,0.972,0.800,True,True,4,visible,13,0,,0,False,0.000,[]
274,9.133,19,0.002,0.003,0.001,0.011,0.004,0.025,0.016,0.592,0.535,0.000,False,True,2,uncertain,0,0,,0,False,0.000,[]
274,9.133,18,0.502,0.613,0.055,0.956,0.076,0.983,0.925,0.890,0.786,0.600,True,True,4,visible,17,0,,0,False,0.000,[]
275,9.167,1,0.491,0.731,0.020,0.985,0.028,0.999,0.928,0.999,0.991,0.600,True,True,4,visible,40,0,,3,False,0.000,"[201, 214, 235]"
275,9.167,5,0.985,0.988,0.788,0.978,0.120,0.999,0.985,1.000,0.998,0.800,True,True,4,visible,83,0,,1,False,0.000,[188]
275,9.167,22,0.856,0.847,0.451,0.820,0.137,0.939,0.948,0.973,0.972,0.800,True,True,4,visible,14,0,,0,False,0.000,[]
275,9.167,19,0.002,0.003,0.001,0.010,0.004,0.025,0.016,0.593,0.540,0.000,False,True,2,uncertain,0,0,,0,False,0.000,[]
275,9.167,17,0.834,0.902,0.473,0.861,0.086,0.981,0.854,0.934,0.823,0.800,True,True,4,visible,25,0,,0,False,0.000,[]
276,9.200,1,0.491,0.731,0.020,0.985,0.028,0.999,0.928,0.999,0.991,0.600,True,True,4,visible,41,0,,3,False,0.000,"[201, 214, 235]"
276,9.200,5,0.985,0.988,0.788,0.978,0.120,0.999,0.985,1.000,0.998,0.800,True,True,4,visible,84,0,,1,False,0.000,[188]
276,9.200,22,0.856,0.847,0.451,0.820,0.137,0.939,0.948,0.973,0.972,0.800,True,True,4,visible,15,0,,0,False,0.000,[]
276,9.200,19,0.002,0.003,0.001,0.010,0.004,0.025,0.016,0.593,0.540,0.000,False,True,2,uncertain,0,0,,0,False,0.000,[]
276,9.200,17,0.834,0.902,0.473,0.861,0.086,0.981,0.854,0.934,0.823,0.800,True,True,4,visible,26,0,,0,False,0.000,[]
277,9.233,1,0.491,0.731,0.020,0.985,0.028,0.999,0.928,0.999,0.991,0.600,True,True,4,visible,42,0,,3,False,0.000,"[201, 214, 235]"
277,9.233,5,0.985,0.988,0.788,0.978,0.120,0.999,0.985,1.000,0.998,0.800,True,True,4,visible,85,0,,1,False,0.000,[188]
277,9.233,22,0.856,0.847,0.451,0.820,0.137,0.939,0.948,0.973,0.972,0.800,True,True,4,visible,16,0,,0,False,0.000,[]
277,9.233,19,0.002,0.003,0.001,0.010,0.004,0.025,0.016,0.593,0.540,0.000,False,True,2,uncertain,0,0,,0,False,0.000,[]
277,9.233,17,0.834,0.902,0.473,0.861,0.086,0.981,0.854,0.934,0.823,0.800,True,True,4,visible,27,0,,0,False,0.000,[]
278,9.267,1,0.491,0.731,0.020,0.985,0.028,0.999,0.928,0.999,0.991,0.600,True,True,4,visible,43,0,,3,False,0.000,"[201, 214, 235]"
278,9.267,5,0.985,0.988,0.788,0.978,0.120,0.999,0.985,1.000,0.998,0.800,True,True,4,visible,86,0,,1,False,0.000,[188]
278,9.267,22,0.856,0.847,0.451,0.820,0.137,0.939,0.948,0.973,0.972,0.800,True,True,4,visible,17,0,,0,False,0.000,[]
278,9.267,19,0.002,0.003,0.001,0.010,0.004,0.025,0.016,0.593,0.540,0.000,False,True,2,uncertain,0,0,,0,False,0.000,[]
278,9.267,17,0.834,0.902,0.473,0.861,0.086,0.981,0.854,0.934,0.823,0.800,True,True,4,visible,28,0,,0,False,0.000,[]
279,9.300,1,0.387,0.430,0.036,0.893,0.108,0.992,0.937,0.994,0.984,0.400,True,True,4,visible,44,0,,3,False,0.000,"[201, 214, 235]"
279,9.300,5,0.985,0.988,0.824,0.974,0.153,0.998,0.981,0.999,0.996,0.800,True,True,4,visible,87,0,,1,False,0.000,[188]
279,9.300,13,0.803,0.786,0.433,0.887,0.264,0.950,0.962,0.913,0.929,0.800,True,True,4,visible,44,0,,1,False,0.000,[193]
279,9.300,18,0.329,0.506,0.028,0.962,0.064,0.981,0.884,0.965,0.912,0.400,True,True,4,visible,18,0,,0,False,0.000,[]
280,9.333,1,0.388,0.431,0.036,0.894,0.108,0.992,0.938,0.994,0.985,0.400,True,True,4,visible,45,0,,3,False,0.000,"[201, 214, 235]"
280,9.333,5,0.985,0.988,0.824,0.974,0.153,0.998,0.981,0.999,0.996,0.800,True,True,4,visible,88,0,,1,False,0.000,[188]
280,9.333,13,0.803,0.786,0.433,0.887,0.264,0.950,0.962,0.913,0.929,0.800,True,True,4,visible,45,0,,1,False,0.000,[193]
280,9.333,18,0.329,0.505,0.028,0.962,0.064,0.981,0.884,0.964,0.911,0.400,True,True,4,visible,19,0,,0,False,0.000,[]
281,9.367,1,0.388,0.431,0.036,0.894,0.108,0.992,0.938,0.994,0.985,0.400,True,True,4,visible,46,0,,3,False,0.000,"[201, 214, 235]"
281,9.367,5,0.985,0.988,0.824,0.974,0.153,0.998,0.981,0.999,0.996,0.800,True,True,4,visible,89,0,,1,False,0.000,[188]
281,9.367,13,0.803,0.786,0.433,0.887,0.264,0.950,0.962,0.913,0.929,0.800,True,True,4,visible,46,0,,1,False,0.000,[193]
281,9.367,18,0.329,0.505,0.028,0.962,0.064,0.981,0.884,0.964,0.911,0.400,True,True,4,visible,20,0,,0,False,0.000,[]
282,9.400,1,0.388,0.431,0.036,0.894,0.108,0.992,0.938,0.994,0.985,0.400,True,True,4,visible,47,0,,3,False,0.000,"[201, 214, 235]"
282,9.400,5,0.985,0.988,0.824,0.974,0.153,0.998,0.981,0.999,0.996,0.800,True,True,4,visible,90,0,,1,False,0.000,[188]
282,9.400,13,0.803,0.786,0.433,0.887,0.264,0.950,0.962,0.913,0.929,0.800,True,True,4,visible,47,0,,1,False,0.000,[193]
282,9.400,18,0.329,0.505,0.028,0.962,0.064,0.981,0.884,0.964,0.911,0.400,True,True,4,visible,21,0,,0,False,0.000,[]
283,9.433,5,0.984,0.988,0.836,0.971,0.168,0.998,0.976,0.999,0.996,0.800,True,True,4,visible,91,0,,1,False,0.000,[188]
283,9.433,13,0.791,0.783,0.407,0.890,0.255,0.950,0.960,0.926,0.937,0.800,True,True,4,visible,48,0,,1,False,0.000,[193]
283,9.433,18,0.272,0.447,0.020,0.971,0.071,0.980,0.891,0.950,0.886,0.400,True,True,4,visible,22,0,,0,False,0.000,[]
284,9.467,5,0.984,0.988,0.835,0.971,0.168,0.998,0.976,0.999,0.996,0.800,True,True,4,visible,92,0,,1,False,0.000,[188]
284,9.467,13,0.792,0.784,0.408,0.890,0.255,0.951,0.960,0.928,0.938,0.800,True,True,4,visible,49,0,,1,False,0.000,[193]
284,9.467,18,0.272,0.447,0.020,0.971,0.071,0.980,0.891,0.950,0.886,0.400,True,True,4,visible,23,0,,0,False,0.000,[]
285,9.500,5,0.984,0.988,0.835,0.971,0.168,0.998,0.976,0.999,0.996,0.800,True,True,4,visible,93,0,,1,False,0.000,[188]
285,9.500,13,0.792,0.784,0.408,0.890,0.255,0.951,0.960,0.928,0.938,0.800,True,True,4,visible,50,0,,1,False,0.000,[193]
285,9.500,18,0.272,0.447,0.020,0.971,0.071,0.980,0.891,0.950,0.886,0.400,True,True,4,visible,24,0,,0,False,0.000,[]
286,9.533,5,0.984,0.988,0.835,0.971,0.168,0.998,0.976,0.999,0.996,0.800,True,True,4,visible,94,0,,1,False,0.000,[188]
286,9.533,13,0.792,0.784,0.408,0.890,0.255,0.951,0.960,0.928,0.938,0.800,True,True,4,visible,51,0,,1,False,0.000,[193]
286,9.533,18,0.272,0.447,0.020,0.971,0.071,0.980,0.891,0.950,0.886,0.400,True,True,4,visible,25,0,,0,False,0.000,[]
287,9.567,5,0.981,0.988,0.784,0.973,0.116,0.997,0.960,0.998,0.994,0.800,True,True,4,visible,95,0,,1,False,0.000,[188]
287,9.567,18,0.497,0.643,0.048,0.979,0.106,0.990,0.956,0.879,0.772,0.600,True,True,4,visible,26,0,,0,False,0.000,[]
287,9.567,22,0.741,0.695,0.255,0.836,0.130,0.975,0.970,0.993,0.991,0.600,True,True,4,visible,18,0,,0,False,0.000,[]
288,9.600,5,0.981,0.988,0.784,0.973,0.116,0.997,0.960,0.998,0.994,0.800,True,True,4,visible,96,0,,1,False,0.000,[188]
288,9.600,18,0.497,0.643,0.048,0.979,0.106,0.990,0.956,0.879,0.771,0.600,True,True,4,visible,27,0,,0,False,0.000,[]
288,9.600,22,0.742,0.696,0.256,0.836,0.130,0.975,0.970,0.993,0.991,0.600,True,True,4,visible,19,0,,0,False,0.000,[]
289,9.633,5,0.981,0.988,0.784,0.973,0.116,0.997,0.960,0.998,0.994,0.800,True,True,4,visible,97,0,,1,False,0.000,[188]
289,9.633,18,0.497,0.643,0.048,0.979,0.106,0.990,0.956,0.879,0.771,0.600,True,True,4,visible,28,0,,0,False,0.000,[]
289,9.633,22,0.742,0.696,0.256,0.836,0.130,0.975,0.970,0.993,0.991,0.600,True,True,4,visible,20,0,,0,False,0.000,[]
290,9.667,5,0.981,0.988,0.784,0.973,0.116,0.997,0.960,0.998,0.994,0.800,True,True,4,visible,98,0,,1,False,0.000,[188]
290,9.667,18,0.497,0.643,0.048,0.979,0.106,0.990,0.956,0.879,0.771,0.600,True,True,4,visible,29,0,,0,False,0.000,[]
290,9.667,22,0.742,0.696,0.256,0.836,0.130,0.975,0.970,0.993,0.991,0.600,True,True,4,visible,21,0,,0,False,0.000,[]
291,9.700,5,0.981,0.988,0.764,0.977,0.106,0.998,0.967,0.999,0.996,0.800,True,True,4,visible,99,0,,1,False,0.000,[188]
291,9.700,18,0.465,0.585,0.110,0.939,0.294,0.977,0.904,0.931,0.869,0.600,True,True,4,visible,30,0,,0,False,0.000,[]
291,9.700,22,0.687,0.612,0.253,0.876,0.242,0.974,0.981,0.975,0.980,0.600,True,True,4,visible,22,0,,0,False,0.000,[]
291,9.700,17,0.914,0.948,0.623,0.911,0.122,0.982,0.890,0.869,0.723,0.800,True,True,4,visible,29,0,,0,False,0.000,[]
292,9.733,5,0.981,0.989,0.764,0.977,0.106,0.998,0.967,0.999,0.996,0.800,True,True,4,visible,100,0,,1,False,0.000,[188]
292,9.733,18,0.465,0.585,0.110,0.939,0.294,0.977,0.904,0.931,0.870,0.600,True,True,4,visible,31,0,,0,False,0.000,[]
292,9.733,22,0.687,0.612,0.253,0.876,0.242,0.974,0.981,0.975,0.980,0.600,True,True,4,visible,23,0,,0,False,0.000,[]
292,9.733,17,0.914,0.948,0.622,0.911,0.122,0.982,0.890,0.869,0.723,0.800,True,True,4,visible,30,0,,0,False,0.000,[]
293,9.767,5,0.981,0.989,0.764,0.977,0.106,0.998,0.967,0.999,0.996,0.800,True,True,4,visible,101,0,,1,False,0.000,[188]
293,9.767,18,0.465,0.585,0.110,0.939,0.294,0.977,0.904,0.931,0.870,0.600,True,True,4,visible,32,0,,0,False,0.000,[]
293,9.767,22,0.687,0.612,0.253,0.876,0.242,0.974,0.981,0.975,0.980,0.600,True,True,4,visible,24,0,,0,False,0.000,[]
293,9.767,17,0.914,0.948,0.622,0.911,0.122,0.982,0.890,0.869,0.723,0.800,True,True,4,visible,31,0,,0,False,0.000,[]
294,9.800,5,0.981,0.989,0.764,0.977,0.106,0.998,0.967,0.999,0.996,0.800,True,True,4,visible,102,0,,1,False,0.000,[188]
294,9.800,18,0.465,0.585,0.110,0.939,0.294,0.977,0.904,0.931,0.870,0.600,True,True,4,visible,33,0,,0,False,0.000,[]
294,9.800,22,0.687,0.612,0.253,0.876,0.242,0.974,0.981,0.975,0.980,0.600,True,True,4,visible,25,0,,0,False,0.000,[]
294,9.800,17,0.914,0.948,0.622,0.911,0.122,0.982,0.890,0.869,0.723,0.800,True,True,4,visible,32,0,,0,False,0.000,[]
295,9.833,5,0.981,0.989,0.764,0.977,0.106,0.998,0.967,0.999,0.996,0.800,True,True,4,visible,103,0,,1,False,0.000,[188]
295,9.833,18,0.465,0.585,0.110,0.939,0.294,0.977,0.904,0.931,0.870,0.600,True,True,4,visible,34,0,,0,False,0.000,[]
295,9.833,22,0.687,0.612,0.253,0.876,0.242,0.974,0.981,0.975,0.980,0.600,True,True,4,visible,26,0,,0,False,0.000,[]
295,9.833,17,0.914,0.948,0.622,0.911,0.122,0.982,0.890,0.869,0.723,0.800,True,True,4,visible,33,0,,0,False,0.000,[]
296,9.867,5,0.978,0.989,0.722,0.979,0.081,0.998,0.948,0.999,0.994,0.800,True,True,4,visible,104,0,,1,False,0.000,[188]
296,9.867,18,0.174,0.311,0.015,0.983,0.180,0.987,0.938,0.920,0.840,0.200,False,True,4,visible,0,1,,0,False,0.000,[]
296,9.867,22,0.602,0.515,0.182,0.870,0.229,0.977,0.984,0.982,0.985,0.600,True,True,4,visible,27,0,,0,False,0.000,[]
296,9.867,17,0.831,0.901,0.490,0.859,0.092,0.967,0.828,0.826,0.658,0.800,True,True,4,visible,34,0,,0,False,0.000,[]
297,9.900,5,0.978,0.989,0.721,0.979,0.081,0.998,0.948,0.999,0.994,0.800,True,True,4,visible,105,0,,1,False,0.000,[188]
297,9.900,18,0.174,0.311,0.015,0.983,0.180,0.987,0.938,0.920,0.840,0.200,False,True,4,visible,0,2,,0,False,0.000,[]
297,9.900,22,0.602,0.515,0.182,0.870,0.229,0.977,0.984,0.982,0.985,0.600,True,True,4,visible,28,0,,0,False,0.000,[]
297,9.900,17,0.831,0.901,0.490,0.859,0.092,0.967,0.828,0.826,0.658,0.800,True,True,4,visible,35,0,,0,False,0.000,[]
298,9.933,5,0.978,0.989,0.721,0.979,0.081,0.998,0.948,0.999,0.994,0.800,True,True,4,visible,106,0,,1,False,0.000,[188]
298,9.933,18,0.174,0.311,0.015,0.983,0.180,0.987,0.938,0.920,0.840,0.200,False,True,4,visible,0,3,,0,False,0.000,[]
298,9.933,22,0.602,0.515,0.182,0.870,0.229,0.977,0.984,0.982,0.985,0.600,True,True,4,visible,29,0,,0,False,0.000,[]
298,9.933,17,0.831,0.901,0.490,0.859,0.092,0.967,0.828,0.826,0.658,0.800,True,True,4,visible,36,0,,0,False,0.000,[]
299,9.967,5,0.978,0.989,0.721,0.979,0.081,0.998,0.948,0.999,0.994,0.800,True,True,4,visible,107,0,,1,False,0.000,[188]
299,9.967,18,0.174,0.311,0.015,0.983,0.180,0.987,0.938,0.920,0.840,0.200,False,True,4,visible,0,4,,0,False,0.000,[]
299,9.967,22,0.602,0.515,0.182,0.870,0.229,0.977,0.984,0.982,0.985,0.600,True,True,4,visible,30,0,,0,False,0.000,[]
299,9.967,17,0.831,0.901,0.490,0.859,0.092,0.967,0.828,0.826,0.658,0.800,True,True,4,visible,37,0,,0,False,0.000,[]
300,10.000,5,0.984,0.990,0.798,0.976,0.118,0.999,0.967,0.999,0.996,0.800,True,True,4,visible,108,0,,1,False,0.000,[188]
300,10.000,18,0.169,0.299,0.013,0.977,0.128,0.984,0.922,0.914,0.826,0.200,False,True,4,hidden,0,5,head_turn_away,1,False,0.000,[300]
300,10.000,22,0.873,0.816,0.486,0.847,0.202,0.974,0.983,0.978,0.983,0.800,True,True,4,visible,31,0,,0,False,0.000,[]
300,10.000,17,0.826,0.899,0.487,0.860,0.087,0.947,0.805,0.616,0.442,0.800,True,True,4,visible,38,0,,0,False,0.000,[]
301,10.033,5,0.984,0.990,0.798,0.976,0.118,0.999,0.967,0.999,0.996,0.800,True,True,4,visible,109,0,,1,False,0.000,[188]
301,10.033,18,0.169,0.299,0.013,0.977,0.128,0.984,0.922,0.914,0.826,0.200,False,True,4,hidden,0,6,,1,False,0.000,[300]
301,10.033,22,0.873,0.816,0.486,0.847,0.202,0.974,0.983,0.978,0.983,0.800,True,True,4,visible,32,0,,0,False,0.000,[]
301,10.033,17,0.826,0.899,0.487,0.860,0.087,0.947,0.805,0.616,0.442,0.800,True,True,4,visible,39,0,,0,False,0.000,[]
301,10.033,24,0.796,0.835,0.318,0.856,0.088,0.949,0.866,0.722,0.601,0.600,True,True,4,uncertain,1,0,,0,False,0.000,[]
302,10.067,5,0.984,0.990,0.798,0.976,0.118,0.999,0.967,0.999,0.996,0.800,True,True,4,visible,110,0,,1,False,0.000,[188]
302,10.067,18,0.169,0.299,0.013,0.977,0.128,0.984,0.922,0.914,0.826,0.200,False,True,4,hidden,0,7,,1,False,0.000,[300]
302,10.067,22,0.873,0.816,0.486,0.847,0.202,0.974,0.983,0.978,0.983,0.800,True,True,4,visible,33,0,,0,False,0.000,[]
302,10.067,17,0.826,0.899,0.487,0.860,0.087,0.947,0.805,0.616,0.442,0.800,True,True,4,visible,40,0,,0,False,0.000,[]
302,10.067,24,0.796,0.835,0.318,0.856,0.088,0.949,0.866,0.722,0.601,0.600,True,True,4,uncertain,2,0,,0,False,0.000,[]
303,10.100,5,0.984,0.990,0.798,0.976,0.118,0.999,0.967,0.999,0.996,0.800,True,True,4,visible,111,0,,1,False,0.000,[188]
303,10.100,18,0.169,0.299,0.013,0.977,0.128,0.984,0.922,0.914,0.826,0.200,False,True,4,hidden,0,8,,1,False,0.000,[300]
303,10.100,22,0.873,0.816,0.486,0.847,0.202,0.974,0.983,0.978,0.983,0.800,True,True,4,visible,34,0,,0,False,0.000,[]
303,10.100,17,0.826,0.899,0.487,0.860,0.087,0.947,0.805,0.616,0.442,0.800,True,True,4,visible,41,0,,0,False,0.000,[]
303,10.100,24,0.796,0.835,0.318,0.856,0.088,0.949,0.866,0.722,0.601,0.600,True,True,4,visible,3,0,,0,False,0.000,[]
304,10.133,18,0.386,0.464,0.082,0.921,0.308,0.981,0.922,0.957,0.916,0.400,True,True,4,hidden,1,0,,1,False,0.000,[300]
304,10.133,22,0.869,0.807,0.490,0.838,0.211,0.971,0.984,0.979,0.985,0.800,True,True,4,visible,35,0,,0,False,0.000,[]
304,10.133,17,0.866,0.919,0.591,0.867,0.124,0.958,0.843,0.661,0.487,0.800,True,True,4,visible,42,0,,0,False,0.000,[]
304,10.133,24,0.777,0.817,0.333,0.821,0.096,0.945,0.851,0.742,0.615,0.600,True,True,4,visible,4,0,,0,False,0.000,[]
304,10.133,1,0.985,0.988,0.756,0.965,0.080,0.999,0.964,0.999,0.997,0.800,True,True,4,visible,48,0,,3,False,0.000,"[201, 214, 235]"
305,10.167,18,0.386,0.464,0.082,0.921,0.308,0.981,0.922,0.957,0.916,0.400,True,True,4,hidden,2,0,,1,False,0.000,[300]
305,10.167,22,0.869,0.807,0.489,0.839,0.210,0.971,0.984,0.979,0.985,0.800,True,True,4,visible,36,0,,0,False,0.000,[]
305,10.167,17,0.866,0.919,0.591,0.866,0.124,0.958,0.843,0.661,0.487,0.800,True,True,4,visible,43,0,,0,False,0.000,[]
305,10.167,24,0.777,0.817,0.333,0.821,0.096,0.945,0.851,0.742,0.615,0.600,True,True,4,visible,5,0,,0,False,0.000,[]
305,10.167,25,0.353,0.100,0.224,0.047,0.223,0.725,0.960,0.871,0.955,0.000,False,True,4,uncertain,0,0,,0,False,0.000,[]
305,10.167,1,0.985,0.988,0.756,0.965,0.080,0.999,0.964,0.999,0.997,0.800,True,True,4,visible,49,0,,3,False,0.000,"[201, 214, 235]"
306,10.200,18,0.434,0.532,0.088,0.919,0.240,0.980,0.895,0.955,0.899,0.600,True,True,4,visible,3,0,,1,False,0.000,[300]
306,10.200,22,0.912,0.862,0.614,0.842,0.237,0.972,0.985,0.976,0.983,0.800,True,True,4,visible,37,0,,0,False,0.000,[]
306,10.200,24,0.785,0.821,0.444,0.763,0.141,0.940,0.839,0.711,0.575,0.800,True,True,4,visible,6,0,,0,False,0.000,[]
306,10.200,25,0.131,0.021,0.095,0.019,0.252,0.586,0.937,0.845,0.948,0.000,False,True,4,uncertain,0,0,,0,False,0.000,[]
306,10.200,1,0.985,0.987,0.760,0.964,0.083,0.999,0.964,0.999,0.997,0.800,True,True,4,visible,50,0,,3,False,0.000,"[201, 214, 235]"
307,10.233,18,0.427,0.524,0.087,0.919,0.246,0.980,0.899,0.955,0.902,0.600,True,True,4,visible,4,0,,1,False,0.000,[300]
307,10.233,22,0.915,0.865,0.625,0.837,0.235,0.970,0.985,0.976,0.984,0.800,True,True,4,visible,38,0,,0,False,0.000,[]
307,10.233,24,0.792,0.830,0.428,0.786,0.127,0.942,0.843,0.712,0.577,0.800,True,True,4,visible,7,0,,0,False,0.000,[]
307,10.233,25,0.296,0.082,0.173,0.050,0.206,0.719,0.959,0.866,0.954,0.000,False,True,4,uncertain,0,0,,0,False,0.000,[]
307,10.233,1,0.985,0.988,0.757,0.965,0.081,0.999,0.964,0.999,0.997,0.800,True,True,4,visible,51,0,,3,False,0.000,"[201, 214, 235]"
308,10.267,18,0.427,0.523,0.087,0.919,0.246,0.980,0.899,0.955,0.902,0.600,True,True,4,visible,5,0,,1,False,0.000,[300]
308,10.267,22,0.915,0.865,0.625,0.837,0.235,0.970,0.985,0.976,0.984,0.800,True,True,4,visible,39,0,,0,False,0.000,[]
308,10.267,24,0.792,0.830,0.428,0.786,0.127,0.942,0.843,0.712,0.577,0.800,True,True,4,visible,8,0,,0,False,0.000,[]
308,10.267,25,0.296,0.082,0.173,0.050,0.206,0.719,0.959,0.866,0.954,0.000,False,True,4,uncertain,0,0,,0,False,0.000,[]
308,10.267,1,0.985,0.988,0.757,0.965,0.081,0.999,0.964,0.999,0.997,0.800,True,True,4,visible,52,0,,3,False,0.000,"[201, 214, 235]"
309,10.300,18,0.585,0.651,0.160,0.889,0.211,0.973,0.875,0.946,0.884,0.600,True,True,4,visible,6,0,,1,False,0.000,[300]
309,10.300,22,0.922,0.875,0.648,0.846,0.254,0.970,0.986,0.968,0.980,0.800,True,True,4,visible,40,0,,0,False,0.000,[]
309,10.300,24,0.610,0.697,0.233,0.720,0.073,0.922,0.769,0.771,0.635,0.600,True,True,4,visible,9,0,,0,False,0.000,[]
309,10.300,25,0.967,0.914,0.925,0.674,0.570,0.890,0.990,0.859,0.955,1.000,True,True,4,uncertain,1,0,,0,False,0.000,[]
309,10.300,5,0.984,0.983,0.894,0.922,0.300,0.997,0.960,0.998,0.993,0.800,True,True,4,visible,112,0,,1,False,0.000,[188]
310,10.333,18,0.589,0.655,0.162,0.889,0.211,0.973,0.874,0.944,0.880,0.600,True,True,4,visible,7,0,,1,False,0.000,[300]
310,10.333,22,0.922,0.874,0.646,0.846,0.253,0.970,0.986,0.968,0.979,0.800,True,True,4,visible,41,0,,0,False,0.000,[]
310,10.333,24,0.613,0.701,0.232,0.725,0.072,0.922,0.770,0.767,0.630,0.600,True,True,4,visible,10,0,,0,False,0.000,[]
310,10.333,25,0.967,0.915,0.925,0.675,0.569,0.891,0.990,0.858,0.955,1.000,True,True,4,uncertain,2,0,,0,False,0.000,[]
310,10.333,5,0.984,0.983,0.895,0.920,0.303,0.997,0.959,0.998,0.993,0.800,True,True,4,visible,113,0,,1,False,0.000,[188]
311,10.367,18,0.589,0.655,0.162,0.889,0.211,0.973,0.874,0.944,0.880,0.600,True,True,4,visible,8,0,,1,False,0.000,[300]
311,10.367,22,0.922,0.874,0.646,0.846,0.253,0.970,0.986,0.968,0.979,0.800,True,True,4,visible,42,0,,0,False,0.000,[]
311,10.367,24,0.613,0.701,0.232,0.725,0.072,0.922,0.770,0.767,0.630,0.600,True,True,4,visible,11,0,,0,False,0.000,[]
311,10.367,25,0.967,0.915,0.925,0.675,0.569,0.891,0.990,0.858,0.955,1.000,True,True,4,visible,3,0,,0,False,0.000,[]
311,10.367,5,0.984,0.983,0.895,0.920,0.303,0.997,0.959,0.998,0.993,0.800,True,True,4,visible,114,0,,1,False,0.000,[188]
312,10.400,18,0.589,0.655,0.162,0.889,0.211,0.973,0.874,0.944,0.880,0.600,True,True,4,visible,9,0,,1,False,0.000,[300]
312,10.400,22,0.922,0.874,0.646,0.846,0.253,0.970,0.986,0.968,0.979,0.800,True,True,4,visible,43,0,,0,False,0.000,[]
312,10.400,24,0.613,0.701,0.232,0.725,0.072,0.922,0.770,0.767,0.630,0.600,True,True,4,visible,12,0,,0,False,0.000,[]
312,10.400,25,0.967,0.915,0.925,0.675,0.569,0.891,0.990,0.858,0.955,1.000,True,True,4,visible,4,0,,0,False,0.000,[]
312,10.400,5,0.984,0.983,0.895,0.920,0.303,0.997,0.959,0.998,0.993,0.800,True,True,4,visible,115,0,,1,False,0.000,[188]
313,10.433,18,0.225,0.346,0.018,0.960,0.097,0.978,0.897,0.916,0.826,0.200,False,True,4,visible,0,1,,1,False,0.000,[300]
313,10.433,22,0.751,0.676,0.342,0.808,0.207,0.967,0.979,0.976,0.982,0.600,True,True,4,visible,44,0,,0,False,0.000,[]
313,10.433,24,0.636,0.720,0.237,0.747,0.072,0.930,0.785,0.787,0.652,0.600,True,True,4,visible,13,0,,0,False,0.000,[]
313,10.433,25,0.434,0.261,0.284,0.182,0.234,0.769,0.941,0.827,0.921,0.200,False,True,4,visible,0,1,,0,False,0.000,[]
313,10.433,5,0.986,0.979,0.952,0.874,0.559,0.990,0.976,0.990,0.984,1.000,True,True,4,visible,116,0,,1,False,0.000,[188]
313,10.433,1,0.923,0.968,0.171,0.985,0.011,0.999,0.929,1.000,0.998,0.600,True,True,4,visible,53,0,,3,False,0.000,"[201, 214, 235]"
314,10.467,18,0.225,0.347,0.018,0.960,0.097,0.978,0.897,0.916,0.826,0.200,False,True,4,visible,0,2,,1,False,0.000,[300]
314,10.467,22,0.750,0.676,0.342,0.808,0.207,0.967,0.979,0.976,0.982,0.600,True,True,4,visible,45,0,,0,False,0.000,[]
314,10.467,24,0.636,0.720,0.237,0.747,0.072,0.930,0.785,0.786,0.651,0.600,True,True,4,visible,14,0,,0,False,0.000,[]
314,10.467,25,0.435,0.261,0.284,0.183,0.234,0.770,0.941,0.828,0.921,0.200,False,True,4,visible,0,2,,0,False,0.000,[]
314,10.467,5,0.986,0.979,0.952,0.874,0.558,0.990,0.976,0.990,0.984,1.000,True,True,4,visible,117,0,,1,False,0.000,[188]
314,10.467,1,0.922,0.967,0.170,0.985,0.011,0.999,0.929,1.000,0.998,0.600,True,True,4,visible,54,0,,3,False,0.000,"[201, 214, 235]"
315,10.500,18,0.225,0.347,0.018,0.960,0.097,0.978,0.897,0.916,0.826,0.200,False,True,4,visible,0,3,,1,False,0.000,[300]
315,10.500,22,0.750,0.676,0.342,0.808,0.207,0.967,0.979,0.976,0.982,0.600,True,True,4,visible,46,0,,0,False,0.000,[]
315,10.500,24,0.636,0.720,0.237,0.747,0.072,0.930,0.785,0.786,0.651,0.600,True,True,4,visible,15,0,,0,False,0.000,[]
315,10.500,25,0.435,0.261,0.284,0.183,0.234,0.770,0.941,0.828,0.921,0.200,False,True,4,visible,0,3,,0,False,0.000,[]
315,10.500,5,0.986,0.979,0.952,0.874,0.558,0.990,0.976,0.990,0.984,1.000,True,True,4,visible,118,0,,1,False,0.000,[188]
315,10.500,1,0.922,0.967,0.170,0.985,0.011,0.999,0.929,1.000,0.998,0.600,True,True,4,visible,55,0,,3,False,0.000,"[201, 214, 235]"
316,10.533,18,0.225,0.347,0.018,0.960,0.097,0.978,0.897,0.916,0.826,0.200,False,True,4,visible,0,4,,1,False,0.000,[300]
316,10.533,22,0.750,0.676,0.342,0.808,0.207,0.967,0.979,0.976,0.982,0.600,True,True,4,visible,47,0,,0,False,0.000,[]
316,10.533,24,0.636,0.720,0.237,0.747,0.072,0.930,0.785,0.786,0.651,0.600,True,True,4,visible,16,0,,0,False,0.000,[]
316,10.533,25,0.435,0.261,0.284,0.183,0.234,0.770,0.941,0.828,0.921,0.200,False,True,4,visible,0,4,,0,False,0.000,[]
316,10.533,5,0.986,0.979,0.952,0.874,0.558,0.990,0.976,0.990,0.984,1.000,True,True,4,visible,119,0,,1,False,0.000,[188]
316,10.533,1,0.922,0.967,0.170,0.985,0.011,0.999,0.929,1.000,0.998,0.600,True,True,4,visible,56,0,,3,False,0.000,"[201, 214, 235]"
317,10.567,18,0.233,0.358,0.020,0.956,0.090,0.972,0.881,0.896,0.799,0.200,False,True,4,hidden,0,5,head_turn_away,2,False,0.000,"[300, 317]"
317,10.567,22,0.768,0.699,0.351,0.792,0.208,0.961,0.976,0.974,0.980,0.600,True,True,4,visible,48,0,,0,False,0.000,[]
317,10.567,24,0.659,0.697,0.290,0.692,0.108,0.909,0.764,0.670,0.529,0.600,True,True,4,visible,17,0,,0,False,0.000,[]
317,10.567,25,0.286,0.218,0.117,0.246,0.082,0.800,0.905,0.866,0.916,0.000,False,True,4,hidden,0,5,head_turn_away,1,False,0.000,[317]
317,10.567,5,0.979,0.977,0.962,0.884,0.623,0.904,0.964,0.876,0.924,1.000,True,True,4,visible,120,0,,1,False,0.000,[188]
317,10.567,1,0.568,0.781,0.020,0.986,0.011,0.999,0.942,1.000,0.998,0.600,True,True,4,visible,57,0,,3,False,0.000,"[201, 214, 235]"
318,10.600,18,0.233,0.358,0.020,0.957,0.090,0.972,0.881,0.896,0.799,0.200,False,True,4,hidden,0,6,,2,False,0.000,"[300, 317]"
318,10.600,22,0.768,0.699,0.351,0.792,0.208,0.961,0.976,0.974,0.980,0.600,True,True,4,visible,49,0,,0,False,0.000,[]
318,10.600,24,0.659,0.697,0.290,0.693,0.108,0.909,0.764,0.669,0.528,0.600,True,True,4,visible,18,0,,0,False,0.000,[]
318,10.600,25,0.287,0.219,0.118,0.248,0.081,0.801,0.905,0.866,0.915,0.000,False,True,4,hidden,0,6,,1,False,0.000,[317]
318,10.600,5,0.979,0.977,0.962,0.883,0.624,0.902,0.964,0.874,0.924,1.000,True,True,4,visible,121,0,,1,False,0.000,[188]
318,10.600,1,0.566,0.780,0.020,0.986,0.011,0.999,0.942,1.000,0.998,0.600,True,True,4,visible,58,0,,3,False,0.000,"[201, 214, 235]"
319,10.633,18,0.233,0.358,0.020,0.957,0.090,0.972,0.881,0.896,0.799,0.200,False,True,4,hidden,0,7,,2,False,0.000,"[300, 317]"
319,10.633,22,0.768,0.699,0.351,0.792,0.208,0.961,0.976,0.974,0.980,0.600,True,True,4,visible,50,0,,0,False,0.000,[]
319,10.633,24,0.659,0.697,0.290,0.693,0.108,0.909,0.764,0.669,0.528,0.600,True,True,4,visible,19,0,,0,False,0.000,[]
319,10.633,25,0.287,0.219,0.118,0.248,0.081,0.801,0.905,0.866,0.915,0.000,False,True,4,hidden,0,7,,1,False,0.000,[317]
319,10.633,5,0.979,0.977,0.962,0.883,0.624,0.902,0.964,0.874,0.924,1.000,True,True,4,visible,122,0,,1,False,0.000,[188]
319,10.633,1,0.566,0.780,0.020,0.986,0.011,0.999,0.942,1.000,0.998,0.600,True,True,4,visible,59,0,,3,False,0.000,"[201, 214, 235]"
320,10.667,18,0.233,0.358,0.020,0.957,0.090,0.972,0.881,0.896,0.799,0.200,False,True,4,hidden,0,8,,2,False,0.000,"[300, 317]"
320,10.667,22,0.768,0.699,0.351,0.792,0.208,0.961,0.976,0.974,0.980,0.600,True,True,4,visible,51,0,,0,False,0.000,[]
320,10.667,24,0.659,0.697,0.290,0.693,0.108,0.909,0.764,0.669,0.528,0.600,True,True,4,visible,20,0,,0,False,0.000,[]
320,10.667,25,0.287,0.219,0.118,0.248,0.081,0.801,0.905,0.866,0.915,0.000,False,True,4,hidden,0,8,,1,False,0.000,[317]
320,10.667,5,0.979,0.977,0.962,0.883,0.624,0.902,0.964,0.874,0.924,1.000,True,True,4,visible,123,0,,1,False,0.000,[188]
320,10.667,1,0.566,0.780,0.020,0.986,0.011,0.999,0.942,1.000,0.998,0.600,True,True,4,visible,60,0,,3,False,0.000,"[201, 214, 235]"
321,10.700,18,0.174,0.294,0.014,0.964,0.092,0.973,0.885,0.905,0.817,0.200,False,True,4,hidden,0,9,,2,False,0.000,"[300, 317]"
321,10.700,22,0.754,0.701,0.310,0.814,0.184,0.965,0.972,0.978,0.981,0.600,True,True,4,visible,52,0,,0,False,0.000,[]
321,10.700,24,0.744,0.784,0.301,0.797,0.086,0.934,0.822,0.725,0.596,0.600,True,True,4,visible,21,0,,0,False,0.000,[]
321,10.700,25,0.446,0.226,0.343,0.128,0.280,0.803,0.954,0.866,0.939,0.200,False,True,4,hidden,0,9,,1,False,0.000,[317]
321,10.700,5,0.960,0.932,0.955,0.669,0.611,0.529,0.972,0.731,0.945,1.000,True,True,4,visible,124,0,,1,False,0.000,[188]
321,10.700,1,0.352,0.562,0.010,0.978,0.014,0.999,0.942,1.000,0.998,0.400,True,True,4,visible,61,0,,3,False,0.000,"[201, 214, 235]"
322,10.733,18,0.174,0.293,0.014,0.964,0.092,0.973,0.885,0.905,0.817,0.200,False,True,4,hidden,0,10,,2,False,0.000,"[300, 317]"
322,10.733,22,0.754,0.701,0.310,0.814,0.184,0.965,0.972,0.978,0.981,0.600,True,True,4,visible,53,0,,0,False,0.000,[]
322,10.733,24,0.744,0.784,0.301,0.797,0.086,0.934,0.822,0.725,0.596,0.600,True,True,4,visible,22,0,,0,False,0.000,[]
322,10.733,25,0.441,0.223,0.338,0.128,0.277,0.803,0.953,0.866,0.939,0.200,False,True,4,hidden,0,10,,1,False,0.000,[317]
322,10.733,5,0.960,0.933,0.955,0.671,0.610,0.532,0.972,0.735,0.946,1.000,True,True,4,visible,125,0,,1,False,0.000,[188]
322,10.733,1,0.351,0.561,0.010,0.978,0.014,0.999,0.942,1.000,0.998,0.400,True,True,4,visible,62,0,,3,False,0.000,"[201, 214, 235]"
323,10.767,18,0.174,0.293,0.014,0.964,0.092,0.973,0.885,0.905,0.817,0.200,False,True,4,hidden,0,11,,2,False,0.000,"[300, 317]"
323,10.767,22,0.754,0.701,0.310,0.814,0.184,0.965,0.972,0.978,0.981,0.600,True,True,4,visible,54,0,,0,False,0.000,[]
323,10.767,24,0.744,0.784,0.301,0.797,0.086,0.934,0.822,0.725,0.596,0.600,True,True,4,visible,23,0,,0,False,0.000,[]
323,10.767,25,0.441,0.223,0.338,0.128,0.277,0.803,0.953,0.866,0.939,0.200,False,True,4,hidden,0,11,,1,False,0.000,[317]
323,10.767,5,0.960,0.933,0.955,0.671,0.610,0.532,0.972,0.735,0.946,1.000,True,True,4,visible,126,0,,1,False,0.000,[188]
323,10.767,1,0.351,0.561,0.010,0.978,0.014,0.999,0.942,1.000,0.998,0.400,True,True,4,visible,63,0,,3,False,0.000,"[201, 214, 235]"
324,10.800,18,0.174,0.293,0.014,0.964,0.092,0.973,0.885,0.905,0.817,0.200,False,True,4,hidden,0,12,,2,False,0.000,"[300, 317]"
324,10.800,22,0.754,0.701,0.310,0.814,0.184,0.965,0.972,0.978,0.981,0.600,True,True,4,visible,55,0,,0,False,0.000,[]
324,10.800,24,0.744,0.784,0.301,0.797,0.086,0.934,0.822,0.725,0.596,0.600,True,True,4,visible,24,0,,0,False,0.000,[]
324,10.800,25,0.441,0.223,0.338,0.128,0.277,0.803,0.953,0.866,0.939,0.200,False,True,4,hidden,0,12,,1,False,0.000,[317]
324,10.800,5,0.960,0.933,0.955,0.671,0.610,0.532,0.972,0.735,0.946,1.000,True,True,4,visible,127,0,,1,False,0.000,[188]
324,10.800,1,0.351,0.561,0.010,0.978,0.014,0.999,0.942,1.000,0.998,0.400,True,True,4,visible,64,0,,3,False,0.000,"[201, 214, 235]"
325,10.833,18,0.174,0.293,0.014,0.964,0.092,0.973,0.885,0.905,0.817,0.200,False,True,4,hidden,0,13,,2,False,0.000,"[300, 317]"
325,10.833,22,0.754,0.701,0.310,0.814,0.184,0.965,0.972,0.978,0.981,0.600,True,True,4,visible,56,0,,0,False,0.000,[]
325,10.833,24,0.744,0.784,0.301,0.797,0.086,0.934,0.822,0.725,0.596,0.600,True,True,4,visible,25,0,,0,False,0.000,[]
325,10.833,25,0.441,0.223,0.338,0.128,0.277,0.803,0.953,0.866,0.939,0.200,False,True,4,hidden,0,13,,1,False,0.000,[317]
325,10.833,5,0.960,0.933,0.955,0.671,0.610,0.532,0.972,0.735,0.946,1.000,True,True,4,visible,128,0,,1,False,0.000,[188]
325,10.833,1,0.351,0.561,0.010,0.978,0.014,0.999,0.942,1.000,0.998,0.400,True,True,4,visible,65,0,,3,False,0.000,"[201, 214, 235]"
326,10.867,18,0.238,0.393,0.017,0.976,0.091,0.982,0.914,0.931,0.856,0.200,False,True,4,hidden,0,14,,2,False,0.000,"[300, 317]"
326,10.867,22,0.820,0.774,0.323,0.901,0.181,0.982,0.986,0.981,0.985,0.600,True,True,4,visible,57,0,,0,False,0.000,[]
326,10.867,24,0.719,0.750,0.407,0.687,0.155,0.931,0.804,0.751,0.612,0.800,True,True,4,visible,26,0,,0,False,0.000,[]
326,10.867,5,0.930,0.916,0.886,0.708,0.292,0.396,0.920,0.660,0.902,0.800,True,True,3,visible,129,0,,1,False,0.000,[188]
326,10.867,1,0.572,0.758,0.024,0.986,0.019,0.999,0.963,1.000,0.998,0.600,True,True,4,visible,66,0,,3,False,0.000,"[201, 214, 235]"
327,10.900,18,0.238,0.393,0.017,0.976,0.091,0.982,0.914,0.931,0.856,0.200,False,True,4,hidden,0,15,,2,False,0.000,"[300, 317]"
327,10.900,22,0.820,0.774,0.323,0.901,0.181,0.982,0.986,0.981,0.985,0.600,True,True,4,visible,58,0,,0,False,0.000,[]
327,10.900,24,0.718,0.750,0.407,0.687,0.155,0.931,0.804,0.751,0.612,0.800,True,True,4,visible,27,0,,0,False,0.000,[]
327,10.900,5,0.930,0.916,0.886,0.709,0.291,0.399,0.920,0.662,0.902,0.800,True,True,3,visible,130,0,,1,False,0.000,[188]
327,10.900,1,0.570,0.756,0.024,0.986,0.020,0.999,0.963,1.000,0.998,0.600,True,True,4,visible,67,0,,3,False,0.000,"[201, 214, 235]"
328,10.933,18,0.238,0.393,0.017,0.976,0.091,0.982,0.914,0.931,0.856,0.200,False,True,4,hidden,0,16,,2,False,0.000,"[300, 317]"
328,10.933,22,0.820,0.774,0.323,0.901,0.181,0.982,0.986,0.981,0.985,0.600,True,True,4,visible,59,0,,0,False,0.000,[]
328,10.933,24,0.718,0.750,0.407,0.687,0.155,0.931,0.804,0.751,0.612,0.800,True,True,4,visible,28,0,,0,False,0.000,[]
328,10.933,5,0.930,0.916,0.886,0.709,0.291,0.399,0.920,0.662,0.902,0.800,True,True,3,visible,131,0,,1,False,0.000,[188]
328,10.933,1,0.570,0.756,0.024,0.986,0.020,0.999,0.963,1.000,0.998,0.600,True,True,4,visible,68,0,,3,False,0.000,"[201, 214, 235]"
329,10.967,18,0.238,0.393,0.017,0.976,0.091,0.982,0.914,0.931,0.856,0.200,False,True,4,hidden,0,17,,2,False,0.000,"[300, 317]"
329,10.967,22,0.820,0.774,0.323,0.901,0.181,0.982,0.986,0.981,0.985,0.600,True,True,4,visible,60,0,,0,False,0.000,[]
329,10.967,24,0.718,0.750,0.407,0.687,0.155,0.931,0.804,0.751,0.612,0.800,True,True,4,visible,29,0,,0,False,0.000,[]
329,10.967,5,0.930,0.916,0.886,0.709,0.291,0.399,0.920,0.662,0.902,0.800,True,True,3,visible,132,0,,1,False,0.000,[188]
329,10.967,1,0.570,0.756,0.024,0.986,0.020,0.999,0.963,1.000,0.998,0.600,True,True,4,visible,69,0,,3,False,0.000,"[201, 214, 235]"
330,11.000,18,0.339,0.446,0.053,0.930,0.222,0.985,0.907,0.971,0.930,0.400,True,True,4,hidden,1,0,,2,False,0.000,"[300, 317]"
330,11.000,22,0.734,0.705,0.217,0.878,0.123,0.979,0.970,0.984,0.981,0.600,True,True,4,visible,61,0,,0,False,0.000,[]
330,11.000,5,0.798,0.795,0.600,0.671,0.114,0.310,0.818,0.537,0.812,0.800,True,True,3,visible,133,0,,1,False,0.000,[188]
330,11.000,1,0.832,0.911,0.085,0.981,0.017,0.999,0.958,1.000,0.998,0.600,True,True,4,visible,70,0,,3,False,0.000,"[201, 214, 235]"
330,11.000,17,0.876,0.933,0.526,0.902,0.082,0.981,0.864,0.936,0.837,0.800,True,True,4,visible,44,0,,0,False,0.000,[]
331,11.033,18,0.339,0.446,0.053,0.930,0.222,0.985,0.907,0.971,0.930,0.400,True,True,4,hidden,2,0,,2,False,0.000,"[300, 317]"
331,11.033,22,0.734,0.705,0.217,0.878,0.123,0.979,0.970,0.984,0.981,0.600,True,True,4,visible,62,0,,0,False,0.000,[]
331,11.033,5,0.798,0.795,0.600,0.671,0.114,0.310,0.818,0.537,0.812,0.800,True,True,3,visible,134,0,,1,False,0.000,[188]
331,11.033,1,0.832,0.911,0.085,0.981,0.017,0.999,0.958,1.000,0.998,0.600,True,True,4,visible,71,0,,3,False,0.000,"[201, 214, 235]"
331,11.033,26,0.559,0.263,0.631,0.089,0.635,0.850,0.909,0.736,0.781,0.600,True,True,4,uncertain,1,0,,0,False,0.000,[]
331,11.033,17,0.876,0.933,0.526,0.902,0.082,0.981,0.864,0.936,0.837,0.800,True,True,4,visible,45,0,,0,False,0.000,[]
332,11.067,18,0.339,0.446,0.053,0.930,0.222,0.985,0.907,0.971,0.930,0.400,True,True,4,visible,3,0,,2,False,0.000,"[300, 317]"
332,11.067,22,0.734,0.705,0.217,0.878,0.123,0.979,0.970,0.984,0.981,0.600,True,True,4,visible,63,0,,0,False,0.000,[]
332,11.067,5,0.798,0.795,0.600,0.671,0.114,0.310,0.818,0.537,0.812,0.800,True,True,3,visible,135,0,,1,False,0.000,[188]
332,11.067,1,0.832,0.911,0.085,0.981,0.017,0.999,0.958,1.000,0.998,0.600,True,True,4,visible,72,0,,3,False,0.000,"[201, 214, 235]"
332,11.067,26,0.559,0.263,0.631,0.089,0.635,0.850,0.909,0.736,0.781,0.600,True,True,4,uncertain,2,0,,0,False,0.000,[]
332,11.067,17,0.876,0.933,0.526,0.902,0.082,0.981,0.864,0.936,0.837,0.800,True,True,4,visible,46,0,,0,False,0.000,[]
333,11.100,18,0.339,0.446,0.053,0.930,0.222,0.985,0.907,0.971,0.930,0.400,True,True,4,visible,4,0,,2,False,0.000,"[300, 317]"
333,11.100,22,0.734,0.705,0.217,0.878,0.123,0.979,0.970,0.984,0.981,0.600,True,True,4,visible,64,0,,0,False,0.000,[]
333,11.100,5,0.798,0.795,0.600,0.671,0.114,0.310,0.818,0.537,0.812,0.800,True,True,3,visible,136,0,,1,False,0.000,[188]
333,11.100,1,0.832,0.911,0.085,0.981,0.017,0.999,0.958,1.000,0.998,0.600,True,True,4,visible,73,0,,3,False,0.000,"[201, 214, 235]"
333,11.100,26,0.559,0.263,0.631,0.089,0.635,0.850,0.909,0.736,0.781,0.600,True,True,4,visible,3,0,,0,False,0.000,[]
333,11.100,17,0.876,0.933,0.526,0.902,0.082,0.981,0.864,0.936,0.837,0.800,True,True,4,visible,47,0,,0,False,0.000,[]
334,11.133,18,0.378,0.530,0.049,0.927,0.124,0.981,0.835,0.959,0.880,0.400,True,True,4,visible,5,0,,2,False,0.000,"[300, 317]"
334,11.133,22,0.696,0.680,0.173,0.894,0.127,0.984,0.969,0.985,0.981,0.600,True,True,4,visible,65,0,,0,False,0.000,[]
334,11.133,5,0.693,0.656,0.470,0.574,0.101,0.251,0.833,0.474,0.808,0.800,True,True,3,visible,137,0,,1,False,0.000,[188]
334,11.133,1,0.834,0.896,0.102,0.978,0.026,0.999,0.970,1.000,0.998,0.600,True,True,4,visible,74,0,,3,False,0.000,"[201, 214, 235]"
334,11.133,26,0.651,0.360,0.709,0.118,0.655,0.868,0.925,0.710,0.764,0.600,True,True,4,visible,4,0,,0,False,0.000,[]
334,11.133,17,0.752,0.851,0.328,0.838,0.054,0.975,0.819,0.937,0.836,0.600,True,True,4,visible,48,0,,0,False,0.000,[]
335,11.167,18,0.379,0.531,0.049,0.927,0.124,0.981,0.835,0.959,0.880,0.400,True,True,4,visible,6,0,,2,False,0.000,"[300, 317]"
335,11.167,22,0.696,0.680,0.173,0.894,0.127,0.984,0.969,0.985,0.981,0.600,True,True,4,visible,66,0,,0,False,0.000,[]
335,11.167,5,0.692,0.659,0.469,0.580,0.100,0.252,0.829,0.470,0.803,0.800,True,True,3,visible,138,0,,1,False,0.000,[188]
335,11.167,1,0.834,0.896,0.102,0.978,0.026,0.999,0.970,1.000,0.998,0.600,True,True,4,visible,75,0,,3,False,0.000,"[201, 214, 235]"
335,11.167,26,0.651,0.360,0.709,0.118,0.655,0.868,0.925,0.710,0.764,0.600,True,True,4,visible,5,0,,0,False,0.000,[]
335,11.167,17,0.752,0.851,0.328,0.838,0.054,0.975,0.819,0.937,0.836,0.600,True,True,4,visible,49,0,,0,False,0.000,[]
336,11.200,18,0.379,0.531,0.049,0.927,0.124,0.981,0.835,0.959,0.880,0.400,True,True,4,visible,7,0,,2,False,0.000,"[300, 317]"
336,11.200,22,0.696,0.680,0.173,0.894,0.127,0.984,0.969,0.985,0.981,0.600,True,True,4,visible,67,0,,0,False,0.000,[]
336,11.200,5,0.692,0.659,0.469,0.580,0.100,0.252,0.829,0.470,0.803,0.800,True,True,3,visible,139,0,,1,False,0.000,[188]
336,11.200,1,0.834,0.896,0.102,0.978,0.026,0.999,0.970,1.000,0.998,0.600,True,True,4,visible,76,0,,3,False,0.000,"[201, 214, 235]"
336,11.200,26,0.651,0.360,0.709,0.118,0.655,0.868,0.925,0.710,0.764,0.600,True,True,4,visible,6,0,,0,False,0.000,[]
336,11.200,17,0.752,0.851,0.328,0.838,0.054,0.975,0.819,0.937,0.836,0.600,True,True,4,visible,50,0,,0,False,0.000,[]
337,11.233,18,0.379,0.531,0.049,0.927,0.124,0.981,0.835,0.959,0.880,0.400,True,True,4,visible,8,0,,2,False,0.000,"[300, 317]"
337,11.233,22,0.696,0.680,0.173,0.894,0.127,0.984,0.969,0.985,0.981,0.600,True,True,4,visible,68,0,,0,False,0.000,[]
337,11.233,5,0.692,0.659,0.469,0.580,0.100,0.252,0.829,0.470,0.803,0.800,True,True,3,visible,140,0,,1,False,0.000,[188]
337,11.233,1,0.834,0.896,0.102,0.978,0.026,0.999,0.970,1.000,0.998,0.600,True,True,4,visible,77,0,,3,False,0.000,"[201, 214, 235]"
337,11.233,26,0.651,0.360,0.709,0.118,0.655,0.868,0.925,0.710,0.764,0.600,True,True,4,visible,7,0,,0,False,0.000,[]
337,11.233,17,0.752,0.851,0.328,0.838,0.054,0.975,0.819,0.937,0.836,0.600,True,True,4,visible,51,0,,0,False,0.000,[]
338,11.267,18,0.379,0.531,0.049,0.927,0.124,0.981,0.835,0.959,0.880,0.400,True,True,4,visible,9,0,,2,False,0.000,"[300, 317]"
338,11.267,22,0.696,0.680,0.173,0.894,0.127,0.984,0.969,0.985,0.981,0.600,True,True,4,visible,69,0,,0,False,0.000,[]
338,11.267,5,0.692,0.659,0.469,0.580,0.100,0.252,0.829,0.470,0.803,0.800,True,True,3,visible,141,0,,1,False,0.000,[188]
338,11.267,1,0.834,0.896,0.102,0.978,0.026,0.999,0.970,1.000,0.998,0.600,True,True,4,visible,78,0,,3,False,0.000,"[201, 214, 235]"
338,11.267,26,0.651,0.360,0.709,0.118,0.655,0.868,0.925,0.710,0.764,0.600,True,True,4,visible,8,0,,0,False,0.000,[]
338,11.267,17,0.752,0.851,0.328,0.838,0.054,0.975,0.819,0.937,0.836,0.600,True,True,4,visible,52,0,,0,False,0.000,[]
339,11.300,18,0.379,0.448,0.061,0.914,0.212,0.984,0.907,0.955,0.897,0.400,True,True,4,visible,10,0,,2,False,0.000,"[300, 317]"
339,11.300,22,0.676,0.688,0.141,0.918,0.124,0.987,0.964,0.983,0.973,0.600,True,True,4,visible,70,0,,0,False,0.000,[]
339,11.300,5,0.695,0.516,0.456,0.447,0.114,0.323,0.956,0.655,0.940,0.800,True,True,3,visible,142,0,,1,False,0.000,[188]
339,11.300,1,0.861,0.915,0.129,0.971,0.017,0.997,0.953,0.999,0.996,0.600,True,True,4,visible,79,0,,3,False,0.000,"[201, 214, 235]"
339,11.300,17,0.825,0.883,0.459,0.842,0.083,0.972,0.866,0.899,0.787,0.800,True,True,4,visible,53,0,,0,False,0.000,[]
340,11.333,18,0.378,0.445,0.060,0.913,0.213,0.984,0.908,0.955,0.898,0.400,True,True,4,visible,11,0,,2,False,0.000,"[300, 317]"
340,11.333,22,0.675,0.687,0.141,0.918,0.124,0.987,0.964,0.983,0.973,0.600,True,True,4,visible,71,0,,0,False,0.000,[]
340,11.333,5,0.699,0.520,0.458,0.451,0.114,0.328,0.956,0.658,0.940,0.800,True,True,3,visible,143,0,,1,False,0.000,[188]
340,11.333,1,0.862,0.915,0.129,0.971,0.017,0.997,0.953,0.999,0.996,0.600,True,True,4,visible,80,0,,3,False,0.000,"[201, 214, 235]"
340,11.333,17,0.824,0.882,0.458,0.841,0.083,0.971,0.865,0.898,0.786,0.800,True,True,4,visible,54,0,,0,False,0.000,[]
341,11.367,18,0.382,0.452,0.060,0.915,0.212,0.984,0.909,0.956,0.900,0.400,True,True,4,visible,12,0,,2,False,0.000,"[300, 317]"
341,11.367,22,0.681,0.694,0.143,0.919,0.122,0.987,0.964,0.982,0.972,0.600,True,True,4,visible,72,0,,0,False,0.000,[]
341,11.367,5,0.709,0.534,0.477,0.454,0.117,0.320,0.956,0.644,0.938,0.800,True,True,3,visible,144,0,,1,False,0.000,[188]
341,11.367,1,0.842,0.900,0.113,0.969,0.018,0.997,0.954,0.999,0.996,0.600,True,True,4,visible,81,0,,3,False,0.000,"[201, 214, 235]"
341,11.367,17,0.820,0.879,0.452,0.837,0.083,0.971,0.864,0.898,0.786,0.800,True,True,4,visible,55,0,,0,False,0.000,[]
342,11.400,18,0.381,0.451,0.060,0.915,0.212,0.984,0.909,0.957,0.900,0.400,True,True,4,visible,13,0,,2,False,0.000,"[300, 317]"
342,11.400,22,0.684,0.698,0.144,0.919,0.123,0.987,0.964,0.982,0.972,0.600,True,True,4,visible,73,0,,0,False,0.000,[]
342,11.400,5,0.709,0.534,0.476,0.454,0.116,0.321,0.956,0.647,0.938,0.800,True,True,3,visible,145,0,,1,False,0.000,[188]
342,11.400,1,0.851,0.906,0.120,0.970,0.018,0.997,0.954,0.999,0.996,0.600,True,True,4,visible,82,0,,3,False,0.000,"[201, 214, 235]"
342,11.400,17,0.821,0.879,0.452,0.837,0.083,0.971,0.863,0.898,0.786,0.800,True,True,4,visible,56,0,,0,False,0.000,[]
343,11.433,18,0.473,0.562,0.082,0.930,0.212,0.988,0.917,0.971,0.927,0.600,True,True,4,visible,14,0,,2,False,0.000,"[300, 317]"
343,11.433,22,0.720,0.725,0.186,0.897,0.118,0.981,0.959,0.984,0.977,0.600,True,True,4,visible,74,0,,0,False,0.000,[]
343,11.433,5,0.587,0.392,0.300,0.448,0.092,0.373,0.959,0.560,0.908,0.400,True,True,3,visible,146,0,,1,False,0.000,[188]
343,11.433,1,0.832,0.859,0.152,0.948,0.032,0.992,0.963,0.997,0.994,0.600,True,True,4,visible,83,0,,3,False,0.000,"[201, 214, 235]"
344,11.467,18,0.465,0.555,0.079,0.930,0.210,0.988,0.917,0.971,0.927,0.600,True,True,4,visible,15,0,,2,False,0.000,"[300, 317]"
344,11.467,22,0.720,0.725,0.185,0.897,0.118,0.981,0.959,0.984,0.977,0.600,True,True,4,visible,75,0,,0,False,0.000,[]
344,11.467,5,0.584,0.389,0.300,0.446,0.092,0.367,0.959,0.557,0.908,0.400,True,True,3,visible,147,0,,1,False,0.000,[188]
344,11.467,1,0.829,0.857,0.150,0.947,0.032,0.992,0.963,0.997,0.994,0.600,True,True,4,visible,84,0,,3,False,0.000,"[201, 214, 235]"
345,11.500,18,0.465,0.555,0.079,0.930,0.210,0.988,0.917,0.971,0.927,0.600,True,True,4,visible,16,0,,2,False,0.000,"[300, 317]"
345,11.500,22,0.720,0.725,0.185,0.897,0.118,0.981,0.959,0.984,0.977,0.600,True,True,4,visible,76,0,,0,False,0.000,[]
345,11.500,5,0.584,0.389,0.300,0.446,0.092,0.367,0.959,0.557,0.908,0.400,True,True,3,visible,148,0,,1,False,0.000,[188]
345,11.500,1,0.829,0.857,0.150,0.947,0.032,0.992,0.963,0.997,0.994,0.600,True,True,4,visible,85,0,,3,False,0.000,"[201, 214, 235]"
346,11.533,18,0.465,0.555,0.079,0.930,0.210,0.988,0.917,0.971,0.927,0.600,True,True,4,visible,17,0,,2,False,0.000,"[300, 317]"
346,11.533,22,0.720,0.725,0.185,0.897,0.118,0.981,0.959,0.984,0.977,0.600,True,True,4,visible,77,0,,0,False,0.000,[]
346,11.533,5,0.584,0.389,0.300,0.446,0.092,0.367,0.959,0.557,0.908,0.400,True,True,3,visible,149,0,,1,False,0.000,[188]
346,11.533,1,0.829,0.857,0.150,0.947,0.032,0.992,0.963,0.997,0.994,0.600,True,True,4,visible,86,0,,3,False,0.000,"[201, 214, 235]"
347,11.567,18,0.465,0.553,0.084,0.924,0.208,0.986,0.906,0.965,0.911,0.600,True,True,4,visible,18,0,,2,False,0.000,"[300, 317]"
347,11.567,22,0.787,0.804,0.214,0.902,0.076,0.982,0.938,0.987,0.974,0.600,True,True,4,visible,78,0,,0,False,0.000,[]
347,11.567,5,0.392,0.230,0.177,0.427,0.090,0.350,0.965,0.597,0.933,0.200,False,True,3,visible,0,1,,1,False,0.000,[188]
347,11.567,17,0.792,0.865,0.398,0.827,0.072,0.970,0.840,0.904,0.785,0.600,True,True,4,visible,57,0,,0,False,0.000,[]
348,11.600,18,0.465,0.553,0.084,0.924,0.208,0.986,0.906,0.965,0.911,0.600,True,True,4,visible,19,0,,2,False,0.000,"[300, 317]"
348,11.600,22,0.787,0.804,0.214,0.902,0.076,0.982,0.938,0.987,0.974,0.600,True,True,4,visible,79,0,,0,False,0.000,[]
348,11.600,5,0.387,0.226,0.175,0.424,0.090,0.347,0.965,0.598,0.933,0.200,False,True,3,visible,0,2,,1,False,0.000,[188]
348,11.600,17,0.792,0.865,0.398,0.827,0.072,0.970,0.840,0.904,0.785,0.600,True,True,4,visible,58,0,,0,False,0.000,[]
349,11.633,18,0.465,0.553,0.084,0.924,0.208,0.986,0.906,0.965,0.911,0.600,True,True,4,visible,20,0,,2,False,0.000,"[300, 317]"
349,11.633,22,0.787,0.804,0.214,0.902,0.076,0.982,0.938,0.987,0.974,0.600,True,True,4,visible,80,0,,0,False,0.000,[]
349,11.633,5,0.387,0.226,0.175,0.424,0.090,0.347,0.965,0.598,0.933,0.200,False,True,3,visible,0,3,,1,False,0.000,[188]
349,11.633,17,0.792,0.865,0.398,0.827,0.072,0.970,0.840,0.904,0.785,0.600,True,True,4,visible,59,0,,0,False,0.000,[]
350,11.667,18,0.465,0.553,0.084,0.924,0.208,0.986,0.906,0.965,0.911,0.600,True,True,4,visible,21,0,,2,False,0.000,"[300, 317]"
350,11.667,22,0.787,0.804,0.214,0.902,0.076,0.982,0.938,0.987,0.974,0.600,True,True,4,visible,81,0,,0,False,0.000,[]
350,11.667,5,0.387,0.226,0.175,0.424,0.090,0.347,0.965,0.598,0.933,0.200,False,True,3,visible,0,4,,1,False,0.000,[188]
350,11.667,17,0.792,0.865,0.398,0.827,0.072,0.970,0.840,0.904,0.785,0.600,True,True,4,visible,60,0,,0,False,0.000,[]
351,11.700,18,0.408,0.555,0.061,0.924,0.136,0.982,0.835,0.956,0.867,0.600,True,True,4,visible,22,0,,2,False,0.000,"[300, 317]"
351,11.700,22,0.594,0.567,0.106,0.811,0.055,0.973,0.942,0.990,0.985,0.600,True,True,4,visible,82,0,,0,False,0.000,[]
351,11.700,5,0.562,0.434,0.203,0.647,0.088,0.605,0.966,0.494,0.846,0.600,True,True,4,visible,1,0,,1,False,0.000,[188]
351,11.700,1,0.863,0.890,0.171,0.944,0.025,0.992,0.957,0.997,0.994,0.600,True,True,4,visible,87,0,,3,False,0.000,"[201, 214, 235]"
352,11.733,18,0.408,0.555,0.062,0.924,0.136,0.982,0.835,0.956,0.868,0.600,True,True,4,visible,23,0,,2,False,0.000,"[300, 317]"
352,11.733,22,0.594,0.567,0.106,0.811,0.055,0.973,0.942,0.990,0.985,0.600,True,True,4,visible,83,0,,0,False,0.000,[]
352,11.733,5,0.561,0.432,0.204,0.645,0.088,0.602,0.967,0.491,0.847,0.600,True,True,4,visible,2,0,,1,False,0.000,[188]
352,11.733,1,0.864,0.890,0.171,0.944,0.025,0.992,0.957,0.997,0.994,0.600,True,True,4,visible,88,0,,3,False,0.000,"[201, 214, 235]"
353,11.767,18,0.408,0.555,0.062,0.924,0.136,0.982,0.835,0.956,0.868,0.600,True,True,4,visible,24,0,,2,False,0.000,"[300, 317]"
353,11.767,22,0.594,0.567,0.106,0.811,0.055,0.973,0.942,0.990,0.985,0.600,True,True,4,visible,84,0,,0,False,0.000,[]
353,11.767,5,0.561,0.432,0.204,0.645,0.088,0.602,0.967,0.491,0.847,0.600,True,True,4,visible,3,0,,1,False,0.000,[188]
353,11.767,1,0.864,0.890,0.171,0.944,0.025,0.992,0.957,0.997,0.994,0.600,True,True,4,visible,89,0,,3,False,0.000,"[201, 214, 235]"
354,11.800,18,0.408,0.555,0.062,0.924,0.136,0.982,0.835,0.956,0.868,0.600,True,True,4,visible,25,0,,2,False,0.000,"[300, 317]"
354,11.800,22,0.594,0.567,0.106,0.811,0.055,0.973,0.942,0.990,0.985,0.600,True,True,4,visible,85,0,,0,False,0.000,[]
354,11.800,5,0.561,0.432,0.204,0.645,0.088,0.602,0.967,0.491,0.847,0.600,True,True,4,visible,4,0,,1,False,0.000,[188]
354,11.800,1,0.864,0.890,0.171,0.944,0.025,0.992,0.957,0.997,0.994,0.600,True,True,4,visible,90,0,,3,False,0.000,"[201, 214, 235]"
355,11.833,18,0.408,0.555,0.062,0.924,0.136,0.982,0.835,0.956,0.868,0.600,True,True,4,visible,26,0,,2,False,0.000,"[300, 317]"
355,11.833,22,0.594,0.567,0.106,0.811,0.055,0.973,0.942,0.990,0.985,0.600,True,True,4,visible,86,0,,0,False,0.000,[]
355,11.833,5,0.561,0.432,0.204,0.645,0.088,0.602,0.967,0.491,0.847,0.600,True,True,4,visible,5,0,,1,False,0.000,[188]
355,11.833,1,0.864,0.890,0.171,0.944,0.025,0.992,0.957,0.997,0.994,0.600,True,True,4,visible,91,0,,3,False,0.000,"[201, 214, 235]"
356,11.867,18,0.378,0.506,0.061,0.920,0.165,0.981,0.867,0.962,0.898,0.400,True,True,4,visible,27,0,,2,False,0.000,"[300, 317]"
356,11.867,22,0.503,0.494,0.072,0.876,0.080,0.985,0.959,0.992,0.986,0.600,True,True,4,visible,87,0,,0,False,0.000,[]
356,11.867,5,0.525,0.410,0.174,0.553,0.089,0.618,0.936,0.473,0.774,0.600,True,True,4,visible,6,0,,1,False,0.000,[188]
356,11.867,1,0.869,0.896,0.169,0.955,0.033,0.996,0.966,0.999,0.996,0.600,True,True,4,visible,92,0,,3,False,0.000,"[201, 214, 235]"
356,11.867,25,0.905,0.844,0.772,0.594,0.391,0.945,0.890,0.750,0.685,0.800,True,True,4,hidden,1,0,,1,False,0.000,[317]
357,11.900,18,0.378,0.506,0.061,0.920,0.165,0.981,0.867,0.962,0.898,0.400,True,True,4,visible,28,0,,2,False,0.000,"[300, 317]"
357,11.900,22,0.503,0.495,0.072,0.876,0.080,0.985,0.959,0.992,0.986,0.600,True,True,4,visible,88,0,,0,False,0.000,[]
357,11.900,5,0.526,0.412,0.175,0.554,0.090,0.619,0.936,0.474,0.774,0.600,True,True,4,visible,7,0,,1,False,0.000,[188]
357,11.900,1,0.870,0.896,0.169,0.955,0.033,0.996,0.966,0.999,0.996,0.600,True,True,4,visible,93,0,,3,False,0.000,"[201, 214, 235]"
357,11.900,25,0.905,0.844,0.772,0.594,0.390,0.945,0.890,0.750,0.684,0.800,True,True,4,hidden,2,0,,1,False,0.000,[317]
358,11.933,18,0.378,0.506,0.061,0.920,0.165,0.981,0.867,0.962,0.898,0.400,True,True,4,visible,29,0,,2,False,0.000,"[300, 317]"
358,11.933,22,0.503,0.495,0.072,0.876,0.080,0.985,0.959,0.992,0.986,0.600,True,True,4,visible,89,0,,0,False,0.000,[]
358,11.933,5,0.526,0.412,0.175,0.554,0.090,0.619,0.936,0.474,0.774,0.600,True,True,4,visible,8,0,,1,False,0.000,[188]
358,11.933,1,0.870,0.896,0.169,0.955,0.033,0.996,0.966,0.999,0.996,0.600,True,True,4,visible,94,0,,3,False,0.000,"[201, 214, 235]"
358,11.933,25,0.905,0.844,0.772,0.594,0.390,0.945,0.890,0.750,0.684,0.800,True,True,4,visible,3,0,,1,False,0.000,[317]
359,11.967,18,0.378,0.506,0.061,0.920,0.165,0.981,0.867,0.962,0.898,0.400,True,True,4,visible,30,0,,2,False,0.000,"[300, 317]"
359,11.967,22,0.503,0.495,0.072,0.876,0.080,0.985,0.959,0.992,0.986,0.600,True,True,4,visible,90,0,,0,False,0.000,[]
359,11.967,5,0.526,0.412,0.175,0.554,0.090,0.619,0.936,0.474,0.774,0.600,True,True,4,visible,9,0,,1,False,0.000,[188]
359,11.967,1,0.870,0.896,0.169,0.955,0.033,0.996,0.966,0.999,0.996,0.600,True,True,4,visible,95,0,,3,False,0.000,"[201, 214, 235]"
359,11.967,25,0.905,0.844,0.772,0.594,0.390,0.945,0.890,0.750,0.684,0.800,True,True,4,visible,4,0,,1,False,0.000,[317]
360,12.000,18,0.466,0.609,0.088,0.925,0.166,0.980,0.859,0.963,0.902,0.600,True,True,4,visible,31,0,,2,False,0.000,"[300, 317]"
360,12.000,22,0.750,0.722,0.177,0.849,0.068,0.983,0.959,0.994,0.990,0.600,True,True,4,visible,91,0,,0,False,0.000,[]
360,12.000,5,0.292,0.319,0.090,0.826,0.119,0.621,0.912,0.187,0.470,0.200,False,True,3,visible,0,1,,1,False,0.000,[188]
360,12.000,1,0.906,0.913,0.239,0.952,0.039,0.997,0.976,0.999,0.998,0.600,True,True,4,visible,96,0,,3,False,0.000,"[201, 214, 235]"
360,12.000,25,0.962,0.912,0.918,0.463,0.584,0.960,0.874,0.677,0.539,1.000,True,True,4,visible,5,0,,1,False,0.000,[317]
361,12.033,18,0.466,0.609,0.088,0.925,0.166,0.980,0.859,0.963,0.902,0.600,True,True,4,visible,32,0,,2,False,0.000,"[300, 317]"
361,12.033,22,0.750,0.722,0.177,0.849,0.068,0.983,0.959,0.994,0.990,0.600,True,True,4,visible,92,0,,0,False,0.000,[]
361,12.033,5,0.292,0.319,0.090,0.826,0.119,0.621,0.912,0.187,0.470,0.200,False,True,3,visible,0,2,,1,False,0.000,[188]
361,12.033,1,0.906,0.913,0.239,0.952,0.039,0.997,0.976,0.999,0.998,0.600,True,True,4,visible,97,0,,3,False,0.000,"[201, 214, 235]"
361,12.033,25,0.962,0.912,0.918,0.463,0.584,0.960,0.874,0.677,0.539,1.000,True,True,4,visible,6,0,,1,False,0.000,[317]
362,12.067,18,0.466,0.609,0.088,0.925,0.166,0.980,0.859,0.963,0.902,0.600,True,True,4,visible,33,0,,2,False,0.000,"[300, 317]"
362,12.067,22,0.750,0.722,0.177,0.849,0.068,0.983,0.959,0.994,0.990,0.600,True,True,4,visible,93,0,,0,False,0.000,[]
362,12.067,5,0.292,0.319,0.090,0.826,0.119,0.621,0.912,0.187,0.470,0.200,False,True,3,visible,0,3,,1,False,0.000,[188]
362,12.067,1,0.906,0.913,0.239,0.952,0.039,0.997,0.976,0.999,0.998,0.600,True,True,4,visible,98,0,,3,False,0.000,"[201, 214, 235]"
362,12.067,25,0.962,0.912,0.918,0.463,0.584,0.960,0.874,0.677,0.539,1.000,True,True,4,visible,7,0,,1,False,0.000,[317]
363,12.100,18,0.466,0.609,0.088,0.925,0.166,0.980,0.859,0.963,0.902,0.600,True,True,4,visible,34,0,,2,False,0.000,"[300, 317]"
363,12.100,22,0.750,0.722,0.177,0.849,0.068,0.983,0.959,0.994,0.990,0.600,True,True,4,visible,94,0,,0,False,0.000,[]
363,12.100,5,0.292,0.319,0.090,0.826,0.119,0.621,0.912,0.187,0.470,0.200,False,True,3,visible,0,4,,1,False,0.000,[188]
363,12.100,1,0.906,0.913,0.239,0.952,0.039,0.997,0.976,0.999,0.998,0.600,True,True,4,visible,99,0,,3,False,0.000,"[201, 214, 235]"
363,12.100,25,0.962,0.912,0.918,0.463,0.584,0.960,0.874,0.677,0.539,1.000,True,True,4,visible,8,0,,1,False,0.000,[317]
364,12.133,18,0.521,0.554,0.121,0.916,0.294,0.984,0.941,0.960,0.924,0.600,True,True,4,visible,35,0,,2,False,0.000,"[300, 317]"
364,12.133,22,0.451,0.398,0.093,0.833,0.153,0.973,0.972,0.982,0.982,0.400,True,True,4,visible,95,0,,0,False,0.000,[]
364,12.133,5,0.076,0.088,0.022,0.830,0.137,0.528,0.917,0.099,0.375,0.200,False,True,2,hidden,0,5,head_turn_away,2,False,0.000,"[188, 364]"
364,12.133,1,0.902,0.920,0.212,0.963,0.039,0.998,0.975,0.999,0.997,0.600,True,True,4,visible,100,0,,3,False,0.000,"[201, 214, 235]"
364,12.133,25,0.967,0.926,0.925,0.446,0.576,0.966,0.822,0.697,0.486,1.000,True,True,4,visible,9,0,,1,False,0.000,[317]
365,12.167,18,0.521,0.554,0.121,0.916,0.294,0.984,0.941,0.960,0.923,0.600,True,True,4,visible,36,0,,2,False,0.000,"[300, 317]"
365,12.167,22,0.451,0.398,0.093,0.833,0.153,0.973,0.972,0.982,0.982,0.400,True,True,4,visible,96,0,,0,False,0.000,[]
365,12.167,5,0.075,0.087,0.022,0.829,0.138,0.529,0.917,0.100,0.375,0.200,False,True,2,hidden,0,6,,2,False,0.000,"[188, 364]"
365,12.167,1,0.901,0.919,0.211,0.963,0.039,0.998,0.975,0.999,0.997,0.600,True,True,4,visible,101,0,,3,False,0.000,"[201, 214, 235]"
365,12.167,25,0.968,0.926,0.925,0.447,0.577,0.966,0.823,0.696,0.486,1.000,True,True,4,visible,10,0,,1,False,0.000,[317]
366,12.200,18,0.521,0.554,0.121,0.916,0.294,0.984,0.941,0.960,0.923,0.600,True,True,4,visible,37,0,,2,False,0.000,"[300, 317]"
366,12.200,22,0.451,0.398,0.093,0.833,0.153,0.973,0.972,0.982,0.982,0.400,True,True,4,visible,97,0,,0,False,0.000,[]
366,12.200,5,0.075,0.087,0.022,0.829,0.138,0.529,0.917,0.100,0.375,0.200,False,True,2,hidden,0,7,,2,False,0.000,"[188, 364]"
366,12.200,1,0.901,0.919,0.211,0.963,0.039,0.998,0.975,0.999,0.997,0.600,True,True,4,visible,102,0,,3,False,0.000,"[201, 214, 235]"
366,12.200,25,0.968,0.926,0.925,0.447,0.577,0.966,0.823,0.696,0.486,1.000,True,True,4,visible,11,0,,1,False,0.000,[317]
367,12.233,18,0.521,0.554,0.121,0.916,0.294,0.984,0.941,0.960,0.923,0.600,True,True,4,visible,38,0,,2,False,0.000,"[300, 317]"
367,12.233,22,0.451,0.398,0.093,0.833,0.153,0.973,0.972,0.982,0.982,0.400,True,True,4,visible,98,0,,0,False,0.000,[]
367,12.233,5,0.075,0.087,0.022,0.829,0.138,0.529,0.917,0.100,0.375,0.200,False,True,2,hidden,0,8,,2,False,0.000,"[188, 364]"
367,12.233,1,0.901,0.919,0.211,0.963,0.039,0.998,0.975,0.999,0.997,0.600,True,True,4,visible,103,0,,3,False,0.000,"[201, 214, 235]"
367,12.233,25,0.968,0.926,0.925,0.447,0.577,0.966,0.823,0.696,0.486,1.000,True,True,4,visible,12,0,,1,False,0.000,[317]
368,12.267,18,0.521,0.554,0.121,0.916,0.294,0.984,0.941,0.960,0.923,0.600,True,True,4,visible,39,0,,2,False,0.000,"[300, 317]"
368,12.267,22,0.451,0.398,0.093,0.833,0.153,0.973,0.972,0.982,0.982,0.400,True,True,4,visible,99,0,,0,False,0.000,[]
368,12.267,5,0.075,0.087,0.022,0.829,0.138,0.529,0.917,0.100,0.375,0.200,False,True,2,hidden,0,9,,1,False,0.000,[364]
368,12.267,1,0.901,0.919,0.211,0.963,0.039,0.998,0.975,0.999,0.997,0.600,True,True,4,visible,104,0,,3,False,0.000,"[201, 214, 235]"
368,12.267,25,0.968,0.926,0.925,0.447,0.577,0.966,0.823,0.696,0.486,1.000,True,True,4,visible,13,0,,1,False,0.000,[317]
369,12.300,18,0.083,0.163,0.006,0.981,0.145,0.991,0.951,0.970,0.934,0.200,False,True,4,visible,0,1,,2,False,0.000,"[300, 317]"
369,12.300,5,0.021,0.023,0.006,0.871,0.229,0.641,0.954,0.040,0.210,0.200,False,True,2,hidden,0,10,,1,False,0.000,[364]
369,12.300,1,0.903,0.916,0.235,0.966,0.054,0.997,0.981,0.999,0.997,0.600,True,True,4,visible,105,0,,3,False,0.000,"[201, 214, 235]"
369,12.300,25,0.982,0.989,0.967,0.881,0.524,0.980,0.916,0.456,0.285,1.000,True,True,3,visible,14,0,,1,False,0.000,[317]
370,12.333,18,0.083,0.163,0.006,0.981,0.145,0.991,0.951,0.970,0.934,0.200,False,True,4,visible,0,2,,2,False,0.000,"[300, 317]"
370,12.333,5,0.021,0.023,0.006,0.873,0.230,0.647,0.954,0.040,0.209,0.200,False,True,2,hidden,0,11,,1,False,0.000,[364]
370,12.333,1,0.903,0.917,0.235,0.967,0.054,0.998,0.981,0.999,0.997,0.600,True,True,4,visible,106,0,,3,False,0.000,"[201, 214, 235]"
370,12.333,25,0.982,0.989,0.967,0.881,0.524,0.980,0.916,0.456,0.285,1.000,True,True,3,visible,15,0,,1,False,0.000,[317]
371,12.367,18,0.083,0.163,0.006,0.981,0.145,0.991,0.951,0.970,0.934,0.200,False,True,4,visible,0,3,,2,False,0.000,"[300, 317]"
371,12.367,5,0.021,0.023,0.006,0.873,0.230,0.647,0.954,0.040,0.209,0.200,False,True,2,hidden,0,12,,1,False,0.000,[364]
371,12.367,1,0.903,0.917,0.235,0.967,0.054,0.998,0.981,0.999,0.997,0.600,True,True,4,visible,107,0,,3,False,0.000,"[201, 214, 235]"
371,12.367,25,0.982,0.989,0.967,0.881,0.524,0.980,0.916,0.456,0.285,1.000,True,True,3,visible,16,0,,1,False,0.000,[317]
372,12.400,18,0.083,0.163,0.006,0.981,0.145,0.991,0.951,0.970,0.934,0.200,False,True,4,visible,0,4,,2,False,0.000,"[300, 317]"
372,12.400,5,0.021,0.023,0.006,0.873,0.230,0.647,0.954,0.040,0.209,0.200,False,True,2,hidden,0,13,,1,False,0.000,[364]
372,12.400,1,0.903,0.917,0.235,0.967,0.054,0.998,0.981,0.999,0.997,0.600,True,True,4,visible,108,0,,3,False,0.000,"[201, 214, 235]"
372,12.400,25,0.982,0.989,0.967,0.881,0.524,0.980,0.916,0.456,0.285,1.000,True,True,3,visible,17,0,,1,False,0.000,[317]
373,12.433,18,0.105,0.200,0.007,0.981,0.131,0.991,0.950,0.973,0.938,0.200,False,True,4,hidden,0,5,head_turn_away,3,False,0.000,"[300, 317, 373]"
373,12.433,5,0.129,0.216,0.016,0.988,0.321,0.981,0.983,0.101,0.176,0.200,False,True,2,hidden,0,14,,1,False,0.000,[364]
373,12.433,1,0.784,0.819,0.115,0.940,0.032,0.992,0.960,0.998,0.995,0.600,True,True,4,visible,109,0,,3,False,0.000,"[201, 214, 235]"
373,12.433,25,0.978,0.988,0.945,0.900,0.362,0.971,0.895,0.359,0.229,0.800,True,True,2,visible,18,0,,1,False,0.000,[317]
374,12.467,18,0.105,0.201,0.007,0.981,0.131,0.991,0.950,0.973,0.938,0.200,False,True,4,hidden,0,6,,3,False,0.000,"[300, 317, 373]"
374,12.467,5,0.129,0.215,0.016,0.988,0.321,0.981,0.983,0.101,0.176,0.200,False,True,2,hidden,0,15,,1,False,0.000,[364]
374,12.467,1,0.783,0.818,0.114,0.940,0.032,0.992,0.960,0.998,0.995,0.600,True,True,4,visible,110,0,,3,False,0.000,"[201, 214, 235]"
374,12.467,25,0.978,0.988,0.945,0.899,0.362,0.971,0.895,0.359,0.229,0.800,True,True,2,visible,19,0,,1,False,0.000,[317]
375,12.500,18,0.105,0.201,0.007,0.981,0.131,0.991,0.950,0.973,0.938,0.200,False,True,4,hidden,0,7,,3,False,0.000,"[300, 317, 373]"
375,12.500,5,0.129,0.215,0.016,0.988,0.321,0.981,0.983,0.101,0.176,0.200,False,True,2,hidden,0,16,,1,False,0.000,[364]
375,12.500,1,0.783,0.818,0.114,0.940,0.032,0.992,0.960,0.998,0.995,0.600,True,True,4,visible,111,0,,3,False,0.000,"[201, 214, 235]"
375,12.500,25,0.978,0.988,0.945,0.899,0.362,0.971,0.895,0.359,0.229,0.800,True,True,2,visible,20,0,,1,False,0.000,[317]
376,12.533,18,0.105,0.201,0.007,0.981,0.131,0.991,0.950,0.973,0.938,0.200,False,True,4,hidden,0,8,,3,False,0.000,"[300, 317, 373]"
376,12.533,5,0.129,0.215,0.016,0.988,0.321,0.981,0.983,0.101,0.176,0.200,False,True,2,hidden,0,17,,1,False,0.000,[364]
376,12.533,1,0.783,0.818,0.114,0.940,0.032,0.992,0.960,0.998,0.995,0.600,True,True,4,visible,112,0,,3,False,0.000,"[201, 214, 235]"
376,12.533,25,0.978,0.988,0.945,0.899,0.362,0.971,0.895,0.359,0.229,0.800,True,True,2,visible,21,0,,1,False,0.000,[317]
377,12.567,18,0.164,0.300,0.011,0.978,0.097,0.989,0.933,0.970,0.925,0.200,False,True,4,hidden,0,9,,3,False,0.000,"[300, 317, 373]"
377,12.567,1,0.788,0.793,0.142,0.918,0.045,0.986,0.968,0.996,0.993,0.600,True,True,4,visible,113,0,,3,False,0.000,"[201, 214, 235]"
377,12.567,25,0.968,0.981,0.930,0.855,0.350,0.963,0.872,0.365,0.238,0.800,True,True,2,visible,22,0,,1,False,0.000,[317]
378,12.600,18,0.164,0.300,0.011,0.978,0.097,0.989,0.933,0.970,0.925,0.200,False,True,4,hidden,0,10,,3,False,0.000,"[300, 317, 373]"
378,12.600,1,0.789,0.793,0.143,0.918,0.045,0.986,0.968,0.996,0.993,0.600,True,True,4,visible,114,0,,3,False,0.000,"[201, 214, 235]"
378,12.600,25,0.968,0.981,0.930,0.855,0.350,0.963,0.872,0.365,0.238,0.800,True,True,2,visible,23,0,,1,False,0.000,[317]
378,12.600,27,0.393,0.523,0.054,0.863,0.055,0.972,0.737,0.964,0.875,0.400,True,True,4,uncertain,1,0,,0,False,0.000,[]
379,12.633,18,0.164,0.300,0.011,0.978,0.097,0.989,0.933,0.970,0.925,0.200,False,True,4,hidden,0,11,,3,False,0.000,"[300, 317, 373]"
379,12.633,1,0.789,0.793,0.143,0.918,0.045,0.986,0.968,0.996,0.993,0.600,True,True,4,visible,115,0,,3,False,0.000,"[201, 214, 235]"
379,12.633,25,0.968,0.981,0.930,0.855,0.350,0.963,0.872,0.365,0.238,0.800,True,True,2,visible,24,0,,1,False,0.000,[317]
379,12.633,27,0.393,0.523,0.054,0.863,0.055,0.972,0.737,0.964,0.875,0.400,True,True,4,uncertain,2,0,,0,False,0.000,[]
380,12.667,18,0.164,0.300,0.011,0.978,0.097,0.989,0.933,0.970,0.925,0.200,False,True,4,hidden,0,12,,3,False,0.000,"[300, 317, 373]"
380,12.667,1,0.789,0.793,0.143,0.918,0.045,0.986,0.968,0.996,0.993,0.600,True,True,4,visible,116,0,,3,False,0.000,"[201, 214, 235]"
380,12.667,25,0.968,0.981,0.930,0.855,0.350,0.963,0.872,0.365,0.238,0.800,True,True,2,visible,25,0,,1,False,0.000,[317]
380,12.667,27,0.393,0.523,0.054,0.863,0.055,0.972,0.737,0.964,0.875,0.400,True,True,4,visible,3,0,,0,False,0.000,[]
381,12.700,18,0.216,0.361,0.019,0.965,0.089,0.981,0.901,0.952,0.889,0.200,False,True,4,hidden,0,13,,3,False,0.000,"[300, 317, 373]"
381,12.700,1,0.846,0.906,0.175,0.981,0.072,0.993,0.963,0.926,0.872,0.600,True,True,4,visible,117,0,,2,False,0.000,"[214, 235]"
381,12.700,5,0.033,0.056,0.005,0.976,0.220,0.928,0.961,0.040,0.106,0.200,False,True,2,hidden,0,18,,1,False,0.000,[364]
382,12.733,18,0.216,0.361,0.019,0.965,0.089,0.981,0.901,0.952,0.889,0.200,False,True,4,hidden,0,14,,3,False,0.000,"[300, 317, 373]"
382,12.733,1,0.846,0.906,0.175,0.981,0.071,0.993,0.963,0.927,0.874,0.600,True,True,4,visible,118,0,,2,False,0.000,"[214, 235]"
382,12.733,28,0.747,0.833,0.161,0.913,0.027,0.898,0.755,0.303,0.219,0.600,True,True,2,uncertain,1,0,,0,False,0.000,[]
382,12.733,5,0.033,0.055,0.005,0.975,0.218,0.928,0.960,0.040,0.106,0.200,False,True,2,hidden,0,19,,1,False,0.000,[364]
383,12.767,18,0.216,0.361,0.019,0.965,0.089,0.981,0.901,0.952,0.889,0.200,False,True,4,hidden,0,15,,3,False,0.000,"[300, 317, 373]"
383,12.767,1,0.846,0.906,0.175,0.981,0.071,0.993,0.963,0.927,0.874,0.600,True,True,4,visible,119,0,,2,False,0.000,"[214, 235]"
383,12.767,28,0.747,0.833,0.161,0.913,0.027,0.898,0.755,0.303,0.219,0.600,True,True,2,uncertain,2,0,,0,False,0.000,[]
383,12.767,5,0.033,0.055,0.005,0.975,0.218,0.928,0.960,0.040,0.106,0.200,False,True,2,hidden,0,20,,1,False,0.000,[364]
384,12.800,18,0.216,0.361,0.019,0.965,0.089,0.981,0.901,0.952,0.889,0.200,False,True,4,hidden,0,16,,3,False,0.000,"[300, 317, 373]"
384,12.800,1,0.846,0.906,0.175,0.981,0.071,0.993,0.963,0.927,0.874,0.600,True,True,4,visible,120,0,,2,False,0.000,"[214, 235]"
384,12.800,28,0.747,0.833,0.161,0.913,0.027,0.898,0.755,0.303,0.219,0.600,True,True,2,visible,3,0,,0,False,0.000,[]
384,12.800,5,0.033,0.055,0.005,0.975,0.218,0.928,0.960,0.040,0.106,0.200,False,True,2,hidden,0,21,,1,False,0.000,[364]
385,12.833,18,0.216,0.361,0.019,0.965,0.089,0.981,0.901,0.952,0.889,0.200,False,True,4,hidden,0,17,,3,False,0.000,"[300, 317, 373]"
385,12.833,1,0.846,0.906,0.175,0.981,0.071,0.993,0.963,0.927,0.874,0.600,True,True,4,visible,121,0,,2,False,0.000,"[214, 235]"
385,12.833,28,0.747,0.833,0.161,0.913,0.027,0.898,0.755,0.303,0.219,0.600,True,True,2,visible,4,0,,0,False,0.000,[]
385,12.833,5,0.033,0.055,0.005,0.975,0.218,0.928,0.960,0.040,0.106,0.200,False,True,2,hidden,0,22,,1,False,0.000,[364]
386,12.867,18,0.452,0.612,0.049,0.964,0.086,0.984,0.912,0.939,0.860,0.600,True,True,4,hidden,1,0,,3,False,0.000,"[300, 317, 373]"
386,12.867,1,0.837,0.873,0.186,0.960,0.077,0.990,0.949,0.923,0.871,0.600,True,True,4,visible,122,0,,2,False,0.000,"[214, 235]"
386,12.867,28,0.655,0.756,0.156,0.884,0.049,0.912,0.742,0.382,0.258,0.600,True,True,2,visible,5,0,,0,False,0.000,[]
386,12.867,5,0.028,0.054,0.003,0.980,0.213,0.943,0.954,0.046,0.105,0.200,False,True,2,hidden,0,23,,1,False,0.000,[364]
387,12.900,18,0.452,0.612,0.049,0.964,0.086,0.984,0.912,0.939,0.860,0.600,True,True,4,hidden,2,0,,3,False,0.000,"[300, 317, 373]"
387,12.900,1,0.836,0.873,0.186,0.960,0.077,0.990,0.948,0.922,0.870,0.600,True,True,4,visible,123,0,,2,False,0.000,"[214, 235]"
387,12.900,28,0.655,0.756,0.156,0.884,0.049,0.912,0.742,0.382,0.258,0.600,True,True,2,visible,6,0,,0,False,0.000,[]
387,12.900,5,0.028,0.054,0.003,0.980,0.213,0.942,0.954,0.046,0.105,0.200,False,True,2,hidden,0,24,,1,False,0.000,[364]
388,12.933,18,0.452,0.612,0.049,0.964,0.086,0.984,0.912,0.939,0.860,0.600,True,True,4,visible,3,0,,3,False,0.000,"[300, 317, 373]"
388,12.933,1,0.836,0.873,0.186,0.960,0.077,0.990,0.948,0.922,0.870,0.600,True,True,4,visible,124,0,,2,False,0.000,"[214, 235]"
388,12.933,28,0.655,0.756,0.156,0.884,0.049,0.912,0.742,0.382,0.258,0.600,True,True,2,visible,7,0,,0,False,0.000,[]
388,12.933,5,0.028,0.054,0.003,0.980,0.213,0.942,0.954,0.046,0.105,0.200,False,True,2,hidden,0,25,,1,False,0.000,[364]
389,12.967,18,0.452,0.612,0.049,0.964,0.086,0.984,0.912,0.939,0.860,0.600,True,True,4,visible,4,0,,3,False,0.000,"[300, 317, 373]"
389,12.967,1,0.836,0.873,0.186,0.960,0.077,0.990,0.948,0.922,0.870,0.600,True,True,4,visible,125,0,,2,False,0.000,"[214, 235]"
389,12.967,28,0.655,0.756,0.156,0.884,0.049,0.912,0.742,0.382,0.258,0.600,True,True,2,visible,8,0,,0,False,0.000,[]
389,12.967,5,0.028,0.054,0.003,0.980,0.213,0.942,0.954,0.046,0.105,0.200,False,True,2,hidden,0,26,,1,False,0.000,[364]
390,13.000,18,0.514,0.666,0.059,0.967,0.084,0.986,0.920,0.947,0.877,0.600,True,True,4,visible,5,0,,3,False,0.000,"[300, 317, 373]"
390,13.000,1,0.843,0.890,0.165,0.968,0.052,0.991,0.962,0.963,0.940,0.600,True,True,4,visible,126,0,,2,False,0.000,"[214, 235]"
390,13.000,28,0.760,0.823,0.216,0.851,0.036,0.916,0.790,0.572,0.436,0.600,True,True,4,visible,9,0,,0,False,0.000,[]
390,13.000,5,0.017,0.042,0.002,0.984,0.381,0.901,0.952,0.016,0.054,0.200,False,True,2,hidden,0,27,,1,False,0.000,[364]
390,13.000,25,0.978,0.981,0.975,0.737,0.665,0.956,0.873,0.249,0.160,1.000,True,True,2,visible,26,0,,1,False,0.000,[317]
391,13.033,18,0.514,0.666,0.059,0.967,0.084,0.986,0.920,0.947,0.877,0.600,True,True,4,visible,6,0,,3,False,0.000,"[300, 317, 373]"
391,13.033,1,0.843,0.890,0.165,0.968,0.052,0.991,0.962,0.963,0.940,0.600,True,True,4,visible,127,0,,2,False,0.000,"[214, 235]"
391,13.033,28,0.760,0.823,0.216,0.851,0.036,0.916,0.790,0.572,0.436,0.600,True,True,4,visible,10,0,,0,False,0.000,[]
391,13.033,5,0.017,0.042,0.002,0.984,0.381,0.901,0.952,0.016,0.054,0.200,False,True,2,hidden,0,28,,1,False,0.000,[364]
391,13.033,25,0.978,0.981,0.975,0.737,0.665,0.956,0.873,0.249,0.160,1.000,True,True,2,visible,27,0,,1,False,0.000,[317]
392,13.067,18,0.514,0.666,0.059,0.967,0.084,0.986,0.920,0.947,0.877,0.600,True,True,4,visible,7,0,,3,False,0.000,"[300, 317, 373]"
392,13.067,1,0.843,0.890,0.165,0.968,0.052,0.991,0.962,0.963,0.940,0.600,True,True,4,visible,128,0,,2,False,0.000,"[214, 235]"
392,13.067,28,0.760,0.823,0.216,0.851,0.036,0.916,0.790,0.572,0.436,0.600,True,True,4,visible,11,0,,0,False,0.000,[]
392,13.067,5,0.017,0.042,0.002,0.984,0.381,0.901,0.952,0.016,0.054,0.200,False,True,2,hidden,0,29,,1,False,0.000,[364]
392,13.067,25,0.978,0.981,0.975,0.737,0.665,0.956,0.873,0.249,0.160,1.000,True,True,2,visible,28,0,,1,False,0.000,[317]
393,13.100,18,0.514,0.666,0.059,0.967,0.084,0.986,0.920,0.947,0.877,0.600,True,True,4,visible,8,0,,3,False,0.000,"[300, 317, 373]"
393,13.100,1,0.843,0.890,0.165,0.968,0.052,0.991,0.962,0.963,0.940,0.600,True,True,4,visible,129,0,,2,False,0.000,"[214, 235]"
393,13.100,28,0.760,0.823,0.216,0.851,0.036,0.916,0.790,0.572,0.436,0.600,True,True,4,visible,12,0,,0,False,0.000,[]
393,13.100,5,0.017,0.042,0.002,0.984,0.381,0.901,0.952,0.016,0.054,0.200,False,True,2,hidden,0,30,,1,False,0.000,[364]
393,13.100,25,0.978,0.981,0.975,0.737,0.665,0.956,0.873,0.249,0.160,1.000,True,True,2,visible,29,0,,1,False,0.000,[317]
394,13.133,18,0.364,0.532,0.028,0.955,0.046,0.979,0.884,0.947,0.876,0.400,True,True,4,visible,9,0,,3,False,0.000,"[300, 317, 373]"
394,13.133,1,0.879,0.894,0.212,0.962,0.059,0.992,0.977,0.990,0.986,0.600,True,True,4,visible,130,0,,1,False,0.000,[235]
394,13.133,5,0.076,0.193,0.012,0.970,0.208,0.855,0.875,0.018,0.035,0.200,False,True,2,hidden,0,31,,1,False,0.000,[364]
394,13.133,25,0.983,0.941,0.978,0.503,0.892,0.966,0.963,0.765,0.764,1.000,True,True,4,visible,30,0,,1,False,0.000,[317]
395,13.167,18,0.364,0.532,0.028,0.955,0.046,0.979,0.884,0.947,0.876,0.400,True,True,4,visible,10,0,,3,False,0.000,"[300, 317, 373]"
395,13.167,1,0.845,0.897,0.149,0.967,0.034,0.993,0.947,0.988,0.973,0.600,True,True,4,visible,131,0,,1,False,0.000,[235]
395,13.167,5,0.060,0.159,0.010,0.971,0.217,0.854,0.876,0.018,0.035,0.200,False,True,2,hidden,0,32,,1,False,0.000,[364]
395,13.167,25,0.983,0.941,0.978,0.503,0.892,0.966,0.962,0.765,0.763,1.000,True,True,4,visible,31,0,,1,False,0.000,[317]
396,13.200,18,0.364,0.532,0.028,0.955,0.046,0.979,0.884,0.947,0.876,0.400,True,True,4,visible,11,0,,3,False,0.000,"[300, 317, 373]"
396,13.200,1,0.845,0.897,0.149,0.967,0.034,0.993,0.948,0.989,0.973,0.600,True,True,4,visible,132,0,,1,False,0.000,[235]
396,13.200,5,0.060,0.159,0.010,0.971,0.217,0.854,0.876,0.017,0.035,0.200,False,True,2,hidden,0,33,,1,False,0.000,[364]
396,13.200,25,0.983,0.941,0.978,0.503,0.892,0.966,0.962,0.765,0.763,1.000,True,True,4,visible,32,0,,1,False,0.000,[317]
397,13.233,18,0.364,0.532,0.028,0.955,0.046,0.979,0.884,0.947,0.876,0.400,True,True,4,visible,12,0,,3,False,0.000,"[300, 317, 373]"
397,13.233,1,0.845,0.897,0.149,0.967,0.034,0.993,0.948,0.989,0.973,0.600,True,True,4,visible,133,0,,1,False,0.000,[235]
397,13.233,5,0.060,0.159,0.010,0.971,0.217,0.854,0.876,0.017,0.035,0.200,False,True,2,hidden,0,34,,1,False,0.000,[364]
397,13.233,25,0.983,0.941,0.978,0.503,0.892,0.966,0.962,0.765,0.763,1.000,True,True,4,visible,33,0,,1,False,0.000,[317]
398,13.267,18,0.364,0.532,0.028,0.955,0.046,0.979,0.884,0.947,0.876,0.400,True,True,4,visible,13,0,,3,False,0.000,"[300, 317, 373]"
398,13.267,1,0.845,0.897,0.149,0.967,0.034,0.993,0.948,0.989,0.973,0.600,True,True,4,visible,134,0,,1,False,0.000,[235]
398,13.267,5,0.060,0.159,0.010,0.971,0.217,0.854,0.876,0.017,0.035,0.200,False,True,2,hidden,0,35,,1,False,0.000,[364]
398,13.267,25,0.983,0.941,0.978,0.503,0.892,0.966,0.962,0.765,0.763,1.000,True,True,4,visible,34,0,,1,False,0.000,[317]
399,13.300,18,0.247,0.403,0.019,0.939,0.040,0.964,0.828,0.922,0.834,0.400,True,True,4,visible,14,0,,3,False,0.000,"[300, 317, 373]"
399,13.300,1,0.854,0.882,0.158,0.972,0.061,0.996,0.978,0.995,0.990,0.600,True,True,4,visible,135,0,,1,False,0.000,[235]
399,13.300,5,0.035,0.095,0.007,0.950,0.567,0.566,0.758,0.003,0.009,0.400,True,True,2,hidden,1,0,,1,False,0.000,[364]
399,13.300,25,0.988,0.962,0.982,0.570,0.847,0.963,0.962,0.766,0.769,1.000,True,True,4,visible,35,0,,1,False,0.000,[317]
400,13.333,18,0.247,0.404,0.019,0.939,0.040,0.964,0.829,0.922,0.834,0.400,True,True,4,visible,15,0,,3,False,0.000,"[300, 317, 373]"
400,13.333,1,0.854,0.882,0.158,0.972,0.061,0.996,0.978,0.995,0.990,0.600,True,True,4,visible,136,0,,1,False,0.000,[235]
400,13.333,5,0.034,0.096,0.007,0.952,0.568,0.569,0.764,0.003,0.009,0.400,True,True,2,hidden,2,0,,1,False,0.000,[364]
400,13.333,25,0.988,0.962,0.982,0.570,0.847,0.963,0.962,0.766,0.769,1.000,True,True,4,visible,36,0,,1,False,0.000,[317]
401,13.367,18,0.247,0.404,0.019,0.939,0.040,0.964,0.829,0.922,0.834,0.400,True,True,4,visible,16,0,,3,False,0.000,"[300, 317, 373]"
401,13.367,1,0.854,0.882,0.158,0.972,0.061,0.996,0.978,0.995,0.990,0.600,True,True,4,visible,137,0,,1,False,0.000,[235]
401,13.367,5,0.034,0.096,0.007,0.952,0.568,0.569,0.764,0.003,0.009,0.400,True,True,2,visible,3,0,,1,False,0.000,[364]
401,13.367,25,0.988,0.962,0.982,0.570,0.847,0.963,0.962,0.766,0.769,1.000,True,True,4,visible,37,0,,1,False,0.000,[317]
402,13.400,18,0.247,0.404,0.019,0.939,0.040,0.964,0.829,0.922,0.834,0.400,True,True,4,visible,17,0,,3,False,0.000,"[300, 317, 373]"
402,13.400,1,0.854,0.882,0.158,0.972,0.061,0.996,0.978,0.995,0.990,0.600,True,True,4,visible,138,0,,1,False,0.000,[235]
402,13.400,5,0.034,0.096,0.007,0.952,0.568,0.569,0.764,0.003,0.009,0.400,True,True,2,visible,4,0,,1,False,0.000,[364]
402,13.400,25,0.988,0.962,0.982,0.570,0.847,0.963,0.962,0.766,0.769,1.000,True,True,4,visible,38,0,,1,False,0.000,[317]
403,13.433,18,0.582,0.700,0.140,0.819,0.056,0.971,0.684,0.980,0.925,0.600,True,True,4,visible,18,0,,3,False,0.000,"[300, 317, 373]"
403,13.433,1,0.894,0.930,0.187,0.979,0.045,0.998,0.969,0.997,0.991,0.600,True,True,4,visible,139,0,,1,False,0.000,[235]
403,13.433,25,0.985,0.955,0.966,0.563,0.712,0.968,0.961,0.759,0.734,1.000,True,True,4,visible,39,0,,1,False,0.000,[317]
403,13.433,28,0.863,0.906,0.300,0.925,0.030,0.951,0.868,0.515,0.389,0.600,True,True,3,visible,13,0,,0,False,0.000,[]
404,13.467,18,0.582,0.700,0.141,0.820,0.056,0.971,0.684,0.980,0.925,0.600,True,True,4,visible,19,0,,3,False,0.000,"[300, 317, 373]"
404,13.467,1,0.894,0.930,0.187,0.979,0.045,0.998,0.969,0.997,0.991,0.600,True,True,4,visible,140,0,,1,False,0.000,[235]
404,13.467,25,0.985,0.955,0.966,0.562,0.713,0.968,0.961,0.759,0.734,1.000,True,True,4,visible,40,0,,1,False,0.000,[317]
404,13.467,28,0.864,0.906,0.302,0.925,0.030,0.951,0.868,0.515,0.389,0.600,True,True,3,visible,14,0,,0,False,0.000,[]
405,13.500,18,0.582,0.700,0.141,0.820,0.056,0.971,0.684,0.980,0.925,0.600,True,True,4,visible,20,0,,3,False,0.000,"[300, 317, 373]"
405,13.500,1,0.894,0.930,0.187,0.979,0.045,0.998,0.969,0.997,0.991,0.600,True,True,4,visible,141,0,,1,False,0.000,[235]
405,13.500,25,0.985,0.955,0.966,0.562,0.713,0.968,0.961,0.759,0.734,1.000,True,True,4,visible,41,0,,1,False,0.000,[317]
405,13.500,28,0.864,0.906,0.302,0.925,0.030,0.951,0.868,0.515,0.389,0.600,True,True,3,visible,15,0,,0,False,0.000,[]
406,13.533,18,0.582,0.700,0.141,0.820,0.056,0.971,0.684,0.980,0.925,0.600,True,True,4,visible,21,0,,3,False,0.000,"[300, 317, 373]"
406,13.533,1,0.894,0.930,0.187,0.979,0.045,0.998,0.969,0.997,0.991,0.600,True,True,4,visible,142,0,,1,False,0.000,[235]
406,13.533,25,0.985,0.955,0.966,0.562,0.713,0.968,0.961,0.759,0.734,1.000,True,True,4,visible,42,0,,1,False,0.000,[317]
406,13.533,28,0.864,0.906,0.302,0.925,0.030,0.951,0.868,0.515,0.389,0.600,True,True,3,visible,16,0,,0,False,0.000,[]
407,13.567,18,0.654,0.757,0.231,0.820,0.084,0.961,0.720,0.971,0.917,0.600,True,True,4,visible,22,0,,3,False,0.000,"[300, 317, 373]"
407,13.567,1,0.856,0.904,0.135,0.980,0.047,0.998,0.974,0.998,0.994,0.600,True,True,4,visible,143,0,,1,False,0.000,[235]
407,13.567,25,0.976,0.955,0.954,0.694,0.684,0.932,0.932,0.664,0.677,1.000,True,True,4,visible,43,0,,1,False,0.000,[317]
407,13.567,28,0.867,0.922,0.371,0.908,0.032,0.926,0.824,0.360,0.258,0.600,True,True,2,visible,17,0,,0,False,0.000,[]
408,13.600,18,0.655,0.758,0.231,0.821,0.084,0.961,0.721,0.971,0.917,0.600,True,True,4,visible,23,0,,3,False,0.000,"[300, 317, 373]"
408,13.600,1,0.856,0.905,0.135,0.980,0.047,0.998,0.974,0.998,0.994,0.600,True,True,4,visible,144,0,,1,False,0.000,[235]
408,13.600,25,0.976,0.956,0.956,0.692,0.694,0.932,0.934,0.662,0.678,1.000,True,True,4,visible,44,0,,1,False,0.000,[317]
408,13.600,28,0.869,0.923,0.383,0.907,0.034,0.926,0.824,0.358,0.257,0.600,True,True,2,visible,18,0,,0,False,0.000,[]
409,13.633,18,0.655,0.758,0.231,0.821,0.084,0.961,0.721,0.971,0.917,0.600,True,True,4,visible,24,0,,3,False,0.000,"[300, 317, 373]"
409,13.633,1,0.856,0.905,0.135,0.980,0.047,0.998,0.974,0.998,0.994,0.600,True,True,4,visible,145,0,,1,False,0.000,[235]
409,13.633,25,0.976,0.956,0.956,0.692,0.694,0.932,0.934,0.662,0.678,1.000,True,True,4,visible,45,0,,1,False,0.000,[317]
409,13.633,28,0.869,0.923,0.383,0.907,0.034,0.926,0.824,0.358,0.257,0.600,True,True,2,visible,19,0,,0,False,0.000,[]
410,13.667,18,0.655,0.758,0.231,0.821,0.084,0.961,0.721,0.971,0.917,0.600,True,True,4,visible,25,0,,3,False,0.000,"[300, 317, 373]"
410,13.667,1,0.856,0.905,0.135,0.980,0.047,0.998,0.974,0.998,0.994,0.600,True,True,4,visible,146,0,,1,False,0.000,[235]
410,13.667,25,0.976,0.956,0.956,0.692,0.694,0.932,0.934,0.662,0.678,1.000,True,True,4,visible,46,0,,1,False,0.000,[317]
410,13.667,28,0.869,0.923,0.383,0.907,0.034,0.926,0.824,0.358,0.257,0.600,True,True,2,visible,20,0,,0,False,0.000,[]
411,13.700,18,0.707,0.819,0.223,0.870,0.063,0.971,0.690,0.967,0.884,0.600,True,True,4,visible,26,0,,3,False,0.000,"[300, 317, 373]"
411,13.700,1,0.796,0.870,0.087,0.982,0.041,0.998,0.972,0.998,0.994,0.600,True,True,4,visible,147,0,,1,False,0.000,[235]
411,13.700,25,0.984,0.960,0.975,0.619,0.768,0.931,0.946,0.695,0.739,1.000,True,True,4,visible,47,0,,1,False,0.000,[317]
412,13.733,18,0.707,0.819,0.223,0.871,0.063,0.971,0.690,0.967,0.884,0.600,True,True,4,visible,27,0,,3,False,0.000,"[300, 317, 373]"
412,13.733,1,0.798,0.872,0.088,0.982,0.041,0.998,0.972,0.998,0.994,0.600,True,True,4,visible,148,0,,1,False,0.000,[235]
412,13.733,25,0.984,0.960,0.975,0.619,0.769,0.931,0.947,0.695,0.739,1.000,True,True,4,visible,48,0,,1,False,0.000,[317]
413,13.767,18,0.707,0.819,0.223,0.871,0.063,0.971,0.690,0.967,0.884,0.600,True,True,4,visible,28,0,,3,False,0.000,"[300, 317, 373]"
413,13.767,1,0.798,0.872,0.088,0.982,0.041,0.998,0.972,0.998,0.994,0.600,True,True,4,visible,149,0,,1,False,0.000,[235]
413,13.767,25,0.984,0.960,0.975,0.619,0.769,0.931,0.947,0.695,0.739,1.000,True,True,4,visible,49,0,,1,False,0.000,[317]
414,13.800,18,0.707,0.819,0.223,0.871,0.063,0.971,0.690,0.967,0.884,0.600,True,True,4,visible,29,0,,3,False,0.000,"[300, 317, 373]"
414,13.800,1,0.798,0.872,0.088,0.982,0.041,0.998,0.972,0.998,0.994,0.600,True,True,4,visible,150,0,,1,False,0.000,[235]
414,13.800,25,0.984,0.960,0.975,0.619,0.769,0.931,0.947,0.695,0.739,1.000,True,True,4,visible,50,0,,1,False,0.000,[317]
415,13.833,18,0.707,0.819,0.223,0.871,0.063,0.971,0.690,0.967,0.884,0.600,True,True,4,visible,30,0,,3,False,0.000,"[300, 317, 373]"
415,13.833,1,0.798,0.872,0.088,0.982,0.041,0.998,0.972,0.998,0.994,0.600,True,True,4,visible,151,0,,0,False,0.000,[]
415,13.833,25,0.984,0.960,0.975,0.619,0.769,0.931,0.947,0.695,0.739,1.000,True,True,4,visible,51,0,,1,False,0.000,[317]
416,13.867,1,0.835,0.887,0.122,0.977,0.053,0.998,0.962,0.997,0.988,0.600,True,True,4,visible,152,0,,0,False,0.000,[]
416,13.867,28,0.974,0.969,0.805,0.882,0.220,0.983,0.943,0.899,0.826,0.800,True,True,4,visible,21,0,,0,False,0.000,[]
417,13.900,1,0.833,0.886,0.121,0.977,0.053,0.998,0.961,0.997,0.987,0.600,True,True,4,visible,153,0,,0,False,0.000,[]
417,13.900,29,0.975,0.986,0.958,0.873,0.511,0.954,0.865,0.231,0.147,1.000,True,True,2,uncertain,1,0,,0,False,0.000,[]
417,13.900,28,0.974,0.969,0.804,0.881,0.220,0.983,0.943,0.899,0.826,0.800,True,True,4,visible,22,0,,0,False,0.000,[]
418,13.933,1,0.833,0.886,0.121,0.977,0.053,0.998,0.961,0.997,0.987,0.600,True,True,4,visible,154,0,,0,False,0.000,[]
418,13.933,29,0.975,0.986,0.958,0.873,0.511,0.954,0.865,0.231,0.147,1.000,True,True,2,uncertain,2,0,,0,False,0.000,[]
418,13.933,28,0.974,0.969,0.804,0.881,0.220,0.983,0.943,0.899,0.826,0.800,True,True,4,visible,23,0,,0,False,0.000,[]
419,13.967,1,0.833,0.886,0.121,0.977,0.053,0.998,0.961,0.997,0.987,0.600,True,True,4,visible,155,0,,0,False,0.000,[]
419,13.967,29,0.975,0.986,0.958,0.873,0.511,0.954,0.865,0.231,0.147,1.000,True,True,2,visible,3,0,,0,False,0.000,[]
419,13.967,28,0.974,0.969,0.804,0.881,0.220,0.983,0.943,0.899,0.826,0.800,True,True,4,visible,24,0,,0,False,0.000,[]
420,14.000,1,0.823,0.869,0.133,0.976,0.066,0.996,0.970,0.992,0.981,0.600,True,True,4,visible,156,0,,0,False,0.000,[]
420,14.000,28,0.958,0.965,0.616,0.931,0.120,0.989,0.932,0.952,0.888,0.800,True,True,4,visible,25,0,,0,False,0.000,[]
420,14.000,5,0.001,0.001,0.000,0.767,0.435,0.172,0.268,0.003,0.005,0.400,True,False,0,visible,0,0,,1,False,0.000,[364]
421,14.033,1,0.823,0.869,0.133,0.976,0.066,0.996,0.970,0.992,0.981,0.600,True,True,4,visible,157,0,,0,False,0.000,[]
421,14.033,28,0.958,0.965,0.616,0.931,0.120,0.989,0.932,0.952,0.888,0.800,True,True,4,visible,26,0,,0,False,0.000,[]
421,14.033,30,0.706,0.805,0.326,0.780,0.073,0.909,0.691,0.553,0.374,0.600,True,True,3,uncertain,1,0,,0,False,0.000,[]
421,14.033,5,0.001,0.001,0.000,0.767,0.435,0.172,0.268,0.003,0.005,0.400,True,False,0,visible,0,0,,1,False,0.000,[364]
422,14.067,1,0.823,0.869,0.133,0.976,0.066,0.996,0.970,0.992,0.981,0.600,True,True,4,visible,158,0,,0,False,0.000,[]
422,14.067,28,0.958,0.965,0.616,0.931,0.120,0.989,0.932,0.952,0.888,0.800,True,True,4,visible,27,0,,0,False,0.000,[]
422,14.067,30,0.706,0.805,0.326,0.780,0.073,0.909,0.691,0.553,0.374,0.600,True,True,3,uncertain,2,0,,0,False,0.000,[]
422,14.067,5,0.001,0.001,0.000,0.767,0.435,0.172,0.268,0.003,0.005,0.400,True,False,0,visible,0,0,,1,False,0.000,[364]
423,14.100,1,0.823,0.869,0.133,0.976,0.066,0.996,0.970,0.992,0.981,0.600,True,True,4,visible,159,0,,0,False,0.000,[]
423,14.100,28,0.958,0.965,0.616,0.931,0.120,0.989,0.932,0.952,0.888,0.800,True,True,4,visible,28,0,,0,False,0.000,[]
423,14.100,30,0.706,0.805,0.326,0.780,0.073,0.909,0.691,0.553,0.374,0.600,True,True,3,visible,3,0,,0,False,0.000,[]
423,14.100,5,0.001,0.001,0.000,0.767,0.435,0.172,0.268,0.003,0.005,0.400,True,False,0,visible,0,0,,1,False,0.000,[364]
424,14.133,1,0.862,0.902,0.147,0.976,0.054,0.998,0.970,0.997,0.991,0.600,True,True,4,visible,160,0,,0,False,0.000,[]
424,14.133,28,0.892,0.915,0.364,0.943,0.138,0.991,0.944,0.957,0.897,0.600,True,True,4,visible,29,0,,0,False,0.000,[]
424,14.133,30,0.714,0.811,0.333,0.784,0.074,0.910,0.694,0.549,0.370,0.600,True,True,3,visible,4,0,,0,False,0.000,[]
424,14.133,29,0.962,0.982,0.892,0.908,0.253,0.922,0.782,0.167,0.109,0.800,True,True,2,visible,4,0,,0,False,0.000,[]
425,14.167,1,0.862,0.903,0.147,0.976,0.053,0.998,0.970,0.997,0.991,0.600,True,True,4,visible,161,0,,0,False,0.000,[]
425,14.167,28,0.892,0.915,0.364,0.943,0.138,0.991,0.944,0.957,0.897,0.600,True,True,4,visible,30,0,,0,False,0.000,[]
425,14.167,30,0.714,0.811,0.333,0.784,0.074,0.910,0.694,0.549,0.370,0.600,True,True,3,visible,5,0,,0,False,0.000,[]
425,14.167,31,0.573,0.246,0.658,0.058,0.624,0.767,0.823,0.464,0.493,0.600,True,True,4,uncertain,1,0,,0,False,0.000,[]
425,14.167,29,0.962,0.982,0.892,0.908,0.253,0.922,0.782,0.167,0.109,0.800,True,True,2,visible,5,0,,0,False,0.000,[]
426,14.200,1,0.862,0.903,0.147,0.976,0.053,0.998,0.970,0.997,0.991,0.600,True,True,4,visible,162,0,,0,False,0.000,[]
426,14.200,28,0.892,0.915,0.364,0.943,0.138,0.991,0.944,0.957,0.897,0.600,True,True,4,visible,31,0,,0,False,0.000,[]
426,14.200,30,0.714,0.811,0.333,0.784,0.074,0.910,0.694,0.549,0.370,0.600,True,True,3,visible,6,0,,0,False,0.000,[]
426,14.200,31,0.573,0.246,0.658,0.058,0.624,0.767,0.823,0.464,0.493,0.600,True,True,4,uncertain,2,0,,0,False,0.000,[]
426,14.200,29,0.962,0.982,0.892,0.908,0.253,0.922,0.782,0.167,0.109,0.800,True,True,2,visible,6,0,,0,False,0.000,[]
427,14.233,1,0.862,0.902,0.147,0.976,0.053,0.998,0.970,0.997,0.991,0.600,True,True,4,visible,163,0,,0,False,0.000,[]
427,14.233,28,0.892,0.915,0.364,0.943,0.138,0.991,0.944,0.957,0.897,0.600,True,True,4,visible,32,0,,0,False,0.000,[]
427,14.233,30,0.714,0.811,0.333,0.784,0.074,0.910,0.694,0.549,0.370,0.600,True,True,3,visible,7,0,,0,False,0.000,[]
427,14.233,31,0.573,0.246,0.658,0.058,0.624,0.767,0.823,0.464,0.493,0.600,True,True,4,visible,3,0,,0,False,0.000,[]
427,14.233,29,0.962,0.982,0.892,0.908,0.253,0.922,0.782,0.167,0.109,0.800,True,True,2,visible,7,0,,0,False,0.000,[]
428,14.267,1,0.862,0.902,0.146,0.976,0.053,0.998,0.970,0.997,0.991,0.600,True,True,4,visible,164,0,,0,False,0.000,[]
428,14.267,28,0.892,0.915,0.364,0.943,0.138,0.991,0.944,0.957,0.897,0.600,True,True,4,visible,33,0,,0,False,0.000,[]
428,14.267,30,0.714,0.811,0.333,0.784,0.074,0.910,0.694,0.549,0.370,0.600,True,True,3,visible,8,0,,0,False,0.000,[]
428,14.267,31,0.573,0.246,0.658,0.058,0.624,0.767,0.823,0.464,0.493,0.600,True,True,4,visible,4,0,,0,False,0.000,[]
428,14.267,29,0.962,0.982,0.892,0.908,0.253,0.922,0.782,0.167,0.109,0.800,True,True,2,visible,8,0,,0,False,0.000,[]
429,14.300,1,0.801,0.840,0.102,0.970,0.056,0.998,0.979,0.999,0.997,0.600,True,True,4,visible,165,0,,0,False,0.000,[]
429,14.300,30,0.680,0.762,0.350,0.737,0.106,0.903,0.713,0.582,0.432,0.600,True,True,4,visible,9,0,,0,False,0.000,[]
429,14.300,31,0.600,0.264,0.688,0.061,0.653,0.799,0.850,0.505,0.537,0.600,True,True,4,visible,5,0,,0,False,0.000,[]
429,14.300,29,0.958,0.978,0.811,0.932,0.185,0.960,0.838,0.428,0.284,0.800,True,True,3,visible,9,0,,0,False,0.000,[]
429,14.300,18,0.802,0.873,0.303,0.856,0.057,0.975,0.691,0.970,0.884,0.600,True,True,4,visible,31,0,,3,False,0.000,"[300, 317, 373]"
430,14.333,1,0.799,0.837,0.102,0.969,0.057,0.998,0.979,0.999,0.997,0.600,True,True,4,visible,166,0,,0,False,0.000,[]
430,14.333,30,0.680,0.762,0.350,0.737,0.106,0.903,0.713,0.582,0.432,0.600,True,True,4,visible,10,0,,0,False,0.000,[]
430,14.333,31,0.600,0.264,0.688,0.061,0.653,0.799,0.850,0.505,0.537,0.600,True,True,4,visible,6,0,,0,False,0.000,[]
430,14.333,29,0.958,0.978,0.810,0.932,0.185,0.960,0.838,0.430,0.286,0.800,True,True,3,visible,10,0,,0,False,0.000,[]
430,14.333,18,0.801,0.872,0.303,0.856,0.057,0.975,0.690,0.970,0.884,0.600,True,True,4,visible,32,0,,3,False,0.000,"[300, 317, 373]"
431,14.367,1,0.799,0.837,0.102,0.969,0.057,0.998,0.979,0.999,0.997,0.600,True,True,4,visible,167,0,,0,False,0.000,[]
431,14.367,30,0.680,0.762,0.350,0.737,0.106,0.903,0.713,0.582,0.432,0.600,True,True,4,visible,11,0,,0,False,0.000,[]
431,14.367,31,0.600,0.264,0.688,0.061,0.653,0.799,0.850,0.505,0.537,0.600,True,True,4,visible,7,0,,0,False,0.000,[]
431,14.367,29,0.958,0.978,0.810,0.932,0.185,0.960,0.838,0.430,0.286,0.800,True,True,3,visible,11,0,,0,False,0.000,[]
431,14.367,18,0.801,0.872,0.303,0.856,0.057,0.975,0.690,0.970,0.884,0.600,True,True,4,visible,33,0,,3,False,0.000,"[300, 317, 373]"
432,14.400,1,0.799,0.837,0.102,0.969,0.057,0.998,0.979,0.999,0.997,0.600,True,True,4,visible,168,0,,0,False,0.000,[]
432,14.400,30,0.680,0.762,0.350,0.737,0.106,0.903,0.713,0.582,0.432,0.600,True,True,4,visible,12,0,,0,False,0.000,[]
432,14.400,31,0.600,0.264,0.688,0.061,0.653,0.799,0.850,0.505,0.537,0.600,True,True,4,visible,8,0,,0,False,0.000,[]
432,14.400,29,0.958,0.978,0.810,0.932,0.185,0.960,0.838,0.430,0.286,0.800,True,True,3,visible,12,0,,0,False,0.000,[]
432,14.400,18,0.801,0.872,0.303,0.856,0.057,0.975,0.690,0.970,0.884,0.600,True,True,4,visible,34,0,,3,False,0.000,"[300, 317, 373]"
433,14.433,1,0.793,0.823,0.103,0.968,0.068,0.998,0.980,0.999,0.996,0.600,True,True,4,visible,169,0,,0,False,0.000,[]
433,14.433,30,0.686,0.765,0.357,0.738,0.107,0.906,0.720,0.590,0.440,0.600,True,True,4,visible,13,0,,0,False,0.000,[]
433,14.433,31,0.728,0.419,0.768,0.107,0.673,0.891,0.885,0.663,0.642,0.800,True,True,4,visible,9,0,,0,False,0.000,[]
433,14.433,18,0.794,0.859,0.302,0.851,0.068,0.978,0.725,0.972,0.895,0.600,True,True,4,visible,35,0,,3,False,0.000,"[300, 317, 373]"
433,14.433,28,0.659,0.765,0.094,0.923,0.065,0.984,0.846,0.959,0.860,0.600,True,True,4,visible,34,0,,0,False,0.000,[]
434,14.467,1,0.794,0.823,0.103,0.968,0.068,0.998,0.980,0.999,0.996,0.600,True,True,4,visible,170,0,,0,False,0.000,[]
434,14.467,30,0.685,0.765,0.356,0.738,0.107,0.906,0.720,0.590,0.440,0.600,True,True,4,visible,14,0,,0,False,0.000,[]
434,14.467,31,0.729,0.419,0.767,0.107,0.673,0.891,0.884,0.663,0.641,0.800,True,True,4,visible,10,0,,0,False,0.000,[]
434,14.467,18,0.793,0.857,0.300,0.850,0.068,0.978,0.725,0.973,0.896,0.600,True,True,4,visible,36,0,,3,False,0.000,"[300, 317, 373]"
434,14.467,32,0.401,0.462,0.048,0.920,0.128,0.982,0.950,0.924,0.883,0.600,True,True,4,uncertain,1,0,,0,False,0.000,[]
434,14.467,28,0.661,0.767,0.094,0.923,0.065,0.984,0.846,0.959,0.860,0.600,True,True,4,visible,35,0,,0,False,0.000,[]
435,14.500,1,0.794,0.823,0.103,0.968,0.068,0.998,0.980,0.999,0.996,0.600,True,True,4,visible,171,0,,0,False,0.000,[]
435,14.500,30,0.685,0.765,0.356,0.738,0.107,0.906,0.720,0.590,0.440,0.600,True,True,4,visible,15,0,,0,False,0.000,[]
435,14.500,31,0.729,0.419,0.767,0.107,0.673,0.891,0.884,0.663,0.641,0.800,True,True,4,visible,11,0,,0,False,0.000,[]
435,14.500,18,0.793,0.857,0.300,0.850,0.068,0.978,0.725,0.973,0.896,0.600,True,True,4,visible,37,0,,3,False,0.000,"[300, 317, 373]"
435,14.500,32,0.401,0.462,0.048,0.920,0.128,0.982,0.950,0.924,0.883,0.600,True,True,4,uncertain,2,0,,0,False,0.000,[]
435,14.500,28,0.661,0.767,0.094,0.923,0.065,0.984,0.846,0.959,0.860,0.600,True,True,4,visible,36,0,,0,False,0.000,[]
436,14.533,1,0.794,0.823,0.103,0.968,0.068,0.998,0.980,0.999,0.996,0.600,True,True,4,visible,172,0,,0,False,0.000,[]
436,14.533,30,0.685,0.765,0.356,0.738,0.107,0.906,0.720,0.590,0.440,0.600,True,True,4,visible,16,0,,0,False,0.000,[]
436,14.533,31,0.729,0.419,0.767,0.107,0.673,0.891,0.884,0.663,0.641,0.800,True,True,4,visible,12,0,,0,False,0.000,[]
436,14.533,18,0.793,0.857,0.300,0.850,0.068,0.978,0.725,0.973,0.896,0.600,True,True,4,visible,38,0,,3,False,0.000,"[300, 317, 373]"
436,14.533,32,0.401,0.462,0.048,0.920,0.128,0.982,0.950,0.924,0.883,0.600,True,True,4,visible,3,0,,0,False,0.000,[]
436,14.533,28,0.661,0.767,0.094,0.923,0.065,0.984,0.846,0.959,0.860,0.600,True,True,4,visible,37,0,,0,False,0.000,[]
437,14.567,1,0.779,0.818,0.093,0.970,0.063,0.998,0.980,0.999,0.997,0.600,True,True,4,visible,173,0,,0,False,0.000,[]
437,14.567,30,0.675,0.755,0.346,0.731,0.106,0.901,0.711,0.581,0.433,0.600,True,True,4,visible,17,0,,0,False,0.000,[]
437,14.567,31,0.713,0.380,0.765,0.091,0.688,0.874,0.891,0.652,0.660,0.600,True,True,4,visible,13,0,,0,False,0.000,[]
437,14.567,18,0.794,0.852,0.314,0.839,0.074,0.979,0.726,0.974,0.898,0.600,True,True,4,visible,39,0,,3,False,0.000,"[300, 317, 373]"
437,14.567,32,0.105,0.107,0.013,0.898,0.270,0.982,0.967,0.898,0.878,0.200,False,True,4,visible,0,1,,0,False,0.000,[]
437,14.567,28,0.522,0.649,0.053,0.950,0.112,0.991,0.911,0.948,0.855,0.600,True,True,4,visible,38,0,,0,False,0.000,[]
438,14.600,1,0.780,0.819,0.094,0.970,0.063,0.998,0.980,0.999,0.997,0.600,True,True,4,visible,174,0,,0,False,0.000,[]
438,14.600,30,0.675,0.755,0.346,0.731,0.106,0.901,0.711,0.581,0.433,0.600,True,True,4,visible,18,0,,0,False,0.000,[]
438,14.600,31,0.713,0.380,0.765,0.091,0.688,0.874,0.891,0.652,0.660,0.600,True,True,4,visible,14,0,,0,False,0.000,[]
438,14.600,18,0.795,0.852,0.314,0.839,0.074,0.979,0.726,0.974,0.898,0.600,True,True,4,visible,40,0,,3,False,0.000,"[300, 317, 373]"
438,14.600,32,0.105,0.108,0.013,0.898,0.269,0.982,0.967,0.898,0.878,0.200,False,True,4,visible,0,2,,0,False,0.000,[]
438,14.600,28,0.523,0.650,0.054,0.950,0.112,0.991,0.911,0.948,0.855,0.600,True,True,4,visible,39,0,,0,False,0.000,[]
439,14.633,1,0.780,0.819,0.094,0.970,0.063,0.998,0.980,0.999,0.997,0.600,True,True,4,visible,175,0,,0,False,0.000,[]
439,14.633,30,0.675,0.755,0.346,0.731,0.106,0.901,0.711,0.581,0.433,0.600,True,True,4,visible,19,0,,0,False,0.000,[]
439,14.633,31,0.713,0.380,0.765,0.091,0.688,0.874,0.891,0.652,0.660,0.600,True,True,4,visible,15,0,,0,False,0.000,[]
439,14.633,18,0.795,0.852,0.314,0.839,0.074,0.979,0.726,0.974,0.898,0.600,True,True,4,visible,41,0,,3,False,0.000,"[300, 317, 373]"
439,14.633,32,0.105,0.108,0.013,0.898,0.269,0.982,0.967,0.898,0.878,0.200,False,True,4,visible,0,3,,0,False,0.000,[]
439,14.633,28,0.523,0.650,0.054,0.950,0.112,0.991,0.911,0.948,0.855,0.600,True,True,4,visible,40,0,,0,False,0.000,[]
440,14.667,1,0.780,0.819,0.094,0.970,0.063,0.998,0.980,0.999,0.997,0.600,True,True,4,visible,176,0,,0,False,0.000,[]
440,14.667,30,0.675,0.755,0.346,0.731,0.106,0.901,0.711,0.581,0.433,0.600,True,True,4,visible,20,0,,0,False,0.000,[]
440,14.667,31,0.713,0.380,0.765,0.091,0.688,0.874,0.891,0.652,0.660,0.600,True,True,4,visible,16,0,,0,False,0.000,[]
440,14.667,18,0.795,0.852,0.314,0.839,0.074,0.979,0.726,0.974,0.898,0.600,True,True,4,visible,42,0,,3,False,0.000,"[300, 317, 373]"
440,14.667,32,0.105,0.108,0.013,0.898,0.269,0.982,0.967,0.898,0.878,0.200,False,True,4,visible,0,4,,0,False,0.000,[]
440,14.667,28,0.523,0.650,0.054,0.950,0.112,0.991,0.911,0.948,0.855,0.600,True,True,4,visible,41,0,,0,False,0.000,[]
441,14.700,1,0.825,0.859,0.121,0.971,0.061,0.998,0.979,0.999,0.996,0.600,True,True,4,visible,177,0,,0,False,0.000,[]
441,14.700,30,0.676,0.758,0.341,0.738,0.103,0.904,0.718,0.596,0.449,0.600,True,True,4,visible,21,0,,0,False,0.000,[]
441,14.700,31,0.788,0.475,0.829,0.115,0.742,0.903,0.922,0.669,0.685,0.800,True,True,4,visible,17,0,,0,False,0.000,[]
441,14.700,18,0.702,0.780,0.216,0.813,0.058,0.974,0.704,0.979,0.920,0.600,True,True,4,visible,43,0,,3,False,0.000,"[300, 317, 373]"
441,14.700,28,0.547,0.677,0.066,0.939,0.116,0.987,0.868,0.933,0.801,0.600,True,True,4,visible,42,0,,0,False,0.000,[]
441,14.700,29,0.148,0.235,0.010,0.935,0.049,0.921,0.788,0.415,0.310,0.200,False,True,3,visible,0,1,,0,False,0.000,[]
442,14.733,1,0.825,0.859,0.121,0.971,0.061,0.998,0.979,0.999,0.996,0.600,True,True,4,visible,178,0,,0,False,0.000,[]
442,14.733,30,0.676,0.758,0.341,0.738,0.103,0.904,0.719,0.596,0.449,0.600,True,True,4,visible,22,0,,0,False,0.000,[]
442,14.733,31,0.788,0.475,0.829,0.115,0.742,0.903,0.922,0.669,0.685,0.800,True,True,4,visible,18,0,,0,False,0.000,[]
442,14.733,18,0.702,0.781,0.216,0.814,0.058,0.974,0.705,0.979,0.920,0.600,True,True,4,visible,44,0,,3,False,0.000,"[300, 317, 373]"
442,14.733,28,0.546,0.677,0.066,0.939,0.117,0.987,0.867,0.933,0.801,0.600,True,True,4,visible,43,0,,0,False,0.000,[]
442,14.733,29,0.148,0.234,0.010,0.935,0.049,0.921,0.788,0.415,0.310,0.200,False,True,3,visible,0,2,,0,False,0.000,[]
443,14.767,1,0.825,0.859,0.121,0.971,0.061,0.998,0.979,0.999,0.996,0.600,True,True,4,visible,179,0,,0,False,0.000,[]
443,14.767,30,0.676,0.758,0.341,0.738,0.103,0.904,0.719,0.596,0.449,0.600,True,True,4,visible,23,0,,0,False,0.000,[]
443,14.767,31,0.788,0.475,0.829,0.115,0.742,0.903,0.922,0.669,0.685,0.800,True,True,4,visible,19,0,,0,False,0.000,[]
443,14.767,18,0.702,0.781,0.216,0.814,0.058,0.974,0.705,0.979,0.920,0.600,True,True,4,visible,45,0,,3,False,0.000,"[300, 317, 373]"
443,14.767,28,0.546,0.677,0.066,0.939,0.117,0.987,0.867,0.933,0.801,0.600,True,True,4,visible,44,0,,0,False,0.000,[]
443,14.767,29,0.148,0.234,0.010,0.935,0.049,0.921,0.788,0.415,0.310,0.200,False,True,3,visible,0,3,,0,False,0.000,[]
444,14.800,1,0.825,0.859,0.121,0.971,0.061,0.998,0.979,0.999,0.996,0.600,True,True,4,visible,180,0,,0,False,0.000,[]
444,14.800,30,0.676,0.758,0.341,0.738,0.103,0.904,0.719,0.596,0.449,0.600,True,True,4,visible,24,0,,0,False,0.000,[]
444,14.800,31,0.788,0.475,0.829,0.115,0.742,0.903,0.922,0.669,0.685,0.800,True,True,4,visible,20,0,,0,False,0.000,[]
444,14.800,18,0.702,0.781,0.216,0.814,0.058,0.974,0.705,0.979,0.920,0.600,True,True,4,visible,46,0,,3,False,0.000,"[300, 317, 373]"
444,14.800,28,0.546,0.677,0.066,0.939,0.117,0.987,0.867,0.933,0.801,0.600,True,True,4,visible,45,0,,0,False,0.000,[]
444,14.800,29,0.148,0.234,0.010,0.935,0.049,0.921,0.788,0.415,0.310,0.200,False,True,3,visible,0,4,,0,False,0.000,[]
445,14.833,1,0.825,0.859,0.121,0.971,0.061,0.998,0.979,0.999,0.996,0.600,True,True,4,visible,181,0,,0,False,0.000,[]
445,14.833,30,0.676,0.758,0.341,0.738,0.103,0.904,0.719,0.596,0.449,0.600,True,True,4,visible,25,0,,0,False,0.000,[]
445,14.833,31,0.788,0.475,0.829,0.115,0.742,0.903,0.922,0.669,0.685,0.800,True,True,4,visible,21,0,,0,False,0.000,[]
445,14.833,18,0.702,0.781,0.216,0.814,0.058,0.974,0.705,0.979,0.920,0.600,True,True,4,visible,47,0,,3,False,0.000,"[300, 317, 373]"
445,14.833,28,0.546,0.677,0.066,0.939,0.117,0.987,0.867,0.933,0.801,0.600,True,True,4,visible,46,0,,0,False,0.000,[]
445,14.833,29,0.148,0.234,0.010,0.935,0.049,0.921,0.788,0.415,0.310,0.200,False,True,3,hidden,0,5,head_turn_away,1,False,0.000,[445]
446,14.867,1,0.853,0.882,0.141,0.971,0.058,0.998,0.979,0.999,0.997,0.600,True,True,4,visible,182,0,,0,False,0.000,[]
446,14.867,30,0.695,0.769,0.365,0.740,0.111,0.909,0.732,0.604,0.458,0.600,True,True,4,visible,26,0,,0,False,0.000,[]
446,14.867,31,0.866,0.685,0.881,0.233,0.755,0.944,0.940,0.719,0.701,0.800,True,True,4,visible,22,0,,0,False,0.000,[]
446,14.867,18,0.707,0.810,0.220,0.847,0.056,0.974,0.662,0.975,0.897,0.600,True,True,4,visible,48,0,,3,False,0.000,"[300, 317, 373]"
446,14.867,28,0.383,0.439,0.050,0.927,0.256,0.987,0.929,0.928,0.841,0.400,True,True,4,visible,47,0,,0,False,0.000,[]
446,14.867,32,0.051,0.063,0.010,0.891,0.391,0.956,0.928,0.676,0.648,0.200,False,True,4,hidden,0,5,head_turn_away,1,False,0.000,[446]
447,14.900,1,0.852,0.881,0.141,0.971,0.058,0.998,0.979,0.999,0.997,0.600,True,True,4,visible,183,0,,0,False,0.000,[]
447,14.900,30,0.695,0.769,0.365,0.740,0.111,0.909,0.732,0.604,0.458,0.600,True,True,4,visible,27,0,,0,False,0.000,[]
447,14.900,31,0.866,0.685,0.881,0.233,0.755,0.944,0.940,0.719,0.701,0.800,True,True,4,visible,23,0,,0,False,0.000,[]
447,14.900,18,0.706,0.809,0.219,0.847,0.056,0.974,0.662,0.975,0.897,0.600,True,True,4,visible,49,0,,3,False,0.000,"[300, 317, 373]"
447,14.900,28,0.383,0.440,0.050,0.927,0.253,0.987,0.929,0.928,0.842,0.400,True,True,4,visible,48,0,,0,False,0.000,[]
447,14.900,32,0.051,0.063,0.010,0.892,0.394,0.956,0.929,0.679,0.651,0.200,False,True,4,hidden,0,6,,1,False,0.000,[446]
448,14.933,1,0.852,0.881,0.141,0.971,0.058,0.998,0.979,0.999,0.997,0.600,True,True,4,visible,184,0,,0,False,0.000,[]
448,14.933,30,0.695,0.769,0.365,0.740,0.111,0.909,0.732,0.604,0.458,0.600,True,True,4,visible,28,0,,0,False,0.000,[]
448,14.933,31,0.866,0.685,0.881,0.233,0.755,0.944,0.940,0.719,0.701,0.800,True,True,4,visible,24,0,,0,False,0.000,[]
448,14.933,18,0.706,0.809,0.219,0.847,0.056,0.974,0.662,0.975,0.897,0.600,True,True,4,visible,50,0,,3,False,0.000,"[300, 317, 373]"
448,14.933,28,0.383,0.440,0.050,0.927,0.253,0.987,0.929,0.928,0.842,0.400,True,True,4,visible,49,0,,0,False,0.000,[]
448,14.933,32,0.051,0.063,0.010,0.892,0.394,0.956,0.929,0.679,0.651,0.200,False,True,4,hidden,0,7,,1,False,0.000,[446]
449,14.967,1,0.852,0.881,0.141,0.971,0.058,0.998,0.979,0.999,0.997,0.600,True,True,4,visible,185,0,,0,False,0.000,[]
449,14.967,30,0.695,0.769,0.365,0.740,0.111,0.909,0.732,0.604,0.458,0.600,True,True,4,visible,29,0,,0,False,0.000,[]
449,14.967,31,0.866,0.685,0.881,0.233,0.755,0.944,0.940,0.719,0.701,0.800,True,True,4,visible,25,0,,0,False,0.000,[]
449,14.967,18,0.706,0.809,0.219,0.847,0.056,0.974,0.662,0.975,0.897,0.600,True,True,4,visible,51,0,,3,False,0.000,"[300, 317, 373]"
449,14.967,28,0.383,0.440,0.050,0.927,0.253,0.987,0.929,0.928,0.842,0.400,True,True,4,visible,50,0,,0,False,0.000,[]
449,14.967,32,0.051,0.063,0.010,0.892,0.394,0.956,0.929,0.679,0.651,0.200,False,True,4,hidden,0,8,,1,False,0.000,[446]
450,15.000,1,0.766,0.823,0.077,0.978,0.058,0.999,0.983,0.999,0.998,0.600,True,True,4,visible,186,0,,0,False,0.000,[]
450,15.000,18,0.890,0.944,0.454,0.924,0.069,0.987,0.713,0.982,0.904,0.800,True,True,4,visible,52,0,,3,False,0.000,"[300, 317, 373]"
450,15.000,28,0.720,0.796,0.119,0.942,0.155,0.990,0.887,0.955,0.845,0.600,True,True,4,visible,51,0,,0,False,0.000,[]
450,15.000,29,0.738,0.842,0.148,0.946,0.037,0.878,0.747,0.103,0.078,0.600,True,True,2,hidden,1,0,,1,False,0.000,[445]
451,15.033,1,0.766,0.822,0.077,0.978,0.058,0.999,0.983,0.999,0.998,0.600,True,True,4,visible,187,0,,0,False,0.000,[]
451,15.033,18,0.890,0.944,0.454,0.924,0.069,0.987,0.713,0.982,0.904,0.800,True,True,4,visible,53,0,,3,False,0.000,"[300, 317, 373]"
451,15.033,28,0.720,0.796,0.119,0.942,0.155,0.990,0.887,0.954,0.844,0.600,True,True,4,visible,52,0,,0,False,0.000,[]
451,15.033,29,0.740,0.843,0.149,0.946,0.037,0.878,0.747,0.103,0.078,0.600,True,True,2,hidden,2,0,,1,False,0.000,[445]
452,15.067,1,0.766,0.822,0.077,0.978,0.058,0.999,0.983,0.999,0.998,0.600,True,True,4,visible,188,0,,0,False,0.000,[]
452,15.067,18,0.890,0.944,0.454,0.924,0.069,0.987,0.713,0.982,0.904,0.800,True,True,4,visible,54,0,,3,False,0.000,"[300, 317, 373]"
452,15.067,28,0.720,0.796,0.119,0.942,0.155,0.990,0.887,0.954,0.844,0.600,True,True,4,visible,53,0,,0,False,0.000,[]
452,15.067,29,0.740,0.843,0.149,0.946,0.037,0.878,0.747,0.103,0.078,0.600,True,True,2,visible,3,0,,1,False,0.000,[445]
453,15.100,1,0.766,0.822,0.077,0.978,0.058,0.999,0.983,0.999,0.998,0.600,True,True,4,visible,189,0,,0,False,0.000,[]
453,15.100,18,0.890,0.944,0.454,0.924,0.069,0.987,0.713,0.982,0.904,0.800,True,True,4,visible,55,0,,3,False,0.000,"[300, 317, 373]"
453,15.100,28,0.720,0.796,0.119,0.942,0.155,0.990,0.887,0.954,0.844,0.600,True,True,4,visible,54,0,,0,False,0.000,[]
453,15.100,29,0.740,0.843,0.149,0.946,0.037,0.878,0.747,0.103,0.078,0.600,True,True,2,visible,4,0,,1,False,0.000,[445]
454,15.133,1,0.849,0.883,0.127,0.976,0.058,0.999,0.982,0.999,0.997,0.600,True,True,4,visible,190,0,,0,False,0.000,[]
454,15.133,18,0.890,0.943,0.444,0.920,0.066,0.989,0.694,0.984,0.904,0.800,True,True,4,visible,56,0,,3,False,0.000,"[300, 317, 373]"
454,15.133,28,0.676,0.754,0.116,0.943,0.165,0.987,0.898,0.904,0.765,0.600,True,True,4,visible,55,0,,0,False,0.000,[]
454,15.133,29,0.863,0.929,0.381,0.926,0.046,0.919,0.790,0.200,0.139,0.600,True,True,2,visible,5,0,,1,False,0.000,[445]
455,15.167,1,0.849,0.883,0.126,0.976,0.059,0.999,0.982,0.999,0.997,0.600,True,True,4,visible,191,0,,0,False,0.000,[]
455,15.167,18,0.890,0.943,0.444,0.920,0.066,0.989,0.694,0.984,0.904,0.800,True,True,4,visible,57,0,,3,False,0.000,"[300, 317, 373]"
455,15.167,28,0.676,0.754,0.116,0.943,0.165,0.987,0.898,0.904,0.765,0.600,True,True,4,visible,56,0,,0,False,0.000,[]
455,15.167,29,0.863,0.929,0.381,0.926,0.046,0.919,0.789,0.200,0.139,0.600,True,True,2,visible,6,0,,1,False,0.000,[445]
456,15.200,1,0.849,0.883,0.126,0.976,0.059,0.999,0.982,0.999,0.997,0.600,True,True,4,visible,192,0,,0,False,0.000,[]
456,15.200,18,0.890,0.943,0.444,0.920,0.066,0.989,0.694,0.984,0.904,0.800,True,True,4,visible,58,0,,3,False,0.000,"[300, 317, 373]"
456,15.200,28,0.676,0.754,0.116,0.943,0.165,0.987,0.898,0.904,0.765,0.600,True,True,4,visible,57,0,,0,False,0.000,[]
456,15.200,29,0.863,0.929,0.381,0.926,0.046,0.919,0.789,0.200,0.139,0.600,True,True,2,visible,7,0,,1,False,0.000,[445]
457,15.233,1,0.898,0.919,0.189,0.975,0.060,0.999,0.978,0.999,0.996,0.600,True,True,4,visible,193,0,,0,False,0.000,[]
457,15.233,18,0.887,0.946,0.433,0.937,0.071,0.988,0.711,0.978,0.881,0.800,True,True,4,visible,59,0,,3,False,0.000,"[300, 317, 373]"
457,15.233,28,0.758,0.794,0.191,0.939,0.224,0.985,0.940,0.922,0.856,0.600,True,True,4,visible,58,0,,0,False,0.000,[]
457,15.233,29,0.867,0.930,0.400,0.938,0.063,0.935,0.832,0.212,0.148,0.600,True,True,2,visible,8,0,,1,False,0.000,[445]
457,15.233,30,0.709,0.790,0.376,0.761,0.109,0.908,0.719,0.594,0.441,0.600,True,True,4,visible,30,0,,0,False,0.000,[]
457,15.233,31,0.786,0.458,0.831,0.115,0.769,0.913,0.949,0.755,0.797,0.800,True,True,4,visible,26,0,,0,False,0.000,[]
458,15.267,1,0.884,0.907,0.170,0.974,0.063,0.999,0.978,0.999,0.996,0.600,True,True,4,visible,194,0,,0,False,0.000,[]
458,15.267,18,0.877,0.942,0.402,0.935,0.065,0.989,0.700,0.981,0.889,0.800,True,True,4,visible,60,0,,3,False,0.000,"[300, 317, 373]"
458,15.267,28,0.727,0.779,0.147,0.936,0.169,0.985,0.910,0.924,0.827,0.600,True,True,4,visible,59,0,,0,False,0.000,[]
458,15.267,29,0.835,0.911,0.319,0.943,0.060,0.940,0.835,0.215,0.147,0.600,True,True,2,visible,9,0,,1,False,0.000,[445]
458,15.267,30,0.692,0.774,0.364,0.747,0.110,0.906,0.716,0.598,0.446,0.600,True,True,4,visible,31,0,,0,False,0.000,[]
458,15.267,31,0.806,0.489,0.847,0.123,0.779,0.915,0.950,0.740,0.786,0.800,True,True,4,visible,27,0,,0,False,0.000,[]
459,15.300,1,0.906,0.926,0.209,0.977,0.066,0.999,0.979,0.999,0.995,0.600,True,True,4,visible,195,0,,0,False,0.000,[]
459,15.300,18,0.903,0.950,0.452,0.933,0.068,0.992,0.726,0.984,0.897,0.800,True,True,4,visible,61,0,,3,False,0.000,"[300, 317, 373]"
459,15.300,28,0.813,0.849,0.224,0.943,0.182,0.986,0.929,0.927,0.848,0.600,True,True,4,visible,60,0,,0,False,0.000,[]
460,15.333,1,0.903,0.924,0.204,0.977,0.067,0.999,0.979,0.999,0.996,0.600,True,True,4,visible,196,0,,0,False,0.000,[]
460,15.333,18,0.902,0.950,0.450,0.933,0.068,0.992,0.726,0.984,0.897,0.800,True,True,4,visible,62,0,,3,False,0.000,"[300, 317, 373]"
460,15.333,28,0.811,0.847,0.223,0.942,0.183,0.986,0.929,0.926,0.848,0.600,True,True,4,visible,61,0,,0,False,0.000,[]
461,15.367,1,0.903,0.924,0.204,0.977,0.067,0.999,0.979,0.999,0.996,0.600,True,True,4,visible,197,0,,0,False,0.000,[]
461,15.367,18,0.902,0.950,0.450,0.933,0.068,0.992,0.726,0.984,0.897,0.800,True,True,4,visible,63,0,,3,False,0.000,"[300, 317, 373]"
461,15.367,28,0.811,0.847,0.223,0.942,0.183,0.986,0.929,0.926,0.848,0.600,True,True,4,visible,62,0,,0,False,0.000,[]
462,15.400,1,0.903,0.924,0.204,0.977,0.067,0.999,0.979,0.999,0.996,0.600,True,True,4,visible,198,0,,0,False,0.000,[]
462,15.400,18,0.902,0.950,0.450,0.933,0.068,0.992,0.726,0.984,0.897,0.800,True,True,4,visible,64,0,,3,False,0.000,"[300, 317, 373]"
462,15.400,28,0.811,0.847,0.223,0.942,0.183,0.986,0.929,0.926,0.848,0.600,True,True,4,visible,63,0,,0,False,0.000,[]
463,15.433,1,0.876,0.909,0.156,0.979,0.058,0.998,0.979,0.999,0.995,0.600,True,True,4,visible,199,0,,0,False,0.000,[]
463,15.433,18,0.898,0.953,0.436,0.944,0.060,0.990,0.704,0.980,0.878,0.800,True,True,4,visible,65,0,,3,False,0.000,"[300, 317, 373]"
463,15.433,28,0.841,0.873,0.265,0.948,0.198,0.986,0.939,0.926,0.858,0.600,True,True,4,visible,64,0,,0,False,0.000,[]
463,15.433,29,0.786,0.878,0.243,0.945,0.070,0.898,0.775,0.145,0.109,0.600,True,True,2,visible,10,0,,1,False,0.000,[445]
464,15.467,1,0.875,0.909,0.155,0.979,0.058,0.998,0.979,0.999,0.995,0.600,True,True,4,visible,200,0,,0,False,0.000,[]
464,15.467,18,0.898,0.953,0.436,0.944,0.060,0.990,0.704,0.980,0.878,0.800,True,True,4,visible,66,0,,3,False,0.000,"[300, 317, 373]"
464,15.467,28,0.841,0.872,0.265,0.948,0.199,0.986,0.939,0.926,0.859,0.600,True,True,4,visible,65,0,,0,False,0.000,[]
464,15.467,29,0.784,0.877,0.242,0.944,0.070,0.898,0.775,0.146,0.109,0.600,True,True,2,visible,11,0,,1,False,0.000,[445]
465,15.500,1,0.875,0.909,0.155,0.979,0.058,0.998,0.979,0.999,0.995,0.600,True,True,4,visible,201,0,,0,False,0.000,[]
465,15.500,18,0.898,0.953,0.436,0.944,0.060,0.990,0.704,0.980,0.878,0.800,True,True,4,visible,67,0,,3,False,0.000,"[300, 317, 373]"
465,15.500,28,0.841,0.872,0.265,0.948,0.199,0.986,0.939,0.926,0.859,0.600,True,True,4,visible,66,0,,0,False,0.000,[]
465,15.500,29,0.784,0.877,0.242,0.944,0.070,0.898,0.775,0.146,0.109,0.600,True,True,2,visible,12,0,,1,False,0.000,[445]
466,15.533,1,0.875,0.909,0.155,0.979,0.058,0.998,0.979,0.999,0.995,0.600,True,True,4,visible,202,0,,0,False,0.000,[]
466,15.533,18,0.898,0.953,0.436,0.944,0.060,0.990,0.704,0.980,0.878,0.800,True,True,4,visible,68,0,,3,False,0.000,"[300, 317, 373]"
466,15.533,28,0.841,0.872,0.265,0.948,0.199,0.986,0.939,0.926,0.859,0.600,True,True,4,visible,67,0,,0,False,0.000,[]
466,15.533,29,0.784,0.877,0.242,0.944,0.070,0.898,0.775,0.146,0.109,0.600,True,True,2,visible,13,0,,1,False,0.000,[445]
467,15.567,1,0.865,0.893,0.149,0.975,0.063,0.998,0.979,0.999,0.996,0.600,True,True,4,visible,203,0,,0,False,0.000,[]
467,15.567,18,0.870,0.934,0.383,0.929,0.061,0.989,0.709,0.981,0.891,0.600,True,True,4,visible,69,0,,3,False,0.000,"[300, 317, 373]"
467,15.567,28,0.818,0.851,0.268,0.931,0.199,0.976,0.925,0.906,0.838,0.600,True,True,4,visible,68,0,,0,False,0.000,[]
467,15.567,29,0.900,0.949,0.397,0.950,0.049,0.893,0.769,0.151,0.116,0.600,True,True,2,visible,14,0,,1,False,0.000,[445]
468,15.600,1,0.866,0.893,0.149,0.975,0.063,0.998,0.979,0.999,0.996,0.600,True,True,4,visible,204,0,,0,False,0.000,[]
468,15.600,18,0.869,0.934,0.382,0.929,0.061,0.989,0.709,0.981,0.891,0.600,True,True,4,visible,70,0,,3,False,0.000,"[300, 317, 373]"
468,15.600,28,0.818,0.851,0.268,0.931,0.199,0.976,0.925,0.906,0.838,0.600,True,True,4,visible,69,0,,0,False,0.000,[]
468,15.600,29,0.900,0.948,0.397,0.950,0.049,0.893,0.769,0.151,0.116,0.600,True,True,2,visible,15,0,,1,False,0.000,[445]
469,15.633,1,0.866,0.893,0.149,0.975,0.063,0.998,0.979,0.999,0.996,0.600,True,True,4,visible,205,0,,0,False,0.000,[]
469,15.633,18,0.869,0.934,0.382,0.929,0.061,0.989,0.709,0.981,0.891,0.600,True,True,4,visible,71,0,,3,False,0.000,"[300, 317, 373]"
469,15.633,28,0.818,0.851,0.268,0.931,0.199,0.976,0.925,0.906,0.838,0.600,True,True,4,visible,70,0,,0,False,0.000,[]
469,15.633,29,0.900,0.948,0.397,0.950,0.049,0.893,0.769,0.151,0.116,0.600,True,True,2,visible,16,0,,1,False,0.000,[445]
470,15.667,1,0.866,0.893,0.149,0.975,0.063,0.998,0.979,0.999,0.996,0.600,True,True,4,visible,206,0,,0,False,0.000,[]
470,15.667,18,0.869,0.934,0.382,0.929,0.061,0.989,0.709,0.981,0.891,0.600,True,True,4,visible,72,0,,3,False,0.000,"[300, 317, 373]"
470,15.667,28,0.818,0.851,0.268,0.931,0.199,0.976,0.925,0.906,0.838,0.600,True,True,4,visible,71,0,,0,False,0.000,[]
470,15.667,29,0.900,0.948,0.397,0.950,0.049,0.893,0.769,0.151,0.116,0.600,True,True,2,visible,17,0,,1,False,0.000,[445]
471,15.700,1,0.925,0.941,0.255,0.974,0.059,0.998,0.977,0.998,0.995,0.600,True,True,4,visible,207,0,,0,False,0.000,[]
471,15.700,18,0.880,0.937,0.424,0.922,0.066,0.987,0.707,0.977,0.878,0.800,True,True,4,visible,73,0,,3,False,0.000,"[300, 317, 373]"
471,15.700,28,0.880,0.922,0.260,0.946,0.105,0.986,0.855,0.905,0.726,0.600,True,True,4,visible,72,0,,0,False,0.000,[]
471,15.700,29,0.939,0.969,0.600,0.950,0.076,0.888,0.783,0.105,0.084,0.800,True,True,2,visible,18,0,,1,False,0.000,[445]
472,15.733,1,0.925,0.941,0.255,0.974,0.059,0.998,0.977,0.998,0.995,0.600,True,True,4,visible,208,0,,0,False,0.000,[]
472,15.733,18,0.880,0.937,0.424,0.922,0.066,0.987,0.707,0.977,0.878,0.800,True,True,4,visible,74,0,,3,False,0.000,"[300, 317, 373]"
472,15.733,28,0.880,0.922,0.260,0.946,0.105,0.986,0.855,0.905,0.726,0.600,True,True,4,visible,73,0,,0,False,0.000,[]
472,15.733,29,0.939,0.969,0.600,0.950,0.076,0.888,0.783,0.105,0.085,0.800,True,True,2,visible,19,0,,1,False,0.000,[445]
473,15.767,1,0.925,0.941,0.255,0.974,0.059,0.998,0.977,0.998,0.995,0.600,True,True,4,visible,209,0,,0,False,0.000,[]
473,15.767,18,0.880,0.937,0.424,0.922,0.066,0.987,0.707,0.977,0.878,0.800,True,True,4,visible,75,0,,3,False,0.000,"[300, 317, 373]"
473,15.767,28,0.880,0.922,0.260,0.946,0.105,0.986,0.855,0.905,0.726,0.600,True,True,4,visible,74,0,,0,False,0.000,[]
473,15.767,29,0.939,0.969,0.600,0.950,0.076,0.888,0.783,0.105,0.085,0.800,True,True,2,visible,20,0,,1,False,0.000,[445]
474,15.800,1,0.925,0.941,0.255,0.974,0.059,0.998,0.977,0.998,0.995,0.600,True,True,4,visible,210,0,,0,False,0.000,[]
474,15.800,18,0.880,0.937,0.424,0.922,0.066,0.987,0.707,0.977,0.878,0.800,True,True,4,visible,76,0,,3,False,0.000,"[300, 317, 373]"
474,15.800,28,0.880,0.922,0.260,0.946,0.105,0.986,0.855,0.905,0.726,0.600,True,True,4,visible,75,0,,0,False,0.000,[]
474,15.800,29,0.939,0.969,0.600,0.950,0.076,0.888,0.783,0.105,0.085,0.800,True,True,2,visible,21,0,,1,False,0.000,[445]
475,15.833,1,0.925,0.941,0.255,0.974,0.059,0.998,0.977,0.998,0.995,0.600,True,True,4,visible,211,0,,0,False,0.000,[]
475,15.833,18,0.880,0.937,0.424,0.922,0.066,0.987,0.707,0.977,0.878,0.800,True,True,4,visible,77,0,,3,False,0.000,"[300, 317, 373]"
475,15.833,28,0.880,0.922,0.260,0.946,0.105,0.986,0.855,0.905,0.726,0.600,True,True,4,visible,76,0,,0,False,0.000,[]
475,15.833,29,0.939,0.969,0.600,0.950,0.076,0.888,0.783,0.105,0.085,0.800,True,True,2,visible,22,0,,1,False,0.000,[445]
476,15.867,1,0.852,0.883,0.133,0.974,0.056,0.998,0.982,0.999,0.997,0.600,True,True,4,visible,212,0,,0,False,0.000,[]
476,15.867,18,0.896,0.949,0.464,0.938,0.074,0.986,0.729,0.971,0.864,0.800,True,True,4,visible,78,0,,3,False,0.000,"[300, 317, 373]"
476,15.867,28,0.750,0.796,0.199,0.928,0.201,0.978,0.925,0.917,0.848,0.600,True,True,4,visible,77,0,,0,False,0.000,[]
477,15.900,1,0.852,0.883,0.133,0.974,0.056,0.998,0.982,0.999,0.997,0.600,True,True,4,visible,213,0,,0,False,0.000,[]
477,15.900,18,0.896,0.949,0.464,0.938,0.074,0.986,0.729,0.971,0.865,0.800,True,True,4,visible,79,0,,3,False,0.000,"[300, 317, 373]"
477,15.900,28,0.750,0.796,0.199,0.928,0.201,0.978,0.925,0.917,0.848,0.600,True,True,4,visible,78,0,,0,False,0.000,[]
478,15.933,1,0.852,0.883,0.133,0.974,0.056,0.998,0.982,0.999,0.997,0.600,True,True,4,visible,214,0,,0,False,0.000,[]
478,15.933,18,0.896,0.949,0.464,0.938,0.074,0.986,0.729,0.971,0.865,0.800,True,True,4,visible,80,0,,3,False,0.000,"[300, 317, 373]"
478,15.933,28,0.750,0.796,0.199,0.928,0.201,0.978,0.925,0.917,0.848,0.600,True,True,4,visible,79,0,,0,False,0.000,[]
479,15.967,1,0.852,0.883,0.133,0.974,0.056,0.998,0.982,0.999,0.997,0.600,True,True,4,visible,215,0,,0,False,0.000,[]
479,15.967,18,0.896,0.949,0.464,0.938,0.074,0.986,0.729,0.971,0.865,0.800,True,True,4,visible,81,0,,3,False,0.000,"[300, 317, 373]"
479,15.967,28,0.750,0.796,0.199,0.928,0.201,0.978,0.925,0.917,0.848,0.600,True,True,4,visible,80,0,,0,False,0.000,[]
480,16.000,1,0.689,0.695,0.065,0.958,0.076,0.998,0.986,0.999,0.998,0.600,True,True,4,visible,216,0,,0,False,0.000,[]
480,16.000,18,0.653,0.753,0.190,0.757,0.036,0.959,0.565,0.975,0.896,0.600,True,True,4,visible,82,0,,2,False,0.000,"[317, 373]"
480,16.000,28,0.748,0.831,0.145,0.939,0.136,0.987,0.850,0.905,0.708,0.600,True,True,4,visible,81,0,,0,False,0.000,[]
481,16.033,1,0.690,0.696,0.065,0.958,0.076,0.998,0.986,0.999,0.998,0.600,True,True,4,visible,217,0,,0,False,0.000,[]
481,16.033,18,0.653,0.753,0.190,0.757,0.036,0.959,0.565,0.975,0.896,0.600,True,True,4,visible,83,0,,2,False,0.000,"[317, 373]"
481,16.033,28,0.748,0.831,0.145,0.938,0.136,0.987,0.850,0.904,0.707,0.600,True,True,4,visible,82,0,,0,False,0.000,[]
481,16.033,33,0.848,0.526,0.889,0.130,0.848,0.924,0.965,0.644,0.722,0.800,True,True,4,uncertain,1,0,,0,False,0.000,[]
482,16.067,1,0.690,0.696,0.065,0.958,0.076,0.998,0.986,0.999,0.998,0.600,True,True,4,visible,218,0,,0,False,0.000,[]
482,16.067,18,0.653,0.753,0.190,0.757,0.036,0.959,0.565,0.975,0.896,0.600,True,True,4,visible,84,0,,2,False,0.000,"[317, 373]"
482,16.067,28,0.748,0.830,0.145,0.938,0.136,0.987,0.850,0.904,0.707,0.600,True,True,4,visible,83,0,,0,False,0.000,[]
482,16.067,33,0.848,0.526,0.889,0.130,0.848,0.924,0.965,0.644,0.722,0.800,True,True,4,uncertain,2,0,,0,False,0.000,[]
483,16.100,1,0.690,0.696,0.065,0.958,0.076,0.998,0.986,0.999,0.998,0.600,True,True,4,visible,219,0,,0,False,0.000,[]
483,16.100,18,0.653,0.753,0.190,0.757,0.036,0.959,0.565,0.975,0.896,0.600,True,True,4,visible,85,0,,2,False,0.000,"[317, 373]"
483,16.100,28,0.748,0.830,0.145,0.938,0.136,0.987,0.850,0.904,0.707,0.600,True,True,4,visible,84,0,,0,False,0.000,[]
483,16.100,33,0.848,0.526,0.889,0.130,0.848,0.924,0.965,0.644,0.722,0.800,True,True,4,visible,3,0,,0,False,0.000,[]
484,16.133,1,0.772,0.784,0.089,0.958,0.062,0.998,0.983,0.999,0.998,0.600,True,True,4,visible,220,0,,0,False,0.000,[]
484,16.133,18,0.519,0.605,0.132,0.687,0.038,0.949,0.592,0.976,0.918,0.600,True,True,4,visible,86,0,,2,False,0.000,"[317, 373]"
484,16.133,28,0.818,0.880,0.203,0.940,0.135,0.987,0.846,0.890,0.673,0.600,True,True,4,visible,85,0,,0,False,0.000,[]
484,16.133,33,0.855,0.530,0.895,0.125,0.853,0.921,0.966,0.619,0.710,0.800,True,True,4,visible,4,0,,0,False,0.000,[]
485,16.167,1,0.772,0.784,0.089,0.958,0.062,0.998,0.983,0.999,0.998,0.600,True,True,4,visible,221,0,,0,False,0.000,[]
485,16.167,18,0.519,0.605,0.132,0.687,0.038,0.949,0.592,0.976,0.918,0.600,True,True,4,visible,87,0,,2,False,0.000,"[317, 373]"
485,16.167,28,0.818,0.880,0.203,0.940,0.135,0.987,0.846,0.890,0.673,0.600,True,True,4,visible,86,0,,0,False,0.000,[]
485,16.167,33,0.855,0.530,0.895,0.125,0.853,0.921,0.966,0.619,0.710,0.800,True,True,4,visible,5,0,,0,False,0.000,[]
486,16.200,1,0.772,0.784,0.089,0.958,0.062,0.998,0.983,0.999,0.998,0.600,True,True,4,visible,222,0,,0,False,0.000,[]
486,16.200,18,0.519,0.605,0.132,0.687,0.038,0.949,0.592,0.976,0.918,0.600,True,True,4,visible,88,0,,2,False,0.000,"[317, 373]"
486,16.200,28,0.818,0.880,0.203,0.940,0.135,0.987,0.846,0.890,0.673,0.600,True,True,4,visible,87,0,,0,False,0.000,[]
486,16.200,33,0.855,0.530,0.895,0.125,0.853,0.921,0.966,0.619,0.710,0.800,True,True,4,visible,6,0,,0,False,0.000,[]
487,16.233,1,0.772,0.784,0.089,0.958,0.062,0.998,0.983,0.999,0.998,0.600,True,True,4,visible,223,0,,0,False,0.000,[]
487,16.233,18,0.519,0.605,0.132,0.687,0.038,0.949,0.592,0.976,0.918,0.600,True,True,4,visible,89,0,,2,False,0.000,"[317, 373]"
487,16.233,28,0.818,0.880,0.203,0.940,0.135,0.987,0.846,0.890,0.673,0.600,True,True,4,visible,88,0,,0,False,0.000,[]
487,16.233,33,0.855,0.530,0.895,0.125,0.853,0.921,0.966,0.619,0.710,0.800,True,True,4,visible,7,0,,0,False,0.000,[]
488,16.267,1,0.772,0.784,0.089,0.958,0.062,0.998,0.983,0.999,0.998,0.600,True,True,4,visible,224,0,,0,False,0.000,[]
488,16.267,18,0.519,0.605,0.132,0.687,0.038,0.949,0.592,0.976,0.918,0.600,True,True,4,visible,90,0,,2,False,0.000,"[317, 373]"
488,16.267,28,0.818,0.880,0.203,0.940,0.135,0.987,0.846,0.890,0.673,0.600,True,True,4,visible,89,0,,0,False,0.000,[]
488,16.267,33,0.855,0.530,0.895,0.125,0.853,0.921,0.966,0.619,0.710,0.800,True,True,4,visible,8,0,,0,False,0.000,[]
489,16.300,1,0.621,0.683,0.040,0.968,0.050,0.998,0.979,0.999,0.997,0.600,True,True,4,visible,225,0,,0,False,0.000,[]
489,16.300,28,0.880,0.919,0.294,0.951,0.150,0.989,0.902,0.938,0.819,0.600,True,True,4,visible,90,0,,0,False,0.000,[]
489,16.300,33,0.849,0.501,0.894,0.113,0.861,0.916,0.967,0.598,0.702,0.800,True,True,4,visible,9,0,,0,False,0.000,[]
490,16.333,1,0.619,0.681,0.040,0.968,0.050,0.998,0.979,0.999,0.997,0.600,True,True,4,visible,226,0,,0,False,0.000,[]
490,16.333,28,0.880,0.919,0.294,0.951,0.150,0.989,0.902,0.938,0.819,0.600,True,True,4,visible,91,0,,0,False,0.000,[]
490,16.333,33,0.849,0.501,0.894,0.113,0.861,0.916,0.967,0.598,0.702,0.800,True,True,4,visible,10,0,,0,False,0.000,[]
490,16.333,34,0.775,0.871,0.185,0.907,0.023,0.946,0.821,0.733,0.596,0.600,True,True,4,uncertain,1,0,,0,False,0.000,[]
491,16.367,1,0.619,0.681,0.040,0.968,0.050,0.998,0.979,0.999,0.997,0.600,True,True,4,visible,227,0,,0,False,0.000,[]
491,16.367,28,0.880,0.919,0.294,0.951,0.150,0.989,0.902,0.938,0.819,0.600,True,True,4,visible,92,0,,0,False,0.000,[]
491,16.367,33,0.849,0.501,0.894,0.113,0.861,0.916,0.967,0.598,0.702,0.800,True,True,4,visible,11,0,,0,False,0.000,[]
491,16.367,34,0.775,0.871,0.185,0.907,0.023,0.946,0.821,0.733,0.596,0.600,True,True,4,uncertain,2,0,,0,False,0.000,[]
492,16.400,1,0.619,0.681,0.040,0.968,0.050,0.998,0.979,0.999,0.997,0.600,True,True,4,visible,228,0,,0,False,0.000,[]
492,16.400,28,0.880,0.919,0.294,0.951,0.150,0.989,0.902,0.938,0.819,0.600,True,True,4,visible,93,0,,0,False,0.000,[]
492,16.400,33,0.849,0.501,0.894,0.113,0.861,0.916,0.967,0.598,0.702,0.800,True,True,4,visible,12,0,,0,False,0.000,[]
492,16.400,34,0.775,0.871,0.185,0.907,0.023,0.946,0.821,0.733,0.596,0.600,True,True,4,visible,3,0,,0,False,0.000,[]
493,16.433,1,0.242,0.362,0.007,0.977,0.029,0.998,0.976,0.998,0.996,0.200,False,True,4,visible,0,1,,0,False,0.000,[]
493,16.433,28,0.879,0.917,0.294,0.951,0.143,0.989,0.912,0.934,0.819,0.600,True,True,4,visible,94,0,,0,False,0.000,[]
493,16.433,33,0.862,0.554,0.897,0.139,0.848,0.927,0.967,0.672,0.752,0.800,True,True,4,visible,13,0,,0,False,0.000,[]
493,16.433,34,0.845,0.914,0.285,0.924,0.033,0.957,0.849,0.741,0.603,0.600,True,True,4,visible,4,0,,0,False,0.000,[]
494,16.467,1,0.230,0.346,0.007,0.977,0.028,0.998,0.976,0.998,0.996,0.200,False,True,4,visible,0,2,,0,False,0.000,[]
494,16.467,28,0.879,0.917,0.293,0.951,0.143,0.989,0.912,0.935,0.820,0.600,True,True,4,visible,95,0,,0,False,0.000,[]
494,16.467,33,0.862,0.554,0.897,0.139,0.848,0.927,0.967,0.672,0.752,0.800,True,True,4,visible,14,0,,0,False,0.000,[]
494,16.467,34,0.845,0.914,0.285,0.924,0.033,0.957,0.849,0.741,0.603,0.600,True,True,4,visible,5,0,,0,False,0.000,[]
495,16.500,1,0.230,0.346,0.007,0.977,0.028,0.998,0.976,0.998,0.996,0.200,False,True,4,visible,0,3,,0,False,0.000,[]
495,16.500,28,0.879,0.917,0.293,0.951,0.143,0.989,0.912,0.935,0.820,0.600,True,True,4,visible,96,0,,0,False,0.000,[]
495,16.500,33,0.862,0.554,0.897,0.139,0.848,0.927,0.967,0.672,0.752,0.800,True,True,4,visible,15,0,,0,False,0.000,[]
495,16.500,34,0.845,0.914,0.285,0.924,0.033,0.957,0.849,0.741,0.603,0.600,True,True,4,visible,6,0,,0,False,0.000,[]
496,16.533,1,0.230,0.346,0.007,0.977,0.028,0.998,0.976,0.998,0.996,0.200,False,True,4,visible,0,4,,0,False,0.000,[]
496,16.533,28,0.879,0.917,0.293,0.951,0.143,0.989,0.912,0.935,0.820,0.600,True,True,4,visible,97,0,,0,False,0.000,[]
496,16.533,33,0.862,0.554,0.897,0.139,0.848,0.927,0.967,0.672,0.752,0.800,True,True,4,visible,16,0,,0,False,0.000,[]
496,16.533,34,0.845,0.914,0.285,0.924,0.033,0.957,0.849,0.741,0.603,0.600,True,True,4,visible,7,0,,0,False,0.000,[]
497,16.567,1,0.187,0.264,0.005,0.962,0.027,0.998,0.973,0.999,0.998,0.200,False,True,4,hidden,0,5,head_turn_away,1,False,0.000,[497]
497,16.567,28,0.844,0.873,0.254,0.956,0.193,0.991,0.961,0.960,0.924,0.600,True,True,4,visible,98,0,,0,False,0.000,[]
497,16.567,33,0.779,0.438,0.838,0.108,0.800,0.901,0.950,0.632,0.705,0.800,True,True,4,visible,17,0,,0,False,0.000,[]
497,16.567,18,0.511,0.550,0.134,0.588,0.042,0.951,0.565,0.975,0.907,0.600,True,True,4,visible,91,0,,1,False,0.000,[373]
498,16.600,1,0.187,0.264,0.005,0.963,0.027,0.998,0.973,0.999,0.998,0.200,False,True,4,hidden,0,6,,1,False,0.000,[497]
498,16.600,28,0.844,0.873,0.255,0.956,0.193,0.991,0.961,0.959,0.923,0.600,True,True,4,visible,99,0,,0,False,0.000,[]
498,16.600,33,0.779,0.438,0.838,0.108,0.800,0.901,0.950,0.632,0.705,0.800,True,True,4,visible,18,0,,0,False,0.000,[]
498,16.600,18,0.511,0.550,0.134,0.588,0.042,0.951,0.565,0.975,0.907,0.600,True,True,4,visible,92,0,,1,False,0.000,[373]
499,16.633,1,0.187,0.264,0.005,0.963,0.027,0.998,0.973,0.999,0.998,0.200,False,True,4,hidden,0,7,,1,False,0.000,[497]
499,16.633,28,0.844,0.873,0.255,0.956,0.193,0.991,0.961,0.959,0.923,0.600,True,True,4,visible,100,0,,0,False,0.000,[]
499,16.633,33,0.779,0.438,0.838,0.108,0.800,0.901,0.950,0.632,0.705,0.800,True,True,4,visible,19,0,,0,False,0.000,[]
499,16.633,18,0.511,0.550,0.134,0.588,0.042,0.951,0.565,0.975,0.907,0.600,True,True,4,visible,93,0,,1,False,0.000,[373]
500,16.667,1,0.187,0.264,0.005,0.963,0.027,0.998,0.973,0.999,0.998,0.200,False,True,4,hidden,0,8,,1,False,0.000,[497]
500,16.667,28,0.844,0.873,0.255,0.956,0.193,0.991,0.961,0.959,0.923,0.600,True,True,4,visible,101,0,,0,False,0.000,[]
500,16.667,33,0.779,0.438,0.838,0.108,0.800,0.901,0.950,0.632,0.705,0.800,True,True,4,visible,20,0,,0,False,0.000,[]
500,16.667,18,0.511,0.550,0.134,0.588,0.042,0.951,0.565,0.975,0.907,0.600,True,True,4,visible,94,0,,1,False,0.000,[373]
501,16.700,1,0.256,0.324,0.009,0.957,0.037,0.999,0.975,0.999,0.998,0.200,False,True,4,hidden,0,9,,1,False,0.000,[497]
501,16.700,28,0.811,0.875,0.174,0.930,0.077,0.986,0.879,0.975,0.917,0.600,True,True,4,visible,102,0,,0,False,0.000,[]
501,16.700,33,0.779,0.463,0.835,0.117,0.782,0.890,0.940,0.602,0.671,0.800,True,True,4,visible,21,0,,0,False,0.000,[]
501,16.700,18,0.528,0.590,0.140,0.592,0.034,0.947,0.493,0.976,0.901,0.600,True,True,4,visible,95,0,,1,False,0.000,[373]
502,16.733,1,0.256,0.324,0.009,0.957,0.037,0.999,0.975,0.999,0.998,0.200,False,True,4,hidden,0,10,,1,False,0.000,[497]
502,16.733,28,0.810,0.874,0.174,0.930,0.077,0.986,0.879,0.974,0.916,0.600,True,True,4,visible,103,0,,0,False,0.000,[]
502,16.733,33,0.779,0.463,0.835,0.117,0.782,0.889,0.940,0.602,0.671,0.800,True,True,4,visible,22,0,,0,False,0.000,[]
502,16.733,18,0.528,0.590,0.140,0.592,0.034,0.947,0.493,0.976,0.900,0.600,True,True,4,visible,96,0,,1,False,0.000,[373]
503,16.767,1,0.256,0.324,0.009,0.957,0.037,0.999,0.975,0.999,0.998,0.200,False,True,4,hidden,0,11,,1,False,0.000,[497]
503,16.767,28,0.810,0.874,0.174,0.930,0.077,0.986,0.879,0.974,0.916,0.600,True,True,4,visible,104,0,,0,False,0.000,[]
503,16.767,33,0.779,0.463,0.835,0.117,0.782,0.889,0.940,0.602,0.671,0.800,True,True,4,visible,23,0,,0,False,0.000,[]
503,16.767,18,0.528,0.590,0.140,0.592,0.034,0.947,0.493,0.976,0.900,0.600,True,True,4,visible,97,0,,1,False,0.000,[373]
504,16.800,1,0.256,0.324,0.009,0.957,0.037,0.999,0.975,0.999,0.998,0.200,False,True,4,hidden,0,12,,1,False,0.000,[497]
504,16.800,28,0.810,0.874,0.174,0.930,0.077,0.986,0.879,0.974,0.916,0.600,True,True,4,visible,105,0,,0,False,0.000,[]
504,16.800,33,0.779,0.463,0.835,0.117,0.782,0.889,0.940,0.602,0.671,0.800,True,True,4,visible,24,0,,0,False,0.000,[]
504,16.800,18,0.528,0.590,0.140,0.592,0.034,0.947,0.493,0.976,0.900,0.600,True,True,4,visible,98,0,,1,False,0.000,[373]
505,16.833,1,0.256,0.324,0.009,0.957,0.037,0.999,0.975,0.999,0.998,0.200,False,True,4,hidden,0,13,,1,False,0.000,[497]
505,16.833,28,0.810,0.874,0.174,0.930,0.077,0.986,0.879,0.974,0.916,0.600,True,True,4,visible,106,0,,0,False,0.000,[]
505,16.833,33,0.779,0.463,0.835,0.117,0.782,0.889,0.940,0.602,0.671,0.800,True,True,4,visible,25,0,,0,False,0.000,[]
505,16.833,18,0.528,0.590,0.140,0.592,0.034,0.947,0.493,0.976,0.900,0.600,True,True,4,visible,99,0,,1,False,0.000,[373]
506,16.867,1,0.259,0.327,0.010,0.956,0.036,0.999,0.973,0.999,0.998,0.200,False,True,4,hidden,0,14,,1,False,0.000,[497]
506,16.867,28,0.847,0.877,0.253,0.952,0.170,0.989,0.957,0.949,0.907,0.600,True,True,4,visible,107,0,,0,False,0.000,[]
506,16.867,33,0.815,0.629,0.825,0.236,0.669,0.898,0.901,0.553,0.531,0.800,True,True,4,visible,26,0,,0,False,0.000,[]
506,16.867,18,0.487,0.564,0.121,0.609,0.032,0.941,0.483,0.975,0.897,0.600,True,True,4,visible,100,0,,1,False,0.000,[373]
507,16.900,1,0.259,0.327,0.010,0.956,0.036,0.999,0.973,0.999,0.998,0.200,False,True,4,hidden,0,15,,1,False,0.000,[497]
507,16.900,28,0.847,0.877,0.253,0.952,0.170,0.989,0.957,0.949,0.907,0.600,True,True,4,visible,108,0,,0,False,0.000,[]
507,16.900,33,0.815,0.629,0.825,0.236,0.669,0.898,0.901,0.553,0.531,0.800,True,True,4,visible,27,0,,0,False,0.000,[]
507,16.900,18,0.487,0.564,0.121,0.609,0.032,0.941,0.483,0.975,0.897,0.600,True,True,4,visible,101,0,,1,False,0.000,[373]
507,16.900,35,0.301,0.343,0.031,0.867,0.145,0.988,0.918,0.974,0.925,0.200,False,True,4,uncertain,0,0,,0,False,0.000,[]
508,16.933,1,0.259,0.327,0.010,0.956,0.036,0.999,0.973,0.999,0.998,0.200,False,True,4,hidden,0,16,,1,False,0.000,[497]
508,16.933,28,0.847,0.877,0.253,0.952,0.170,0.989,0.957,0.949,0.907,0.600,True,True,4,visible,109,0,,0,False,0.000,[]
508,16.933,33,0.815,0.629,0.825,0.236,0.669,0.898,0.901,0.553,0.531,0.800,True,True,4,visible,28,0,,0,False,0.000,[]
508,16.933,18,0.487,0.564,0.121,0.609,0.032,0.941,0.483,0.975,0.897,0.600,True,True,4,visible,102,0,,1,False,0.000,[373]
508,16.933,35,0.301,0.343,0.031,0.867,0.145,0.988,0.918,0.974,0.925,0.200,False,True,4,uncertain,0,0,,0,False,0.000,[]
509,16.967,1,0.259,0.327,0.010,0.956,0.036,0.999,0.973,0.999,0.998,0.200,False,True,4,hidden,0,17,,1,False,0.000,[497]
509,16.967,28,0.847,0.877,0.253,0.952,0.170,0.989,0.957,0.949,0.907,0.600,True,True,4,visible,110,0,,0,False,0.000,[]
509,16.967,33,0.815,0.629,0.825,0.236,0.669,0.898,0.901,0.553,0.531,0.800,True,True,4,visible,29,0,,0,False,0.000,[]
509,16.967,18,0.487,0.564,0.121,0.609,0.032,0.941,0.483,0.975,0.897,0.600,True,True,4,visible,103,0,,1,False,0.000,[373]
509,16.967,35,0.301,0.343,0.031,0.867,0.145,0.988,0.918,0.974,0.925,0.200,False,True,4,uncertain,0,0,,0,False,0.000,[]
510,17.000,1,0.329,0.415,0.013,0.962,0.029,0.998,0.977,0.999,0.998,0.400,True,True,4,hidden,1,0,,1,False,0.000,[497]
510,17.000,28,0.773,0.822,0.231,0.910,0.161,0.977,0.914,0.922,0.848,0.600,True,True,4,visible,111,0,,0,False,0.000,[]
510,17.000,35,0.857,0.819,0.447,0.789,0.121,0.945,0.936,0.892,0.880,0.800,True,True,4,uncertain,1,0,,0,False,0.000,[]
511,17.033,1,0.328,0.414,0.013,0.962,0.029,0.998,0.977,0.999,0.998,0.400,True,True,4,hidden,2,0,,1,False,0.000,[497]
511,17.033,28,0.773,0.821,0.230,0.910,0.161,0.977,0.914,0.922,0.848,0.600,True,True,4,visible,112,0,,0,False,0.000,[]
511,17.033,35,0.857,0.820,0.447,0.790,0.121,0.946,0.936,0.892,0.880,0.800,True,True,4,uncertain,2,0,,0,False,0.000,[]
511,17.033,36,0.403,0.524,0.077,0.876,0.123,0.968,0.794,0.950,0.882,0.600,True,True,4,uncertain,1,0,,0,False,0.000,[]
511,17.033,37,0.694,0.776,0.371,0.729,0.102,0.905,0.712,0.616,0.464,0.600,True,True,4,uncertain,1,0,,0,False,0.000,[]
512,17.067,1,0.328,0.414,0.013,0.962,0.029,0.998,0.977,0.999,0.998,0.400,True,True,4,visible,3,0,,1,False,0.000,[497]
512,17.067,28,0.773,0.821,0.230,0.910,0.161,0.977,0.914,0.922,0.848,0.600,True,True,4,visible,113,0,,0,False,0.000,[]
512,17.067,35,0.857,0.820,0.447,0.790,0.121,0.946,0.936,0.892,0.880,0.800,True,True,4,visible,3,0,,0,False,0.000,[]
512,17.067,36,0.403,0.524,0.077,0.876,0.123,0.968,0.794,0.950,0.882,0.600,True,True,4,uncertain,2,0,,0,False,0.000,[]
512,17.067,37,0.694,0.776,0.371,0.729,0.102,0.905,0.712,0.616,0.464,0.600,True,True,4,uncertain,2,0,,0,False,0.000,[]
513,17.100,1,0.328,0.414,0.013,0.962,0.029,0.998,0.977,0.999,0.998,0.400,True,True,4,visible,4,0,,1,False,0.000,[497]
513,17.100,28,0.773,0.821,0.230,0.910,0.161,0.977,0.914,0.922,0.848,0.600,True,True,4,visible,114,0,,0,False,0.000,[]
513,17.100,35,0.857,0.820,0.447,0.790,0.121,0.946,0.936,0.892,0.880,0.800,True,True,4,visible,4,0,,0,False,0.000,[]
513,17.100,36,0.403,0.524,0.077,0.876,0.123,0.968,0.794,0.950,0.882,0.600,True,True,4,visible,3,0,,0,False,0.000,[]
513,17.100,37,0.694,0.776,0.371,0.729,0.102,0.905,0.712,0.616,0.464,0.600,True,True,4,visible,3,0,,0,False,0.000,[]
514,17.133,1,0.343,0.397,0.015,0.947,0.026,0.997,0.979,0.999,0.999,0.200,False,True,4,visible,0,1,,1,False,0.000,[497]
514,17.133,28,0.806,0.820,0.246,0.926,0.208,0.986,0.947,0.921,0.860,0.600,True,True,4,visible,115,0,,0,False,0.000,[]
514,17.133,35,0.709,0.683,0.231,0.817,0.095,0.955,0.921,0.914,0.885,0.600,True,True,4,visible,5,0,,0,False,0.000,[]
514,17.133,36,0.425,0.558,0.086,0.893,0.138,0.962,0.810,0.934,0.869,0.600,True,True,4,visible,4,0,,0,False,0.000,[]
514,17.133,33,0.949,0.873,0.954,0.420,0.850,0.972,0.976,0.717,0.737,1.000,True,True,4,visible,30,0,,0,False,0.000,[]
515,17.167,1,0.342,0.397,0.015,0.947,0.027,0.997,0.979,0.999,0.999,0.200,False,True,4,visible,0,2,,1,False,0.000,[497]
515,17.167,28,0.806,0.820,0.246,0.926,0.208,0.986,0.947,0.920,0.859,0.600,True,True,4,visible,116,0,,0,False,0.000,[]
515,17.167,35,0.702,0.676,0.225,0.817,0.095,0.955,0.922,0.915,0.886,0.600,True,True,4,visible,6,0,,0,False,0.000,[]
515,17.167,36,0.426,0.560,0.087,0.893,0.139,0.962,0.810,0.933,0.869,0.600,True,True,4,visible,5,0,,0,False,0.000,[]
515,17.167,33,0.949,0.873,0.954,0.420,0.850,0.972,0.976,0.717,0.737,1.000,True,True,4,visible,31,0,,0,False,0.000,[]
516,17.200,1,0.342,0.397,0.015,0.947,0.027,0.997,0.979,0.999,0.999,0.200,False,True,4,visible,0,3,,1,False,0.000,[497]
516,17.200,28,0.806,0.820,0.246,0.926,0.208,0.986,0.947,0.920,0.859,0.600,True,True,4,visible,117,0,,0,False,0.000,[]
516,17.200,35,0.702,0.676,0.225,0.817,0.095,0.955,0.922,0.915,0.886,0.600,True,True,4,visible,7,0,,0,False,0.000,[]
516,17.200,36,0.426,0.560,0.087,0.893,0.139,0.962,0.810,0.933,0.869,0.600,True,True,4,visible,6,0,,0,False,0.000,[]
516,17.200,33,0.949,0.873,0.954,0.420,0.850,0.972,0.976,0.717,0.737,1.000,True,True,4,visible,32,0,,0,False,0.000,[]
517,17.233,1,0.342,0.397,0.015,0.947,0.027,0.997,0.979,0.999,0.999,0.200,False,True,4,visible,0,4,,1,False,0.000,[497]
517,17.233,28,0.806,0.820,0.246,0.926,0.208,0.986,0.947,0.920,0.859,0.600,True,True,4,visible,118,0,,0,False,0.000,[]
517,17.233,35,0.702,0.676,0.225,0.817,0.095,0.955,0.922,0.915,0.886,0.600,True,True,4,visible,8,0,,0,False,0.000,[]
517,17.233,36,0.426,0.560,0.087,0.893,0.139,0.962,0.810,0.933,0.869,0.600,True,True,4,visible,7,0,,0,False,0.000,[]
517,17.233,33,0.949,0.873,0.954,0.420,0.850,0.972,0.976,0.717,0.737,1.000,True,True,4,visible,33,0,,0,False,0.000,[]
518,17.267,1,0.342,0.397,0.015,0.947,0.027,0.997,0.979,0.999,0.999,0.200,False,True,4,hidden,0,5,head_turn_away,2,False,0.000,"[497, 518]"
518,17.267,28,0.806,0.820,0.246,0.926,0.208,0.986,0.947,0.920,0.859,0.600,True,True,4,visible,119,0,,0,False,0.000,[]
518,17.267,35,0.702,0.676,0.225,0.817,0.095,0.955,0.922,0.915,0.886,0.600,True,True,4,visible,9,0,,0,False,0.000,[]
518,17.267,36,0.426,0.560,0.087,0.893,0.139,0.962,0.810,0.933,0.869,0.600,True,True,4,visible,8,0,,0,False,0.000,[]
518,17.267,33,0.949,0.873,0.954,0.420,0.850,0.972,0.976,0.717,0.737,1.000,True,True,4,visible,34,0,,0,False,0.000,[]
519,17.300,1,0.195,0.277,0.007,0.953,0.028,0.998,0.957,0.999,0.998,0.200,False,True,4,hidden,0,6,,2,False,0.000,"[497, 518]"
519,17.300,28,0.774,0.805,0.213,0.948,0.260,0.986,0.967,0.933,0.905,0.600,True,True,4,visible,120,0,,0,False,0.000,[]
519,17.300,35,0.714,0.735,0.158,0.894,0.067,0.983,0.920,0.974,0.942,0.600,True,True,4,visible,10,0,,0,False,0.000,[]
519,17.300,37,0.809,0.886,0.437,0.854,0.082,0.956,0.788,0.765,0.587,0.800,True,True,4,visible,4,0,,0,False,0.000,[]
520,17.333,1,0.196,0.278,0.007,0.953,0.028,0.998,0.957,0.999,0.998,0.200,False,True,4,hidden,0,7,,2,False,0.000,"[497, 518]"
520,17.333,28,0.774,0.805,0.213,0.948,0.260,0.986,0.967,0.933,0.905,0.600,True,True,4,visible,121,0,,0,False,0.000,[]
520,17.333,35,0.741,0.761,0.176,0.895,0.067,0.983,0.919,0.973,0.940,0.600,True,True,4,visible,11,0,,0,False,0.000,[]
520,17.333,37,0.809,0.886,0.437,0.854,0.082,0.956,0.788,0.765,0.587,0.800,True,True,4,visible,5,0,,0,False,0.000,[]
521,17.367,1,0.196,0.278,0.007,0.953,0.028,0.998,0.957,0.999,0.998,0.200,False,True,4,hidden,0,8,,2,False,0.000,"[497, 518]"
521,17.367,28,0.774,0.805,0.213,0.948,0.260,0.986,0.967,0.933,0.905,0.600,True,True,4,visible,122,0,,0,False,0.000,[]
521,17.367,35,0.741,0.761,0.176,0.895,0.067,0.983,0.919,0.973,0.940,0.600,True,True,4,visible,12,0,,0,False,0.000,[]
521,17.367,37,0.809,0.886,0.437,0.854,0.082,0.956,0.788,0.765,0.587,0.800,True,True,4,visible,6,0,,0,False,0.000,[]
522,17.400,1,0.196,0.278,0.007,0.953,0.028,0.998,0.957,0.999,0.998,0.200,False,True,4,hidden,0,9,,2,False,0.000,"[497, 518]"
522,17.400,28,0.774,0.805,0.213,0.948,0.260,0.986,0.967,0.933,0.905,0.600,True,True,4,visible,123,0,,0,False,0.000,[]
522,17.400,35,0.741,0.761,0.176,0.895,0.067,0.983,0.919,0.973,0.940,0.600,True,True,4,visible,13,0,,0,False,0.000,[]
522,17.400,37,0.809,0.886,0.437,0.854,0.082,0.956,0.788,0.765,0.587,0.800,True,True,4,visible,7,0,,0,False,0.000,[]
523,17.433,1,0.288,0.409,0.011,0.964,0.027,0.998,0.959,0.999,0.998,0.400,True,True,4,hidden,1,0,,2,False,0.000,"[497, 518]"
523,17.433,28,0.808,0.867,0.207,0.940,0.147,0.986,0.910,0.945,0.857,0.600,True,True,4,visible,124,0,,0,False,0.000,[]
523,17.433,35,0.486,0.578,0.055,0.933,0.060,0.993,0.905,0.988,0.956,0.600,True,True,4,visible,14,0,,0,False,0.000,[]
523,17.433,36,0.583,0.725,0.141,0.912,0.121,0.968,0.777,0.939,0.854,0.600,True,True,4,visible,9,0,,0,False,0.000,[]
524,17.467,1,0.289,0.410,0.011,0.964,0.027,0.998,0.959,0.999,0.998,0.400,True,True,4,hidden,2,0,,2,False,0.000,"[497, 518]"
524,17.467,28,0.808,0.867,0.207,0.940,0.148,0.986,0.910,0.945,0.857,0.600,True,True,4,visible,125,0,,0,False,0.000,[]
524,17.467,35,0.486,0.578,0.054,0.933,0.060,0.993,0.905,0.988,0.956,0.600,True,True,4,visible,15,0,,0,False,0.000,[]
524,17.467,36,0.584,0.726,0.141,0.912,0.121,0.968,0.777,0.939,0.854,0.600,True,True,4,visible,10,0,,0,False,0.000,[]
525,17.500,1,0.289,0.410,0.011,0.964,0.027,0.998,0.959,0.999,0.998,0.400,True,True,4,visible,3,0,,2,False,0.000,"[497, 518]"
525,17.500,28,0.808,0.867,0.207,0.940,0.148,0.986,0.910,0.945,0.857,0.600,True,True,4,visible,126,0,,0,False,0.000,[]
525,17.500,35,0.486,0.578,0.054,0.933,0.060,0.993,0.905,0.988,0.956,0.600,True,True,4,visible,16,0,,0,False,0.000,[]
525,17.500,36,0.584,0.726,0.141,0.912,0.121,0.968,0.777,0.939,0.854,0.600,True,True,4,visible,11,0,,0,False,0.000,[]
526,17.533,1,0.289,0.410,0.011,0.964,0.027,0.998,0.959,0.999,0.998,0.400,True,True,4,visible,4,0,,2,False,0.000,"[497, 518]"
526,17.533,28,0.808,0.867,0.207,0.940,0.148,0.986,0.910,0.945,0.857,0.600,True,True,4,visible,127,0,,0,False,0.000,[]
526,17.533,35,0.486,0.578,0.054,0.933,0.060,0.993,0.905,0.988,0.956,0.600,True,True,4,visible,17,0,,0,False,0.000,[]
526,17.533,36,0.584,0.726,0.141,0.912,0.121,0.968,0.777,0.939,0.854,0.600,True,True,4,visible,12,0,,0,False,0.000,[]
527,17.567,1,0.361,0.460,0.016,0.960,0.037,0.998,0.967,0.999,0.997,0.400,True,True,4,visible,5,0,,2,False,0.000,"[497, 518]"
527,17.567,28,0.802,0.862,0.196,0.944,0.150,0.988,0.920,0.955,0.884,0.600,True,True,4,visible,128,0,,0,False,0.000,[]
527,17.567,35,0.671,0.743,0.124,0.929,0.068,0.989,0.885,0.972,0.910,0.600,True,True,4,visible,18,0,,0,False,0.000,[]
528,17.600,1,0.361,0.459,0.016,0.960,0.037,0.998,0.967,0.999,0.997,0.400,True,True,4,visible,6,0,,2,False,0.000,"[497, 518]"
528,17.600,28,0.802,0.862,0.196,0.944,0.150,0.988,0.920,0.955,0.884,0.600,True,True,4,visible,129,0,,0,False,0.000,[]
528,17.600,35,0.671,0.742,0.124,0.929,0.068,0.989,0.886,0.972,0.910,0.600,True,True,4,visible,19,0,,0,False,0.000,[]
529,17.633,1,0.361,0.459,0.016,0.960,0.037,0.998,0.967,0.999,0.997,0.400,True,True,4,visible,7,0,,2,False,0.000,"[497, 518]"
529,17.633,28,0.802,0.862,0.196,0.944,0.150,0.988,0.920,0.955,0.884,0.600,True,True,4,visible,130,0,,0,False,0.000,[]
529,17.633,35,0.671,0.742,0.124,0.929,0.068,0.989,0.886,0.972,0.910,0.600,True,True,4,visible,20,0,,0,False,0.000,[]
530,17.667,1,0.361,0.459,0.016,0.960,0.037,0.998,0.967,0.999,0.997,0.400,True,True,4,visible,8,0,,2,False,0.000,"[497, 518]"
530,17.667,28,0.802,0.862,0.196,0.944,0.150,0.988,0.920,0.955,0.884,0.600,True,True,4,visible,131,0,,0,False,0.000,[]
530,17.667,35,0.671,0.742,0.124,0.929,0.068,0.989,0.886,0.972,0.910,0.600,True,True,4,visible,21,0,,0,False,0.000,[]
531,17.700,1,0.421,0.513,0.022,0.961,0.043,0.998,0.973,0.999,0.998,0.600,True,True,4,visible,9,0,,2,False,0.000,"[497, 518]"
531,17.700,28,0.781,0.846,0.171,0.947,0.145,0.989,0.924,0.962,0.900,0.600,True,True,4,visible,132,0,,0,False,0.000,[]
531,17.700,35,0.778,0.788,0.234,0.850,0.067,0.970,0.893,0.942,0.886,0.600,True,True,4,visible,22,0,,0,False,0.000,[]
531,17.700,36,0.355,0.515,0.036,0.943,0.054,0.949,0.817,0.869,0.775,0.400,True,True,4,visible,13,0,,0,False,0.000,[]
532,17.733,1,0.423,0.514,0.022,0.962,0.043,0.998,0.973,0.999,0.998,0.600,True,True,4,visible,10,0,,2,False,0.000,"[497, 518]"
532,17.733,28,0.781,0.847,0.171,0.947,0.145,0.989,0.924,0.962,0.900,0.600,True,True,4,visible,133,0,,0,False,0.000,[]
532,17.733,35,0.778,0.788,0.233,0.849,0.067,0.970,0.893,0.942,0.886,0.600,True,True,4,visible,23,0,,0,False,0.000,[]
532,17.733,36,0.355,0.515,0.037,0.943,0.054,0.949,0.817,0.869,0.775,0.400,True,True,4,visible,14,0,,0,False,0.000,[]
533,17.767,1,0.423,0.514,0.022,0.962,0.043,0.998,0.973,0.999,0.998,0.600,True,True,4,visible,11,0,,2,False,0.000,"[497, 518]"
533,17.767,28,0.781,0.847,0.171,0.947,0.145,0.989,0.924,0.962,0.900,0.600,True,True,4,visible,134,0,,0,False,0.000,[]
533,17.767,35,0.778,0.788,0.233,0.849,0.067,0.970,0.893,0.942,0.886,0.600,True,True,4,visible,24,0,,0,False,0.000,[]
533,17.767,36,0.355,0.515,0.037,0.943,0.054,0.949,0.817,0.869,0.775,0.400,True,True,4,visible,15,0,,0,False,0.000,[]
534,17.800,1,0.423,0.514,0.022,0.962,0.043,0.998,0.973,0.999,0.998,0.600,True,True,4,visible,12,0,,2,False,0.000,"[497, 518]"
534,17.800,28,0.781,0.847,0.171,0.947,0.145,0.989,0.924,0.962,0.900,0.600,True,True,4,visible,135,0,,0,False,0.000,[]
534,17.800,35,0.778,0.788,0.233,0.849,0.067,0.970,0.893,0.942,0.886,0.600,True,True,4,visible,25,0,,0,False,0.000,[]
534,17.800,36,0.355,0.515,0.037,0.943,0.054,0.949,0.817,0.869,0.775,0.400,True,True,4,visible,16,0,,0,False,0.000,[]
535,17.833,1,0.423,0.514,0.022,0.962,0.043,0.998,0.973,0.999,0.998,0.600,True,True,4,visible,13,0,,2,False,0.000,"[497, 518]"
535,17.833,28,0.781,0.847,0.171,0.947,0.145,0.989,0.924,0.962,0.900,0.600,True,True,4,visible,136,0,,0,False,0.000,[]
535,17.833,35,0.778,0.788,0.233,0.849,0.067,0.970,0.893,0.942,0.886,0.600,True,True,4,visible,26,0,,0,False,0.000,[]
535,17.833,36,0.355,0.515,0.037,0.943,0.054,0.949,0.817,0.869,0.775,0.400,True,True,4,visible,17,0,,0,False,0.000,[]
536,17.867,1,0.225,0.288,0.010,0.944,0.039,0.998,0.963,0.999,0.997,0.200,False,True,4,visible,0,1,,2,False,0.000,"[497, 518]"
536,17.867,28,0.732,0.759,0.162,0.820,0.092,0.959,0.867,0.956,0.909,0.600,True,True,4,visible,137,0,,0,False,0.000,[]
536,17.867,36,0.767,0.867,0.198,0.944,0.053,0.964,0.843,0.882,0.778,0.600,True,True,4,visible,18,0,,0,False,0.000,[]
537,17.900,1,0.225,0.287,0.010,0.943,0.039,0.998,0.963,0.999,0.997,0.200,False,True,4,visible,0,2,,2,False,0.000,"[497, 518]"
537,17.900,28,0.732,0.759,0.163,0.820,0.093,0.959,0.867,0.956,0.908,0.600,True,True,4,visible,138,0,,0,False,0.000,[]
537,17.900,36,0.766,0.867,0.198,0.944,0.053,0.964,0.843,0.882,0.779,0.600,True,True,4,visible,19,0,,0,False,0.000,[]
538,17.933,1,0.225,0.287,0.010,0.943,0.039,0.998,0.963,0.999,0.997,0.200,False,True,4,visible,0,3,,2,False,0.000,"[497, 518]"
538,17.933,28,0.732,0.759,0.163,0.820,0.093,0.959,0.867,0.956,0.908,0.600,True,True,4,visible,139,0,,0,False,0.000,[]
538,17.933,36,0.766,0.867,0.198,0.944,0.053,0.964,0.843,0.882,0.779,0.600,True,True,4,visible,20,0,,0,False,0.000,[]
539,17.967,1,0.225,0.287,0.010,0.943,0.039,0.998,0.963,0.999,0.997,0.200,False,True,4,visible,0,4,,2,False,0.000,"[497, 518]"
539,17.967,28,0.732,0.759,0.163,0.820,0.093,0.959,0.867,0.956,0.908,0.600,True,True,4,visible,140,0,,0,False,0.000,[]
539,17.967,36,0.766,0.867,0.198,0.944,0.053,0.964,0.843,0.882,0.779,0.600,True,True,4,visible,21,0,,0,False,0.000,[]
540,18.000,1,0.248,0.316,0.011,0.951,0.042,0.998,0.970,0.999,0.997,0.200,False,True,4,hidden,0,5,head_turn_away,3,False,0.000,"[497, 518, 540]"
540,18.000,18,0.638,0.731,0.177,0.753,0.039,0.975,0.561,0.984,0.911,0.600,True,True,4,visible,104,0,,1,False,0.000,[373]
540,18.000,35,0.184,0.157,0.027,0.757,0.116,0.968,0.936,0.942,0.921,0.200,False,True,4,visible,0,1,,0,False,0.000,[]
541,18.033,1,0.250,0.319,0.011,0.951,0.042,0.998,0.970,0.999,0.997,0.200,False,True,4,hidden,0,6,,3,False,0.000,"[497, 518, 540]"
541,18.033,38,0.174,0.262,0.061,0.400,0.043,0.363,0.043,0.021,0.005,0.200,False,False,0,uncertain,0,0,,0,False,0.000,[]
541,18.033,39,0.731,0.798,0.183,0.939,0.204,0.981,0.932,0.931,0.873,0.600,True,True,4,uncertain,1,0,,0,False,0.000,[]
541,18.033,18,0.638,0.731,0.177,0.753,0.039,0.975,0.561,0.984,0.911,0.600,True,True,4,visible,105,0,,1,False,0.000,[373]
541,18.033,35,0.184,0.157,0.027,0.757,0.116,0.968,0.936,0.943,0.921,0.200,False,True,4,visible,0,2,,0,False,0.000,[]
542,18.067,1,0.250,0.319,0.011,0.951,0.042,0.998,0.970,0.999,0.997,0.200,False,True,4,hidden,0,7,,3,False,0.000,"[497, 518, 540]"
542,18.067,38,0.174,0.262,0.061,0.400,0.043,0.363,0.043,0.021,0.005,0.200,False,False,0,uncertain,0,0,,0,False,0.000,[]
542,18.067,39,0.731,0.798,0.183,0.939,0.204,0.981,0.932,0.931,0.873,0.600,True,True,4,uncertain,2,0,,0,False,0.000,[]
542,18.067,18,0.638,0.731,0.177,0.753,0.039,0.975,0.561,0.984,0.911,0.600,True,True,4,visible,106,0,,1,False,0.000,[373]
542,18.067,35,0.184,0.157,0.027,0.757,0.116,0.968,0.936,0.943,0.921,0.200,False,True,4,visible,0,3,,0,False,0.000,[]
543,18.100,1,0.250,0.319,0.011,0.951,0.042,0.998,0.970,0.999,0.997,0.200,False,True,4,hidden,0,8,,3,False,0.000,"[497, 518, 540]"
543,18.100,38,0.174,0.262,0.061,0.400,0.043,0.363,0.043,0.021,0.005,0.200,False,False,0,uncertain,0,0,,0,False,0.000,[]
543,18.100,39,0.731,0.798,0.183,0.939,0.204,0.981,0.932,0.931,0.873,0.600,True,True,4,visible,3,0,,0,False,0.000,[]
543,18.100,18,0.638,0.731,0.177,0.753,0.039,0.975,0.561,0.984,0.911,0.600,True,True,4,visible,107,0,,1,False,0.000,[373]
543,18.100,35,0.184,0.157,0.027,0.757,0.116,0.968,0.936,0.943,0.921,0.200,False,True,4,visible,0,4,,0,False,0.000,[]
544,18.133,1,0.309,0.376,0.015,0.952,0.045,0.997,0.970,0.999,0.996,0.200,False,True,4,hidden,0,9,,3,False,0.000,"[497, 518, 540]"
544,18.133,38,0.222,0.387,0.047,0.606,0.033,0.605,0.043,0.029,0.004,0.200,False,False,1,uncertain,0,0,,0,False,0.000,[]
544,18.133,39,0.753,0.828,0.148,0.956,0.173,0.990,0.940,0.967,0.915,0.600,True,True,4,visible,4,0,,0,False,0.000,[]
544,18.133,35,0.290,0.288,0.041,0.799,0.086,0.971,0.916,0.933,0.888,0.200,False,True,4,hidden,0,5,head_turn_away,1,False,0.000,[544]
544,18.133,36,0.469,0.641,0.039,0.975,0.056,0.977,0.901,0.875,0.773,0.600,True,True,4,visible,22,0,,0,False,0.000,[]
545,18.167,1,0.307,0.375,0.015,0.952,0.045,0.997,0.970,0.999,0.996,0.200,False,True,4,hidden,0,10,,3,False,0.000,"[497, 518, 540]"
545,18.167,38,0.138,0.241,0.030,0.483,0.029,0.536,0.046,0.023,0.004,0.200,False,False,1,uncertain,0,0,,0,False,0.000,[]
545,18.167,35,0.292,0.290,0.041,0.800,0.086,0.971,0.917,0.933,0.888,0.200,False,True,4,hidden,0,6,,1,False,0.000,[544]
545,18.167,36,0.472,0.643,0.039,0.975,0.056,0.977,0.901,0.875,0.773,0.600,True,True,4,visible,23,0,,0,False,0.000,[]
546,18.200,1,0.307,0.375,0.015,0.952,0.045,0.997,0.970,0.999,0.996,0.200,False,True,4,hidden,0,11,,3,False,0.000,"[497, 518, 540]"
546,18.200,38,0.138,0.241,0.030,0.483,0.029,0.536,0.046,0.023,0.004,0.200,False,False,1,uncertain,0,0,,0,False,0.000,[]
546,18.200,35,0.292,0.290,0.041,0.800,0.086,0.971,0.917,0.933,0.888,0.200,False,True,4,hidden,0,7,,1,False,0.000,[544]
546,18.200,36,0.472,0.643,0.039,0.975,0.056,0.977,0.901,0.875,0.773,0.600,True,True,4,visible,24,0,,0,False,0.000,[]
547,18.233,1,0.307,0.375,0.015,0.952,0.045,0.997,0.970,0.999,0.996,0.200,False,True,4,hidden,0,12,,3,False,0.000,"[497, 518, 540]"
547,18.233,38,0.138,0.241,0.030,0.483,0.029,0.536,0.046,0.023,0.004,0.200,False,False,1,uncertain,0,0,,0,False,0.000,[]
547,18.233,35,0.292,0.290,0.041,0.800,0.086,0.971,0.917,0.933,0.888,0.200,False,True,4,hidden,0,8,,1,False,0.000,[544]
547,18.233,36,0.472,0.643,0.039,0.975,0.056,0.977,0.901,0.875,0.773,0.600,True,True,4,visible,25,0,,0,False,0.000,[]
548,18.267,1,0.307,0.375,0.015,0.952,0.045,0.997,0.970,0.999,0.996,0.200,False,True,4,hidden,0,13,,3,False,0.000,"[497, 518, 540]"
548,18.267,38,0.138,0.241,0.030,0.483,0.029,0.536,0.046,0.023,0.004,0.200,False,False,1,uncertain,0,0,,0,False,0.000,[]
548,18.267,35,0.292,0.290,0.041,0.800,0.086,0.971,0.917,0.933,0.888,0.200,False,True,4,hidden,0,9,,1,False,0.000,[544]
548,18.267,36,0.472,0.643,0.039,0.975,0.056,0.977,0.901,0.875,0.773,0.600,True,True,4,visible,26,0,,0,False,0.000,[]
549,18.300,1,0.290,0.364,0.014,0.953,0.051,0.998,0.961,0.999,0.995,0.200,False,True,4,hidden,0,14,,3,False,0.000,"[497, 518, 540]"
549,18.300,38,0.218,0.341,0.052,0.587,0.062,0.662,0.106,0.020,0.004,0.200,False,False,1,uncertain,0,0,,0,False,0.000,[]
549,18.300,35,0.166,0.105,0.030,0.652,0.149,0.939,0.962,0.905,0.931,0.200,False,True,4,hidden,0,10,,1,False,0.000,[544]
549,18.300,36,0.531,0.697,0.055,0.967,0.051,0.978,0.899,0.927,0.853,0.600,True,True,4,visible,27,0,,0,False,0.000,[]
549,18.300,39,0.809,0.873,0.196,0.954,0.148,0.989,0.921,0.958,0.885,0.600,True,True,4,visible,5,0,,0,False,0.000,[]
550,18.333,1,0.290,0.365,0.014,0.953,0.051,0.998,0.961,0.999,0.995,0.200,False,True,4,hidden,0,15,,3,False,0.000,"[497, 518, 540]"
550,18.333,38,0.217,0.339,0.053,0.583,0.064,0.660,0.106,0.020,0.004,0.200,False,False,1,uncertain,0,0,,0,False,0.000,[]
550,18.333,35,0.166,0.105,0.031,0.651,0.150,0.939,0.962,0.904,0.931,0.200,False,True,4,hidden,0,11,,1,False,0.000,[544]
550,18.333,36,0.532,0.698,0.055,0.967,0.051,0.978,0.899,0.927,0.853,0.600,True,True,4,visible,28,0,,0,False,0.000,[]
550,18.333,39,0.810,0.874,0.196,0.954,0.148,0.989,0.921,0.958,0.885,0.600,True,True,4,visible,6,0,,0,False,0.000,[]
551,18.367,1,0.290,0.365,0.014,0.953,0.051,0.998,0.961,0.999,0.995,0.200,False,True,4,hidden,0,16,,3,False,0.000,"[497, 518, 540]"
551,18.367,38,0.217,0.339,0.053,0.583,0.064,0.660,0.106,0.020,0.004,0.200,False,False,1,uncertain,0,0,,0,False,0.000,[]
551,18.367,35,0.166,0.105,0.031,0.651,0.150,0.939,0.962,0.904,0.931,0.200,False,True,4,hidden,0,12,,1,False,0.000,[544]
551,18.367,36,0.532,0.698,0.055,0.967,0.051,0.978,0.899,0.927,0.853,0.600,True,True,4,visible,29,0,,0,False,0.000,[]
551,18.367,39,0.810,0.874,0.196,0.954,0.148,0.989,0.921,0.958,0.885,0.600,True,True,4,visible,7,0,,0,False,0.000,[]
552,18.400,1,0.290,0.365,0.014,0.953,0.051,0.998,0.961,0.999,0.995,0.200,False,True,4,hidden,0,17,,3,False,0.000,"[497, 518, 540]"
552,18.400,38,0.217,0.339,0.053,0.583,0.064,0.660,0.106,0.020,0.004,0.200,False,False,1,uncertain,0,0,,0,False,0.000,[]
552,18.400,35,0.166,0.105,0.031,0.651,0.150,0.939,0.962,0.904,0.931,0.200,False,True,4,hidden,0,13,,1,False,0.000,[544]
552,18.400,36,0.532,0.698,0.055,0.967,0.051,0.978,0.899,0.927,0.853,0.600,True,True,4,visible,30,0,,0,False,0.000,[]
552,18.400,39,0.810,0.874,0.196,0.954,0.148,0.989,0.921,0.958,0.885,0.600,True,True,4,visible,8,0,,0,False,0.000,[]
553,18.433,1,0.421,0.491,0.024,0.951,0.043,0.997,0.967,0.999,0.996,0.600,True,True,4,hidden,1,0,,3,False,0.000,"[497, 518, 540]"
553,18.433,38,0.178,0.365,0.015,0.709,0.015,0.824,0.103,0.058,0.010,0.200,False,False,1,uncertain,0,0,,0,False,0.000,[]
553,18.433,35,0.629,0.661,0.120,0.868,0.074,0.971,0.880,0.871,0.763,0.600,True,True,4,hidden,1,0,,1,False,0.000,[544]
553,18.433,36,0.516,0.687,0.048,0.979,0.070,0.984,0.924,0.920,0.842,0.600,True,True,4,visible,31,0,,0,False,0.000,[]
554,18.467,1,0.419,0.489,0.024,0.951,0.043,0.997,0.967,0.999,0.996,0.600,True,True,4,hidden,2,0,,3,False,0.000,"[497, 518, 540]"
554,18.467,38,0.180,0.369,0.015,0.710,0.015,0.824,0.102,0.057,0.010,0.200,False,False,1,uncertain,0,0,,0,False,0.000,[]
554,18.467,35,0.629,0.661,0.120,0.868,0.074,0.971,0.880,0.871,0.763,0.600,True,True,4,hidden,2,0,,1,False,0.000,[544]
554,18.467,36,0.517,0.687,0.048,0.979,0.070,0.984,0.924,0.920,0.842,0.600,True,True,4,visible,32,0,,0,False,0.000,[]
555,18.500,1,0.419,0.489,0.024,0.951,0.043,0.997,0.967,0.999,0.996,0.600,True,True,4,visible,3,0,,3,False,0.000,"[497, 518, 540]"
555,18.500,38,0.180,0.369,0.015,0.710,0.015,0.824,0.102,0.057,0.010,0.200,False,False,1,uncertain,0,0,,0,False,0.000,[]
555,18.500,35,0.629,0.661,0.120,0.868,0.074,0.971,0.880,0.871,0.763,0.600,True,True,4,visible,3,0,,1,False,0.000,[544]
555,18.500,36,0.517,0.687,0.048,0.979,0.070,0.984,0.924,0.920,0.842,0.600,True,True,4,visible,33,0,,0,False,0.000,[]
556,18.533,1,0.419,0.489,0.024,0.951,0.043,0.997,0.967,0.999,0.996,0.600,True,True,4,visible,4,0,,3,False,0.000,"[497, 518, 540]"
556,18.533,38,0.180,0.369,0.015,0.710,0.015,0.824,0.102,0.057,0.010,0.200,False,False,1,uncertain,0,0,,0,False,0.000,[]
556,18.533,35,0.629,0.661,0.120,0.868,0.074,0.971,0.880,0.871,0.763,0.600,True,True,4,visible,4,0,,1,False,0.000,[544]
556,18.533,36,0.517,0.687,0.048,0.979,0.070,0.984,0.924,0.920,0.842,0.600,True,True,4,visible,34,0,,0,False,0.000,[]
557,18.567,1,0.336,0.408,0.013,0.960,0.037,0.998,0.978,1.000,0.998,0.400,True,True,4,visible,5,0,,3,False,0.000,"[497, 518, 540]"
557,18.567,38,0.123,0.361,0.008,0.912,0.030,0.953,0.188,0.095,0.011,0.200,False,False,1,uncertain,0,0,,0,False,0.000,[]
557,18.567,35,0.922,0.927,0.522,0.866,0.080,0.966,0.863,0.845,0.720,0.800,True,True,4,visible,5,0,,1,False,0.000,[544]
557,18.567,18,0.881,0.948,0.415,0.945,0.066,0.987,0.667,0.967,0.821,0.800,True,True,4,visible,108,0,,0,False,0.000,[]
557,18.567,39,0.823,0.878,0.242,0.941,0.147,0.985,0.885,0.894,0.735,0.600,True,True,4,visible,9,0,,0,False,0.000,[]
558,18.600,1,0.335,0.408,0.013,0.960,0.037,0.998,0.978,1.000,0.998,0.400,True,True,4,visible,6,0,,3,False,0.000,"[497, 518, 540]"
558,18.600,38,0.123,0.360,0.007,0.912,0.030,0.952,0.187,0.095,0.011,0.200,False,False,1,uncertain,0,0,,0,False,0.000,[]
558,18.600,35,0.922,0.927,0.522,0.866,0.080,0.966,0.863,0.846,0.720,0.800,True,True,4,visible,6,0,,1,False,0.000,[544]
558,18.600,18,0.881,0.948,0.416,0.945,0.066,0.987,0.667,0.967,0.821,0.800,True,True,4,visible,109,0,,0,False,0.000,[]
558,18.600,39,0.823,0.879,0.243,0.941,0.147,0.985,0.885,0.895,0.736,0.600,True,True,4,visible,10,0,,0,False,0.000,[]
559,18.633,1,0.335,0.408,0.013,0.960,0.037,0.998,0.978,1.000,0.998,0.400,True,True,4,visible,7,0,,3,False,0.000,"[497, 518, 540]"
559,18.633,38,0.123,0.360,0.007,0.912,0.030,0.952,0.187,0.095,0.011,0.200,False,False,1,uncertain,0,0,,0,False,0.000,[]
559,18.633,35,0.922,0.927,0.522,0.866,0.080,0.966,0.863,0.846,0.720,0.800,True,True,4,visible,7,0,,1,False,0.000,[544]
559,18.633,18,0.881,0.948,0.416,0.945,0.066,0.987,0.667,0.967,0.821,0.800,True,True,4,visible,110,0,,0,False,0.000,[]
559,18.633,39,0.823,0.879,0.243,0.941,0.147,0.985,0.885,0.895,0.736,0.600,True,True,4,visible,11,0,,0,False,0.000,[]
560,18.667,1,0.335,0.408,0.013,0.960,0.037,0.998,0.978,1.000,0.998,0.400,True,True,4,visible,8,0,,3,False,0.000,"[497, 518, 540]"
560,18.667,38,0.123,0.360,0.007,0.912,0.030,0.952,0.187,0.095,0.011,0.200,False,False,1,uncertain,0,0,,0,False,0.000,[]
560,18.667,35,0.922,0.927,0.522,0.866,0.080,0.966,0.863,0.846,0.720,0.800,True,True,4,visible,8,0,,1,False,0.000,[544]
560,18.667,18,0.881,0.948,0.416,0.945,0.066,0.987,0.667,0.967,0.821,0.800,True,True,4,visible,111,0,,0,False,0.000,[]
560,18.667,39,0.823,0.879,0.243,0.941,0.147,0.985,0.885,0.895,0.736,0.600,True,True,4,visible,12,0,,0,False,0.000,[]
561,18.700,1,0.337,0.352,0.025,0.943,0.079,0.996,0.982,0.998,0.996,0.200,False,True,4,visible,0,1,,3,False,0.000,"[497, 518, 540]"
561,18.700,38,0.043,0.190,0.002,0.969,0.038,0.979,0.359,0.143,0.023,0.200,False,False,1,uncertain,0,0,,0,False,0.000,[]
561,18.700,35,0.297,0.327,0.036,0.869,0.123,0.984,0.919,0.936,0.864,0.200,False,True,4,visible,0,1,,1,False,0.000,[544]
561,18.700,18,0.877,0.938,0.430,0.929,0.076,0.985,0.709,0.965,0.840,0.800,True,True,4,visible,112,0,,0,False,0.000,[]
561,18.700,39,0.656,0.713,0.157,0.909,0.213,0.972,0.861,0.806,0.640,0.600,True,True,4,visible,13,0,,0,False,0.000,[]
562,18.733,1,0.337,0.352,0.025,0.943,0.079,0.996,0.982,0.998,0.996,0.200,False,True,4,visible,0,2,,3,False,0.000,"[497, 518, 540]"
562,18.733,38,0.043,0.191,0.002,0.970,0.037,0.980,0.354,0.144,0.023,0.200,False,False,1,uncertain,0,0,,0,False,0.000,[]
562,18.733,35,0.297,0.327,0.036,0.869,0.123,0.984,0.919,0.936,0.864,0.200,False,True,4,visible,0,2,,1,False,0.000,[544]
562,18.733,18,0.877,0.938,0.430,0.929,0.076,0.985,0.709,0.965,0.840,0.800,True,True,4,visible,113,0,,0,False,0.000,[]
562,18.733,39,0.656,0.713,0.157,0.909,0.213,0.972,0.861,0.807,0.641,0.600,True,True,4,visible,14,0,,0,False,0.000,[]
563,18.767,1,0.337,0.352,0.025,0.943,0.079,0.996,0.982,0.998,0.996,0.200,False,True,4,visible,0,3,,3,False,0.000,"[497, 518, 540]"
563,18.767,38,0.043,0.191,0.002,0.970,0.037,0.980,0.354,0.144,0.023,0.200,False,False,1,uncertain,0,0,,0,False,0.000,[]
563,18.767,35,0.297,0.327,0.036,0.869,0.123,0.984,0.919,0.936,0.864,0.200,False,True,4,visible,0,3,,1,False,0.000,[544]
563,18.767,18,0.877,0.938,0.430,0.929,0.076,0.985,0.709,0.965,0.840,0.800,True,True,4,visible,114,0,,0,False,0.000,[]
563,18.767,39,0.656,0.713,0.157,0.909,0.213,0.972,0.861,0.807,0.641,0.600,True,True,4,visible,15,0,,0,False,0.000,[]
564,18.800,1,0.337,0.352,0.025,0.943,0.079,0.996,0.982,0.998,0.996,0.200,False,True,4,visible,0,4,,3,False,0.000,"[497, 518, 540]"
564,18.800,38,0.043,0.191,0.002,0.970,0.037,0.980,0.354,0.144,0.023,0.200,False,False,1,uncertain,0,0,,0,False,0.000,[]
564,18.800,35,0.297,0.327,0.036,0.869,0.123,0.984,0.919,0.936,0.864,0.200,False,True,4,visible,0,4,,1,False,0.000,[544]
564,18.800,18,0.877,0.938,0.430,0.929,0.076,0.985,0.709,0.965,0.840,0.800,True,True,4,visible,115,0,,0,False,0.000,[]
564,18.800,39,0.656,0.713,0.157,0.909,0.213,0.972,0.861,0.807,0.641,0.600,True,True,4,visible,16,0,,0,False,0.000,[]
565,18.833,1,0.337,0.352,0.025,0.943,0.079,0.996,0.982,0.998,0.996,0.200,False,True,4,hidden,0,5,head_turn_away,4,True,1.000,"[497, 518, 540, 565]"
565,18.833,38,0.043,0.191,0.002,0.970,0.037,0.980,0.354,0.144,0.023,0.200,False,False,1,uncertain,0,0,,0,False,0.000,[]
565,18.833,35,0.297,0.327,0.036,0.869,0.123,0.984,0.919,0.936,0.864,0.200,False,True,4,hidden,0,5,head_turn_away,2,False,0.000,"[544, 565]"
565,18.833,18,0.877,0.938,0.430,0.929,0.076,0.985,0.709,0.965,0.840,0.800,True,True,4,visible,116,0,,0,False,0.000,[]
565,18.833,39,0.656,0.713,0.157,0.909,0.213,0.972,0.861,0.807,0.641,0.600,True,True,4,visible,17,0,,0,False,0.000,[]
566,18.867,1,0.209,0.219,0.011,0.924,0.038,0.995,0.982,0.999,0.999,0.200,False,True,4,hidden,0,6,,4,True,1.000,"[497, 518, 540, 565]"
566,18.867,38,0.088,0.296,0.002,0.978,0.029,0.982,0.578,0.193,0.056,0.200,False,True,2,uncertain,0,0,,0,False,0.000,[]
566,18.867,35,0.144,0.133,0.033,0.770,0.281,0.954,0.910,0.851,0.809,0.200,False,True,4,hidden,0,6,,2,False,0.000,"[544, 565]"
566,18.867,39,0.265,0.376,0.025,0.904,0.078,0.944,0.874,0.720,0.640,0.200,False,True,4,visible,0,1,,0,False,0.000,[]
567,18.900,1,0.209,0.218,0.011,0.924,0.038,0.995,0.982,0.999,0.999,0.200,False,True,4,hidden,0,7,,4,True,1.000,"[497, 518, 540, 565]"
567,18.900,38,0.089,0.299,0.002,0.978,0.029,0.982,0.580,0.194,0.057,0.200,False,True,2,uncertain,0,0,,0,False,0.000,[]
567,18.900,35,0.144,0.133,0.033,0.770,0.281,0.954,0.910,0.851,0.808,0.200,False,True,4,hidden,0,7,,2,False,0.000,"[544, 565]"
567,18.900,39,0.264,0.375,0.025,0.904,0.078,0.944,0.874,0.721,0.641,0.200,False,True,4,visible,0,2,,0,False,0.000,[]
567,18.900,40,0.887,0.935,0.469,0.919,0.066,0.967,0.875,0.669,0.504,0.800,True,True,4,uncertain,1,0,,0,False,0.000,[]
568,18.933,1,0.209,0.218,0.011,0.924,0.038,0.995,0.982,0.999,0.999,0.200,False,True,4,hidden,0,8,,4,True,1.000,"[497, 518, 540, 565]"
568,18.933,38,0.089,0.299,0.002,0.978,0.029,0.982,0.580,0.194,0.057,0.200,False,True,2,uncertain,0,0,,0,False,0.000,[]
568,18.933,35,0.144,0.133,0.033,0.770,0.281,0.954,0.910,0.851,0.808,0.200,False,True,4,hidden,0,8,,2,False,0.000,"[544, 565]"
568,18.933,39,0.264,0.375,0.025,0.904,0.078,0.944,0.874,0.721,0.641,0.200,False,True,4,visible,0,3,,0,False,0.000,[]
568,18.933,40,0.887,0.935,0.469,0.919,0.066,0.967,0.875,0.669,0.504,0.800,True,True,4,uncertain,2,0,,0,False,0.000,[]
569,18.967,1,0.209,0.218,0.011,0.924,0.038,0.995,0.982,0.999,0.999,0.200,False,True,4,hidden,0,9,,4,True,1.000,"[497, 518, 540, 565]"
569,18.967,38,0.089,0.299,0.002,0.978,0.029,0.982,0.580,0.194,0.057,0.200,False,True,2,uncertain,0,0,,0,False,0.000,[]
569,18.967,35,0.144,0.133,0.033,0.770,0.281,0.954,0.910,0.851,0.808,0.200,False,True,4,hidden,0,9,,2,False,0.000,"[544, 565]"
569,18.967,39,0.264,0.375,0.025,0.904,0.078,0.944,0.874,0.721,0.641,0.200,False,True,4,visible,0,4,,0,False,0.000,[]
569,18.967,40,0.887,0.935,0.469,0.919,0.066,0.967,0.875,0.669,0.504,0.800,True,True,4,visible,3,0,,0,False,0.000,[]
570,19.000,1,0.154,0.208,0.010,0.935,0.064,0.984,0.966,0.923,0.917,0.200,False,True,4,hidden,0,10,,4,True,1.000,"[497, 518, 540, 565]"
570,19.000,38,0.304,0.564,0.011,0.992,0.096,0.987,0.953,0.243,0.247,0.400,True,True,2,uncertain,1,0,,0,False,0.000,[]
570,19.000,36,0.444,0.546,0.044,0.961,0.085,0.973,0.935,0.869,0.818,0.600,True,True,4,visible,35,0,,0,False,0.000,[]
571,19.033,1,0.154,0.208,0.010,0.935,0.064,0.984,0.966,0.923,0.917,0.200,False,True,4,hidden,0,11,,4,True,1.000,"[497, 518, 540, 565]"
571,19.033,38,0.304,0.564,0.011,0.992,0.096,0.987,0.953,0.243,0.247,0.400,True,True,2,uncertain,2,0,,0,False,0.000,[]
571,19.033,36,0.444,0.546,0.044,0.961,0.085,0.973,0.935,0.869,0.818,0.600,True,True,4,visible,36,0,,0,False,0.000,[]
572,19.067,1,0.154,0.208,0.010,0.935,0.064,0.984,0.966,0.923,0.917,0.200,False,True,4,hidden,0,12,,4,True,1.000,"[497, 518, 540, 565]"
572,19.067,38,0.304,0.564,0.011,0.992,0.096,0.987,0.953,0.243,0.247,0.400,True,True,2,visible,3,0,,0,False,0.000,[]
572,19.067,36,0.444,0.546,0.044,0.961,0.085,0.973,0.935,0.869,0.818,0.600,True,True,4,visible,37,0,,0,False,0.000,[]
573,19.100,1,0.154,0.208,0.010,0.935,0.064,0.984,0.966,0.923,0.917,0.200,False,True,4,hidden,0,13,,4,True,1.000,"[497, 518, 540, 565]"
573,19.100,38,0.304,0.564,0.011,0.992,0.096,0.987,0.953,0.243,0.247,0.400,True,True,2,visible,4,0,,0,False,0.000,[]
573,19.100,36,0.444,0.546,0.044,0.961,0.085,0.973,0.935,0.869,0.818,0.600,True,True,4,visible,38,0,,0,False,0.000,[]
574,19.133,1,0.097,0.150,0.006,0.927,0.044,0.974,0.943,0.867,0.857,0.200,False,True,4,hidden,0,14,,4,True,1.000,"[497, 518, 540, 565]"
574,19.133,38,0.689,0.860,0.042,0.989,0.049,0.985,0.918,0.301,0.267,0.600,True,True,2,visible,5,0,,0,False,0.000,[]
574,19.133,18,0.782,0.862,0.282,0.827,0.048,0.985,0.556,0.986,0.898,0.600,True,True,4,visible,117,0,,0,False,0.000,[]
574,19.133,39,0.405,0.507,0.058,0.908,0.175,0.982,0.826,0.927,0.780,0.600,True,True,4,visible,1,0,,0,False,0.000,[]
575,19.167,1,0.098,0.150,0.006,0.927,0.044,0.974,0.943,0.868,0.858,0.200,False,True,4,hidden,0,15,,4,True,1.000,"[497, 518, 540, 565]"
575,19.167,38,0.764,0.882,0.071,0.988,0.073,0.982,0.941,0.216,0.237,0.600,True,True,2,visible,6,0,,0,False,0.000,[]
575,19.167,18,0.782,0.862,0.282,0.827,0.048,0.985,0.556,0.986,0.898,0.600,True,True,4,visible,118,0,,0,False,0.000,[]
575,19.167,39,0.405,0.507,0.058,0.908,0.175,0.982,0.827,0.927,0.781,0.600,True,True,4,visible,2,0,,0,False,0.000,[]
576,19.200,1,0.098,0.150,0.006,0.927,0.044,0.974,0.943,0.868,0.858,0.200,False,True,4,hidden,0,16,,4,True,1.000,"[497, 518, 540, 565]"
576,19.200,38,0.764,0.882,0.071,0.988,0.073,0.982,0.941,0.216,0.237,0.600,True,True,2,visible,7,0,,0,False,0.000,[]
576,19.200,18,0.782,0.862,0.282,0.827,0.048,0.985,0.556,0.986,0.898,0.600,True,True,4,visible,119,0,,0,False,0.000,[]
577,19.233,1,0.098,0.150,0.006,0.927,0.044,0.974,0.943,0.868,0.858,0.200,False,True,4,hidden,0,17,,4,True,1.000,"[497, 518, 540, 565]"
577,19.233,38,0.764,0.882,0.071,0.988,0.073,0.982,0.941,0.216,0.237,0.600,True,True,2,visible,8,0,,0,False,0.000,[]
577,19.233,18,0.782,0.862,0.282,0.827,0.048,0.985,0.556,0.986,0.898,0.600,True,True,4,visible,120,0,,0,False,0.000,[]
577,19.233,41,0.405,0.507,0.058,0.908,0.175,0.982,0.827,0.927,0.781,0.600,True,True,4,uncertain,1,0,,0,False,0.000,[]
578,19.267,1,0.098,0.150,0.006,0.927,0.044,0.974,0.943,0.868,0.858,0.200,False,True,4,hidden,0,18,,4,True,1.000,"[497, 518, 540, 565]"
578,19.267,38,0.764,0.882,0.071,0.988,0.073,0.982,0.941,0.216,0.237,0.600,True,True,2,visible,9,0,,0,False,0.000,[]
578,19.267,18,0.782,0.862,0.282,0.827,0.048,0.985,0.556,0.986,0.898,0.600,True,True,4,visible,121,0,,0,False,0.000,[]
578,19.267,41,0.405,0.507,0.058,0.908,0.175,0.982,0.827,0.927,0.781,0.600,True,True,4,uncertain,2,0,,0,False,0.000,[]
579,19.300,1,0.223,0.311,0.030,0.931,0.130,0.972,0.930,0.689,0.649,0.200,False,True,4,hidden,0,19,,4,True,1.000,"[497, 518, 540, 565]"
579,19.300,38,0.818,0.923,0.074,0.984,0.032,0.984,0.883,0.305,0.211,0.600,True,True,2,visible,10,0,,0,False,0.000,[]
579,19.300,18,0.830,0.898,0.359,0.847,0.056,0.986,0.558,0.986,0.897,0.600,True,True,4,visible,122,0,,0,False,0.000,[]
579,19.300,41,0.612,0.749,0.062,0.916,0.026,0.937,0.848,0.739,0.646,0.600,True,True,4,visible,3,0,,0,False,0.000,[]
580,19.333,1,0.217,0.304,0.030,0.930,0.130,0.971,0.929,0.686,0.647,0.200,False,True,4,hidden,0,20,,4,True,1.000,"[497, 518, 540, 565]"
580,19.333,38,0.820,0.924,0.073,0.984,0.031,0.984,0.879,0.308,0.211,0.600,True,True,2,visible,11,0,,0,False,0.000,[]
580,19.333,18,0.829,0.898,0.357,0.847,0.056,0.987,0.557,0.987,0.897,0.600,True,True,4,visible,123,0,,0,False,0.000,[]
580,19.333,41,0.617,0.753,0.063,0.917,0.026,0.938,0.849,0.739,0.646,0.600,True,True,4,visible,4,0,,0,False,0.000,[]
581,19.367,1,0.217,0.304,0.030,0.930,0.130,0.971,0.929,0.686,0.647,0.200,False,True,4,hidden,0,21,,4,True,1.000,"[497, 518, 540, 565]"
581,19.367,38,0.820,0.924,0.073,0.984,0.031,0.984,0.879,0.308,0.211,0.600,True,True,2,visible,12,0,,0,False,0.000,[]
581,19.367,18,0.829,0.898,0.357,0.847,0.056,0.987,0.557,0.987,0.897,0.600,True,True,4,visible,124,0,,0,False,0.000,[]
581,19.367,41,0.617,0.753,0.063,0.917,0.026,0.938,0.849,0.739,0.646,0.600,True,True,4,visible,5,0,,0,False,0.000,[]
582,19.400,1,0.217,0.303,0.030,0.930,0.130,0.971,0.929,0.686,0.647,0.200,False,True,4,hidden,0,22,,4,True,1.000,"[497, 518, 540, 565]"
582,19.400,38,0.820,0.924,0.073,0.984,0.031,0.984,0.879,0.308,0.211,0.600,True,True,2,visible,13,0,,0,False,0.000,[]
582,19.400,18,0.829,0.898,0.357,0.847,0.056,0.987,0.557,0.987,0.897,0.600,True,True,4,visible,125,0,,0,False,0.000,[]
582,19.400,41,0.617,0.753,0.063,0.917,0.026,0.938,0.849,0.739,0.646,0.600,True,True,4,visible,6,0,,0,False,0.000,[]
583,19.433,38,0.786,0.912,0.065,0.985,0.024,0.991,0.853,0.697,0.450,0.600,True,True,4,visible,14,0,,0,False,0.000,[]
583,19.433,18,0.861,0.908,0.456,0.834,0.080,0.983,0.603,0.972,0.842,0.800,True,True,4,visible,126,0,,0,False,0.000,[]
583,19.433,41,0.566,0.734,0.057,0.896,0.017,0.899,0.759,0.662,0.556,0.600,True,True,4,visible,7,0,,0,False,0.000,[]
584,19.467,38,0.786,0.912,0.065,0.985,0.024,0.991,0.852,0.696,0.448,0.600,True,True,4,visible,15,0,,0,False,0.000,[]
584,19.467,18,0.861,0.908,0.456,0.834,0.080,0.983,0.603,0.972,0.842,0.800,True,True,4,visible,127,0,,0,False,0.000,[]
584,19.467,41,0.566,0.734,0.058,0.896,0.017,0.899,0.759,0.662,0.556,0.600,True,True,4,visible,8,0,,0,False,0.000,[]
585,19.500,38,0.786,0.912,0.065,0.985,0.024,0.991,0.852,0.696,0.448,0.600,True,True,4,visible,16,0,,0,False,0.000,[]
585,19.500,18,0.861,0.908,0.456,0.834,0.080,0.983,0.603,0.972,0.842,0.800,True,True,4,visible,128,0,,0,False,0.000,[]
585,19.500,41,0.566,0.734,0.058,0.896,0.017,0.899,0.759,0.662,0.556,0.600,True,True,4,visible,9,0,,0,False,0.000,[]
586,19.533,38,0.786,0.912,0.065,0.985,0.024,0.991,0.852,0.696,0.448,0.600,True,True,4,visible,17,0,,0,False,0.000,[]
586,19.533,18,0.861,0.908,0.456,0.834,0.080,0.983,0.603,0.972,0.842,0.800,True,True,4,visible,129,0,,0,False,0.000,[]
586,19.533,41,0.566,0.734,0.058,0.896,0.017,0.899,0.759,0.662,0.556,0.600,True,True,4,visible,10,0,,0,False,0.000,[]
587,19.567,38,0.924,0.970,0.172,0.982,0.015,0.992,0.811,0.809,0.538,0.600,True,True,4,visible,18,0,,0,False,0.000,[]
587,19.567,18,0.849,0.886,0.406,0.812,0.077,0.988,0.654,0.985,0.898,0.800,True,True,4,visible,130,0,,0,False,0.000,[]
587,19.567,41,0.327,0.407,0.035,0.895,0.108,0.984,0.789,0.933,0.771,0.400,True,True,4,visible,11,0,,0,False,0.000,[]
588,19.600,38,0.924,0.970,0.172,0.981,0.015,0.992,0.812,0.809,0.539,0.600,True,True,4,visible,19,0,,0,False,0.000,[]
588,19.600,18,0.849,0.886,0.406,0.812,0.077,0.988,0.654,0.985,0.898,0.800,True,True,4,visible,131,0,,0,False,0.000,[]
588,19.600,41,0.327,0.407,0.035,0.895,0.108,0.984,0.789,0.933,0.771,0.400,True,True,4,visible,12,0,,0,False,0.000,[]
589,19.633,38,0.924,0.970,0.172,0.981,0.015,0.992,0.812,0.809,0.539,0.600,True,True,4,visible,20,0,,0,False,0.000,[]
589,19.633,18,0.849,0.886,0.406,0.812,0.077,0.988,0.654,0.985,0.898,0.800,True,True,4,visible,132,0,,0,False,0.000,[]
589,19.633,41,0.327,0.407,0.035,0.895,0.108,0.984,0.789,0.933,0.771,0.400,True,True,4,visible,13,0,,0,False,0.000,[]
590,19.667,38,0.924,0.970,0.172,0.981,0.015,0.992,0.812,0.809,0.539,0.600,True,True,4,visible,21,0,,0,False,0.000,[]
590,19.667,18,0.849,0.886,0.406,0.812,0.077,0.988,0.654,0.985,0.898,0.800,True,True,4,visible,133,0,,0,False,0.000,[]
590,19.667,41,0.327,0.407,0.035,0.895,0.108,0.984,0.789,0.933,0.771,0.400,True,True,4,visible,14,0,,0,False,0.000,[]
591,19.700,38,0.964,0.989,0.337,0.977,0.011,0.989,0.559,0.812,0.351,0.600,True,True,3,visible,22,0,,0,False,0.000,[]
591,19.700,18,0.868,0.897,0.476,0.867,0.148,0.992,0.835,0.991,0.956,0.800,True,True,4,visible,134,0,,0,False,0.000,[]
591,19.700,35,0.472,0.606,0.086,0.741,0.015,0.836,0.586,0.468,0.324,0.600,True,True,3,hidden,1,0,,2,False,0.000,"[544, 565]"
592,19.733,38,0.964,0.989,0.338,0.977,0.011,0.989,0.562,0.812,0.352,0.600,True,True,3,visible,23,0,,0,False,0.000,[]
592,19.733,18,0.868,0.897,0.476,0.867,0.148,0.992,0.835,0.991,0.956,0.800,True,True,4,visible,135,0,,0,False,0.000,[]
592,19.733,42,0.552,0.652,0.129,0.725,0.059,0.854,0.777,0.452,0.405,0.600,True,True,4,uncertain,1,0,,0,False,0.000,[]
592,19.733,35,0.432,0.566,0.072,0.723,0.013,0.824,0.566,0.469,0.326,0.600,True,True,3,hidden,2,0,,2,False,0.000,"[544, 565]"
593,19.767,38,0.964,0.989,0.338,0.977,0.011,0.989,0.562,0.812,0.352,0.600,True,True,3,visible,24,0,,0,False,0.000,[]
593,19.767,18,0.868,0.897,0.476,0.867,0.148,0.992,0.835,0.991,0.956,0.800,True,True,4,visible,136,0,,0,False,0.000,[]
593,19.767,42,0.552,0.652,0.129,0.725,0.059,0.854,0.777,0.452,0.405,0.600,True,True,4,uncertain,2,0,,0,False,0.000,[]
593,19.767,35,0.432,0.566,0.072,0.723,0.013,0.824,0.566,0.469,0.326,0.600,True,True,3,visible,3,0,,2,False,0.000,"[544, 565]"
594,19.800,38,0.964,0.989,0.338,0.977,0.011,0.989,0.562,0.812,0.352,0.600,True,True,3,visible,25,0,,0,False,0.000,[]
594,19.800,18,0.868,0.897,0.476,0.867,0.148,0.992,0.835,0.991,0.956,0.800,True,True,4,visible,137,0,,0,False,0.000,[]
594,19.800,42,0.552,0.652,0.129,0.725,0.059,0.854,0.777,0.452,0.405,0.600,True,True,4,visible,3,0,,0,False,0.000,[]
594,19.800,35,0.432,0.566,0.072,0.723,0.013,0.824,0.566,0.469,0.326,0.600,True,True,3,visible,4,0,,2,False,0.000,"[544, 565]"
595,19.833,38,0.964,0.989,0.338,0.977,0.011,0.989,0.562,0.812,0.352,0.600,True,True,3,visible,26,0,,0,False,0.000,[]
595,19.833,18,0.868,0.897,0.476,0.867,0.148,0.992,0.835,0.991,0.956,0.800,True,True,4,visible,138,0,,0,False,0.000,[]
595,19.833,42,0.552,0.652,0.129,0.725,0.059,0.854,0.777,0.452,0.405,0.600,True,True,4,visible,4,0,,0,False,0.000,[]
595,19.833,35,0.432,0.566,0.072,0.723,0.013,0.824,0.566,0.469,0.326,0.600,True,True,3,visible,5,0,,2,False,0.000,"[544, 565]"
596,19.867,38,0.976,0.991,0.595,0.976,0.028,0.988,0.742,0.883,0.606,0.800,True,True,4,visible,27,0,,0,False,0.000,[]
596,19.867,18,0.898,0.914,0.584,0.855,0.198,0.991,0.841,0.988,0.942,0.800,True,True,4,visible,139,0,,0,False,0.000,[]
596,19.867,42,0.738,0.833,0.189,0.887,0.042,0.929,0.843,0.503,0.399,0.600,True,True,3,visible,5,0,,0,False,0.000,[]
596,19.867,35,0.523,0.699,0.061,0.853,0.009,0.863,0.637,0.442,0.313,0.600,True,True,3,visible,6,0,,2,False,0.000,"[544, 565]"
597,19.900,38,0.976,0.991,0.595,0.977,0.028,0.988,0.743,0.883,0.607,0.800,True,True,4,visible,28,0,,0,False,0.000,[]
597,19.900,18,0.898,0.914,0.584,0.855,0.198,0.992,0.841,0.988,0.942,0.800,True,True,4,visible,140,0,,0,False,0.000,[]
597,19.900,42,0.737,0.832,0.189,0.887,0.042,0.929,0.842,0.504,0.400,0.600,True,True,3,visible,6,0,,0,False,0.000,[]
597,19.900,35,0.527,0.701,0.061,0.854,0.008,0.863,0.638,0.441,0.313,0.600,True,True,3,visible,7,0,,2,False,0.000,"[544, 565]"
598,19.933,38,0.976,0.991,0.595,0.977,0.028,0.988,0.743,0.883,0.607,0.800,True,True,4,visible,29,0,,0,False,0.000,[]
598,19.933,18,0.898,0.914,0.584,0.855,0.198,0.992,0.841,0.988,0.942,0.800,True,True,4,visible,141,0,,0,False,0.000,[]
598,19.933,42,0.737,0.832,0.189,0.887,0.042,0.929,0.842,0.504,0.400,0.600,True,True,3,visible,7,0,,0,False,0.000,[]
598,19.933,35,0.527,0.701,0.061,0.854,0.008,0.863,0.638,0.441,0.313,0.600,True,True,3,visible,8,0,,2,False,0.000,"[544, 565]"
599,19.967,38,0.976,0.991,0.595,0.977,0.028,0.988,0.743,0.883,0.607,0.800,True,True,4,visible,30,0,,0,False,0.000,[]
599,19.967,18,0.898,0.914,0.584,0.855,0.198,0.992,0.841,0.988,0.942,0.800,True,True,4,visible,142,0,,0,False,0.000,[]
599,19.967,42,0.737,0.832,0.189,0.887,0.042,0.929,0.842,0.504,0.400,0.600,True,True,3,visible,8,0,,0,False,0.000,[]
599,19.967,35,0.527,0.701,0.061,0.854,0.008,0.863,0.638,0.441,0.313,0.600,True,True,3,visible,9,0,,2,False,0.000,"[544, 565]"
600,20.000,38,0.980,0.991,0.678,0.974,0.041,0.990,0.800,0.898,0.656,0.800,True,True,4,visible,31,0,,0,False,0.000,[]
600,20.000,18,0.901,0.909,0.609,0.829,0.211,0.990,0.850,0.988,0.946,0.800,True,True,4,visible,143,0,,0,False,0.000,[]
600,20.000,35,0.737,0.854,0.131,0.913,0.011,0.920,0.752,0.503,0.361,0.600,True,True,3,visible,10,0,,2,False,0.000,"[544, 565]"
601,20.033,38,0.980,0.991,0.678,0.974,0.041,0.990,0.800,0.898,0.656,0.800,True,True,4,visible,32,0,,0,False,0.000,[]
601,20.033,18,0.901,0.909,0.609,0.829,0.211,0.990,0.850,0.988,0.946,0.800,True,True,4,visible,144,0,,0,False,0.000,[]
601,20.033,35,0.737,0.854,0.131,0.913,0.011,0.920,0.752,0.503,0.361,0.600,True,True,3,visible,11,0,,2,False,0.000,"[544, 565]"
602,20.067,38,0.980,0.991,0.678,0.974,0.041,0.990,0.800,0.898,0.656,0.800,True,True,4,visible,33,0,,0,False,0.000,[]
602,20.067,18,0.901,0.909,0.609,0.829,0.211,0.990,0.850,0.988,0.946,0.800,True,True,4,visible,145,0,,0,False,0.000,[]
602,20.067,35,0.737,0.854,0.131,0.913,0.011,0.920,0.752,0.503,0.361,0.600,True,True,3,visible,12,0,,2,False,0.000,"[544, 565]"
603,20.100,38,0.980,0.991,0.678,0.974,0.041,0.990,0.800,0.898,0.656,0.800,True,True,4,visible,34,0,,0,False,0.000,[]
603,20.100,18,0.901,0.909,0.609,0.829,0.211,0.990,0.850,0.988,0.946,0.800,True,True,4,visible,146,0,,0,False,0.000,[]
603,20.100,35,0.737,0.854,0.131,0.913,0.011,0.920,0.752,0.503,0.361,0.600,True,True,3,visible,13,0,,2,False,0.000,"[544, 565]"
604,20.133,38,0.930,0.974,0.229,0.987,0.021,0.996,0.862,0.963,0.838,0.600,True,True,4,visible,35,0,,0,False,0.000,[]
604,20.133,35,0.735,0.855,0.116,0.905,0.008,0.834,0.664,0.242,0.184,0.600,True,True,2,visible,14,0,,2,False,0.000,"[544, 565]"
604,20.133,36,0.760,0.872,0.075,0.943,0.013,0.942,0.852,0.637,0.526,0.600,True,True,4,visible,39,0,,0,False,0.000,[]
605,20.167,38,0.930,0.974,0.228,0.987,0.021,0.996,0.862,0.963,0.838,0.600,True,True,4,visible,36,0,,0,False,0.000,[]
605,20.167,35,0.735,0.855,0.116,0.905,0.008,0.834,0.664,0.242,0.184,0.600,True,True,2,visible,15,0,,2,False,0.000,"[544, 565]"
605,20.167,36,0.760,0.872,0.075,0.943,0.013,0.942,0.852,0.637,0.526,0.600,True,True,4,visible,40,0,,0,False,0.000,[]
606,20.200,38,0.930,0.974,0.228,0.987,0.021,0.996,0.862,0.963,0.838,0.600,True,True,4,visible,37,0,,0,False,0.000,[]
606,20.200,35,0.735,0.855,0.116,0.905,0.008,0.834,0.664,0.242,0.184,0.600,True,True,2,visible,16,0,,2,False,0.000,"[544, 565]"
606,20.200,36,0.760,0.872,0.075,0.943,0.013,0.942,0.852,0.637,0.526,0.600,True,True,4,visible,41,0,,0,False,0.000,[]
607,20.233,38,0.930,0.974,0.228,0.987,0.021,0.996,0.862,0.963,0.838,0.600,True,True,4,visible,38,0,,0,False,0.000,[]
607,20.233,35,0.735,0.855,0.116,0.905,0.008,0.834,0.664,0.242,0.184,0.600,True,True,2,visible,17,0,,2,False,0.000,"[544, 565]"
607,20.233,36,0.760,0.872,0.075,0.943,0.013,0.942,0.852,0.637,0.526,0.600,True,True,4,visible,42,0,,0,False,0.000,[]
608,20.267,38,0.931,0.973,0.232,0.987,0.022,0.996,0.880,0.965,0.856,0.600,True,True,4,visible,39,0,,0,False,0.000,[]
608,20.267,36,0.698,0.764,0.131,0.936,0.157,0.989,0.890,0.910,0.760,0.600,True,True,4,visible,43,0,,0,False,0.000,[]
608,20.267,18,0.910,0.911,0.649,0.817,0.235,0.989,0.864,0.987,0.946,0.800,True,True,4,visible,147,0,,0,False,0.000,[]
609,20.300,38,0.045,0.077,0.002,0.989,0.139,0.999,0.986,0.988,0.966,0.200,False,True,4,visible,0,1,,0,False,0.000,[]
609,20.300,36,0.746,0.857,0.094,0.959,0.031,0.969,0.899,0.751,0.621,0.600,True,True,4,visible,44,0,,0,False,0.000,[]
609,20.300,18,0.919,0.921,0.687,0.823,0.254,0.988,0.859,0.982,0.931,0.800,True,True,4,visible,148,0,,0,False,0.000,[]
609,20.300,35,0.774,0.886,0.123,0.936,0.008,0.947,0.792,0.716,0.554,0.600,True,True,4,visible,18,0,,2,False,0.000,"[544, 565]"
610,20.333,38,0.044,0.075,0.002,0.989,0.144,0.999,0.987,0.988,0.966,0.200,False,True,4,visible,0,2,,0,False,0.000,[]
610,20.333,36,0.740,0.853,0.091,0.958,0.031,0.968,0.897,0.750,0.620,0.600,True,True,4,visible,45,0,,0,False,0.000,[]
610,20.333,18,0.919,0.921,0.687,0.823,0.255,0.988,0.859,0.982,0.931,0.800,True,True,4,visible,149,0,,0,False,0.000,[]
610,20.333,35,0.862,0.936,0.194,0.951,0.010,0.928,0.813,0.401,0.297,0.600,True,True,3,visible,19,0,,2,False,0.000,"[544, 565]"
611,20.367,38,0.044,0.075,0.002,0.989,0.144,0.999,0.987,0.988,0.967,0.200,False,True,4,visible,0,3,,0,False,0.000,[]
611,20.367,36,0.740,0.853,0.091,0.958,0.031,0.968,0.897,0.750,0.620,0.600,True,True,4,visible,46,0,,0,False,0.000,[]
611,20.367,18,0.919,0.921,0.687,0.823,0.255,0.988,0.859,0.982,0.931,0.800,True,True,4,visible,150,0,,0,False,0.000,[]
611,20.367,35,0.862,0.936,0.194,0.951,0.010,0.928,0.813,0.401,0.297,0.600,True,True,3,visible,20,0,,2,False,0.000,"[544, 565]"
612,20.400,38,0.044,0.075,0.002,0.989,0.144,0.999,0.987,0.988,0.966,0.200,False,True,4,visible,0,4,,0,False,0.000,[]
612,20.400,36,0.740,0.853,0.091,0.958,0.031,0.968,0.897,0.750,0.620,0.600,True,True,4,visible,47,0,,0,False,0.000,[]
612,20.400,18,0.919,0.921,0.687,0.823,0.255,0.988,0.859,0.982,0.931,0.800,True,True,4,visible,151,0,,0,False,0.000,[]
612,20.400,35,0.862,0.936,0.194,0.951,0.010,0.928,0.813,0.401,0.297,0.600,True,True,3,visible,21,0,,2,False,0.000,"[544, 565]"
613,20.433,38,0.068,0.117,0.003,0.990,0.243,0.999,0.990,0.972,0.949,0.200,False,True,4,hidden,0,5,head_turn_away,1,False,0.000,[613]
613,20.433,36,0.888,0.946,0.193,0.971,0.027,0.977,0.918,0.717,0.579,0.600,True,True,4,visible,48,0,,0,False,0.000,[]
613,20.433,35,0.650,0.824,0.077,0.920,0.006,0.955,0.768,0.829,0.666,0.600,True,True,4,visible,22,0,,2,False,0.000,"[544, 565]"
614,20.467,38,0.069,0.118,0.003,0.990,0.242,0.999,0.990,0.972,0.949,0.200,False,True,4,hidden,0,6,,1,False,0.000,[613]
614,20.467,36,0.889,0.946,0.193,0.971,0.027,0.977,0.918,0.716,0.578,0.600,True,True,4,visible,49,0,,0,False,0.000,[]
614,20.467,35,0.706,0.773,0.212,0.857,0.060,0.936,0.809,0.761,0.645,0.600,True,True,4,visible,23,0,,2,False,0.000,"[544, 565]"
615,20.500,38,0.069,0.118,0.003,0.990,0.242,0.999,0.990,0.972,0.949,0.200,False,True,4,hidden,0,7,,1,False,0.000,[613]
615,20.500,36,0.889,0.946,0.193,0.971,0.027,0.977,0.918,0.716,0.578,0.600,True,True,4,visible,50,0,,0,False,0.000,[]
615,20.500,35,0.706,0.773,0.212,0.857,0.060,0.936,0.809,0.761,0.645,0.600,True,True,4,visible,24,0,,2,False,0.000,"[544, 565]"
616,20.533,38,0.069,0.118,0.003,0.990,0.242,0.999,0.990,0.972,0.949,0.200,False,True,4,hidden,0,8,,1,False,0.000,[613]
616,20.533,36,0.889,0.946,0.193,0.971,0.027,0.977,0.918,0.716,0.578,0.600,True,True,4,visible,51,0,,0,False,0.000,[]
616,20.533,35,0.706,0.773,0.212,0.857,0.060,0.936,0.809,0.761,0.645,0.600,True,True,4,visible,25,0,,2,False,0.000,"[544, 565]"
617,20.567,38,0.050,0.082,0.002,0.987,0.234,0.998,0.988,0.952,0.913,0.200,False,True,4,hidden,0,9,,1,False,0.000,[613]
617,20.567,36,0.863,0.922,0.157,0.962,0.020,0.974,0.915,0.686,0.541,0.600,True,True,4,visible,52,0,,0,False,0.000,[]
617,20.567,35,0.772,0.891,0.135,0.932,0.009,0.954,0.816,0.678,0.503,0.600,True,True,4,visible,26,0,,2,False,0.000,"[544, 565]"
617,20.567,18,0.916,0.953,0.677,0.912,0.149,0.991,0.910,0.971,0.907,0.800,True,True,4,visible,152,0,,0,False,0.000,[]
618,20.600,38,0.050,0.082,0.002,0.987,0.234,0.998,0.988,0.952,0.913,0.200,False,True,4,hidden,0,10,,1,False,0.000,[613]
618,20.600,36,0.862,0.922,0.156,0.962,0.020,0.975,0.916,0.689,0.544,0.600,True,True,4,visible,53,0,,0,False,0.000,[]
618,20.600,35,0.745,0.809,0.282,0.870,0.083,0.938,0.802,0.744,0.619,0.600,True,True,4,visible,27,0,,2,False,0.000,"[544, 565]"
618,20.600,18,0.916,0.953,0.677,0.912,0.149,0.991,0.910,0.971,0.907,0.800,True,True,4,visible,153,0,,0,False,0.000,[]
619,20.633,38,0.050,0.082,0.002,0.987,0.234,0.998,0.988,0.952,0.913,0.200,False,True,4,hidden,0,11,,1,False,0.000,[613]
619,20.633,36,0.862,0.922,0.156,0.962,0.020,0.975,0.916,0.689,0.544,0.600,True,True,4,visible,54,0,,0,False,0.000,[]
619,20.633,35,0.745,0.809,0.282,0.870,0.083,0.938,0.802,0.744,0.619,0.600,True,True,4,visible,28,0,,2,False,0.000,"[544, 565]"
619,20.633,18,0.916,0.953,0.677,0.912,0.149,0.991,0.910,0.971,0.907,0.800,True,True,4,visible,154,0,,0,False,0.000,[]
620,20.667,38,0.050,0.082,0.002,0.987,0.234,0.998,0.988,0.952,0.913,0.200,False,True,4,hidden,0,12,,1,False,0.000,[613]
620,20.667,36,0.862,0.922,0.156,0.962,0.020,0.975,0.916,0.689,0.544,0.600,True,True,4,visible,55,0,,0,False,0.000,[]
620,20.667,35,0.745,0.809,0.282,0.870,0.083,0.938,0.802,0.744,0.619,0.600,True,True,4,visible,29,0,,2,False,0.000,"[544, 565]"
620,20.667,18,0.916,0.953,0.677,0.912,0.149,0.991,0.910,0.971,0.907,0.800,True,True,4,visible,155,0,,0,False,0.000,[]
621,20.700,38,0.476,0.629,0.029,0.988,0.109,0.997,0.978,0.938,0.879,0.600,True,True,4,hidden,1,0,,1,False,0.000,[613]
621,20.700,36,0.911,0.950,0.274,0.962,0.018,0.976,0.914,0.703,0.553,0.600,True,True,4,visible,56,0,,0,False,0.000,[]
621,20.700,35,0.485,0.563,0.119,0.854,0.074,0.941,0.807,0.781,0.666,0.600,True,True,4,visible,30,0,,2,False,0.000,"[544, 565]"
621,20.700,18,0.866,0.914,0.561,0.854,0.118,0.973,0.867,0.914,0.812,0.800,True,True,4,visible,156,0,,0,False,0.000,[]
622,20.733,38,0.468,0.621,0.029,0.988,0.110,0.997,0.978,0.939,0.880,0.600,True,True,4,hidden,2,0,,1,False,0.000,[613]
622,20.733,36,0.911,0.950,0.274,0.962,0.018,0.976,0.914,0.704,0.554,0.600,True,True,4,visible,57,0,,0,False,0.000,[]
622,20.733,35,0.487,0.564,0.119,0.854,0.074,0.940,0.807,0.782,0.666,0.600,True,True,4,visible,31,0,,2,False,0.000,"[544, 565]"
622,20.733,18,0.866,0.914,0.562,0.854,0.118,0.973,0.867,0.914,0.812,0.800,True,True,4,visible,157,0,,0,False,0.000,[]
623,20.767,38,0.468,0.621,0.029,0.988,0.110,0.997,0.978,0.939,0.880,0.600,True,True,4,visible,3,0,,1,False,0.000,[613]
623,20.767,36,0.911,0.950,0.274,0.962,0.018,0.976,0.914,0.704,0.554,0.600,True,True,4,visible,58,0,,0,False,0.000,[]
623,20.767,35,0.487,0.564,0.119,0.854,0.074,0.940,0.807,0.782,0.666,0.600,True,True,4,visible,32,0,,2,False,0.000,"[544, 565]"
623,20.767,18,0.866,0.914,0.562,0.854,0.118,0.973,0.867,0.914,0.812,0.800,True,True,4,visible,158,0,,0,False,0.000,[]
624,20.800,38,0.468,0.621,0.029,0.988,0.110,0.997,0.978,0.939,0.880,0.600,True,True,4,visible,4,0,,1,False,0.000,[613]
624,20.800,36,0.911,0.950,0.274,0.962,0.018,0.976,0.914,0.704,0.554,0.600,True,True,4,visible,59,0,,0,False,0.000,[]
624,20.800,35,0.487,0.564,0.119,0.854,0.074,0.940,0.807,0.782,0.666,0.600,True,True,4,visible,33,0,,2,False,0.000,"[544, 565]"
624,20.800,18,0.866,0.914,0.562,0.854,0.118,0.973,0.867,0.914,0.812,0.800,True,True,4,visible,159,0,,0,False,0.000,[]
625,20.833,38,0.468,0.621,0.029,0.988,0.110,0.997,0.978,0.939,0.880,0.600,True,True,4,visible,5,0,,1,False,0.000,[613]
625,20.833,36,0.911,0.950,0.274,0.962,0.018,0.976,0.914,0.704,0.554,0.600,True,True,4,visible,60,0,,0,False,0.000,[]
625,20.833,35,0.487,0.564,0.119,0.854,0.074,0.940,0.807,0.782,0.666,0.600,True,True,4,visible,34,0,,2,False,0.000,"[544, 565]"
625,20.833,18,0.866,0.914,0.562,0.854,0.118,0.973,0.867,0.914,0.812,0.800,True,True,4,visible,160,0,,0,False,0.000,[]
626,20.867,38,0.938,0.970,0.279,0.985,0.037,0.993,0.930,0.894,0.767,0.600,True,True,4,visible,6,0,,1,False,0.000,[613]
626,20.867,36,0.858,0.911,0.228,0.937,0.016,0.967,0.880,0.658,0.496,0.600,True,True,4,visible,61,0,,0,False,0.000,[]
626,20.867,35,0.493,0.584,0.108,0.866,0.064,0.956,0.802,0.845,0.713,0.600,True,True,4,visible,35,0,,2,False,0.000,"[544, 565]"
627,20.900,38,0.938,0.970,0.281,0.985,0.037,0.993,0.930,0.894,0.767,0.600,True,True,4,visible,7,0,,1,False,0.000,[613]
627,20.900,36,0.858,0.911,0.228,0.937,0.016,0.967,0.880,0.658,0.496,0.600,True,True,4,visible,62,0,,0,False,0.000,[]
627,20.900,35,0.492,0.583,0.108,0.866,0.064,0.957,0.802,0.846,0.714,0.600,True,True,4,visible,36,0,,2,False,0.000,"[544, 565]"
628,20.933,38,0.938,0.970,0.281,0.985,0.037,0.993,0.930,0.894,0.767,0.600,True,True,4,visible,8,0,,1,False,0.000,[613]
628,20.933,36,0.858,0.911,0.228,0.937,0.016,0.967,0.880,0.658,0.496,0.600,True,True,4,visible,63,0,,0,False,0.000,[]
628,20.933,35,0.492,0.583,0.108,0.866,0.064,0.957,0.802,0.846,0.714,0.600,True,True,4,visible,37,0,,2,False,0.000,"[544, 565]"
629,20.967,38,0.938,0.970,0.281,0.985,0.037,0.993,0.930,0.894,0.767,0.600,True,True,4,visible,9,0,,1,False,0.000,[613]
629,20.967,36,0.858,0.911,0.228,0.937,0.016,0.967,0.880,0.658,0.496,0.600,True,True,4,visible,64,0,,0,False,0.000,[]
629,20.967,35,0.492,0.583,0.108,0.866,0.064,0.957,0.802,0.846,0.714,0.600,True,True,4,visible,38,0,,2,False,0.000,"[544, 565]"
630,21.000,38,0.983,0.993,0.656,0.979,0.031,0.989,0.851,0.856,0.642,0.800,True,True,4,visible,10,0,,1,False,0.000,[613]
630,21.000,36,0.836,0.882,0.295,0.864,0.028,0.959,0.815,0.670,0.480,0.600,True,True,4,visible,65,0,,0,False,0.000,[]
630,21.000,35,0.363,0.572,0.023,0.921,0.009,0.959,0.789,0.870,0.731,0.400,True,True,4,visible,39,0,,2,False,0.000,"[544, 565]"
630,21.000,18,0.880,0.906,0.750,0.764,0.318,0.967,0.883,0.773,0.629,0.800,True,True,4,visible,161,0,,0,False,0.000,[]
631,21.033,38,0.983,0.993,0.656,0.979,0.031,0.989,0.851,0.856,0.642,0.800,True,True,4,visible,11,0,,1,False,0.000,[613]
631,21.033,36,0.836,0.882,0.295,0.864,0.028,0.959,0.815,0.670,0.480,0.600,True,True,4,visible,66,0,,0,False,0.000,[]
631,21.033,35,0.363,0.572,0.023,0.921,0.009,0.959,0.789,0.870,0.731,0.400,True,True,4,visible,40,0,,2,False,0.000,"[544, 565]"
631,21.033,43,0.858,0.892,0.421,0.880,0.079,0.940,0.871,0.712,0.607,0.800,True,True,4,uncertain,1,0,,0,False,0.000,[]
631,21.033,18,0.880,0.906,0.750,0.764,0.318,0.967,0.883,0.773,0.629,0.800,True,True,4,visible,162,0,,0,False,0.000,[]
632,21.067,38,0.983,0.993,0.656,0.979,0.031,0.989,0.851,0.856,0.642,0.800,True,True,4,visible,12,0,,1,False,0.000,[613]
632,21.067,36,0.836,0.882,0.295,0.864,0.028,0.959,0.815,0.670,0.480,0.600,True,True,4,visible,67,0,,0,False,0.000,[]
632,21.067,35,0.363,0.572,0.023,0.921,0.009,0.959,0.789,0.870,0.731,0.400,True,True,4,visible,41,0,,2,False,0.000,"[544, 565]"
632,21.067,43,0.858,0.892,0.421,0.880,0.079,0.940,0.871,0.712,0.607,0.800,True,True,4,uncertain,2,0,,0,False,0.000,[]
632,21.067,18,0.880,0.906,0.750,0.764,0.318,0.967,0.883,0.773,0.629,0.800,True,True,4,visible,163,0,,0,False,0.000,[]
633,21.100,38,0.983,0.993,0.656,0.979,0.031,0.989,0.851,0.856,0.642,0.800,True,True,4,visible,13,0,,1,False,0.000,[613]
633,21.100,36,0.836,0.882,0.295,0.864,0.028,0.959,0.815,0.670,0.480,0.600,True,True,4,visible,68,0,,0,False,0.000,[]
633,21.100,35,0.363,0.572,0.023,0.921,0.009,0.959,0.789,0.870,0.731,0.400,True,True,4,visible,42,0,,2,False,0.000,"[544, 565]"
633,21.100,43,0.858,0.892,0.421,0.880,0.079,0.940,0.871,0.712,0.607,0.800,True,True,4,visible,3,0,,0,False,0.000,[]
633,21.100,18,0.880,0.906,0.750,0.764,0.318,0.967,0.883,0.773,0.629,0.800,True,True,4,visible,164,0,,0,False,0.000,[]
634,21.133,38,0.985,0.993,0.703,0.977,0.038,0.990,0.876,0.877,0.685,0.800,True,True,4,visible,14,0,,1,False,0.000,[613]
634,21.133,36,0.864,0.912,0.444,0.878,0.057,0.944,0.786,0.520,0.351,0.800,True,True,3,visible,69,0,,0,False,0.000,[]
634,21.133,35,0.425,0.638,0.033,0.924,0.010,0.964,0.800,0.886,0.752,0.600,True,True,4,visible,43,0,,2,False,0.000,"[544, 565]"
634,21.133,43,0.808,0.851,0.309,0.870,0.054,0.941,0.864,0.761,0.654,0.600,True,True,4,visible,4,0,,0,False,0.000,[]
634,21.133,18,0.938,0.956,0.836,0.878,0.354,0.980,0.925,0.778,0.633,0.800,True,True,4,visible,165,0,,0,False,0.000,[]
635,21.167,38,0.985,0.993,0.703,0.977,0.038,0.990,0.876,0.877,0.685,0.800,True,True,4,visible,15,0,,1,False,0.000,[613]
635,21.167,36,0.864,0.912,0.444,0.878,0.057,0.944,0.786,0.521,0.351,0.800,True,True,3,visible,70,0,,0,False,0.000,[]
635,21.167,35,0.425,0.638,0.033,0.924,0.010,0.964,0.800,0.886,0.752,0.600,True,True,4,visible,44,0,,2,False,0.000,"[544, 565]"
635,21.167,43,0.808,0.851,0.309,0.870,0.054,0.941,0.864,0.761,0.654,0.600,True,True,4,visible,5,0,,0,False,0.000,[]
635,21.167,18,0.938,0.956,0.836,0.878,0.354,0.980,0.925,0.778,0.633,0.800,True,True,4,visible,166,0,,0,False,0.000,[]
635,21.167,44,0.518,0.609,0.072,0.864,0.030,0.895,0.765,0.493,0.392,0.600,True,True,3,uncertain,1,0,,0,False,0.000,[]
636,21.200,38,0.985,0.993,0.703,0.977,0.038,0.990,0.876,0.877,0.685,0.800,True,True,4,visible,16,0,,1,False,0.000,[613]
636,21.200,36,0.864,0.912,0.444,0.878,0.057,0.944,0.786,0.521,0.351,0.800,True,True,3,visible,71,0,,0,False,0.000,[]
636,21.200,35,0.425,0.638,0.033,0.924,0.010,0.964,0.800,0.886,0.752,0.600,True,True,4,visible,45,0,,2,False,0.000,"[544, 565]"
636,21.200,43,0.808,0.851,0.309,0.870,0.054,0.941,0.864,0.761,0.654,0.600,True,True,4,visible,6,0,,0,False,0.000,[]
636,21.200,18,0.938,0.956,0.836,0.878,0.354,0.980,0.925,0.778,0.633,0.800,True,True,4,visible,167,0,,0,False,0.000,[]
636,21.200,44,0.518,0.609,0.072,0.864,0.030,0.895,0.765,0.493,0.392,0.600,True,True,3,uncertain,2,0,,0,False,0.000,[]
637,21.233,38,0.985,0.993,0.703,0.977,0.038,0.990,0.876,0.877,0.685,0.800,True,True,4,visible,17,0,,1,False,0.000,[613]
637,21.233,36,0.864,0.912,0.444,0.878,0.057,0.944,0.786,0.521,0.351,0.800,True,True,3,visible,72,0,,0,False,0.000,[]
637,21.233,35,0.425,0.638,0.033,0.924,0.010,0.964,0.800,0.886,0.752,0.600,True,True,4,visible,46,0,,2,False,0.000,"[544, 565]"
637,21.233,43,0.808,0.851,0.309,0.870,0.054,0.941,0.864,0.761,0.654,0.600,True,True,4,visible,7,0,,0,False,0.000,[]
637,21.233,18,0.938,0.956,0.836,0.878,0.354,0.980,0.925,0.778,0.633,0.800,True,True,4,visible,168,0,,0,False,0.000,[]
637,21.233,44,0.518,0.609,0.072,0.864,0.030,0.895,0.765,0.493,0.392,0.600,True,True,3,visible,3,0,,0,False,0.000,[]
638,21.267,38,0.985,0.993,0.703,0.977,0.038,0.990,0.876,0.877,0.685,0.800,True,True,4,visible,18,0,,1,False,0.000,[613]
638,21.267,36,0.864,0.912,0.444,0.878,0.057,0.944,0.786,0.521,0.351,0.800,True,True,3,visible,73,0,,0,False,0.000,[]
638,21.267,35,0.425,0.638,0.033,0.924,0.010,0.964,0.800,0.886,0.752,0.600,True,True,4,visible,47,0,,2,False,0.000,"[544, 565]"
638,21.267,43,0.808,0.851,0.309,0.870,0.054,0.941,0.864,0.761,0.654,0.600,True,True,4,visible,8,0,,0,False,0.000,[]
638,21.267,18,0.938,0.956,0.836,0.878,0.354,0.980,0.925,0.778,0.633,0.800,True,True,4,visible,169,0,,0,False,0.000,[]
638,21.267,44,0.518,0.609,0.072,0.864,0.030,0.895,0.765,0.493,0.392,0.600,True,True,3,visible,4,0,,0,False,0.000,[]
639,21.300,38,0.964,0.985,0.433,0.978,0.022,0.991,0.845,0.883,0.675,0.800,True,True,4,visible,19,0,,1,False,0.000,[613]
639,21.300,36,0.743,0.841,0.162,0.883,0.014,0.939,0.772,0.509,0.340,0.600,True,True,3,visible,74,0,,0,False,0.000,[]
639,21.300,35,0.415,0.613,0.029,0.946,0.016,0.974,0.856,0.888,0.761,0.600,True,True,4,visible,48,0,,2,False,0.000,"[544, 565]"
639,21.300,43,0.871,0.902,0.396,0.901,0.069,0.952,0.889,0.738,0.635,0.600,True,True,4,visible,9,0,,0,False,0.000,[]
639,21.300,18,0.951,0.967,0.846,0.902,0.330,0.982,0.922,0.734,0.559,0.800,True,True,4,visible,170,0,,0,False,0.000,[]
640,21.333,38,0.965,0.985,0.435,0.978,0.022,0.991,0.846,0.883,0.674,0.800,True,True,4,visible,20,0,,1,False,0.000,[613]
640,21.333,36,0.743,0.841,0.162,0.883,0.014,0.939,0.772,0.508,0.340,0.600,True,True,3,visible,75,0,,0,False,0.000,[]
640,21.333,35,0.415,0.613,0.029,0.946,0.016,0.974,0.856,0.888,0.761,0.600,True,True,4,visible,49,0,,2,False,0.000,"[544, 565]"
640,21.333,43,0.871,0.902,0.396,0.901,0.069,0.952,0.889,0.738,0.635,0.600,True,True,4,visible,10,0,,0,False,0.000,[]
640,21.333,18,0.951,0.967,0.846,0.902,0.330,0.982,0.922,0.734,0.559,0.800,True,True,4,visible,171,0,,0,False,0.000,[]
641,21.367,38,0.965,0.985,0.435,0.978,0.022,0.991,0.846,0.883,0.674,0.800,True,True,4,visible,21,0,,1,False,0.000,[613]
641,21.367,36,0.743,0.841,0.162,0.883,0.014,0.939,0.772,0.508,0.340,0.600,True,True,3,visible,76,0,,0,False,0.000,[]
641,21.367,35,0.415,0.613,0.029,0.946,0.016,0.974,0.856,0.888,0.761,0.600,True,True,4,visible,50,0,,2,False,0.000,"[544, 565]"
641,21.367,43,0.871,0.902,0.396,0.901,0.069,0.952,0.889,0.738,0.635,0.600,True,True,4,visible,11,0,,0,False,0.000,[]
641,21.367,18,0.951,0.967,0.846,0.902,0.330,0.982,0.922,0.734,0.559,0.800,True,True,4,visible,172,0,,0,False,0.000,[]
642,21.400,38,0.965,0.985,0.435,0.978,0.022,0.991,0.846,0.883,0.674,0.800,True,True,4,visible,22,0,,1,False,0.000,[613]
642,21.400,36,0.743,0.841,0.162,0.883,0.014,0.939,0.772,0.508,0.340,0.600,True,True,3,visible,77,0,,0,False,0.000,[]
642,21.400,35,0.415,0.613,0.029,0.946,0.016,0.974,0.856,0.888,0.761,0.600,True,True,4,visible,51,0,,2,False,0.000,"[544, 565]"
642,21.400,43,0.871,0.902,0.396,0.901,0.069,0.952,0.889,0.738,0.635,0.600,True,True,4,visible,12,0,,0,False,0.000,[]
642,21.400,18,0.951,0.967,0.846,0.902,0.330,0.982,0.922,0.734,0.559,0.800,True,True,4,visible,173,0,,0,False,0.000,[]
643,21.433,38,0.092,0.173,0.003,0.988,0.095,0.998,0.973,0.954,0.888,0.200,False,True,4,visible,0,1,,1,False,0.000,[613]
643,21.433,36,0.808,0.881,0.294,0.885,0.033,0.950,0.795,0.669,0.494,0.600,True,True,4,visible,78,0,,0,False,0.000,[]
643,21.433,35,0.383,0.520,0.084,0.923,0.221,0.970,0.865,0.825,0.701,0.400,True,True,4,visible,52,0,,2,False,0.000,"[544, 565]"
643,21.433,18,0.950,0.965,0.838,0.912,0.332,0.987,0.947,0.818,0.683,0.800,True,True,4,visible,174,0,,0,False,0.000,[]
644,21.467,38,0.093,0.174,0.004,0.988,0.094,0.998,0.973,0.954,0.888,0.200,False,True,4,visible,0,2,,1,False,0.000,[613]
644,21.467,36,0.808,0.881,0.294,0.885,0.033,0.950,0.795,0.669,0.494,0.600,True,True,4,visible,79,0,,0,False,0.000,[]
644,21.467,35,0.384,0.521,0.084,0.923,0.221,0.970,0.865,0.825,0.701,0.400,True,True,4,visible,53,0,,2,False,0.000,"[544, 565]"
644,21.467,18,0.950,0.965,0.838,0.912,0.332,0.987,0.947,0.819,0.683,0.800,True,True,4,visible,175,0,,0,False,0.000,[]
645,21.500,38,0.093,0.174,0.004,0.988,0.094,0.998,0.973,0.954,0.888,0.200,False,True,4,visible,0,3,,1,False,0.000,[613]
645,21.500,36,0.808,0.881,0.294,0.885,0.033,0.950,0.795,0.669,0.494,0.600,True,True,4,visible,80,0,,0,False,0.000,[]
645,21.500,35,0.384,0.521,0.084,0.923,0.221,0.970,0.865,0.825,0.701,0.400,True,True,4,visible,54,0,,2,False,0.000,"[544, 565]"
645,21.500,18,0.950,0.965,0.838,0.912,0.332,0.987,0.947,0.819,0.683,0.800,True,True,4,visible,176,0,,0,False,0.000,[]
646,21.533,38,0.093,0.174,0.004,0.988,0.094,0.998,0.973,0.954,0.888,0.200,False,True,4,visible,0,4,,1,False,0.000,[613]
646,21.533,36,0.808,0.881,0.294,0.885,0.033,0.950,0.795,0.669,0.494,0.600,True,True,4,visible,81,0,,0,False,0.000,[]
646,21.533,35,0.384,0.521,0.084,0.923,0.221,0.970,0.865,0.825,0.701,0.400,True,True,4,visible,55,0,,2,False,0.000,"[544, 565]"
646,21.533,18,0.950,0.965,0.838,0.912,0.332,0.987,0.947,0.819,0.683,0.800,True,True,4,visible,177,0,,0,False,0.000,[]
647,21.567,38,0.091,0.170,0.004,0.990,0.151,0.999,0.979,0.960,0.905,0.200,False,True,4,hidden,0,5,head_turn_away,2,False,0.000,"[613, 647]"
647,21.567,35,0.090,0.131,0.016,0.927,0.375,0.979,0.942,0.908,0.873,0.200,False,True,4,visible,0,1,,2,False,0.000,"[544, 565]"
647,21.567,43,0.846,0.887,0.278,0.930,0.059,0.964,0.905,0.751,0.645,0.600,True,True,4,visible,13,0,,0,False,0.000,[]
648,21.600,38,0.091,0.169,0.004,0.990,0.152,0.999,0.979,0.959,0.904,0.200,False,True,4,hidden,0,6,,2,False,0.000,"[613, 647]"
648,21.600,35,0.090,0.130,0.016,0.927,0.377,0.979,0.942,0.908,0.873,0.200,False,True,4,visible,0,2,,2,False,0.000,"[544, 565]"
648,21.600,43,0.846,0.887,0.278,0.930,0.059,0.964,0.905,0.751,0.645,0.600,True,True,4,visible,14,0,,0,False,0.000,[]
649,21.633,38,0.091,0.169,0.004,0.990,0.152,0.999,0.979,0.959,0.904,0.200,False,True,4,hidden,0,7,,2,False,0.000,"[613, 647]"
649,21.633,35,0.090,0.130,0.016,0.927,0.377,0.979,0.942,0.908,0.873,0.200,False,True,4,visible,0,3,,2,False,0.000,"[544, 565]"
649,21.633,43,0.846,0.887,0.278,0.930,0.059,0.964,0.905,0.751,0.645,0.600,True,True,4,visible,15,0,,0,False,0.000,[]
650,21.667,38,0.091,0.169,0.004,0.990,0.152,0.999,0.979,0.959,0.904,0.200,False,True,4,hidden,0,8,,2,False,0.000,"[613, 647]"
650,21.667,35,0.090,0.130,0.016,0.927,0.377,0.979,0.942,0.908,0.873,0.200,False,True,4,visible,0,4,,2,False,0.000,"[544, 565]"
650,21.667,43,0.846,0.887,0.278,0.930,0.059,0.964,0.905,0.751,0.645,0.600,True,True,4,visible,16,0,,0,False,0.000,[]
651,21.700,38,0.071,0.128,0.003,0.989,0.241,0.998,0.982,0.939,0.874,0.200,False,True,4,hidden,0,9,,2,False,0.000,"[613, 647]"
651,21.700,35,0.220,0.311,0.036,0.936,0.289,0.980,0.931,0.877,0.815,0.200,False,True,4,hidden,0,5,head_turn_away,3,False,0.000,"[544, 565, 651]"
651,21.700,43,0.789,0.845,0.276,0.869,0.059,0.937,0.860,0.710,0.610,0.600,True,True,4,visible,17,0,,0,False,0.000,[]
651,21.700,36,0.926,0.952,0.447,0.945,0.047,0.908,0.819,0.168,0.133,0.800,True,True,2,visible,82,0,,0,False,0.000,[]
651,21.700,18,0.883,0.925,0.639,0.848,0.165,0.978,0.882,0.898,0.775,0.800,True,True,4,visible,178,0,,0,False,0.000,[]
652,21.733,38,0.071,0.128,0.003,0.989,0.241,0.998,0.982,0.939,0.873,0.200,False,True,4,hidden,0,10,,2,False,0.000,"[613, 647]"
652,21.733,35,0.220,0.312,0.036,0.936,0.289,0.980,0.931,0.877,0.815,0.200,False,True,4,hidden,0,6,,3,False,0.000,"[544, 565, 651]"
652,21.733,43,0.790,0.845,0.276,0.869,0.059,0.937,0.861,0.710,0.609,0.600,True,True,4,visible,18,0,,0,False,0.000,[]
652,21.733,36,0.926,0.952,0.447,0.944,0.047,0.908,0.819,0.168,0.133,0.800,True,True,2,visible,83,0,,0,False,0.000,[]
652,21.733,18,0.884,0.925,0.639,0.848,0.165,0.978,0.882,0.898,0.775,0.800,True,True,4,visible,179,0,,0,False,0.000,[]
653,21.767,38,0.071,0.128,0.003,0.989,0.241,0.998,0.982,0.939,0.873,0.200,False,True,4,hidden,0,11,,2,False,0.000,"[613, 647]"
653,21.767,35,0.220,0.312,0.036,0.936,0.289,0.980,0.931,0.877,0.815,0.200,False,True,4,hidden,0,7,,3,False,0.000,"[544, 565, 651]"
653,21.767,43,0.790,0.845,0.276,0.869,0.059,0.937,0.861,0.710,0.609,0.600,True,True,4,visible,19,0,,0,False,0.000,[]
653,21.767,36,0.926,0.952,0.447,0.944,0.047,0.908,0.819,0.168,0.133,0.800,True,True,2,visible,84,0,,0,False,0.000,[]
653,21.767,18,0.884,0.925,0.639,0.848,0.165,0.978,0.882,0.898,0.775,0.800,True,True,4,visible,180,0,,0,False,0.000,[]
654,21.800,38,0.071,0.128,0.003,0.989,0.241,0.998,0.982,0.939,0.873,0.200,False,True,4,hidden,0,12,,2,False,0.000,"[613, 647]"
654,21.800,35,0.220,0.312,0.036,0.936,0.289,0.980,0.931,0.877,0.815,0.200,False,True,4,hidden,0,8,,3,False,0.000,"[544, 565, 651]"
654,21.800,43,0.790,0.845,0.276,0.869,0.059,0.937,0.861,0.710,0.609,0.600,True,True,4,visible,20,0,,0,False,0.000,[]
654,21.800,36,0.926,0.952,0.447,0.944,0.047,0.908,0.819,0.168,0.133,0.800,True,True,2,visible,85,0,,0,False,0.000,[]
654,21.800,18,0.884,0.925,0.639,0.848,0.165,0.978,0.882,0.898,0.775,0.800,True,True,4,visible,181,0,,0,False,0.000,[]
655,21.833,38,0.071,0.128,0.003,0.989,0.241,0.998,0.982,0.939,0.873,0.200,False,True,4,hidden,0,13,,2,False,0.000,"[613, 647]"
655,21.833,35,0.220,0.312,0.036,0.936,0.289,0.980,0.931,0.877,0.815,0.200,False,True,4,hidden,0,9,,3,False,0.000,"[544, 565, 651]"
655,21.833,43,0.790,0.845,0.276,0.869,0.059,0.937,0.861,0.710,0.609,0.600,True,True,4,visible,21,0,,0,False,0.000,[]
655,21.833,36,0.926,0.952,0.447,0.944,0.047,0.908,0.819,0.168,0.133,0.800,True,True,2,visible,86,0,,0,False,0.000,[]
655,21.833,18,0.884,0.925,0.639,0.848,0.165,0.978,0.882,0.898,0.775,0.800,True,True,4,visible,182,0,,0,False,0.000,[]
656,21.867,38,0.190,0.447,0.014,0.987,0.157,0.997,0.925,0.996,0.983,0.400,True,True,4,hidden,1,0,,2,False,0.000,"[613, 647]"
656,21.867,35,0.293,0.427,0.045,0.938,0.222,0.980,0.898,0.878,0.774,0.400,True,True,4,hidden,1,0,,3,False,0.000,"[544, 565, 651]"
656,21.867,43,0.819,0.867,0.297,0.891,0.060,0.953,0.889,0.782,0.687,0.600,True,True,4,visible,22,0,,0,False,0.000,[]
656,21.867,18,0.862,0.903,0.614,0.820,0.174,0.976,0.890,0.892,0.778,0.800,True,True,4,visible,183,0,,0,False,0.000,[]
657,21.900,38,0.189,0.446,0.014,0.987,0.157,0.997,0.925,0.996,0.983,0.400,True,True,4,hidden,2,0,,2,False,0.000,"[613, 647]"
657,21.900,35,0.292,0.426,0.045,0.938,0.222,0.980,0.898,0.878,0.774,0.400,True,True,4,hidden,2,0,,3,False,0.000,"[544, 565, 651]"
657,21.900,43,0.819,0.867,0.297,0.891,0.060,0.953,0.889,0.782,0.687,0.600,True,True,4,visible,23,0,,0,False,0.000,[]
657,21.900,18,0.862,0.903,0.614,0.820,0.174,0.976,0.890,0.892,0.778,0.800,True,True,4,visible,184,0,,0,False,0.000,[]
658,21.933,38,0.189,0.446,0.014,0.987,0.157,0.997,0.925,0.996,0.983,0.400,True,True,4,visible,3,0,,2,False,0.000,"[613, 647]"
658,21.933,35,0.292,0.426,0.045,0.938,0.222,0.980,0.898,0.878,0.774,0.400,True,True,4,visible,3,0,,3,False,0.000,"[544, 565, 651]"
658,21.933,43,0.819,0.867,0.297,0.891,0.060,0.953,0.889,0.782,0.687,0.600,True,True,4,visible,24,0,,0,False,0.000,[]
658,21.933,18,0.862,0.903,0.614,0.820,0.174,0.976,0.890,0.892,0.778,0.800,True,True,4,visible,185,0,,0,False,0.000,[]
659,21.967,38,0.189,0.446,0.014,0.987,0.157,0.997,0.925,0.996,0.983,0.400,True,True,4,visible,4,0,,2,False,0.000,"[613, 647]"
659,21.967,35,0.292,0.426,0.045,0.938,0.222,0.980,0.898,0.878,0.774,0.400,True,True,4,visible,4,0,,3,False,0.000,"[544, 565, 651]"
659,21.967,43,0.819,0.867,0.297,0.891,0.060,0.953,0.889,0.782,0.687,0.600,True,True,4,visible,25,0,,0,False,0.000,[]
659,21.967,18,0.862,0.903,0.614,0.820,0.174,0.976,0.890,0.892,0.778,0.800,True,True,4,visible,186,0,,0,False,0.000,[]
660,22.000,38,0.316,0.430,0.018,0.988,0.191,0.997,0.986,0.921,0.884,0.400,True,True,4,visible,5,0,,2,False,0.000,"[613, 647]"
660,22.000,35,0.306,0.267,0.072,0.832,0.382,0.975,0.955,0.923,0.903,0.200,False,True,4,visible,0,1,,3,False,0.000,"[544, 565, 651]"
660,22.000,43,0.852,0.884,0.343,0.892,0.056,0.942,0.888,0.627,0.534,0.600,True,True,4,visible,26,0,,0,False,0.000,[]
660,22.000,18,0.948,0.964,0.803,0.908,0.254,0.987,0.932,0.859,0.718,0.800,True,True,4,visible,187,0,,0,False,0.000,[]
660,22.000,44,0.703,0.813,0.141,0.893,0.023,0.967,0.805,0.892,0.763,0.600,True,True,4,visible,5,0,,0,False,0.000,[]
661,22.033,38,0.316,0.431,0.018,0.988,0.190,0.997,0.986,0.921,0.884,0.400,True,True,4,visible,6,0,,2,False,0.000,"[613, 647]"
661,22.033,35,0.306,0.267,0.072,0.832,0.381,0.975,0.955,0.923,0.903,0.200,False,True,4,visible,0,2,,3,False,0.000,"[544, 565, 651]"
661,22.033,43,0.852,0.884,0.343,0.892,0.056,0.942,0.888,0.627,0.534,0.600,True,True,4,visible,27,0,,0,False,0.000,[]
661,22.033,18,0.948,0.964,0.803,0.908,0.254,0.988,0.932,0.859,0.719,0.800,True,True,4,visible,188,0,,0,False,0.000,[]
661,22.033,44,0.703,0.814,0.141,0.893,0.023,0.967,0.805,0.892,0.763,0.600,True,True,4,visible,6,0,,0,False,0.000,[]
662,22.067,38,0.316,0.431,0.018,0.988,0.190,0.997,0.986,0.921,0.884,0.400,True,True,4,visible,7,0,,2,False,0.000,"[613, 647]"
662,22.067,35,0.306,0.267,0.072,0.832,0.381,0.975,0.955,0.923,0.903,0.200,False,True,4,visible,0,3,,3,False,0.000,"[544, 565, 651]"
662,22.067,43,0.852,0.884,0.343,0.892,0.056,0.942,0.888,0.627,0.534,0.600,True,True,4,visible,28,0,,0,False,0.000,[]
662,22.067,18,0.948,0.964,0.803,0.908,0.254,0.988,0.932,0.859,0.719,0.800,True,True,4,visible,189,0,,0,False,0.000,[]
662,22.067,44,0.703,0.814,0.141,0.893,0.023,0.967,0.805,0.892,0.763,0.600,True,True,4,visible,7,0,,0,False,0.000,[]
663,22.100,38,0.316,0.431,0.018,0.988,0.190,0.997,0.986,0.921,0.884,0.400,True,True,4,visible,8,0,,2,False,0.000,"[613, 647]"
663,22.100,35,0.306,0.267,0.072,0.832,0.381,0.975,0.955,0.923,0.903,0.200,False,True,4,visible,0,4,,3,False,0.000,"[544, 565, 651]"
663,22.100,43,0.852,0.884,0.343,0.892,0.056,0.942,0.888,0.627,0.534,0.600,True,True,4,visible,29,0,,0,False,0.000,[]
663,22.100,18,0.948,0.964,0.803,0.908,0.254,0.988,0.932,0.859,0.719,0.800,True,True,4,visible,190,0,,0,False,0.000,[]
663,22.100,44,0.703,0.814,0.141,0.893,0.023,0.967,0.805,0.892,0.763,0.600,True,True,4,visible,8,0,,0,False,0.000,[]
664,22.133,38,0.332,0.451,0.019,0.987,0.189,0.997,0.985,0.917,0.876,0.400,True,True,4,visible,9,0,,2,False,0.000,"[613, 647]"
664,22.133,35,0.511,0.454,0.147,0.876,0.398,0.984,0.978,0.952,0.947,0.600,True,True,4,visible,1,0,,3,False,0.000,"[544, 565, 651]"
664,22.133,43,0.850,0.883,0.353,0.891,0.066,0.939,0.885,0.605,0.515,0.600,True,True,4,visible,30,0,,0,False,0.000,[]
664,22.133,18,0.951,0.968,0.824,0.910,0.274,0.987,0.936,0.833,0.682,0.800,True,True,4,visible,191,0,,0,False,0.000,[]
664,22.133,44,0.760,0.865,0.178,0.899,0.022,0.973,0.826,0.881,0.744,0.600,True,True,4,visible,9,0,,0,False,0.000,[]
665,22.167,38,0.332,0.451,0.019,0.987,0.189,0.997,0.985,0.918,0.876,0.400,True,True,4,visible,10,0,,2,False,0.000,"[613, 647]"
665,22.167,35,0.510,0.452,0.146,0.876,0.399,0.984,0.978,0.952,0.947,0.600,True,True,4,visible,2,0,,3,False,0.000,"[544, 565, 651]"
665,22.167,43,0.850,0.883,0.353,0.891,0.066,0.939,0.885,0.605,0.515,0.600,True,True,4,visible,31,0,,0,False,0.000,[]
665,22.167,18,0.951,0.968,0.824,0.910,0.274,0.987,0.936,0.832,0.681,0.800,True,True,4,visible,192,0,,0,False,0.000,[]
665,22.167,44,0.761,0.865,0.178,0.900,0.022,0.973,0.826,0.880,0.742,0.600,True,True,4,visible,10,0,,0,False,0.000,[]
666,22.200,38,0.332,0.451,0.019,0.987,0.189,0.997,0.985,0.918,0.876,0.400,True,True,4,visible,11,0,,2,False,0.000,"[613, 647]"
666,22.200,35,0.510,0.452,0.146,0.876,0.399,0.984,0.978,0.952,0.947,0.600,True,True,4,visible,3,0,,3,False,0.000,"[544, 565, 651]"
666,22.200,43,0.850,0.883,0.353,0.891,0.066,0.939,0.885,0.605,0.515,0.600,True,True,4,visible,32,0,,0,False,0.000,[]
666,22.200,18,0.951,0.968,0.824,0.910,0.274,0.987,0.936,0.832,0.681,0.800,True,True,4,visible,193,0,,0,False,0.000,[]
666,22.200,44,0.761,0.865,0.178,0.900,0.022,0.973,0.826,0.880,0.742,0.600,True,True,4,visible,11,0,,0,False,0.000,[]
667,22.233,38,0.332,0.451,0.019,0.987,0.189,0.997,0.985,0.918,0.876,0.400,True,True,4,visible,12,0,,2,False,0.000,"[613, 647]"
667,22.233,35,0.510,0.452,0.146,0.876,0.399,0.984,0.978,0.952,0.947,0.600,True,True,4,visible,4,0,,3,False,0.000,"[544, 565, 651]"
667,22.233,43,0.850,0.883,0.353,0.891,0.066,0.939,0.885,0.605,0.515,0.600,True,True,4,visible,33,0,,0,False,0.000,[]
667,22.233,18,0.951,0.968,0.824,0.910,0.274,0.987,0.936,0.832,0.681,0.800,True,True,4,visible,194,0,,0,False,0.000,[]
667,22.233,44,0.761,0.865,0.178,0.900,0.022,0.973,0.826,0.880,0.742,0.600,True,True,4,visible,12,0,,0,False,0.000,[]
668,22.267,38,0.332,0.451,0.019,0.987,0.189,0.997,0.985,0.918,0.876,0.400,True,True,4,visible,13,0,,2,False,0.000,"[613, 647]"
668,22.267,35,0.510,0.452,0.146,0.876,0.399,0.984,0.978,0.952,0.947,0.600,True,True,4,visible,5,0,,3,False,0.000,"[544, 565, 651]"
668,22.267,43,0.850,0.883,0.353,0.891,0.066,0.939,0.885,0.605,0.515,0.600,True,True,4,visible,34,0,,0,False,0.000,[]
668,22.267,18,0.951,0.968,0.824,0.910,0.274,0.987,0.936,0.832,0.681,0.800,True,True,4,visible,195,0,,0,False,0.000,[]
668,22.267,44,0.761,0.865,0.178,0.900,0.022,0.973,0.826,0.880,0.742,0.600,True,True,4,visible,13,0,,0,False,0.000,[]
669,22.300,38,0.324,0.438,0.019,0.986,0.179,0.997,0.984,0.931,0.892,0.400,True,True,4,visible,14,0,,2,False,0.000,"[613, 647]"
669,22.300,35,0.748,0.766,0.301,0.907,0.219,0.982,0.953,0.943,0.917,0.600,True,True,4,visible,6,0,,3,False,0.000,"[544, 565, 651]"
669,22.300,43,0.849,0.881,0.339,0.895,0.063,0.950,0.893,0.713,0.616,0.600,True,True,4,visible,35,0,,0,False,0.000,[]
669,22.300,18,0.953,0.968,0.844,0.914,0.325,0.986,0.946,0.770,0.625,0.800,True,True,4,visible,196,0,,0,False,0.000,[]
670,22.333,38,0.324,0.437,0.019,0.986,0.180,0.997,0.984,0.931,0.891,0.400,True,True,4,visible,15,0,,2,False,0.000,"[613, 647]"
670,22.333,35,0.748,0.767,0.302,0.907,0.219,0.982,0.953,0.943,0.917,0.600,True,True,4,visible,7,0,,3,False,0.000,"[544, 565, 651]"
670,22.333,43,0.849,0.881,0.339,0.895,0.063,0.950,0.893,0.712,0.616,0.600,True,True,4,visible,36,0,,0,False,0.000,[]
670,22.333,18,0.953,0.968,0.844,0.914,0.325,0.986,0.946,0.770,0.624,0.800,True,True,4,visible,197,0,,0,False,0.000,[]
670,22.333,45,0.865,0.919,0.341,0.914,0.065,0.990,0.701,0.970,0.833,0.600,True,True,4,uncertain,1,0,,0,False,0.000,[]
671,22.367,38,0.324,0.437,0.019,0.986,0.180,0.997,0.984,0.931,0.891,0.400,True,True,4,visible,16,0,,2,False,0.000,"[613, 647]"
671,22.367,35,0.748,0.767,0.302,0.907,0.219,0.982,0.953,0.943,0.917,0.600,True,True,4,visible,8,0,,3,False,0.000,"[544, 565, 651]"
671,22.367,43,0.849,0.881,0.339,0.895,0.063,0.950,0.893,0.712,0.616,0.600,True,True,4,visible,37,0,,0,False,0.000,[]
671,22.367,18,0.953,0.968,0.844,0.914,0.325,0.986,0.946,0.770,0.624,0.800,True,True,4,visible,198,0,,0,False,0.000,[]
671,22.367,45,0.865,0.919,0.341,0.914,0.065,0.990,0.701,0.970,0.833,0.600,True,True,4,uncertain,2,0,,0,False,0.000,[]
672,22.400,38,0.324,0.437,0.019,0.986,0.180,0.997,0.984,0.931,0.891,0.400,True,True,4,visible,17,0,,2,False,0.000,"[613, 647]"
672,22.400,35,0.748,0.767,0.302,0.907,0.219,0.982,0.953,0.943,0.917,0.600,True,True,4,visible,9,0,,3,False,0.000,"[544, 565, 651]"
672,22.400,43,0.849,0.881,0.339,0.895,0.063,0.950,0.893,0.712,0.616,0.600,True,True,4,visible,38,0,,0,False,0.000,[]
672,22.400,18,0.953,0.968,0.844,0.914,0.325,0.986,0.946,0.770,0.624,0.800,True,True,4,visible,199,0,,0,False,0.000,[]
672,22.400,45,0.865,0.919,0.341,0.914,0.065,0.990,0.701,0.970,0.833,0.600,True,True,4,visible,3,0,,0,False,0.000,[]
673,22.433,38,0.739,0.895,0.109,0.977,0.050,0.992,0.813,0.988,0.947,0.600,True,True,4,visible,18,0,,2,False,0.000,"[613, 647]"
673,22.433,35,0.707,0.688,0.349,0.821,0.254,0.956,0.941,0.923,0.915,0.600,True,True,4,visible,10,0,,3,False,0.000,"[544, 565, 651]"
673,22.433,43,0.842,0.880,0.320,0.893,0.059,0.938,0.877,0.664,0.576,0.600,True,True,4,visible,39,0,,0,False,0.000,[]
673,22.433,18,0.936,0.950,0.787,0.866,0.254,0.975,0.909,0.692,0.535,0.800,True,True,4,visible,200,0,,0,False,0.000,[]
673,22.433,45,0.812,0.881,0.245,0.938,0.080,0.994,0.876,0.991,0.959,0.600,True,True,4,visible,4,0,,0,False,0.000,[]
674,22.467,38,0.739,0.895,0.110,0.977,0.050,0.992,0.813,0.988,0.947,0.600,True,True,4,visible,19,0,,2,False,0.000,"[613, 647]"
674,22.467,35,0.708,0.688,0.349,0.821,0.254,0.957,0.941,0.923,0.915,0.600,True,True,4,visible,11,0,,3,False,0.000,"[544, 565, 651]"
674,22.467,43,0.841,0.879,0.320,0.892,0.060,0.938,0.877,0.663,0.575,0.600,True,True,4,visible,40,0,,0,False,0.000,[]
674,22.467,18,0.936,0.950,0.787,0.866,0.254,0.975,0.909,0.692,0.535,0.800,True,True,4,visible,201,0,,0,False,0.000,[]
674,22.467,45,0.810,0.880,0.243,0.937,0.080,0.994,0.876,0.991,0.959,0.600,True,True,4,visible,5,0,,0,False,0.000,[]
675,22.500,38,0.739,0.895,0.110,0.977,0.050,0.992,0.813,0.988,0.947,0.600,True,True,4,visible,20,0,,2,False,0.000,"[613, 647]"
675,22.500,35,0.708,0.688,0.349,0.821,0.254,0.957,0.941,0.923,0.915,0.600,True,True,4,visible,12,0,,3,False,0.000,"[544, 565, 651]"
675,22.500,43,0.841,0.879,0.320,0.892,0.060,0.938,0.877,0.663,0.575,0.600,True,True,4,visible,41,0,,0,False,0.000,[]
675,22.500,18,0.936,0.950,0.787,0.866,0.254,0.975,0.909,0.692,0.535,0.800,True,True,4,visible,202,0,,0,False,0.000,[]
675,22.500,45,0.810,0.880,0.243,0.937,0.080,0.994,0.876,0.991,0.959,0.600,True,True,4,visible,6,0,,0,False,0.000,[]
676,22.533,38,0.739,0.895,0.110,0.977,0.050,0.992,0.813,0.988,0.947,0.600,True,True,4,visible,21,0,,2,False,0.000,"[613, 647]"
676,22.533,35,0.708,0.688,0.349,0.821,0.254,0.957,0.941,0.923,0.915,0.600,True,True,4,visible,13,0,,3,False,0.000,"[544, 565, 651]"
676,22.533,43,0.841,0.879,0.320,0.892,0.060,0.938,0.877,0.663,0.575,0.600,True,True,4,visible,42,0,,0,False,0.000,[]
676,22.533,18,0.936,0.950,0.787,0.866,0.254,0.975,0.909,0.692,0.535,0.800,True,True,4,visible,203,0,,0,False,0.000,[]
676,22.533,45,0.810,0.880,0.243,0.937,0.080,0.994,0.876,0.991,0.959,0.600,True,True,4,visible,7,0,,0,False,0.000,[]
677,22.567,38,0.769,0.925,0.106,0.987,0.039,0.995,0.843,0.995,0.971,0.600,True,True,4,visible,22,0,,2,False,0.000,"[613, 647]"
677,22.567,35,0.684,0.688,0.328,0.825,0.230,0.941,0.924,0.905,0.896,0.600,True,True,4,visible,14,0,,3,False,0.000,"[544, 565, 651]"
677,22.567,43,0.888,0.927,0.327,0.946,0.044,0.976,0.906,0.848,0.733,0.600,True,True,4,visible,43,0,,0,False,0.000,[]
677,22.567,18,0.948,0.962,0.822,0.894,0.277,0.977,0.922,0.655,0.499,0.800,True,True,4,visible,204,0,,0,False,0.000,[]
677,22.567,45,0.703,0.808,0.128,0.941,0.055,0.994,0.893,0.994,0.976,0.600,True,True,4,visible,8,0,,0,False,0.000,[]
678,22.600,38,0.769,0.925,0.106,0.987,0.039,0.995,0.843,0.995,0.971,0.600,True,True,4,visible,23,0,,2,False,0.000,"[613, 647]"
678,22.600,35,0.685,0.688,0.328,0.825,0.230,0.941,0.924,0.905,0.896,0.600,True,True,4,visible,15,0,,3,False,0.000,"[544, 565, 651]"
678,22.600,43,0.888,0.927,0.327,0.946,0.044,0.976,0.906,0.847,0.733,0.600,True,True,4,visible,44,0,,0,False,0.000,[]
678,22.600,18,0.948,0.962,0.822,0.894,0.277,0.977,0.922,0.655,0.499,0.800,True,True,4,visible,205,0,,0,False,0.000,[]
678,22.600,45,0.704,0.809,0.129,0.941,0.055,0.994,0.893,0.994,0.976,0.600,True,True,4,visible,9,0,,0,False,0.000,[]
679,22.633,38,0.769,0.925,0.106,0.987,0.039,0.995,0.843,0.995,0.971,0.600,True,True,4,visible,24,0,,2,False,0.000,"[613, 647]"
679,22.633,35,0.685,0.688,0.328,0.825,0.230,0.941,0.924,0.905,0.896,0.600,True,True,4,visible,16,0,,3,False,0.000,"[544, 565, 651]"
679,22.633,43,0.888,0.927,0.327,0.946,0.044,0.976,0.906,0.847,0.733,0.600,True,True,4,visible,45,0,,0,False,0.000,[]
679,22.633,18,0.948,0.962,0.822,0.894,0.277,0.977,0.922,0.655,0.499,0.800,True,True,4,visible,206,0,,0,False,0.000,[]
679,22.633,45,0.704,0.809,0.129,0.941,0.055,0.994,0.893,0.994,0.976,0.600,True,True,4,visible,10,0,,0,False,0.000,[]
680,22.667,38,0.769,0.925,0.106,0.987,0.039,0.995,0.843,0.995,0.971,0.600,True,True,4,visible,25,0,,2,False,0.000,"[613, 647]"
680,22.667,35,0.685,0.688,0.328,0.825,0.230,0.941,0.924,0.905,0.896,0.600,True,True,4,visible,17,0,,3,False,0.000,"[544, 565, 651]"
680,22.667,43,0.888,0.927,0.327,0.946,0.044,0.976,0.906,0.847,0.733,0.600,True,True,4,visible,46,0,,0,False,0.000,[]
680,22.667,18,0.948,0.962,0.822,0.894,0.277,0.977,0.922,0.655,0.499,0.800,True,True,4,visible,207,0,,0,False,0.000,[]
680,22.667,45,0.704,0.809,0.129,0.941,0.055,0.994,0.893,0.994,0.976,0.600,True,True,4,visible,11,0,,0,False,0.000,[]
681,22.700,38,0.778,0.904,0.151,0.979,0.071,0.992,0.899,0.989,0.966,0.600,True,True,4,visible,26,0,,2,False,0.000,"[613, 647]"
681,22.700,35,0.061,0.101,0.006,0.512,0.009,0.732,0.397,0.833,0.710,0.200,False,True,3,visible,0,1,,3,False,0.000,"[544, 565, 651]"
681,22.700,18,0.941,0.952,0.800,0.863,0.259,0.973,0.918,0.674,0.544,0.800,True,True,4,visible,208,0,,0,False,0.000,[]
681,22.700,45,0.881,0.927,0.311,0.952,0.058,0.996,0.906,0.996,0.980,0.600,True,True,4,visible,12,0,,0,False,0.000,[]
682,22.733,38,0.778,0.905,0.150,0.979,0.071,0.992,0.898,0.989,0.966,0.600,True,True,4,visible,27,0,,2,False,0.000,"[613, 647]"
682,22.733,35,0.061,0.102,0.006,0.512,0.009,0.732,0.397,0.833,0.710,0.200,False,True,3,visible,0,2,,3,False,0.000,"[544, 565, 651]"
682,22.733,18,0.941,0.952,0.800,0.863,0.259,0.973,0.918,0.674,0.544,0.800,True,True,4,visible,209,0,,0,False,0.000,[]
682,22.733,45,0.881,0.927,0.310,0.952,0.058,0.996,0.906,0.996,0.980,0.600,True,True,4,visible,13,0,,0,False,0.000,[]
683,22.767,38,0.778,0.905,0.150,0.979,0.071,0.992,0.898,0.989,0.966,0.600,True,True,4,visible,28,0,,2,False,0.000,"[613, 647]"
683,22.767,35,0.061,0.102,0.006,0.512,0.009,0.732,0.397,0.833,0.710,0.200,False,True,3,visible,0,3,,3,False,0.000,"[544, 565, 651]"
683,22.767,18,0.941,0.952,0.800,0.863,0.259,0.973,0.918,0.674,0.544,0.800,True,True,4,visible,210,0,,0,False,0.000,[]
683,22.767,45,0.881,0.927,0.310,0.952,0.058,0.996,0.906,0.996,0.980,0.600,True,True,4,visible,14,0,,0,False,0.000,[]
684,22.800,38,0.778,0.905,0.150,0.979,0.071,0.992,0.898,0.989,0.966,0.600,True,True,4,visible,29,0,,2,False,0.000,"[613, 647]"
684,22.800,35,0.061,0.102,0.006,0.512,0.009,0.732,0.397,0.833,0.710,0.200,False,True,3,visible,0,4,,3,False,0.000,"[544, 565, 651]"
684,22.800,18,0.941,0.952,0.800,0.863,0.259,0.973,0.918,0.674,0.544,0.800,True,True,4,visible,211,0,,0,False,0.000,[]
684,22.800,45,0.881,0.927,0.310,0.952,0.058,0.996,0.906,0.996,0.980,0.600,True,True,4,visible,15,0,,0,False,0.000,[]
685,22.833,38,0.778,0.905,0.150,0.979,0.071,0.992,0.898,0.989,0.966,0.600,True,True,4,visible,30,0,,2,False,0.000,"[613, 647]"
685,22.833,35,0.061,0.102,0.006,0.512,0.009,0.732,0.397,0.833,0.710,0.200,False,True,3,hidden,0,5,head_turn_away,4,True,1.000,"[544, 565, 651, 685]"
685,22.833,18,0.941,0.952,0.800,0.863,0.259,0.973,0.918,0.674,0.544,0.800,True,True,4,visible,212,0,,0,False,0.000,[]
685,22.833,45,0.881,0.927,0.310,0.952,0.058,0.996,0.906,0.996,0.980,0.600,True,True,4,visible,16,0,,0,False,0.000,[]
686,22.867,38,0.801,0.917,0.191,0.979,0.082,0.991,0.905,0.989,0.968,0.600,True,True,4,visible,31,0,,2,False,0.000,"[613, 647]"
686,22.867,35,0.601,0.697,0.117,0.878,0.071,0.966,0.839,0.936,0.856,0.600,True,True,4,hidden,1,0,,4,True,1.000,"[544, 565, 651, 685]"
686,22.867,18,0.958,0.970,0.878,0.904,0.384,0.976,0.933,0.546,0.423,0.800,True,True,4,visible,213,0,,0,False,0.000,[]
686,22.867,45,0.805,0.880,0.181,0.957,0.053,0.998,0.920,0.999,0.992,0.600,True,True,4,visible,17,0,,0,False,0.000,[]
687,22.900,38,0.800,0.916,0.190,0.979,0.082,0.991,0.905,0.989,0.968,0.600,True,True,4,visible,32,0,,2,False,0.000,"[613, 647]"
687,22.900,35,0.602,0.697,0.118,0.878,0.071,0.966,0.838,0.936,0.855,0.600,True,True,4,hidden,2,0,,4,True,1.000,"[544, 565, 651, 685]"
687,22.900,18,0.958,0.970,0.878,0.904,0.384,0.976,0.933,0.546,0.423,0.800,True,True,4,visible,214,0,,0,False,0.000,[]
687,22.900,45,0.805,0.880,0.181,0.957,0.053,0.998,0.920,0.999,0.992,0.600,True,True,4,visible,18,0,,0,False,0.000,[]
688,22.933,38,0.800,0.916,0.190,0.979,0.082,0.991,0.905,0.989,0.968,0.600,True,True,4,visible,33,0,,2,False,0.000,"[613, 647]"
688,22.933,35,0.602,0.697,0.118,0.878,0.071,0.966,0.838,0.936,0.855,0.600,True,True,4,visible,3,0,,4,True,1.000,"[544, 565, 651, 685]"
688,22.933,18,0.958,0.970,0.878,0.904,0.384,0.976,0.933,0.546,0.423,0.800,True,True,4,visible,215,0,,0,False,0.000,[]
688,22.933,45,0.805,0.880,0.181,0.957,0.053,0.998,0.920,0.999,0.992,0.600,True,True,4,visible,19,0,,0,False,0.000,[]
689,22.967,38,0.800,0.916,0.190,0.979,0.082,0.991,0.905,0.989,0.968,0.600,True,True,4,visible,34,0,,2,False,0.000,"[613, 647]"
689,22.967,35,0.602,0.697,0.118,0.878,0.071,0.966,0.838,0.936,0.855,0.600,True,True,4,visible,4,0,,4,True,1.000,"[544, 565, 651, 685]"
689,22.967,18,0.958,0.970,0.878,0.904,0.384,0.976,0.933,0.546,0.423,0.800,True,True,4,visible,216,0,,0,False,0.000,[]
689,22.967,45,0.805,0.880,0.181,0.957,0.053,0.998,0.920,0.999,0.992,0.600,True,True,4,visible,20,0,,0,False,0.000,[]
690,23.000,38,0.008,0.011,0.000,0.973,0.521,0.996,0.990,0.795,0.764,0.400,True,True,4,visible,35,0,,2,False,0.000,"[613, 647]"
690,23.000,18,0.945,0.953,0.865,0.854,0.430,0.962,0.937,0.523,0.448,1.000,True,True,4,visible,217,0,,0,False,0.000,[]
690,23.000,45,0.816,0.880,0.221,0.952,0.064,0.997,0.935,0.998,0.991,0.600,True,True,4,visible,21,0,,0,False,0.000,[]
691,23.033,38,0.008,0.011,0.000,0.973,0.521,0.996,0.990,0.795,0.764,0.400,True,True,4,visible,36,0,,2,False,0.000,"[613, 647]"
691,23.033,18,0.945,0.953,0.865,0.854,0.430,0.962,0.937,0.523,0.448,1.000,True,True,4,visible,218,0,,0,False,0.000,[]
691,23.033,45,0.816,0.880,0.221,0.952,0.064,0.997,0.935,0.998,0.991,0.600,True,True,4,visible,22,0,,0,False,0.000,[]
691,23.033,46,0.101,0.150,0.010,0.692,0.023,0.846,0.600,0.848,0.746,0.200,False,True,4,uncertain,0,0,,0,False,0.000,[]
692,23.067,38,0.008,0.011,0.000,0.973,0.521,0.996,0.990,0.795,0.764,0.400,True,True,4,visible,37,0,,2,False,0.000,"[613, 647]"
692,23.067,18,0.945,0.953,0.865,0.854,0.430,0.962,0.937,0.523,0.448,1.000,True,True,4,visible,219,0,,0,False,0.000,[]
692,23.067,45,0.816,0.880,0.221,0.952,0.064,0.997,0.935,0.998,0.991,0.600,True,True,4,visible,23,0,,0,False,0.000,[]
692,23.067,46,0.101,0.150,0.010,0.692,0.023,0.846,0.600,0.848,0.746,0.200,False,True,4,uncertain,0,0,,0,False,0.000,[]
693,23.100,38,0.008,0.011,0.000,0.973,0.521,0.996,0.990,0.795,0.764,0.400,True,True,4,visible,38,0,,2,False,0.000,"[613, 647]"
693,23.100,18,0.945,0.953,0.865,0.854,0.430,0.962,0.937,0.523,0.448,1.000,True,True,4,visible,220,0,,0,False,0.000,[]
693,23.100,45,0.816,0.880,0.221,0.952,0.064,0.997,0.935,0.998,0.991,0.600,True,True,4,visible,24,0,,0,False,0.000,[]
693,23.100,46,0.101,0.150,0.010,0.692,0.023,0.846,0.600,0.848,0.746,0.200,False,True,4,uncertain,0,0,,0,False,0.000,[]
694,23.133,38,0.007,0.011,0.000,0.982,0.591,0.997,0.988,0.766,0.692,0.400,True,True,4,visible,39,0,,2,False,0.000,"[613, 647]"
694,23.133,45,0.855,0.919,0.241,0.966,0.052,0.998,0.881,0.996,0.971,0.600,True,True,4,visible,25,0,,0,False,0.000,[]
694,23.133,46,0.070,0.088,0.009,0.469,0.020,0.720,0.458,0.754,0.633,0.200,False,True,4,uncertain,0,0,,0,False,0.000,[]
695,23.167,38,0.007,0.011,0.000,0.982,0.589,0.997,0.988,0.765,0.690,0.400,True,True,4,visible,40,0,,2,False,0.000,"[613, 647]"
695,23.167,45,0.855,0.919,0.241,0.966,0.052,0.998,0.881,0.996,0.971,0.600,True,True,4,visible,26,0,,0,False,0.000,[]
695,23.167,46,0.070,0.088,0.009,0.469,0.020,0.720,0.458,0.753,0.632,0.200,False,True,4,uncertain,0,0,,0,False,0.000,[]
696,23.200,38,0.007,0.011,0.000,0.982,0.589,0.997,0.988,0.765,0.690,0.400,True,True,4,visible,41,0,,2,False,0.000,"[613, 647]"
696,23.200,45,0.855,0.919,0.241,0.966,0.052,0.998,0.881,0.996,0.971,0.600,True,True,4,visible,27,0,,0,False,0.000,[]
696,23.200,46,0.070,0.088,0.009,0.469,0.020,0.720,0.458,0.753,0.632,0.200,False,True,4,uncertain,0,0,,0,False,0.000,[]
697,23.233,38,0.007,0.011,0.000,0.983,0.589,0.997,0.988,0.764,0.689,0.400,True,True,4,visible,42,0,,2,False,0.000,"[613, 647]"
697,23.233,45,0.855,0.919,0.241,0.966,0.052,0.998,0.881,0.996,0.971,0.600,True,True,4,visible,28,0,,0,False,0.000,[]
697,23.233,46,0.070,0.088,0.009,0.469,0.020,0.720,0.458,0.753,0.632,0.200,False,True,4,uncertain,0,0,,0,False,0.000,[]
698,23.267,38,0.007,0.011,0.000,0.983,0.589,0.997,0.988,0.764,0.689,0.400,True,True,4,visible,43,0,,2,False,0.000,"[613, 647]"
698,23.267,45,0.855,0.919,0.241,0.966,0.052,0.998,0.881,0.996,0.971,0.600,True,True,4,visible,29,0,,0,False,0.000,[]
698,23.267,46,0.070,0.088,0.009,0.469,0.020,0.720,0.458,0.753,0.632,0.200,False,True,4,uncertain,0,0,,0,False,0.000,[]
699,23.300,38,0.115,0.015,0.032,0.337,0.953,0.995,0.974,0.531,0.344,0.200,False,True,3,visible,0,1,,2,False,0.000,"[613, 647]"
699,23.300,45,0.731,0.854,0.152,0.963,0.064,0.996,0.841,0.993,0.952,0.600,True,True,4,visible,30,0,,0,False,0.000,[]
699,23.300,46,0.491,0.586,0.138,0.602,0.024,0.799,0.652,0.593,0.501,0.600,True,True,4,uncertain,1,0,,0,False,0.000,[]
700,23.333,38,0.122,0.016,0.035,0.331,0.953,0.995,0.974,0.535,0.347,0.200,False,True,3,visible,0,2,,2,False,0.000,"[613, 647]"
700,23.333,45,0.729,0.854,0.151,0.963,0.063,0.996,0.840,0.993,0.952,0.600,True,True,4,visible,31,0,,0,False,0.000,[]
700,23.333,46,0.495,0.589,0.141,0.604,0.024,0.801,0.656,0.596,0.505,0.600,True,True,4,uncertain,2,0,,0,False,0.000,[]
701,23.367,38,0.122,0.016,0.035,0.331,0.953,0.995,0.974,0.535,0.347,0.200,False,True,3,visible,0,3,,2,False,0.000,"[613, 647]"
701,23.367,45,0.729,0.854,0.151,0.963,0.063,0.996,0.840,0.993,0.952,0.600,True,True,4,visible,32,0,,0,False,0.000,[]
701,23.367,46,0.495,0.589,0.141,0.604,0.024,0.801,0.656,0.596,0.505,0.600,True,True,4,visible,3,0,,0,False,0.000,[]
702,23.400,38,0.122,0.016,0.035,0.331,0.953,0.995,0.974,0.535,0.347,0.200,False,True,3,visible,0,4,,2,False,0.000,"[613, 647]"
702,23.400,45,0.729,0.854,0.151,0.963,0.063,0.996,0.840,0.993,0.952,0.600,True,True,4,visible,33,0,,0,False,0.000,[]
702,23.400,46,0.495,0.589,0.141,0.604,0.024,0.801,0.656,0.596,0.505,0.600,True,True,4,visible,4,0,,0,False,0.000,[]
703,23.433,38,0.282,0.013,0.186,0.172,0.990,0.995,0.993,0.668,0.639,0.200,False,True,4,hidden,0,5,head_turn_away,3,False,0.000,"[613, 647, 703]"
703,23.433,45,0.788,0.876,0.207,0.959,0.083,0.995,0.898,0.992,0.961,0.600,True,True,4,visible,34,0,,0,False,0.000,[]
703,23.433,46,0.223,0.314,0.043,0.483,0.012,0.708,0.470,0.629,0.511,0.200,False,True,4,visible,0,1,,0,False,0.000,[]
703,23.433,18,0.937,0.947,0.853,0.846,0.421,0.963,0.928,0.492,0.401,1.000,True,True,4,visible,221,0,,0,False,0.000,[]
704,23.467,38,0.282,0.013,0.186,0.172,0.990,0.995,0.993,0.669,0.640,0.200,False,True,4,hidden,0,6,,3,False,0.000,"[613, 647, 703]"
704,23.467,45,0.787,0.875,0.207,0.959,0.083,0.995,0.898,0.992,0.961,0.600,True,True,4,visible,35,0,,0,False,0.000,[]
704,23.467,46,0.221,0.311,0.042,0.483,0.012,0.707,0.468,0.628,0.510,0.200,False,True,4,visible,0,2,,0,False,0.000,[]
704,23.467,18,0.937,0.947,0.853,0.846,0.420,0.963,0.928,0.492,0.401,1.000,True,True,4,visible,222,0,,0,False,0.000,[]
705,23.500,38,0.282,0.013,0.186,0.172,0.990,0.995,0.993,0.669,0.640,0.200,False,True,4,hidden,0,7,,3,False,0.000,"[613, 647, 703]"
705,23.500,45,0.787,0.875,0.207,0.959,0.083,0.995,0.898,0.992,0.961,0.600,True,True,4,visible,36,0,,0,False,0.000,[]
705,23.500,46,0.221,0.311,0.042,0.483,0.012,0.707,0.468,0.628,0.510,0.200,False,True,4,visible,0,3,,0,False,0.000,[]
705,23.500,18,0.937,0.947,0.853,0.846,0.420,0.963,0.928,0.492,0.401,1.000,True,True,4,visible,223,0,,0,False,0.000,[]
706,23.533,38,0.282,0.013,0.186,0.172,0.990,0.995,0.993,0.669,0.640,0.200,False,True,4,hidden,0,8,,3,False,0.000,"[613, 647, 703]"
706,23.533,45,0.787,0.875,0.207,0.959,0.083,0.995,0.898,0.992,0.961,0.600,True,True,4,visible,37,0,,0,False,0.000,[]
706,23.533,46,0.221,0.311,0.042,0.483,0.012,0.707,0.468,0.628,0.510,0.200,False,True,4,visible,0,4,,0,False,0.000,[]
706,23.533,18,0.937,0.947,0.853,0.846,0.420,0.963,0.928,0.492,0.401,1.000,True,True,4,visible,224,0,,0,False,0.000,[]
707,23.567,38,0.644,0.027,0.644,0.051,0.994,0.990,0.992,0.497,0.520,0.600,True,True,4,hidden,1,0,,3,False,0.000,"[613, 647, 703]"
707,23.567,45,0.825,0.892,0.301,0.953,0.140,0.991,0.885,0.973,0.902,0.600,True,True,4,visible,38,0,,0,False,0.000,[]
707,23.567,46,0.454,0.418,0.108,0.835,0.238,0.982,0.957,0.961,0.944,0.600,True,True,4,visible,1,0,,0,False,0.000,[]
707,23.567,18,0.939,0.950,0.848,0.852,0.391,0.960,0.918,0.469,0.372,0.800,True,True,3,visible,225,0,,0,False,0.000,[]
708,23.600,38,0.510,0.017,0.507,0.085,0.995,0.993,0.996,0.542,0.632,0.600,True,True,4,hidden,2,0,,3,False,0.000,"[613, 647, 703]"
708,23.600,45,0.819,0.887,0.291,0.954,0.140,0.991,0.887,0.974,0.904,0.600,True,True,4,visible,39,0,,0,False,0.000,[]
708,23.600,46,0.453,0.418,0.108,0.835,0.238,0.982,0.957,0.961,0.944,0.600,True,True,4,visible,2,0,,0,False,0.000,[]
708,23.600,18,0.939,0.950,0.849,0.853,0.391,0.960,0.919,0.472,0.374,0.800,True,True,3,visible,226,0,,0,False,0.000,[]
709,23.633,38,0.510,0.017,0.507,0.085,0.995,0.993,0.996,0.542,0.632,0.600,True,True,4,visible,3,0,,3,False,0.000,"[613, 647, 703]"
709,23.633,45,0.819,0.887,0.291,0.954,0.140,0.991,0.887,0.974,0.904,0.600,True,True,4,visible,40,0,,0,False,0.000,[]
709,23.633,46,0.453,0.418,0.108,0.835,0.238,0.982,0.957,0.961,0.944,0.600,True,True,4,visible,3,0,,0,False,0.000,[]
709,23.633,18,0.939,0.950,0.849,0.853,0.391,0.960,0.919,0.472,0.374,0.800,True,True,3,visible,227,0,,0,False,0.000,[]
710,23.667,38,0.510,0.017,0.507,0.085,0.995,0.993,0.996,0.542,0.632,0.600,True,True,4,visible,4,0,,3,False,0.000,"[613, 647, 703]"
710,23.667,45,0.819,0.887,0.291,0.954,0.140,0.991,0.887,0.974,0.904,0.600,True,True,4,visible,41,0,,0,False,0.000,[]
710,23.667,46,0.453,0.418,0.108,0.835,0.238,0.982,0.957,0.961,0.944,0.600,True,True,4,visible,4,0,,0,False,0.000,[]
710,23.667,18,0.939,0.950,0.849,0.853,0.391,0.960,0.919,0.472,0.374,0.800,True,True,3,visible,228,0,,0,False,0.000,[]
711,23.700,38,0.867,0.113,0.934,0.032,0.992,0.910,0.969,0.193,0.253,0.600,True,True,2,visible,5,0,,3,False,0.000,"[613, 647, 703]"
711,23.700,45,0.848,0.909,0.396,0.942,0.177,0.986,0.874,0.956,0.875,0.600,True,True,4,visible,42,0,,0,False,0.000,[]
711,23.700,18,0.951,0.958,0.870,0.860,0.418,0.971,0.943,0.601,0.508,1.000,True,True,4,visible,229,0,,0,False,0.000,[]
712,23.733,38,0.864,0.111,0.932,0.032,0.992,0.909,0.968,0.186,0.245,0.600,True,True,2,visible,6,0,,3,False,0.000,"[613, 647, 703]"
712,23.733,45,0.847,0.909,0.394,0.942,0.176,0.986,0.874,0.956,0.874,0.600,True,True,4,visible,43,0,,0,False,0.000,[]
712,23.733,18,0.951,0.958,0.870,0.860,0.418,0.971,0.943,0.601,0.508,1.000,True,True,4,visible,230,0,,0,False,0.000,[]
712,23.733,47,0.081,0.131,0.007,0.561,0.008,0.810,0.537,0.761,0.614,0.200,False,True,4,uncertain,0,0,,0,False,0.000,[]
712,23.733,48,0.861,0.912,0.391,0.901,0.039,0.967,0.906,0.806,0.695,0.600,True,True,4,uncertain,1,0,,0,False,0.000,[]
713,23.767,38,0.864,0.111,0.932,0.032,0.992,0.909,0.968,0.186,0.245,0.600,True,True,2,visible,7,0,,3,False,0.000,"[613, 647, 703]"
713,23.767,45,0.847,0.909,0.394,0.942,0.176,0.986,0.874,0.956,0.874,0.600,True,True,4,visible,44,0,,0,False,0.000,[]
713,23.767,18,0.951,0.958,0.870,0.860,0.418,0.971,0.943,0.601,0.508,1.000,True,True,4,visible,231,0,,0,False,0.000,[]
713,23.767,47,0.081,0.131,0.007,0.561,0.008,0.810,0.537,0.761,0.614,0.200,False,True,4,uncertain,0,0,,0,False,0.000,[]
713,23.767,48,0.861,0.912,0.391,0.901,0.039,0.967,0.906,0.806,0.695,0.600,True,True,4,uncertain,2,0,,0,False,0.000,[]
714,23.800,38,0.864,0.111,0.932,0.032,0.992,0.909,0.968,0.186,0.245,0.600,True,True,2,visible,8,0,,3,False,0.000,"[613, 647, 703]"
714,23.800,45,0.847,0.909,0.394,0.942,0.176,0.986,0.874,0.956,0.874,0.600,True,True,4,visible,45,0,,0,False,0.000,[]
714,23.800,18,0.951,0.958,0.870,0.860,0.418,0.971,0.943,0.601,0.508,1.000,True,True,4,visible,232,0,,0,False,0.000,[]
714,23.800,47,0.081,0.131,0.007,0.561,0.008,0.810,0.537,0.761,0.614,0.200,False,True,4,uncertain,0,0,,0,False,0.000,[]
714,23.800,48,0.861,0.912,0.391,0.901,0.039,0.967,0.906,0.806,0.695,0.600,True,True,4,visible,3,0,,0,False,0.000,[]
715,23.833,38,0.864,0.111,0.932,0.032,0.992,0.909,0.968,0.186,0.245,0.600,True,True,2,visible,9,0,,3,False,0.000,"[613, 647, 703]"
715,23.833,45,0.847,0.909,0.394,0.942,0.176,0.986,0.874,0.956,0.874,0.600,True,True,4,visible,46,0,,0,False,0.000,[]
715,23.833,18,0.951,0.958,0.870,0.860,0.418,0.971,0.943,0.601,0.508,1.000,True,True,4,visible,233,0,,0,False,0.000,[]
715,23.833,47,0.081,0.131,0.007,0.561,0.008,0.810,0.537,0.761,0.614,0.200,False,True,4,uncertain,0,0,,0,False,0.000,[]
715,23.833,48,0.861,0.912,0.391,0.901,0.039,0.967,0.906,0.806,0.695,0.600,True,True,4,visible,4,0,,0,False,0.000,[]
716,23.867,38,0.972,0.403,0.987,0.036,0.983,0.860,0.960,0.108,0.154,0.800,True,True,2,visible,10,0,,3,False,0.000,"[613, 647, 703]"
716,23.867,45,0.795,0.892,0.266,0.952,0.124,0.983,0.831,0.924,0.792,0.600,True,True,4,visible,47,0,,0,False,0.000,[]
716,23.867,18,0.959,0.965,0.881,0.885,0.430,0.983,0.962,0.802,0.715,1.000,True,True,4,visible,234,0,,0,False,0.000,[]
716,23.867,47,0.388,0.406,0.062,0.842,0.150,0.982,0.920,0.925,0.857,0.400,True,True,4,uncertain,1,0,,0,False,0.000,[]
716,23.867,48,0.912,0.925,0.525,0.938,0.187,0.984,0.947,0.890,0.830,0.800,True,True,4,visible,5,0,,0,False,0.000,[]
717,23.900,38,0.972,0.405,0.988,0.035,0.984,0.859,0.959,0.107,0.152,0.800,True,True,2,visible,11,0,,3,False,0.000,"[613, 647, 703]"
717,23.900,45,0.795,0.892,0.266,0.952,0.124,0.983,0.831,0.924,0.793,0.600,True,True,4,visible,48,0,,0,False,0.000,[]
717,23.900,18,0.959,0.965,0.881,0.885,0.430,0.983,0.963,0.803,0.716,1.000,True,True,4,visible,235,0,,0,False,0.000,[]
717,23.900,47,0.388,0.405,0.062,0.841,0.149,0.982,0.920,0.926,0.858,0.400,True,True,4,uncertain,2,0,,0,False,0.000,[]
717,23.900,48,0.912,0.925,0.525,0.938,0.187,0.984,0.947,0.890,0.830,0.800,True,True,4,visible,6,0,,0,False,0.000,[]
718,23.933,38,0.972,0.405,0.988,0.035,0.984,0.859,0.959,0.107,0.152,0.800,True,True,2,visible,12,0,,3,False,0.000,"[613, 647, 703]"
718,23.933,45,0.795,0.892,0.266,0.952,0.124,0.983,0.831,0.924,0.793,0.600,True,True,4,visible,49,0,,0,False,0.000,[]
718,23.933,18,0.959,0.965,0.881,0.885,0.430,0.983,0.963,0.803,0.716,1.000,True,True,4,visible,236,0,,0,False,0.000,[]
718,23.933,47,0.388,0.405,0.062,0.841,0.149,0.982,0.920,0.926,0.858,0.400,True,True,4,visible,3,0,,0,False,0.000,[]
718,23.933,48,0.912,0.925,0.525,0.938,0.187,0.984,0.947,0.890,0.830,0.800,True,True,4,visible,7,0,,0,False,0.000,[]
719,23.967,38,0.972,0.405,0.988,0.035,0.984,0.859,0.959,0.107,0.152,0.800,True,True,2,visible,13,0,,3,False,0.000,"[613, 647, 703]"
719,23.967,45,0.795,0.892,0.266,0.952,0.124,0.983,0.831,0.924,0.793,0.600,True,True,4,visible,50,0,,0,False,0.000,[]
719,23.967,18,0.959,0.965,0.881,0.885,0.430,0.983,0.963,0.803,0.716,1.000,True,True,4,visible,237,0,,0,False,0.000,[]
719,23.967,47,0.388,0.405,0.062,0.841,0.149,0.982,0.920,0.926,0.858,0.400,True,True,4,visible,4,0,,0,False,0.000,[]
719,23.967,48,0.912,0.925,0.525,0.938,0.187,0.984,0.947,0.890,0.830,0.800,True,True,4,visible,8,0,,0,False,0.000,[]
720,24.000,38,0.916,0.292,0.967,0.104,0.978,0.868,0.963,0.090,0.129,0.600,True,True,2,visible,14,0,,3,False,0.000,"[613, 647, 703]"
720,24.000,45,0.666,0.817,0.159,0.943,0.121,0.975,0.791,0.907,0.770,0.600,True,True,4,visible,51,0,,0,False,0.000,[]
720,24.000,47,0.509,0.578,0.076,0.920,0.157,0.991,0.926,0.945,0.854,0.600,True,True,4,visible,5,0,,0,False,0.000,[]
721,24.033,38,0.916,0.292,0.967,0.104,0.978,0.868,0.963,0.090,0.129,0.600,True,True,2,visible,15,0,,3,False,0.000,"[613, 647, 703]"
721,24.033,45,0.666,0.817,0.159,0.943,0.121,0.975,0.791,0.907,0.770,0.600,True,True,4,visible,52,0,,0,False,0.000,[]
721,24.033,47,0.509,0.578,0.076,0.920,0.157,0.991,0.926,0.945,0.854,0.600,True,True,4,visible,6,0,,0,False,0.000,[]
721,24.033,49,0.482,0.707,0.037,0.981,0.067,0.995,0.929,0.995,0.984,0.600,True,True,4,uncertain,1,0,,0,False,0.000,[]
722,24.067,38,0.916,0.292,0.967,0.104,0.978,0.868,0.963,0.090,0.129,0.600,True,True,2,visible,16,0,,3,False,0.000,"[613, 647, 703]"
722,24.067,45,0.666,0.817,0.159,0.943,0.121,0.975,0.791,0.907,0.770,0.600,True,True,4,visible,53,0,,0,False,0.000,[]
722,24.067,47,0.509,0.578,0.076,0.920,0.157,0.991,0.926,0.945,0.854,0.600,True,True,4,visible,7,0,,0,False,0.000,[]
722,24.067,49,0.482,0.707,0.037,0.981,0.067,0.995,0.929,0.995,0.984,0.600,True,True,4,uncertain,2,0,,0,False,0.000,[]
723,24.100,38,0.916,0.292,0.967,0.104,0.978,0.868,0.963,0.090,0.129,0.600,True,True,2,visible,17,0,,3,False,0.000,"[613, 647, 703]"
723,24.100,45,0.666,0.817,0.159,0.943,0.121,0.975,0.791,0.907,0.770,0.600,True,True,4,visible,54,0,,0,False,0.000,[]
723,24.100,47,0.509,0.578,0.076,0.920,0.157,0.991,0.926,0.945,0.854,0.600,True,True,4,visible,8,0,,0,False,0.000,[]
723,24.100,49,0.482,0.707,0.037,0.981,0.067,0.995,0.929,0.995,0.984,0.600,True,True,4,visible,3,0,,0,False,0.000,[]
724,24.133,38,0.886,0.240,0.944,0.048,0.977,0.940,0.892,0.130,0.065,0.600,True,True,2,visible,18,0,,3,False,0.000,"[613, 647, 703]"
724,24.133,47,0.753,0.715,0.255,0.831,0.157,0.969,0.952,0.916,0.900,0.600,True,True,4,visible,9,0,,0,False,0.000,[]
724,24.133,49,0.492,0.767,0.022,0.991,0.043,0.999,0.932,0.999,0.994,0.600,True,True,4,visible,4,0,,0,False,0.000,[]
725,24.167,38,0.885,0.240,0.944,0.048,0.977,0.940,0.893,0.129,0.065,0.600,True,True,2,visible,19,0,,3,False,0.000,"[613, 647, 703]"
725,24.167,47,0.753,0.714,0.255,0.831,0.157,0.969,0.952,0.916,0.901,0.600,True,True,4,visible,10,0,,0,False,0.000,[]
725,24.167,49,0.493,0.768,0.022,0.991,0.043,0.999,0.932,0.999,0.994,0.600,True,True,4,visible,5,0,,0,False,0.000,[]
725,24.167,50,0.642,0.767,0.078,0.894,0.013,0.866,0.688,0.323,0.235,0.600,True,True,2,uncertain,1,0,,0,False,0.000,[]
726,24.200,38,0.885,0.240,0.944,0.048,0.977,0.940,0.893,0.129,0.065,0.600,True,True,2,visible,20,0,,3,False,0.000,"[613, 647, 703]"
726,24.200,47,0.753,0.714,0.255,0.831,0.157,0.969,0.952,0.916,0.901,0.600,True,True,4,visible,11,0,,0,False,0.000,[]
726,24.200,49,0.493,0.768,0.022,0.991,0.043,0.999,0.932,0.999,0.994,0.600,True,True,4,visible,6,0,,0,False,0.000,[]
726,24.200,50,0.642,0.767,0.078,0.894,0.013,0.866,0.688,0.323,0.235,0.600,True,True,2,uncertain,2,0,,0,False,0.000,[]
727,24.233,38,0.885,0.240,0.944,0.048,0.977,0.940,0.893,0.129,0.065,0.600,True,True,2,visible,21,0,,3,False,0.000,"[613, 647, 703]"
727,24.233,47,0.753,0.714,0.255,0.831,0.157,0.969,0.952,0.916,0.901,0.600,True,True,4,visible,12,0,,0,False,0.000,[]
727,24.233,49,0.493,0.768,0.022,0.991,0.043,0.999,0.932,0.999,0.994,0.600,True,True,4,visible,7,0,,0,False,0.000,[]
727,24.233,50,0.642,0.767,0.078,0.894,0.013,0.866,0.688,0.323,0.235,0.600,True,True,2,visible,3,0,,0,False,0.000,[]
728,24.267,38,0.885,0.240,0.944,0.048,0.977,0.940,0.893,0.129,0.065,0.600,True,True,2,visible,22,0,,3,False,0.000,"[613, 647, 703]"
728,24.267,47,0.753,0.714,0.255,0.831,0.157,0.969,0.952,0.916,0.901,0.600,True,True,4,visible,13,0,,0,False,0.000,[]
728,24.267,49,0.493,0.768,0.022,0.991,0.043,0.999,0.932,0.999,0.994,0.600,True,True,4,visible,8,0,,0,False,0.000,[]
728,24.267,50,0.642,0.767,0.078,0.894,0.013,0.866,0.688,0.323,0.235,0.600,True,True,2,visible,4,0,,0,False,0.000,[]
729,24.300,38,0.735,0.110,0.904,0.014,0.971,0.830,0.651,0.054,0.025,0.600,True,True,2,visible,23,0,,3,False,0.000,"[613, 647, 703]"
729,24.300,49,0.475,0.740,0.021,0.990,0.049,0.999,0.943,0.999,0.994,0.600,True,True,4,visible,9,0,,0,False,0.000,[]
730,24.333,38,0.728,0.106,0.899,0.013,0.971,0.834,0.661,0.059,0.027,0.600,True,True,2,visible,24,0,,3,False,0.000,"[613, 647, 703]"
730,24.333,49,0.475,0.741,0.021,0.990,0.049,0.999,0.942,0.999,0.994,0.600,True,True,4,visible,10,0,,0,False,0.000,[]
730,24.333,51,0.918,0.932,0.397,0.883,0.081,0.978,0.886,0.982,0.949,0.600,True,True,4,uncertain,1,0,,0,False,0.000,[]
731,24.367,38,0.757,0.118,0.913,0.013,0.973,0.833,0.671,0.058,0.028,0.600,True,True,2,visible,25,0,,3,False,0.000,"[613, 647, 703]"
731,24.367,49,0.458,0.725,0.020,0.990,0.050,0.999,0.942,0.999,0.994,0.600,True,True,4,visible,11,0,,0,False,0.000,[]
731,24.367,51,0.918,0.936,0.404,0.903,0.087,0.980,0.894,0.986,0.960,0.800,True,True,4,uncertain,2,0,,0,False,0.000,[]
732,24.400,38,0.757,0.120,0.913,0.013,0.972,0.835,0.673,0.059,0.028,0.600,True,True,2,visible,26,0,,3,False,0.000,"[613, 647, 703]"
732,24.400,49,0.456,0.723,0.020,0.990,0.051,0.999,0.943,0.999,0.995,0.600,True,True,4,visible,12,0,,0,False,0.000,[]
732,24.400,51,0.918,0.936,0.404,0.903,0.087,0.980,0.894,0.986,0.960,0.800,True,True,4,visible,3,0,,0,False,0.000,[]
733,24.433,38,0.611,0.109,0.859,0.009,0.904,0.561,0.165,0.031,0.009,0.600,True,False,1,visible,0,0,,3,False,0.000,"[613, 647, 703]"
733,24.433,49,0.416,0.665,0.018,0.988,0.047,0.998,0.944,0.998,0.991,0.600,True,True,4,visible,13,0,,0,False,0.000,[]
733,24.433,47,0.206,0.169,0.034,0.746,0.173,0.972,0.958,0.963,0.956,0.200,False,True,4,visible,0,1,,0,False,0.000,[]
734,24.467,38,0.594,0.104,0.851,0.008,0.903,0.556,0.152,0.032,0.009,0.600,True,False,1,visible,0,0,,3,False,0.000,"[613, 647, 703]"
734,24.467,49,0.416,0.665,0.018,0.988,0.047,0.998,0.944,0.998,0.991,0.600,True,True,4,visible,14,0,,0,False,0.000,[]
734,24.467,52,0.926,0.945,0.465,0.929,0.104,0.979,0.905,0.959,0.909,0.800,True,True,4,uncertain,1,0,,0,False,0.000,[]
734,24.467,47,0.205,0.169,0.033,0.745,0.172,0.972,0.957,0.963,0.956,0.200,False,True,4,visible,0,2,,0,False,0.000,[]
735,24.500,38,0.594,0.104,0.851,0.008,0.903,0.556,0.152,0.032,0.009,0.600,True,False,1,visible,0,0,,3,False,0.000,"[613, 647, 703]"
735,24.500,49,0.416,0.666,0.018,0.988,0.047,0.998,0.944,0.998,0.991,0.600,True,True,4,visible,15,0,,0,False,0.000,[]
735,24.500,52,0.926,0.945,0.465,0.929,0.104,0.979,0.905,0.959,0.909,0.800,True,True,4,uncertain,2,0,,0,False,0.000,[]
735,24.500,47,0.205,0.169,0.033,0.745,0.172,0.972,0.957,0.963,0.956,0.200,False,True,4,visible,0,3,,0,False,0.000,[]
736,24.533,38,0.594,0.104,0.851,0.008,0.903,0.556,0.152,0.032,0.009,0.600,True,False,1,visible,0,0,,3,False,0.000,"[613, 647, 703]"
736,24.533,49,0.416,0.666,0.018,0.988,0.047,0.998,0.944,0.998,0.991,0.600,True,True,4,visible,16,0,,0,False,0.000,[]
736,24.533,52,0.926,0.945,0.465,0.929,0.104,0.979,0.905,0.959,0.909,0.800,True,True,4,visible,3,0,,0,False,0.000,[]
736,24.533,47,0.205,0.169,0.033,0.745,0.172,0.972,0.957,0.963,0.956,0.200,False,True,4,visible,0,4,,0,False,0.000,[]
737,24.567,49,0.520,0.720,0.026,0.984,0.051,0.999,0.945,0.999,0.993,0.600,True,True,4,visible,17,0,,0,False,0.000,[]
737,24.567,52,0.922,0.944,0.457,0.937,0.133,0.982,0.914,0.939,0.873,0.800,True,True,4,visible,4,0,,0,False,0.000,[]
737,24.567,47,0.155,0.132,0.023,0.797,0.208,0.982,0.963,0.971,0.960,0.200,False,True,4,hidden,0,5,head_turn_away,1,False,0.000,[737]
738,24.600,49,0.520,0.720,0.026,0.984,0.051,0.999,0.945,0.999,0.993,0.600,True,True,4,visible,18,0,,0,False,0.000,[]
738,24.600,52,0.922,0.944,0.457,0.937,0.133,0.982,0.914,0.939,0.873,0.800,True,True,4,visible,5,0,,0,False,0.000,[]
738,24.600,47,0.155,0.132,0.023,0.797,0.208,0.982,0.963,0.971,0.960,0.200,False,True,4,hidden,0,6,,1,False,0.000,[737]
739,24.633,49,0.520,0.720,0.026,0.984,0.051,0.999,0.945,0.999,0.993,0.600,True,True,4,visible,19,0,,0,False,0.000,[]
739,24.633,52,0.922,0.944,0.457,0.937,0.133,0.982,0.914,0.939,0.873,0.800,True,True,4,visible,6,0,,0,False,0.000,[]
739,24.633,47,0.155,0.132,0.023,0.797,0.208,0.982,0.963,0.971,0.960,0.200,False,True,4,hidden,0,7,,1,False,0.000,[737]
740,24.667,49,0.520,0.720,0.026,0.984,0.051,0.999,0.945,0.999,0.993,0.600,True,True,4,visible,20,0,,0,False,0.000,[]
740,24.667,52,0.922,0.944,0.457,0.937,0.133,0.982,0.914,0.939,0.873,0.800,True,True,4,visible,7,0,,0,False,0.000,[]
740,24.667,47,0.155,0.132,0.023,0.797,0.208,0.982,0.963,0.971,0.960,0.200,False,True,4,hidden,0,8,,1,False,0.000,[737]
741,24.700,49,0.597,0.793,0.032,0.988,0.043,0.999,0.940,0.999,0.992,0.600,True,True,4,visible,21,0,,0,False,0.000,[]
741,24.700,52,0.954,0.961,0.591,0.934,0.121,0.982,0.926,0.945,0.887,0.800,True,True,4,visible,8,0,,0,False,0.000,[]
741,24.700,47,0.429,0.435,0.078,0.852,0.170,0.981,0.948,0.957,0.928,0.600,True,True,4,hidden,1,0,,1,False,0.000,[737]
742,24.733,49,0.597,0.793,0.032,0.988,0.042,0.999,0.940,0.999,0.992,0.600,True,True,4,visible,22,0,,0,False,0.000,[]
742,24.733,52,0.954,0.961,0.591,0.934,0.122,0.982,0.926,0.944,0.887,0.800,True,True,4,visible,9,0,,0,False,0.000,[]
742,24.733,47,0.429,0.435,0.078,0.852,0.170,0.981,0.948,0.957,0.928,0.600,True,True,4,hidden,2,0,,1,False,0.000,[737]
743,24.767,49,0.597,0.793,0.032,0.988,0.042,0.999,0.940,0.999,0.992,0.600,True,True,4,visible,23,0,,0,False,0.000,[]
743,24.767,52,0.954,0.961,0.591,0.934,0.122,0.982,0.926,0.944,0.887,0.800,True,True,4,visible,10,0,,0,False,0.000,[]
743,24.767,47,0.429,0.435,0.078,0.852,0.170,0.981,0.948,0.957,0.928,0.600,True,True,4,visible,3,0,,1,False,0.000,[737]
744,24.800,49,0.597,0.793,0.032,0.988,0.042,0.999,0.940,0.999,0.992,0.600,True,True,4,visible,24,0,,0,False,0.000,[]
744,24.800,52,0.954,0.961,0.591,0.934,0.122,0.982,0.926,0.944,0.887,0.800,True,True,4,visible,11,0,,0,False,0.000,[]
744,24.800,47,0.429,0.435,0.078,0.852,0.170,0.981,0.948,0.957,0.928,0.600,True,True,4,visible,4,0,,1,False,0.000,[737]
745,24.833,49,0.597,0.793,0.032,0.988,0.042,0.999,0.940,0.999,0.992,0.600,True,True,4,visible,25,0,,0,False,0.000,[]
745,24.833,52,0.954,0.961,0.591,0.934,0.122,0.982,0.926,0.944,0.887,0.800,True,True,4,visible,12,0,,0,False,0.000,[]
745,24.833,47,0.429,0.435,0.078,0.852,0.170,0.981,0.948,0.957,0.928,0.600,True,True,4,visible,5,0,,1,False,0.000,[737]
746,24.867,49,0.588,0.788,0.030,0.989,0.045,0.999,0.946,0.999,0.993,0.600,True,True,4,visible,26,0,,0,False,0.000,[]
746,24.867,52,0.898,0.915,0.373,0.940,0.141,0.985,0.938,0.947,0.892,0.600,True,True,4,visible,13,0,,0,False,0.000,[]
746,24.867,47,0.180,0.176,0.026,0.841,0.222,0.986,0.957,0.968,0.945,0.200,False,True,4,visible,0,1,,1,False,0.000,[737]
747,24.900,49,0.589,0.788,0.030,0.989,0.045,0.999,0.946,0.999,0.993,0.600,True,True,4,visible,27,0,,0,False,0.000,[]
747,24.900,52,0.898,0.915,0.373,0.940,0.141,0.985,0.938,0.947,0.892,0.600,True,True,4,visible,14,0,,0,False,0.000,[]
747,24.900,47,0.180,0.176,0.026,0.841,0.222,0.986,0.957,0.968,0.945,0.200,False,True,4,visible,0,2,,1,False,0.000,[737]
747,24.900,53,0.892,0.936,0.449,0.914,0.063,0.971,0.857,0.865,0.727,0.800,True,True,4,uncertain,1,0,,0,False,0.000,[]
748,24.933,49,0.589,0.788,0.030,0.989,0.045,0.999,0.946,0.999,0.993,0.600,True,True,4,visible,28,0,,0,False,0.000,[]
748,24.933,52,0.898,0.915,0.373,0.940,0.141,0.985,0.938,0.947,0.892,0.600,True,True,4,visible,15,0,,0,False,0.000,[]
748,24.933,47,0.180,0.176,0.026,0.841,0.222,0.986,0.957,0.968,0.945,0.200,False,True,4,visible,0,3,,1,False,0.000,[737]
748,24.933,53,0.892,0.936,0.449,0.914,0.063,0.971,0.857,0.865,0.727,0.800,True,True,4,uncertain,2,0,,0,False,0.000,[]
749,24.967,49,0.589,0.788,0.030,0.989,0.045,0.999,0.946,0.999,0.993,0.600,True,True,4,visible,29,0,,0,False,0.000,[]
749,24.967,52,0.898,0.915,0.373,0.940,0.141,0.985,0.938,0.947,0.892,0.600,True,True,4,visible,16,0,,0,False,0.000,[]
749,24.967,47,0.180,0.176,0.026,0.841,0.222,0.986,0.957,0.968,0.945,0.200,False,True,4,visible,0,4,,1,False,0.000,[737]
749,24.967,53,0.892,0.936,0.449,0.914,0.063,0.971,0.857,0.865,0.727,0.800,True,True,4,visible,3,0,,0,False,0.000,[]
750,25.000,49,0.568,0.770,0.027,0.990,0.049,0.999,0.955,0.999,0.994,0.600,True,True,4,visible,30,0,,0,False,0.000,[]
750,25.000,52,0.941,0.955,0.525,0.946,0.158,0.984,0.940,0.938,0.885,0.800,True,True,4,visible,17,0,,0,False,0.000,[]
750,25.000,47,0.772,0.764,0.259,0.815,0.102,0.971,0.910,0.939,0.896,0.600,True,True,4,visible,1,0,,1,False,0.000,[737]
750,25.000,53,0.895,0.940,0.513,0.891,0.067,0.960,0.821,0.790,0.623,0.800,True,True,4,visible,4,0,,0,False,0.000,[]
751,25.033,49,0.568,0.770,0.027,0.990,0.049,0.999,0.955,0.999,0.994,0.600,True,True,4,visible,31,0,,0,False,0.000,[]
751,25.033,52,0.941,0.955,0.525,0.946,0.158,0.984,0.940,0.938,0.885,0.800,True,True,4,visible,18,0,,0,False,0.000,[]
751,25.033,47,0.772,0.764,0.259,0.815,0.102,0.971,0.910,0.939,0.896,0.600,True,True,4,visible,2,0,,1,False,0.000,[737]
751,25.033,53,0.895,0.940,0.513,0.891,0.067,0.960,0.821,0.790,0.623,0.800,True,True,4,visible,5,0,,0,False,0.000,[]
752,25.067,49,0.568,0.770,0.027,0.990,0.049,0.999,0.955,0.999,0.994,0.600,True,True,4,visible,32,0,,0,False,0.000,[]
752,25.067,52,0.941,0.955,0.525,0.946,0.158,0.984,0.940,0.938,0.885,0.800,True,True,4,visible,19,0,,0,False,0.000,[]
752,25.067,47,0.772,0.764,0.259,0.815,0.102,0.971,0.910,0.939,0.896,0.600,True,True,4,visible,3,0,,1,False,0.000,[737]
752,25.067,53,0.895,0.940,0.513,0.891,0.067,0.960,0.821,0.790,0.623,0.800,True,True,4,visible,6,0,,0,False,0.000,[]
753,25.100,49,0.568,0.770,0.027,0.990,0.049,0.999,0.955,0.999,0.994,0.600,True,True,4,visible,33,0,,0,False,0.000,[]
753,25.100,52,0.941,0.955,0.525,0.946,0.158,0.984,0.940,0.938,0.885,0.800,True,True,4,visible,20,0,,0,False,0.000,[]
753,25.100,47,0.772,0.764,0.259,0.815,0.102,0.971,0.910,0.939,0.896,0.600,True,True,4,visible,4,0,,1,False,0.000,[737]
753,25.100,53,0.895,0.940,0.513,0.891,0.067,0.960,0.821,0.790,0.623,0.800,True,True,4,visible,7,0,,0,False,0.000,[]
754,25.133,49,0.505,0.735,0.021,0.990,0.046,0.999,0.949,0.999,0.993,0.600,True,True,4,visible,34,0,,0,False,0.000,[]
754,25.133,52,0.921,0.925,0.485,0.916,0.144,0.977,0.942,0.938,0.902,0.800,True,True,4,visible,21,0,,0,False,0.000,[]
754,25.133,47,0.567,0.573,0.119,0.809,0.097,0.972,0.901,0.943,0.894,0.600,True,True,4,visible,5,0,,1,False,0.000,[737]
754,25.133,53,0.886,0.935,0.502,0.885,0.068,0.959,0.810,0.790,0.620,0.800,True,True,4,visible,8,0,,0,False,0.000,[]
755,25.167,49,0.505,0.735,0.021,0.990,0.046,0.999,0.949,0.999,0.993,0.600,True,True,4,visible,35,0,,0,False,0.000,[]
755,25.167,52,0.921,0.925,0.485,0.916,0.144,0.977,0.942,0.938,0.902,0.800,True,True,4,visible,22,0,,0,False,0.000,[]
755,25.167,47,0.567,0.573,0.119,0.809,0.097,0.972,0.901,0.943,0.894,0.600,True,True,4,visible,6,0,,1,False,0.000,[737]
755,25.167,53,0.886,0.935,0.502,0.885,0.068,0.959,0.810,0.790,0.620,0.800,True,True,4,visible,9,0,,0,False,0.000,[]
756,25.200,49,0.505,0.735,0.021,0.990,0.046,0.999,0.949,0.999,0.993,0.600,True,True,4,visible,36,0,,0,False,0.000,[]
756,25.200,52,0.921,0.925,0.485,0.916,0.144,0.977,0.942,0.938,0.902,0.800,True,True,4,visible,23,0,,0,False,0.000,[]
756,25.200,47,0.567,0.573,0.119,0.809,0.097,0.972,0.901,0.943,0.894,0.600,True,True,4,visible,7,0,,1,False,0.000,[737]
756,25.200,53,0.886,0.935,0.502,0.885,0.068,0.959,0.810,0.790,0.620,0.800,True,True,4,visible,10,0,,0,False,0.000,[]
757,25.233,49,0.505,0.735,0.021,0.990,0.046,0.999,0.949,0.999,0.993,0.600,True,True,4,visible,37,0,,0,False,0.000,[]
757,25.233,52,0.921,0.925,0.485,0.916,0.144,0.977,0.942,0.938,0.902,0.800,True,True,4,visible,24,0,,0,False,0.000,[]
757,25.233,47,0.567,0.573,0.119,0.809,0.097,0.972,0.901,0.943,0.894,0.600,True,True,4,visible,8,0,,1,False,0.000,[737]
757,25.233,53,0.886,0.935,0.502,0.885,0.068,0.959,0.810,0.790,0.620,0.800,True,True,4,visible,11,0,,0,False,0.000,[]
758,25.267,49,0.505,0.735,0.021,0.990,0.046,0.999,0.949,0.999,0.993,0.600,True,True,4,visible,38,0,,0,False,0.000,[]
758,25.267,52,0.921,0.925,0.485,0.916,0.144,0.977,0.942,0.938,0.902,0.800,True,True,4,visible,25,0,,0,False,0.000,[]
758,25.267,47,0.567,0.573,0.119,0.809,0.097,0.972,0.901,0.943,0.894,0.600,True,True,4,visible,9,0,,1,False,0.000,[737]
758,25.267,53,0.886,0.935,0.502,0.885,0.068,0.959,0.810,0.790,0.620,0.800,True,True,4,visible,12,0,,0,False,0.000,[]
759,25.300,49,0.520,0.743,0.023,0.990,0.054,0.999,0.955,0.999,0.994,0.600,True,True,4,visible,39,0,,0,False,0.000,[]
759,25.300,52,0.793,0.846,0.201,0.909,0.119,0.970,0.877,0.900,0.793,0.600,True,True,4,visible,26,0,,0,False,0.000,[]
759,25.300,47,0.520,0.512,0.108,0.852,0.173,0.982,0.948,0.966,0.943,0.600,True,True,4,visible,10,0,,1,False,0.000,[737]
759,25.300,53,0.864,0.922,0.412,0.886,0.052,0.953,0.792,0.796,0.633,0.800,True,True,4,visible,13,0,,0,False,0.000,[]
760,25.333,49,0.526,0.748,0.024,0.990,0.054,0.999,0.954,0.999,0.994,0.600,True,True,4,visible,40,0,,0,False,0.000,[]
760,25.333,52,0.822,0.864,0.219,0.938,0.141,0.984,0.916,0.929,0.841,0.600,True,True,4,visible,27,0,,0,False,0.000,[]
760,25.333,47,0.436,0.416,0.083,0.832,0.170,0.980,0.953,0.967,0.952,0.600,True,True,4,visible,11,0,,1,False,0.000,[737]
760,25.333,53,0.862,0.921,0.406,0.885,0.050,0.951,0.785,0.784,0.616,0.800,True,True,4,visible,14,0,,0,False,0.000,[]
761,25.367,49,0.526,0.748,0.024,0.990,0.054,0.999,0.954,0.999,0.994,0.600,True,True,4,visible,41,0,,0,False,0.000,[]
761,25.367,52,0.822,0.864,0.219,0.938,0.141,0.984,0.916,0.929,0.841,0.600,True,True,4,visible,28,0,,0,False,0.000,[]
761,25.367,47,0.436,0.416,0.083,0.832,0.170,0.980,0.953,0.967,0.952,0.600,True,True,4,visible,12,0,,1,False,0.000,[737]
761,25.367,53,0.862,0.921,0.406,0.885,0.050,0.951,0.785,0.784,0.616,0.800,True,True,4,visible,15,0,,0,False,0.000,[]
762,25.400,49,0.526,0.748,0.024,0.990,0.054,0.999,0.954,0.999,0.994,0.600,True,True,4,visible,42,0,,0,False,0.000,[]
762,25.400,52,0.822,0.864,0.219,0.938,0.141,0.984,0.916,0.929,0.841,0.600,True,True,4,visible,29,0,,0,False,0.000,[]
762,25.400,47,0.436,0.416,0.083,0.832,0.170,0.980,0.953,0.967,0.952,0.600,True,True,4,visible,13,0,,1,False,0.000,[737]
762,25.400,53,0.862,0.921,0.406,0.885,0.050,0.951,0.785,0.784,0.616,0.800,True,True,4,visible,16,0,,0,False,0.000,[]
763,25.433,49,0.482,0.705,0.022,0.990,0.073,0.999,0.969,0.999,0.996,0.600,True,True,4,visible,43,0,,0,False,0.000,[]
763,25.433,52,0.923,0.927,0.513,0.887,0.119,0.963,0.920,0.912,0.870,0.800,True,True,4,visible,30,0,,0,False,0.000,[]
763,25.433,47,0.925,0.904,0.641,0.779,0.180,0.956,0.923,0.887,0.854,0.800,True,True,4,visible,14,0,,1,False,0.000,[737]
763,25.433,53,0.941,0.955,0.735,0.881,0.231,0.975,0.762,0.835,0.579,0.800,True,True,4,visible,17,0,,0,False,0.000,[]
764,25.467,49,0.481,0.705,0.022,0.990,0.073,0.999,0.969,0.999,0.996,0.600,True,True,4,visible,44,0,,0,False,0.000,[]
764,25.467,52,0.923,0.927,0.514,0.887,0.119,0.963,0.920,0.912,0.870,0.800,True,True,4,visible,31,0,,0,False,0.000,[]
764,25.467,47,0.925,0.904,0.641,0.779,0.180,0.956,0.923,0.887,0.853,0.800,True,True,4,visible,15,0,,1,False,0.000,[737]
764,25.467,53,0.941,0.955,0.735,0.881,0.231,0.975,0.761,0.834,0.578,0.800,True,True,4,visible,18,0,,0,False,0.000,[]
765,25.500,49,0.481,0.705,0.022,0.990,0.073,0.999,0.969,0.999,0.996,0.600,True,True,4,visible,45,0,,0,False,0.000,[]
765,25.500,52,0.923,0.927,0.514,0.887,0.119,0.963,0.920,0.912,0.870,0.800,True,True,4,visible,32,0,,0,False,0.000,[]
765,25.500,47,0.925,0.904,0.641,0.779,0.180,0.956,0.923,0.887,0.853,0.800,True,True,4,visible,16,0,,1,False,0.000,[737]
765,25.500,53,0.941,0.955,0.735,0.881,0.231,0.975,0.761,0.834,0.578,0.800,True,True,4,visible,19,0,,0,False,0.000,[]
766,25.533,49,0.481,0.705,0.022,0.990,0.073,0.999,0.969,0.999,0.996,0.600,True,True,4,visible,46,0,,0,False,0.000,[]
766,25.533,52,0.923,0.927,0.514,0.887,0.119,0.963,0.920,0.912,0.870,0.800,True,True,4,visible,33,0,,0,False,0.000,[]
766,25.533,47,0.925,0.904,0.641,0.779,0.180,0.956,0.923,0.887,0.853,0.800,True,True,4,visible,17,0,,1,False,0.000,[737]
766,25.533,53,0.941,0.955,0.735,0.881,0.231,0.975,0.761,0.834,0.578,0.800,True,True,4,visible,20,0,,0,False,0.000,[]
767,25.567,49,0.437,0.661,0.018,0.990,0.070,0.999,0.975,1.000,0.997,0.600,True,True,4,visible,47,0,,0,False,0.000,[]
767,25.567,52,0.926,0.935,0.469,0.884,0.096,0.970,0.906,0.972,0.937,0.800,True,True,4,visible,34,0,,0,False,0.000,[]
767,25.567,53,0.920,0.946,0.625,0.899,0.185,0.981,0.735,0.877,0.612,0.800,True,True,4,visible,21,0,,0,False,0.000,[]
768,25.600,49,0.437,0.660,0.018,0.990,0.070,0.999,0.975,1.000,0.997,0.600,True,True,4,visible,48,0,,0,False,0.000,[]
768,25.600,52,0.926,0.935,0.469,0.884,0.096,0.970,0.905,0.971,0.937,0.800,True,True,4,visible,35,0,,0,False,0.000,[]
768,25.600,53,0.920,0.946,0.626,0.899,0.185,0.981,0.735,0.876,0.612,0.800,True,True,4,visible,22,0,,0,False,0.000,[]
769,25.633,49,0.437,0.660,0.018,0.990,0.070,0.999,0.975,1.000,0.997,0.600,True,True,4,visible,49,0,,0,False,0.000,[]
769,25.633,52,0.926,0.935,0.469,0.884,0.096,0.970,0.905,0.971,0.937,0.800,True,True,4,visible,36,0,,0,False,0.000,[]
769,25.633,53,0.920,0.946,0.626,0.899,0.185,0.981,0.735,0.876,0.612,0.800,True,True,4,visible,23,0,,0,False,0.000,[]
770,25.667,49,0.437,0.660,0.018,0.990,0.070,0.999,0.975,1.000,0.997,0.600,True,True,4,visible,50,0,,0,False,0.000,[]
770,25.667,52,0.926,0.935,0.469,0.884,0.096,0.970,0.905,0.971,0.937,0.800,True,True,4,visible,37,0,,0,False,0.000,[]
770,25.667,53,0.920,0.946,0.626,0.899,0.185,0.981,0.735,0.876,0.612,0.800,True,True,4,visible,24,0,,0,False,0.000,[]
771,25.700,49,0.393,0.609,0.017,0.989,0.089,0.999,0.974,0.999,0.997,0.400,True,True,4,visible,51,0,,0,False,0.000,[]
771,25.700,53,0.899,0.926,0.505,0.891,0.133,0.982,0.782,0.930,0.778,0.800,True,True,4,visible,25,0,,0,False,0.000,[]
771,25.700,47,0.576,0.588,0.128,0.799,0.113,0.971,0.890,0.934,0.872,0.600,True,True,4,visible,18,0,,1,False,0.000,[737]
772,25.733,49,0.391,0.608,0.017,0.989,0.089,0.999,0.974,0.999,0.997,0.400,True,True,4,visible,52,0,,0,False,0.000,[]
772,25.733,53,0.899,0.926,0.504,0.891,0.133,0.982,0.782,0.930,0.778,0.800,True,True,4,visible,26,0,,0,False,0.000,[]
772,25.733,54,0.953,0.964,0.555,0.954,0.140,0.990,0.934,0.970,0.919,0.800,True,True,4,uncertain,1,0,,0,False,0.000,[]
772,25.733,47,0.575,0.587,0.128,0.799,0.113,0.971,0.890,0.934,0.872,0.600,True,True,4,visible,19,0,,1,False,0.000,[737]
773,25.767,49,0.391,0.608,0.017,0.989,0.089,0.999,0.974,0.999,0.997,0.400,True,True,4,visible,53,0,,0,False,0.000,[]
773,25.767,53,0.899,0.926,0.504,0.891,0.133,0.982,0.782,0.930,0.778,0.800,True,True,4,visible,27,0,,0,False,0.000,[]
773,25.767,54,0.953,0.964,0.555,0.954,0.140,0.990,0.934,0.970,0.919,0.800,True,True,4,uncertain,2,0,,0,False,0.000,[]
773,25.767,47,0.575,0.587,0.128,0.799,0.113,0.971,0.890,0.934,0.872,0.600,True,True,4,visible,20,0,,1,False,0.000,[737]
774,25.800,49,0.391,0.608,0.017,0.989,0.089,0.999,0.974,0.999,0.997,0.400,True,True,4,visible,54,0,,0,False,0.000,[]
774,25.800,53,0.899,0.926,0.504,0.891,0.133,0.982,0.782,0.930,0.778,0.800,True,True,4,visible,28,0,,0,False,0.000,[]
774,25.800,54,0.953,0.964,0.555,0.954,0.140,0.990,0.934,0.970,0.919,0.800,True,True,4,visible,3,0,,0,False,0.000,[]
774,25.800,47,0.575,0.587,0.128,0.799,0.113,0.971,0.890,0.934,0.872,0.600,True,True,4,visible,21,0,,1,False,0.000,[737]
775,25.833,49,0.391,0.608,0.017,0.989,0.089,0.999,0.974,0.999,0.997,0.400,True,True,4,visible,55,0,,0,False,0.000,[]
775,25.833,53,0.899,0.926,0.504,0.891,0.133,0.982,0.782,0.930,0.778,0.800,True,True,4,visible,29,0,,0,False,0.000,[]
775,25.833,54,0.953,0.964,0.555,0.954,0.140,0.990,0.934,0.970,0.919,0.800,True,True,4,visible,4,0,,0,False,0.000,[]
775,25.833,47,0.575,0.587,0.128,0.799,0.113,0.971,0.890,0.934,0.872,0.600,True,True,4,visible,22,0,,1,False,0.000,[737]
776,25.867,49,0.377,0.593,0.026,0.983,0.108,0.997,0.956,0.997,0.989,0.400,True,True,4,visible,56,0,,0,False,0.000,[]
776,25.867,53,0.890,0.917,0.482,0.890,0.139,0.982,0.790,0.927,0.776,0.800,True,True,4,visible,30,0,,0,False,0.000,[]
776,25.867,54,0.954,0.963,0.586,0.948,0.150,0.988,0.936,0.955,0.896,0.800,True,True,4,visible,5,0,,0,False,0.000,[]
776,25.867,47,0.727,0.761,0.186,0.858,0.101,0.983,0.881,0.957,0.885,0.600,True,True,4,visible,23,0,,1,False,0.000,[737]
777,25.900,49,0.377,0.593,0.026,0.983,0.108,0.997,0.956,0.997,0.989,0.400,True,True,4,visible,57,0,,0,False,0.000,[]
777,25.900,53,0.890,0.917,0.482,0.890,0.139,0.982,0.790,0.928,0.777,0.800,True,True,4,visible,31,0,,0,False,0.000,[]
777,25.900,54,0.955,0.963,0.586,0.948,0.150,0.988,0.936,0.955,0.896,0.800,True,True,4,visible,6,0,,0,False,0.000,[]
777,25.900,47,0.727,0.761,0.186,0.858,0.101,0.983,0.881,0.957,0.885,0.600,True,True,4,visible,24,0,,1,False,0.000,[737]
778,25.933,49,0.377,0.593,0.026,0.983,0.108,0.997,0.956,0.997,0.989,0.400,True,True,4,visible,58,0,,0,False,0.000,[]
778,25.933,53,0.890,0.917,0.482,0.890,0.139,0.982,0.790,0.928,0.777,0.800,True,True,4,visible,32,0,,0,False,0.000,[]
778,25.933,54,0.955,0.963,0.586,0.948,0.150,0.988,0.936,0.955,0.896,0.800,True,True,4,visible,7,0,,0,False,0.000,[]
778,25.933,47,0.727,0.761,0.186,0.858,0.101,0.983,0.881,0.957,0.885,0.600,True,True,4,visible,25,0,,1,False,0.000,[737]
779,25.967,49,0.377,0.593,0.026,0.983,0.108,0.997,0.956,0.997,0.989,0.400,True,True,4,visible,59,0,,0,False,0.000,[]
779,25.967,53,0.890,0.917,0.482,0.890,0.139,0.982,0.790,0.928,0.777,0.800,True,True,4,visible,33,0,,0,False,0.000,[]
779,25.967,54,0.955,0.963,0.586,0.948,0.150,0.988,0.936,0.955,0.896,0.800,True,True,4,visible,8,0,,0,False,0.000,[]
779,25.967,47,0.727,0.761,0.186,0.858,0.101,0.983,0.881,0.957,0.885,0.600,True,True,4,visible,26,0,,1,False,0.000,[737]
780,26.000,49,0.316,0.557,0.013,0.991,0.090,0.999,0.973,1.000,0.998,0.400,True,True,4,visible,60,0,,0,False,0.000,[]
780,26.000,53,0.853,0.909,0.384,0.883,0.056,0.970,0.841,0.865,0.722,0.600,True,True,4,visible,34,0,,0,False,0.000,[]
780,26.000,54,0.941,0.956,0.490,0.960,0.148,0.992,0.938,0.971,0.916,0.800,True,True,4,visible,9,0,,0,False,0.000,[]
780,26.000,47,0.336,0.348,0.049,0.829,0.137,0.982,0.935,0.967,0.939,0.200,False,True,4,visible,0,1,,1,False,0.000,[737]
781,26.033,49,0.316,0.557,0.013,0.991,0.090,0.999,0.973,1.000,0.998,0.400,True,True,4,visible,61,0,,0,False,0.000,[]
781,26.033,53,0.853,0.910,0.384,0.883,0.056,0.970,0.842,0.865,0.722,0.600,True,True,4,visible,35,0,,0,False,0.000,[]
781,26.033,54,0.941,0.957,0.490,0.960,0.148,0.992,0.938,0.971,0.916,0.800,True,True,4,visible,10,0,,0,False,0.000,[]
781,26.033,47,0.337,0.349,0.049,0.829,0.137,0.982,0.935,0.967,0.939,0.200,False,True,4,visible,0,2,,1,False,0.000,[737]
782,26.067,49,0.316,0.557,0.013,0.991,0.090,0.999,0.973,1.000,0.998,0.400,True,True,4,visible,62,0,,0,False,0.000,[]
782,26.067,53,0.853,0.910,0.384,0.883,0.056,0.970,0.842,0.865,0.722,0.600,True,True,4,visible,36,0,,0,False,0.000,[]
782,26.067,54,0.941,0.957,0.490,0.960,0.148,0.992,0.938,0.971,0.916,0.800,True,True,4,visible,11,0,,0,False,0.000,[]
782,26.067,47,0.337,0.349,0.049,0.829,0.137,0.982,0.935,0.967,0.939,0.200,False,True,4,visible,0,3,,1,False,0.000,[737]
783,26.100,49,0.316,0.557,0.013,0.991,0.090,0.999,0.973,1.000,0.998,0.400,True,True,4,visible,63,0,,0,False,0.000,[]
783,26.100,53,0.853,0.910,0.384,0.883,0.056,0.970,0.842,0.865,0.722,0.600,True,True,4,visible,37,0,,0,False,0.000,[]
783,26.100,54,0.941,0.957,0.490,0.960,0.148,0.992,0.938,0.971,0.916,0.800,True,True,4,visible,12,0,,0,False,0.000,[]
783,26.100,47,0.337,0.349,0.049,0.829,0.137,0.982,0.935,0.967,0.939,0.200,False,True,4,visible,0,4,,1,False,0.000,[737]
784,26.133,49,0.259,0.472,0.010,0.989,0.100,0.999,0.976,1.000,0.998,0.400,True,True,4,visible,64,0,,0,False,0.000,[]
784,26.133,53,0.914,0.950,0.557,0.908,0.081,0.972,0.860,0.836,0.687,0.800,True,True,4,visible,38,0,,0,False,0.000,[]
784,26.133,54,0.953,0.966,0.562,0.959,0.146,0.991,0.935,0.962,0.897,0.800,True,True,4,visible,13,0,,0,False,0.000,[]
784,26.133,47,0.207,0.212,0.029,0.792,0.140,0.975,0.926,0.956,0.925,0.200,False,True,4,hidden,0,5,head_turn_away,2,False,0.000,"[737, 784]"
785,26.167,49,0.259,0.472,0.010,0.989,0.100,0.999,0.976,1.000,0.998,0.400,True,True,4,visible,65,0,,0,False,0.000,[]
785,26.167,53,0.914,0.950,0.557,0.908,0.081,0.972,0.860,0.836,0.687,0.800,True,True,4,visible,39,0,,0,False,0.000,[]
785,26.167,54,0.953,0.966,0.562,0.959,0.146,0.991,0.935,0.962,0.897,0.800,True,True,4,visible,14,0,,0,False,0.000,[]
785,26.167,47,0.207,0.212,0.029,0.792,0.140,0.975,0.926,0.956,0.925,0.200,False,True,4,hidden,0,6,,2,False,0.000,"[737, 784]"
786,26.200,49,0.259,0.472,0.010,0.989,0.100,0.999,0.976,1.000,0.998,0.400,True,True,4,visible,66,0,,0,False,0.000,[]
786,26.200,53,0.914,0.950,0.557,0.908,0.081,0.972,0.860,0.836,0.687,0.800,True,True,4,visible,40,0,,0,False,0.000,[]
786,26.200,54,0.953,0.966,0.562,0.959,0.146,0.991,0.935,0.962,0.897,0.800,True,True,4,visible,15,0,,0,False,0.000,[]
786,26.200,47,0.207,0.212,0.029,0.792,0.140,0.975,0.926,0.956,0.925,0.200,False,True,4,hidden,0,7,,2,False,0.000,"[737, 784]"
787,26.233,49,0.259,0.472,0.010,0.989,0.100,0.999,0.976,1.000,0.998,0.400,True,True,4,visible,67,0,,0,False,0.000,[]
787,26.233,53,0.914,0.950,0.557,0.908,0.081,0.972,0.860,0.836,0.687,0.800,True,True,4,visible,41,0,,0,False,0.000,[]
787,26.233,54,0.953,0.966,0.562,0.959,0.146,0.991,0.935,0.962,0.897,0.800,True,True,4,visible,16,0,,0,False,0.000,[]
787,26.233,47,0.207,0.212,0.029,0.792,0.140,0.975,0.926,0.956,0.925,0.200,False,True,4,hidden,0,8,,2,False,0.000,"[737, 784]"
788,26.267,49,0.259,0.472,0.010,0.989,0.100,0.999,0.976,1.000,0.998,0.400,True,True,4,visible,68,0,,0,False,0.000,[]
788,26.267,53,0.914,0.950,0.557,0.908,0.081,0.972,0.860,0.836,0.687,0.800,True,True,4,visible,42,0,,0,False,0.000,[]
788,26.267,54,0.953,0.966,0.562,0.959,0.146,0.991,0.935,0.962,0.897,0.800,True,True,4,visible,17,0,,0,False,0.000,[]
788,26.267,47,0.207,0.212,0.029,0.792,0.140,0.975,0.926,0.956,0.925,0.200,False,True,4,hidden,0,9,,2,False,0.000,"[737, 784]"
789,26.300,49,0.258,0.470,0.010,0.989,0.097,0.999,0.973,1.000,0.997,0.400,True,True,4,visible,69,0,,0,False,0.000,[]
789,26.300,54,0.963,0.971,0.636,0.953,0.155,0.989,0.935,0.947,0.874,0.800,True,True,4,visible,18,0,,0,False,0.000,[]
789,26.300,47,0.257,0.261,0.037,0.802,0.141,0.978,0.930,0.964,0.936,0.200,False,True,4,hidden,0,10,,2,False,0.000,"[737, 784]"
790,26.333,49,0.259,0.470,0.010,0.989,0.097,0.999,0.973,1.000,0.997,0.400,True,True,4,visible,70,0,,0,False,0.000,[]
790,26.333,54,0.963,0.971,0.636,0.953,0.155,0.989,0.935,0.947,0.874,0.800,True,True,4,visible,19,0,,0,False,0.000,[]
790,26.333,47,0.257,0.261,0.037,0.802,0.141,0.978,0.930,0.964,0.936,0.200,False,True,4,hidden,0,11,,2,False,0.000,"[737, 784]"
790,26.333,55,0.748,0.845,0.370,0.779,0.078,0.967,0.786,0.958,0.883,0.600,True,True,4,uncertain,1,0,,0,False,0.000,[]
791,26.367,49,0.259,0.470,0.010,0.989,0.097,0.999,0.973,1.000,0.997,0.400,True,True,4,visible,71,0,,0,False,0.000,[]
791,26.367,54,0.963,0.971,0.636,0.953,0.155,0.989,0.935,0.947,0.874,0.800,True,True,4,visible,20,0,,0,False,0.000,[]
791,26.367,47,0.257,0.261,0.037,0.802,0.141,0.978,0.930,0.964,0.936,0.200,False,True,4,hidden,0,12,,2,False,0.000,"[737, 784]"
791,26.367,55,0.748,0.845,0.370,0.779,0.078,0.967,0.786,0.958,0.883,0.600,True,True,4,uncertain,2,0,,0,False,0.000,[]
792,26.400,49,0.259,0.470,0.010,0.989,0.097,0.999,0.973,1.000,0.997,0.400,True,True,4,visible,72,0,,0,False,0.000,[]
792,26.400,54,0.963,0.971,0.636,0.953,0.155,0.989,0.935,0.947,0.874,0.800,True,True,4,visible,21,0,,0,False,0.000,[]
792,26.400,47,0.257,0.261,0.037,0.802,0.141,0.978,0.930,0.964,0.936,0.200,False,True,4,hidden,0,13,,2,False,0.000,"[737, 784]"
792,26.400,55,0.748,0.845,0.370,0.779,0.078,0.967,0.786,0.958,0.883,0.600,True,True,4,visible,3,0,,0,False,0.000,[]
793,26.433,49,0.267,0.474,0.011,0.988,0.102,0.999,0.974,0.999,0.997,0.400,True,True,4,visible,73,0,,0,False,0.000,[]
793,26.433,54,0.961,0.972,0.611,0.954,0.142,0.989,0.931,0.948,0.874,0.800,True,True,4,visible,22,0,,0,False,0.000,[]
793,26.433,47,0.291,0.302,0.041,0.856,0.170,0.986,0.949,0.973,0.950,0.200,False,True,4,hidden,0,14,,2,False,0.000,"[737, 784]"
793,26.433,53,0.906,0.946,0.424,0.938,0.055,0.981,0.880,0.909,0.788,0.800,True,True,4,visible,43,0,,0,False,0.000,[]
794,26.467,49,0.267,0.474,0.011,0.988,0.102,0.999,0.974,0.999,0.997,0.400,True,True,4,visible,74,0,,0,False,0.000,[]
794,26.467,54,0.961,0.972,0.611,0.954,0.142,0.989,0.931,0.948,0.874,0.800,True,True,4,visible,23,0,,0,False,0.000,[]
794,26.467,47,0.291,0.303,0.041,0.856,0.170,0.986,0.949,0.973,0.950,0.200,False,True,4,hidden,0,15,,2,False,0.000,"[737, 784]"
794,26.467,53,0.906,0.946,0.424,0.938,0.055,0.981,0.880,0.909,0.788,0.800,True,True,4,visible,44,0,,0,False,0.000,[]
795,26.500,49,0.267,0.474,0.011,0.988,0.102,0.999,0.974,0.999,0.997,0.400,True,True,4,visible,75,0,,0,False,0.000,[]
795,26.500,54,0.961,0.972,0.611,0.954,0.142,0.989,0.931,0.948,0.874,0.800,True,True,4,visible,24,0,,0,False,0.000,[]
795,26.500,47,0.291,0.303,0.041,0.856,0.170,0.986,0.949,0.973,0.950,0.200,False,True,4,hidden,0,16,,2,False,0.000,"[737, 784]"
795,26.500,53,0.906,0.946,0.424,0.938,0.055,0.981,0.880,0.909,0.788,0.800,True,True,4,visible,45,0,,0,False,0.000,[]
796,26.533,49,0.267,0.474,0.011,0.988,0.102,0.999,0.974,0.999,0.997,0.400,True,True,4,visible,76,0,,0,False,0.000,[]
796,26.533,54,0.961,0.972,0.611,0.954,0.142,0.989,0.931,0.948,0.874,0.800,True,True,4,visible,25,0,,0,False,0.000,[]
796,26.533,47,0.291,0.303,0.041,0.856,0.170,0.986,0.949,0.973,0.950,0.200,False,True,4,hidden,0,17,,2,False,0.000,"[737, 784]"
796,26.533,53,0.906,0.946,0.424,0.938,0.055,0.981,0.880,0.909,0.788,0.800,True,True,4,visible,46,0,,0,False,0.000,[]
797,26.567,49,0.244,0.478,0.009,0.990,0.083,0.999,0.965,0.999,0.996,0.400,True,True,4,visible,77,0,,0,False,0.000,[]
797,26.567,54,0.958,0.972,0.628,0.956,0.168,0.984,0.930,0.904,0.814,0.800,True,True,4,visible,26,0,,0,False,0.000,[]
797,26.567,47,0.208,0.245,0.026,0.868,0.151,0.986,0.926,0.968,0.928,0.200,False,True,4,hidden,0,18,,2,False,0.000,"[737, 784]"
797,26.567,53,0.908,0.947,0.425,0.932,0.052,0.978,0.871,0.879,0.742,0.800,True,True,4,visible,47,0,,0,False,0.000,[]
798,26.600,49,0.243,0.477,0.009,0.990,0.084,0.999,0.966,0.999,0.996,0.400,True,True,4,visible,78,0,,0,False,0.000,[]
798,26.600,54,0.958,0.972,0.627,0.956,0.168,0.984,0.930,0.904,0.814,0.800,True,True,4,visible,27,0,,0,False,0.000,[]
798,26.600,47,0.209,0.246,0.026,0.869,0.151,0.986,0.926,0.968,0.929,0.200,False,True,4,hidden,0,19,,2,False,0.000,"[737, 784]"
798,26.600,53,0.908,0.947,0.424,0.932,0.051,0.978,0.872,0.879,0.743,0.800,True,True,4,visible,48,0,,0,False,0.000,[]
799,26.633,49,0.243,0.477,0.009,0.990,0.084,0.999,0.966,0.999,0.996,0.400,True,True,4,visible,79,0,,0,False,0.000,[]
799,26.633,54,0.958,0.972,0.627,0.956,0.168,0.984,0.930,0.904,0.814,0.800,True,True,4,visible,28,0,,0,False,0.000,[]
799,26.633,47,0.209,0.246,0.026,0.869,0.151,0.986,0.926,0.968,0.929,0.200,False,True,4,hidden,0,20,,2,False,0.000,"[737, 784]"
799,26.633,53,0.908,0.947,0.424,0.932,0.051,0.978,0.872,0.879,0.743,0.800,True,True,4,visible,49,0,,0,False,0.000,[]
800,26.667,49,0.243,0.477,0.009,0.990,0.084,0.999,0.966,0.999,0.996,0.400,True,True,4,visible,80,0,,0,False,0.000,[]
800,26.667,54,0.958,0.972,0.627,0.956,0.168,0.984,0.930,0.904,0.814,0.800,True,True,4,visible,29,0,,0,False,0.000,[]
800,26.667,47,0.209,0.246,0.026,0.869,0.151,0.986,0.926,0.968,0.929,0.200,False,True,4,hidden,0,21,,2,False,0.000,"[737, 784]"
800,26.667,53,0.908,0.947,0.424,0.932,0.051,0.978,0.872,0.879,0.743,0.800,True,True,4,visible,50,0,,0,False,0.000,[]
801,26.700,49,0.238,0.454,0.009,0.989,0.100,0.999,0.971,0.999,0.996,0.400,True,True,4,visible,81,0,,0,False,0.000,[]
801,26.700,54,0.952,0.970,0.581,0.958,0.158,0.985,0.925,0.914,0.820,0.800,True,True,4,visible,30,0,,0,False,0.000,[]
801,26.700,47,0.407,0.404,0.072,0.802,0.131,0.977,0.941,0.971,0.953,0.600,True,True,4,hidden,1,0,,2,False,0.000,"[737, 784]"
801,26.700,55,0.766,0.860,0.362,0.815,0.072,0.973,0.800,0.962,0.888,0.600,True,True,4,visible,4,0,,0,False,0.000,[]
802,26.733,49,0.238,0.454,0.009,0.989,0.100,0.999,0.971,0.999,0.996,0.400,True,True,4,visible,82,0,,0,False,0.000,[]
802,26.733,54,0.952,0.970,0.581,0.958,0.158,0.985,0.925,0.914,0.820,0.800,True,True,4,visible,31,0,,0,False,0.000,[]
802,26.733,47,0.407,0.404,0.072,0.802,0.131,0.977,0.941,0.971,0.953,0.600,True,True,4,hidden,2,0,,2,False,0.000,"[737, 784]"
802,26.733,55,0.766,0.860,0.362,0.815,0.072,0.973,0.800,0.962,0.888,0.600,True,True,4,visible,5,0,,0,False,0.000,[]
803,26.767,49,0.238,0.454,0.009,0.989,0.100,0.999,0.971,0.999,0.996,0.400,True,True,4,visible,83,0,,0,False,0.000,[]
803,26.767,54,0.952,0.970,0.581,0.958,0.158,0.985,0.925,0.914,0.820,0.800,True,True,4,visible,32,0,,0,False,0.000,[]
803,26.767,47,0.407,0.404,0.072,0.802,0.131,0.977,0.941,0.971,0.953,0.600,True,True,4,visible,3,0,,2,False,0.000,"[737, 784]"
803,26.767,55,0.766,0.860,0.362,0.815,0.072,0.973,0.800,0.962,0.888,0.600,True,True,4,visible,6,0,,0,False,0.000,[]
804,26.800,49,0.238,0.454,0.009,0.989,0.100,0.999,0.971,0.999,0.996,0.400,True,True,4,visible,84,0,,0,False,0.000,[]
804,26.800,54,0.952,0.970,0.581,0.958,0.158,0.985,0.925,0.914,0.820,0.800,True,True,4,visible,33,0,,0,False,0.000,[]
804,26.800,47,0.407,0.404,0.072,0.802,0.131,0.977,0.941,0.971,0.953,0.600,True,True,4,visible,4,0,,2,False,0.000,"[737, 784]"
804,26.800,55,0.766,0.860,0.362,0.815,0.072,0.973,0.800,0.962,0.888,0.600,True,True,4,visible,7,0,,0,False,0.000,[]
805,26.833,49,0.238,0.454,0.009,0.989,0.100,0.999,0.971,0.999,0.996,0.400,True,True,4,visible,85,0,,0,False,0.000,[]
805,26.833,54,0.952,0.970,0.581,0.958,0.158,0.985,0.925,0.914,0.820,0.800,True,True,4,visible,34,0,,0,False,0.000,[]
805,26.833,47,0.407,0.404,0.072,0.802,0.131,0.977,0.941,0.971,0.953,0.600,True,True,4,visible,5,0,,2,False,0.000,"[737, 784]"
805,26.833,55,0.766,0.860,0.362,0.815,0.072,0.973,0.800,0.962,0.888,0.600,True,True,4,visible,8,0,,0,False,0.000,[]
806,26.867,49,0.263,0.445,0.012,0.986,0.127,0.999,0.977,0.999,0.997,0.400,True,True,4,visible,86,0,,0,False,0.000,[]
806,26.867,54,0.954,0.971,0.587,0.958,0.150,0.984,0.919,0.905,0.798,0.800,True,True,4,visible,35,0,,0,False,0.000,[]
806,26.867,47,0.343,0.360,0.052,0.855,0.166,0.985,0.942,0.971,0.943,0.200,False,True,4,visible,0,1,,2,False,0.000,"[737, 784]"
806,26.867,55,0.734,0.840,0.335,0.791,0.066,0.968,0.779,0.958,0.879,0.600,True,True,4,visible,9,0,,0,False,0.000,[]
807,26.900,49,0.263,0.445,0.012,0.986,0.126,0.999,0.977,0.999,0.997,0.400,True,True,4,visible,87,0,,0,False,0.000,[]
807,26.900,54,0.954,0.971,0.587,0.958,0.150,0.984,0.919,0.905,0.798,0.800,True,True,4,visible,36,0,,0,False,0.000,[]
807,26.900,47,0.343,0.361,0.052,0.855,0.166,0.985,0.942,0.971,0.943,0.200,False,True,4,visible,0,2,,2,False,0.000,"[737, 784]"
807,26.900,55,0.734,0.840,0.335,0.791,0.066,0.968,0.779,0.958,0.879,0.600,True,True,4,visible,10,0,,0,False,0.000,[]
808,26.933,49,0.263,0.445,0.012,0.986,0.126,0.999,0.977,0.999,0.997,0.400,True,True,4,visible,88,0,,0,False,0.000,[]
808,26.933,54,0.954,0.971,0.587,0.958,0.150,0.984,0.919,0.905,0.798,0.800,True,True,4,visible,37,0,,0,False,0.000,[]
808,26.933,47,0.343,0.361,0.052,0.855,0.166,0.985,0.942,0.971,0.943,0.200,False,True,4,visible,0,3,,2,False,0.000,"[737, 784]"
808,26.933,55,0.734,0.840,0.335,0.791,0.066,0.968,0.779,0.958,0.879,0.600,True,True,4,visible,11,0,,0,False,0.000,[]
809,26.967,49,0.263,0.445,0.012,0.986,0.126,0.999,0.977,0.999,0.997,0.400,True,True,4,visible,89,0,,0,False,0.000,[]
809,26.967,54,0.954,0.971,0.587,0.958,0.150,0.984,0.919,0.905,0.798,0.800,True,True,4,visible,38,0,,0,False,0.000,[]
809,26.967,47,0.343,0.361,0.052,0.855,0.166,0.985,0.942,0.971,0.943,0.200,False,True,4,visible,0,4,,2,False,0.000,"[737, 784]"
809,26.967,55,0.734,0.840,0.335,0.791,0.066,0.968,0.779,0.958,0.879,0.600,True,True,4,visible,12,0,,0,False,0.000,[]
810,27.000,49,0.345,0.529,0.017,0.987,0.127,0.999,0.979,0.999,0.997,0.400,True,True,4,visible,90,0,,0,False,0.000,[]
810,27.000,54,0.938,0.954,0.514,0.943,0.160,0.985,0.923,0.948,0.875,0.800,True,True,4,visible,39,0,,0,False,0.000,[]
810,27.000,47,0.134,0.100,0.027,0.736,0.288,0.969,0.970,0.957,0.958,0.200,False,True,4,hidden,0,5,head_turn_away,3,False,0.000,"[737, 784, 810]"
810,27.000,55,0.751,0.846,0.371,0.784,0.076,0.959,0.754,0.927,0.816,0.600,True,True,4,visible,13,0,,0,False,0.000,[]
811,27.033,49,0.345,0.528,0.017,0.987,0.127,0.999,0.979,0.999,0.997,0.400,True,True,4,visible,91,0,,0,False,0.000,[]
811,27.033,54,0.938,0.954,0.514,0.943,0.160,0.985,0.923,0.948,0.875,0.800,True,True,4,visible,40,0,,0,False,0.000,[]
811,27.033,47,0.134,0.100,0.027,0.736,0.288,0.969,0.970,0.957,0.958,0.200,False,True,4,hidden,0,6,,3,False,0.000,"[737, 784, 810]"
811,27.033,55,0.750,0.846,0.371,0.784,0.076,0.959,0.754,0.927,0.816,0.600,True,True,4,visible,14,0,,0,False,0.000,[]
812,27.067,49,0.343,0.528,0.017,0.987,0.126,0.999,0.979,0.999,0.997,0.400,True,True,4,visible,92,0,,0,False,0.000,[]
812,27.067,54,0.938,0.954,0.514,0.943,0.159,0.985,0.923,0.948,0.876,0.800,True,True,4,visible,41,0,,0,False,0.000,[]
812,27.067,47,0.134,0.100,0.027,0.735,0.288,0.969,0.970,0.956,0.958,0.200,False,True,4,hidden,0,7,,3,False,0.000,"[737, 784, 810]"
812,27.067,55,0.750,0.846,0.371,0.784,0.076,0.959,0.754,0.927,0.816,0.600,True,True,4,visible,15,0,,0,False,0.000,[]
813,27.100,49,0.343,0.528,0.017,0.987,0.126,0.999,0.979,0.999,0.997,0.400,True,True,4,visible,93,0,,0,False,0.000,[]
813,27.100,54,0.938,0.954,0.514,0.943,0.159,0.985,0.923,0.948,0.876,0.800,True,True,4,visible,42,0,,0,False,0.000,[]
813,27.100,47,0.134,0.100,0.027,0.735,0.288,0.969,0.970,0.956,0.958,0.200,False,True,4,hidden,0,8,,3,False,0.000,"[737, 784, 810]"
813,27.100,55,0.750,0.846,0.371,0.784,0.076,0.959,0.754,0.927,0.816,0.600,True,True,4,visible,16,0,,0,False,0.000,[]
814,27.133,49,0.370,0.542,0.019,0.985,0.115,0.999,0.979,0.999,0.998,0.400,True,True,4,visible,94,0,,0,False,0.000,[]
814,27.133,54,0.939,0.954,0.525,0.942,0.161,0.984,0.921,0.944,0.868,0.800,True,True,4,visible,43,0,,0,False,0.000,[]
814,27.133,47,0.112,0.091,0.020,0.749,0.245,0.970,0.962,0.954,0.950,0.200,False,True,4,hidden,0,9,,3,False,0.000,"[737, 784, 810]"
814,27.133,55,0.724,0.828,0.328,0.779,0.068,0.958,0.749,0.929,0.821,0.600,True,True,4,visible,17,0,,0,False,0.000,[]
815,27.167,49,0.370,0.541,0.019,0.985,0.116,0.999,0.979,0.999,0.998,0.400,True,True,4,visible,95,0,,0,False,0.000,[]
815,27.167,54,0.939,0.954,0.524,0.941,0.161,0.984,0.921,0.942,0.864,0.800,True,True,4,visible,44,0,,0,False,0.000,[]
815,27.167,47,0.111,0.090,0.020,0.747,0.245,0.970,0.962,0.955,0.951,0.200,False,True,4,hidden,0,10,,3,False,0.000,"[737, 784, 810]"
815,27.167,55,0.724,0.828,0.328,0.779,0.068,0.958,0.749,0.929,0.821,0.600,True,True,4,visible,18,0,,0,False,0.000,[]
816,27.200,49,0.370,0.542,0.019,0.985,0.115,0.999,0.979,0.999,0.998,0.400,True,True,4,visible,96,0,,0,False,0.000,[]
816,27.200,54,0.939,0.954,0.524,0.941,0.161,0.984,0.921,0.942,0.864,0.800,True,True,4,visible,45,0,,0,False,0.000,[]
816,27.200,47,0.111,0.090,0.020,0.747,0.245,0.970,0.962,0.955,0.951,0.200,False,True,4,hidden,0,11,,3,False,0.000,"[737, 784, 810]"
816,27.200,55,0.724,0.829,0.328,0.779,0.068,0.958,0.749,0.929,0.821,0.600,True,True,4,visible,19,0,,0,False,0.000,[]
817,27.233,49,0.368,0.540,0.019,0.985,0.115,0.999,0.979,0.999,0.998,0.400,True,True,4,visible,97,0,,0,False,0.000,[]
817,27.233,54,0.939,0.954,0.524,0.941,0.161,0.984,0.921,0.942,0.864,0.800,True,True,4,visible,46,0,,0,False,0.000,[]
817,27.233,47,0.111,0.090,0.020,0.747,0.245,0.970,0.962,0.955,0.951,0.200,False,True,4,hidden,0,12,,3,False,0.000,"[737, 784, 810]"
817,27.233,55,0.724,0.828,0.328,0.779,0.068,0.958,0.749,0.929,0.821,0.600,True,True,4,visible,20,0,,0,False,0.000,[]
818,27.267,49,0.370,0.541,0.019,0.985,0.115,0.999,0.979,0.999,0.998,0.400,True,True,4,visible,98,0,,0,False,0.000,[]
818,27.267,54,0.939,0.954,0.524,0.941,0.161,0.984,0.921,0.942,0.864,0.800,True,True,4,visible,47,0,,0,False,0.000,[]
818,27.267,47,0.111,0.090,0.020,0.747,0.245,0.970,0.962,0.955,0.951,0.200,False,True,4,hidden,0,13,,3,False,0.000,"[737, 784, 810]"
818,27.267,55,0.724,0.828,0.328,0.779,0.068,0.958,0.749,0.929,0.821,0.600,True,True,4,visible,21,0,,0,False,0.000,[]
819,27.300,49,0.300,0.471,0.015,0.984,0.132,0.999,0.976,0.999,0.997,0.400,True,True,4,visible,99,0,,0,False,0.000,[]
819,27.300,54,0.938,0.957,0.463,0.959,0.139,0.991,0.927,0.959,0.886,0.800,True,True,4,visible,48,0,,0,False,0.000,[]
819,27.300,47,0.141,0.172,0.013,0.884,0.138,0.989,0.929,0.951,0.887,0.200,False,True,4,hidden,0,14,,3,False,0.000,"[737, 784, 810]"
819,27.300,55,0.933,0.931,0.715,0.803,0.230,0.986,0.829,0.964,0.873,0.800,True,True,4,visible,22,0,,0,False,0.000,[]
820,27.333,49,0.299,0.470,0.015,0.984,0.132,0.999,0.976,0.999,0.997,0.400,True,True,4,visible,100,0,,0,False,0.000,[]
820,27.333,54,0.938,0.957,0.463,0.959,0.139,0.991,0.927,0.959,0.885,0.800,True,True,4,visible,49,0,,0,False,0.000,[]
820,27.333,47,0.141,0.173,0.013,0.885,0.138,0.989,0.927,0.950,0.884,0.200,False,True,4,hidden,0,15,,3,False,0.000,"[737, 784, 810]"
820,27.333,55,0.933,0.931,0.714,0.803,0.230,0.986,0.829,0.964,0.873,0.800,True,True,4,visible,23,0,,0,False,0.000,[]
821,27.367,49,0.299,0.470,0.015,0.984,0.132,0.999,0.976,0.999,0.997,0.400,True,True,4,visible,101,0,,0,False,0.000,[]
821,27.367,54,0.938,0.957,0.463,0.959,0.139,0.991,0.927,0.959,0.885,0.800,True,True,4,visible,50,0,,0,False,0.000,[]
821,27.367,47,0.141,0.173,0.013,0.885,0.138,0.989,0.927,0.950,0.884,0.200,False,True,4,hidden,0,16,,3,False,0.000,"[737, 784, 810]"
821,27.367,55,0.933,0.931,0.714,0.803,0.230,0.986,0.829,0.964,0.873,0.800,True,True,4,visible,24,0,,0,False,0.000,[]
822,27.400,49,0.299,0.470,0.015,0.984,0.132,0.999,0.976,0.999,0.997,0.400,True,True,4,visible,102,0,,0,False,0.000,[]
822,27.400,54,0.938,0.957,0.463,0.959,0.139,0.991,0.927,0.959,0.885,0.800,True,True,4,visible,51,0,,0,False,0.000,[]
822,27.400,47,0.141,0.173,0.013,0.885,0.138,0.989,0.927,0.950,0.884,0.200,False,True,4,hidden,0,17,,3,False,0.000,"[737, 784, 810]"
822,27.400,55,0.933,0.931,0.714,0.803,0.230,0.986,0.829,0.964,0.873,0.800,True,True,4,visible,25,0,,0,False,0.000,[]
823,27.433,49,0.320,0.506,0.017,0.985,0.129,0.999,0.972,0.999,0.995,0.400,True,True,4,visible,103,0,,0,False,0.000,[]
823,27.433,54,0.903,0.923,0.341,0.960,0.170,0.992,0.964,0.955,0.913,0.600,True,True,4,visible,52,0,,0,False,0.000,[]
823,27.433,47,0.237,0.314,0.023,0.901,0.132,0.988,0.880,0.921,0.781,0.200,False,True,4,hidden,0,18,,3,False,0.000,"[737, 784, 810]"
824,27.467,49,0.321,0.506,0.017,0.985,0.129,0.999,0.972,0.999,0.995,0.400,True,True,4,visible,104,0,,0,False,0.000,[]
824,27.467,54,0.902,0.922,0.339,0.960,0.170,0.992,0.964,0.955,0.913,0.600,True,True,4,visible,53,0,,0,False,0.000,[]
824,27.467,47,0.237,0.315,0.023,0.901,0.131,0.988,0.880,0.922,0.780,0.200,False,True,4,hidden,0,19,,3,False,0.000,"[737, 784, 810]"
825,27.500,49,0.321,0.506,0.017,0.985,0.129,0.999,0.972,0.999,0.995,0.400,True,True,4,visible,105,0,,0,False,0.000,[]
825,27.500,54,0.902,0.922,0.339,0.960,0.170,0.992,0.964,0.955,0.913,0.600,True,True,4,visible,54,0,,0,False,0.000,[]
825,27.500,47,0.237,0.315,0.023,0.901,0.131,0.988,0.880,0.922,0.780,0.200,False,True,4,hidden,0,20,,3,False,0.000,"[737, 784, 810]"
826,27.533,49,0.321,0.506,0.017,0.985,0.129,0.999,0.972,0.999,0.995,0.400,True,True,4,visible,106,0,,0,False,0.000,[]
826,27.533,54,0.902,0.922,0.339,0.960,0.170,0.992,0.964,0.955,0.913,0.600,True,True,4,visible,55,0,,0,False,0.000,[]
826,27.533,47,0.237,0.315,0.023,0.901,0.131,0.988,0.880,0.922,0.780,0.200,False,True,4,hidden,0,21,,3,False,0.000,"[737, 784, 810]"
827,27.567,49,0.278,0.488,0.015,0.987,0.126,0.998,0.965,0.998,0.992,0.400,True,True,4,visible,107,0,,0,False,0.000,[]
827,27.567,54,0.871,0.913,0.272,0.957,0.127,0.990,0.901,0.927,0.786,0.600,True,True,4,visible,56,0,,0,False,0.000,[]
827,27.567,47,0.191,0.362,0.013,0.958,0.115,0.994,0.800,0.954,0.759,0.200,False,True,4,hidden,0,22,,3,False,0.000,"[737, 784, 810]"
828,27.600,49,0.277,0.487,0.015,0.987,0.126,0.998,0.965,0.998,0.992,0.400,True,True,4,visible,108,0,,0,False,0.000,[]
828,27.600,54,0.871,0.913,0.272,0.957,0.127,0.990,0.901,0.927,0.786,0.600,True,True,4,visible,57,0,,0,False,0.000,[]
828,27.600,47,0.191,0.362,0.013,0.958,0.115,0.994,0.800,0.954,0.759,0.200,False,True,4,hidden,0,23,,3,False,0.000,"[737, 784, 810]"
829,27.633,49,0.277,0.487,0.015,0.987,0.126,0.998,0.965,0.998,0.992,0.400,True,True,4,visible,109,0,,0,False,0.000,[]
829,27.633,54,0.871,0.913,0.272,0.957,0.127,0.990,0.901,0.927,0.786,0.600,True,True,4,visible,58,0,,0,False,0.000,[]
829,27.633,47,0.191,0.362,0.013,0.958,0.115,0.994,0.800,0.954,0.759,0.200,False,True,4,hidden,0,24,,3,False,0.000,"[737, 784, 810]"
830,27.667,49,0.277,0.487,0.015,0.987,0.126,0.998,0.965,0.998,0.992,0.400,True,True,4,visible,110,0,,0,False,0.000,[]
830,27.667,54,0.871,0.913,0.272,0.957,0.127,0.990,0.901,0.927,0.786,0.600,True,True,4,visible,59,0,,0,False,0.000,[]
830,27.667,47,0.191,0.362,0.013,0.958,0.115,0.994,0.800,0.954,0.759,0.200,False,True,4,hidden,0,25,,3,False,0.000,"[737, 784, 810]"
831,27.700,49,0.203,0.365,0.010,0.980,0.134,0.998,0.959,0.998,0.991,0.200,False,True,4,visible,0,1,,0,False,0.000,[]
831,27.700,54,0.845,0.897,0.222,0.958,0.121,0.990,0.906,0.914,0.763,0.600,True,True,4,visible,60,0,,0,False,0.000,[]
831,27.700,47,0.201,0.238,0.023,0.864,0.129,0.985,0.926,0.958,0.912,0.200,False,True,4,hidden,0,26,,3,False,0.000,"[737, 784, 810]"
832,27.733,49,0.204,0.366,0.010,0.980,0.134,0.998,0.959,0.998,0.991,0.200,False,True,4,visible,0,2,,0,False,0.000,[]
832,27.733,54,0.844,0.897,0.222,0.958,0.121,0.990,0.906,0.914,0.763,0.600,True,True,4,visible,61,0,,0,False,0.000,[]
832,27.733,47,0.202,0.238,0.023,0.864,0.129,0.985,0.926,0.958,0.912,0.200,False,True,4,hidden,0,27,,3,False,0.000,"[737, 784, 810]"
833,27.767,49,0.204,0.366,0.010,0.980,0.134,0.998,0.959,0.998,0.991,0.200,False,True,4,visible,0,3,,0,False,0.000,[]
833,27.767,54,0.844,0.897,0.222,0.958,0.121,0.990,0.906,0.914,0.763,0.600,True,True,4,visible,62,0,,0,False,0.000,[]
833,27.767,47,0.202,0.238,0.023,0.864,0.129,0.985,0.926,0.958,0.912,0.200,False,True,4,hidden,0,28,,3,False,0.000,"[737, 784, 810]"
834,27.800,49,0.204,0.366,0.010,0.980,0.134,0.998,0.959,0.998,0.991,0.200,False,True,4,visible,0,4,,0,False,0.000,[]
834,27.800,54,0.844,0.897,0.222,0.958,0.121,0.990,0.906,0.914,0.763,0.600,True,True,4,visible,63,0,,0,False,0.000,[]
834,27.800,47,0.202,0.238,0.023,0.864,0.129,0.985,0.926,0.958,0.912,0.200,False,True,4,hidden,0,29,,3,False,0.000,"[737, 784, 810]"
835,27.833,49,0.204,0.366,0.010,0.980,0.134,0.998,0.959,0.998,0.991,0.200,False,True,4,hidden,0,5,head_turn_away,1,False,0.000,[835]
835,27.833,54,0.844,0.897,0.222,0.958,0.121,0.990,0.906,0.914,0.763,0.600,True,True,4,visible,64,0,,0,False,0.000,[]
835,27.833,47,0.202,0.238,0.023,0.864,0.129,0.985,0.926,0.958,0.912,0.200,False,True,4,hidden,0,30,,3,False,0.000,"[737, 784, 810]"
836,27.867,49,0.320,0.566,0.018,0.987,0.123,0.998,0.955,0.998,0.991,0.400,True,True,4,hidden,1,0,,1,False,0.000,[835]
836,27.867,54,0.875,0.905,0.302,0.962,0.177,0.992,0.959,0.932,0.864,0.600,True,True,4,visible,65,0,,0,False,0.000,[]
836,27.867,47,0.695,0.735,0.168,0.869,0.108,0.977,0.914,0.938,0.885,0.600,True,True,4,hidden,1,0,,3,False,0.000,"[737, 784, 810]"
837,27.900,49,0.320,0.566,0.018,0.987,0.123,0.998,0.955,0.998,0.991,0.400,True,True,4,hidden,2,0,,1,False,0.000,[835]
837,27.900,54,0.875,0.905,0.302,0.962,0.177,0.992,0.959,0.932,0.864,0.600,True,True,4,visible,66,0,,0,False,0.000,[]
837,27.900,47,0.695,0.735,0.168,0.869,0.108,0.977,0.914,0.938,0.884,0.600,True,True,4,hidden,2,0,,3,False,0.000,"[737, 784, 810]"
838,27.933,49,0.320,0.566,0.018,0.987,0.123,0.998,0.955,0.998,0.991,0.400,True,True,4,visible,3,0,,1,False,0.000,[835]
838,27.933,54,0.875,0.905,0.302,0.962,0.177,0.992,0.959,0.932,0.864,0.600,True,True,4,visible,67,0,,0,False,0.000,[]
838,27.933,47,0.695,0.735,0.168,0.869,0.108,0.977,0.914,0.938,0.884,0.600,True,True,4,visible,3,0,,3,False,0.000,"[737, 784, 810]"
839,27.967,49,0.320,0.566,0.018,0.987,0.123,0.998,0.955,0.998,0.991,0.400,True,True,4,visible,4,0,,1,False,0.000,[835]
839,27.967,54,0.875,0.905,0.302,0.962,0.177,0.992,0.959,0.932,0.864,0.600,True,True,4,visible,68,0,,0,False,0.000,[]
839,27.967,47,0.695,0.735,0.168,0.869,0.108,0.977,0.914,0.938,0.884,0.600,True,True,4,visible,4,0,,3,False,0.000,"[737, 784, 810]"
840,28.000,49,0.239,0.469,0.009,0.986,0.104,0.999,0.957,0.999,0.995,0.400,True,True,4,visible,5,0,,1,False,0.000,[835]
840,28.000,54,0.836,0.872,0.220,0.950,0.139,0.991,0.956,0.939,0.885,0.600,True,True,4,visible,69,0,,0,False,0.000,[]
840,28.000,47,0.931,0.934,0.605,0.867,0.187,0.976,0.912,0.928,0.867,0.800,True,True,4,visible,5,0,,3,False,0.000,"[737, 784, 810]"
840,28.000,55,0.907,0.898,0.600,0.731,0.161,0.987,0.742,0.970,0.857,0.800,True,True,4,visible,26,0,,0,False,0.000,[]
841,28.033,49,0.238,0.469,0.009,0.986,0.104,0.999,0.957,0.999,0.995,0.400,True,True,4,visible,6,0,,1,False,0.000,[835]
841,28.033,54,0.836,0.872,0.220,0.950,0.139,0.991,0.956,0.939,0.885,0.600,True,True,4,visible,70,0,,0,False,0.000,[]
841,28.033,47,0.931,0.934,0.605,0.867,0.187,0.976,0.912,0.928,0.867,0.800,True,True,4,visible,6,0,,3,False,0.000,"[737, 784, 810]"
841,28.033,55,0.907,0.898,0.600,0.731,0.161,0.987,0.742,0.970,0.857,0.800,True,True,4,visible,27,0,,0,False,0.000,[]
842,28.067,49,0.238,0.469,0.009,0.986,0.104,0.999,0.957,0.999,0.995,0.400,True,True,4,visible,7,0,,1,False,0.000,[835]
842,28.067,54,0.836,0.872,0.220,0.950,0.139,0.991,0.956,0.939,0.885,0.600,True,True,4,visible,71,0,,0,False,0.000,[]
842,28.067,47,0.931,0.934,0.605,0.867,0.187,0.976,0.912,0.928,0.867,0.800,True,True,4,visible,7,0,,3,False,0.000,"[737, 784, 810]"
842,28.067,55,0.907,0.898,0.600,0.731,0.161,0.987,0.742,0.970,0.857,0.800,True,True,4,visible,28,0,,0,False,0.000,[]
843,28.100,49,0.238,0.469,0.009,0.986,0.104,0.999,0.957,0.999,0.995,0.400,True,True,4,visible,8,0,,1,False,0.000,[835]
843,28.100,54,0.836,0.872,0.220,0.950,0.139,0.991,0.956,0.939,0.885,0.600,True,True,4,visible,72,0,,0,False,0.000,[]
843,28.100,47,0.931,0.934,0.605,0.867,0.187,0.976,0.912,0.928,0.867,0.800,True,True,4,visible,8,0,,3,False,0.000,"[737, 784, 810]"
843,28.100,55,0.907,0.898,0.600,0.731,0.161,0.987,0.742,0.970,0.857,0.800,True,True,4,visible,29,0,,0,False,0.000,[]
844,28.133,49,0.214,0.441,0.008,0.987,0.092,0.999,0.957,0.999,0.996,0.400,True,True,4,visible,9,0,,1,False,0.000,[835]
844,28.133,54,0.862,0.887,0.264,0.951,0.174,0.993,0.949,0.930,0.846,0.600,True,True,4,visible,73,0,,0,False,0.000,[]
844,28.133,47,0.949,0.928,0.789,0.834,0.296,0.937,0.980,0.907,0.946,0.800,True,True,4,visible,9,0,,3,False,0.000,"[737, 784, 810]"
844,28.133,55,0.919,0.898,0.653,0.692,0.185,0.987,0.776,0.971,0.874,0.800,True,True,4,visible,30,0,,0,False,0.000,[]
845,28.167,49,0.214,0.441,0.008,0.987,0.092,0.999,0.957,0.999,0.996,0.400,True,True,4,visible,10,0,,1,False,0.000,[835]
845,28.167,54,0.862,0.887,0.264,0.951,0.174,0.993,0.949,0.930,0.846,0.600,True,True,4,visible,74,0,,0,False,0.000,[]
845,28.167,47,0.949,0.928,0.789,0.834,0.296,0.937,0.980,0.906,0.946,0.800,True,True,4,visible,10,0,,3,False,0.000,"[737, 784, 810]"
845,28.167,55,0.919,0.898,0.653,0.692,0.185,0.987,0.776,0.971,0.874,0.800,True,True,4,visible,31,0,,0,False,0.000,[]
846,28.200,49,0.214,0.441,0.008,0.987,0.092,0.999,0.957,0.999,0.996,0.400,True,True,4,visible,11,0,,1,False,0.000,[835]
846,28.200,54,0.862,0.887,0.264,0.951,0.174,0.993,0.949,0.930,0.846,0.600,True,True,4,visible,75,0,,0,False,0.000,[]
846,28.200,47,0.949,0.928,0.789,0.834,0.296,0.937,0.980,0.906,0.946,0.800,True,True,4,visible,11,0,,3,False,0.000,"[737, 784, 810]"
846,28.200,55,0.919,0.898,0.653,0.692,0.185,0.987,0.776,0.971,0.874,0.800,True,True,4,visible,32,0,,0,False,0.000,[]
847,28.233,49,0.214,0.441,0.008,0.987,0.092,0.999,0.957,0.999,0.996,0.400,True,True,4,visible,12,0,,1,False,0.000,[835]
847,28.233,54,0.862,0.887,0.264,0.951,0.174,0.993,0.949,0.930,0.846,0.600,True,True,4,visible,76,0,,0,False,0.000,[]
847,28.233,47,0.949,0.928,0.789,0.834,0.296,0.937,0.980,0.906,0.946,0.800,True,True,4,visible,12,0,,3,False,0.000,"[737, 784, 810]"
847,28.233,55,0.919,0.898,0.653,0.692,0.185,0.987,0.776,0.971,0.874,0.800,True,True,4,visible,33,0,,0,False,0.000,[]
848,28.267,49,0.214,0.440,0.008,0.987,0.092,0.999,0.958,0.999,0.996,0.400,True,True,4,visible,13,0,,1,False,0.000,[835]
848,28.267,54,0.862,0.887,0.264,0.951,0.174,0.993,0.949,0.930,0.846,0.600,True,True,4,visible,77,0,,0,False,0.000,[]
848,28.267,47,0.949,0.928,0.789,0.834,0.296,0.937,0.980,0.906,0.946,0.800,True,True,4,visible,13,0,,3,False,0.000,"[737, 784, 810]"
848,28.267,55,0.919,0.898,0.653,0.692,0.185,0.987,0.776,0.971,0.874,0.800,True,True,4,visible,34,0,,0,False,0.000,[]
849,28.300,49,0.217,0.442,0.010,0.990,0.136,0.999,0.971,0.999,0.997,0.400,True,True,4,visible,14,0,,1,False,0.000,[835]
849,28.300,54,0.858,0.903,0.226,0.955,0.135,0.991,0.914,0.914,0.777,0.600,True,True,4,visible,78,0,,0,False,0.000,[]
849,28.300,47,0.971,0.968,0.832,0.903,0.219,0.960,0.949,0.824,0.810,0.800,True,True,4,visible,14,0,,3,False,0.000,"[737, 784, 810]"
849,28.300,55,0.935,0.902,0.715,0.662,0.232,0.988,0.831,0.974,0.898,0.800,True,True,4,visible,35,0,,0,False,0.000,[]
850,28.333,49,0.218,0.443,0.010,0.990,0.135,0.999,0.971,0.999,0.997,0.400,True,True,4,visible,15,0,,1,False,0.000,[835]
850,28.333,54,0.858,0.903,0.226,0.955,0.136,0.991,0.914,0.914,0.778,0.600,True,True,4,visible,79,0,,0,False,0.000,[]
850,28.333,47,0.972,0.968,0.832,0.903,0.219,0.961,0.950,0.824,0.810,0.800,True,True,4,visible,15,0,,3,False,0.000,"[737, 784, 810]"
850,28.333,55,0.935,0.902,0.715,0.661,0.232,0.988,0.831,0.974,0.898,0.800,True,True,4,visible,36,0,,0,False,0.000,[]
851,28.367,49,0.218,0.443,0.010,0.990,0.135,0.999,0.971,0.999,0.997,0.400,True,True,4,visible,16,0,,1,False,0.000,[835]
851,28.367,54,0.858,0.903,0.226,0.955,0.136,0.991,0.914,0.914,0.778,0.600,True,True,4,visible,80,0,,0,False,0.000,[]
851,28.367,47,0.972,0.968,0.832,0.903,0.219,0.961,0.950,0.824,0.810,0.800,True,True,4,visible,16,0,,3,False,0.000,"[737, 784, 810]"
851,28.367,55,0.935,0.902,0.715,0.661,0.232,0.988,0.831,0.974,0.898,0.800,True,True,4,visible,37,0,,0,False,0.000,[]
852,28.400,49,0.218,0.443,0.010,0.990,0.136,0.999,0.971,0.999,0.997,0.400,True,True,4,visible,17,0,,1,False,0.000,[835]
852,28.400,54,0.858,0.903,0.226,0.955,0.136,0.991,0.914,0.914,0.778,0.600,True,True,4,visible,81,0,,0,False,0.000,[]
852,28.400,47,0.972,0.968,0.832,0.903,0.219,0.961,0.950,0.824,0.810,0.800,True,True,4,visible,17,0,,3,False,0.000,"[737, 784, 810]"
852,28.400,55,0.935,0.902,0.715,0.661,0.232,0.988,0.831,0.974,0.898,0.800,True,True,4,visible,38,0,,0,False,0.000,[]
853,28.433,49,0.253,0.494,0.011,0.990,0.123,0.998,0.964,0.998,0.991,0.400,True,True,4,visible,18,0,,1,False,0.000,[835]
853,28.433,54,0.788,0.879,0.200,0.952,0.139,0.980,0.877,0.838,0.679,0.600,True,True,4,visible,82,0,,0,False,0.000,[]
853,28.433,47,0.977,0.962,0.898,0.864,0.382,0.951,0.979,0.834,0.891,0.800,True,True,4,visible,18,0,,3,False,0.000,"[737, 784, 810]"
853,28.433,55,0.926,0.892,0.684,0.652,0.221,0.989,0.810,0.975,0.892,0.800,True,True,4,visible,39,0,,0,False,0.000,[]
854,28.467,49,0.254,0.495,0.011,0.990,0.124,0.998,0.964,0.998,0.991,0.400,True,True,4,visible,19,0,,1,False,0.000,[835]
854,28.467,54,0.787,0.878,0.198,0.952,0.138,0.980,0.876,0.838,0.678,0.600,True,True,4,visible,83,0,,0,False,0.000,[]
854,28.467,47,0.977,0.962,0.898,0.864,0.383,0.951,0.979,0.833,0.890,0.800,True,True,4,visible,19,0,,3,False,0.000,"[737, 784, 810]"
854,28.467,55,0.926,0.892,0.683,0.652,0.221,0.988,0.810,0.975,0.892,0.800,True,True,4,visible,40,0,,0,False,0.000,[]
855,28.500,49,0.254,0.495,0.011,0.990,0.124,0.998,0.964,0.998,0.991,0.400,True,True,4,visible,20,0,,1,False,0.000,[835]
855,28.500,54,0.787,0.878,0.198,0.952,0.138,0.980,0.876,0.838,0.678,0.600,True,True,4,visible,84,0,,0,False,0.000,[]
855,28.500,47,0.977,0.962,0.898,0.864,0.383,0.951,0.979,0.833,0.890,0.800,True,True,4,visible,20,0,,3,False,0.000,"[737, 784, 810]"
855,28.500,55,0.926,0.892,0.683,0.652,0.221,0.988,0.810,0.975,0.892,0.800,True,True,4,visible,41,0,,0,False,0.000,[]
856,28.533,49,0.254,0.495,0.011,0.990,0.124,0.998,0.964,0.998,0.991,0.400,True,True,4,visible,21,0,,1,False,0.000,[835]
856,28.533,54,0.787,0.878,0.198,0.952,0.138,0.980,0.876,0.838,0.678,0.600,True,True,4,visible,85,0,,0,False,0.000,[]
856,28.533,47,0.977,0.962,0.898,0.864,0.383,0.951,0.979,0.833,0.890,0.800,True,True,4,visible,21,0,,3,False,0.000,"[737, 784, 810]"
856,28.533,55,0.926,0.892,0.683,0.652,0.221,0.988,0.810,0.975,0.892,0.800,True,True,4,visible,42,0,,0,False,0.000,[]
857,28.567,49,0.265,0.487,0.013,0.990,0.133,0.998,0.970,0.998,0.991,0.400,True,True,4,visible,22,0,,1,False,0.000,[835]
857,28.567,54,0.726,0.735,0.183,0.847,0.168,0.977,0.915,0.863,0.782,0.600,True,True,4,visible,86,0,,0,False,0.000,[]
857,28.567,47,0.968,0.952,0.827,0.844,0.234,0.943,0.963,0.740,0.789,0.800,True,True,4,visible,22,0,,3,False,0.000,"[737, 784, 810]"
857,28.567,55,0.914,0.887,0.635,0.670,0.184,0.988,0.786,0.974,0.885,0.800,True,True,4,visible,43,0,,0,False,0.000,[]
858,28.600,49,0.265,0.487,0.012,0.990,0.133,0.998,0.970,0.998,0.992,0.400,True,True,4,visible,23,0,,1,False,0.000,[835]
858,28.600,54,0.726,0.735,0.183,0.847,0.168,0.977,0.915,0.863,0.782,0.600,True,True,4,visible,87,0,,0,False,0.000,[]
858,28.600,47,0.968,0.952,0.827,0.844,0.234,0.943,0.963,0.740,0.789,0.800,True,True,4,visible,23,0,,3,False,0.000,"[737, 784, 810]"
858,28.600,55,0.914,0.887,0.635,0.670,0.184,0.988,0.786,0.974,0.885,0.800,True,True,4,visible,44,0,,0,False,0.000,[]
859,28.633,49,0.265,0.487,0.012,0.990,0.133,0.998,0.970,0.998,0.992,0.400,True,True,4,visible,24,0,,1,False,0.000,[835]
859,28.633,54,0.726,0.735,0.183,0.847,0.168,0.977,0.915,0.863,0.782,0.600,True,True,4,visible,88,0,,0,False,0.000,[]
859,28.633,47,0.968,0.952,0.827,0.844,0.234,0.943,0.963,0.740,0.789,0.800,True,True,4,visible,24,0,,3,False,0.000,"[737, 784, 810]"
859,28.633,55,0.914,0.887,0.635,0.670,0.184,0.988,0.786,0.974,0.885,0.800,True,True,4,visible,45,0,,0,False,0.000,[]
860,28.667,49,0.265,0.487,0.012,0.990,0.133,0.998,0.970,0.998,0.992,0.400,True,True,4,visible,25,0,,1,False,0.000,[835]
860,28.667,54,0.726,0.735,0.183,0.847,0.168,0.977,0.915,0.863,0.782,0.600,True,True,4,visible,89,0,,0,False,0.000,[]
860,28.667,47,0.968,0.952,0.827,0.844,0.234,0.943,0.963,0.740,0.789,0.800,True,True,4,visible,25,0,,3,False,0.000,"[737, 784, 810]"
860,28.667,55,0.914,0.887,0.635,0.670,0.184,0.988,0.786,0.974,0.885,0.800,True,True,4,visible,46,0,,0,False,0.000,[]
861,28.700,49,0.252,0.459,0.011,0.988,0.118,0.999,0.973,0.999,0.994,0.400,True,True,4,visible,26,0,,1,False,0.000,[835]
861,28.700,54,0.701,0.729,0.154,0.859,0.145,0.977,0.902,0.872,0.782,0.600,True,True,4,visible,90,0,,0,False,0.000,[]
861,28.700,47,0.927,0.909,0.587,0.870,0.153,0.962,0.955,0.831,0.825,0.800,True,True,4,visible,26,0,,3,False,0.000,"[737, 784, 810]"
861,28.700,55,0.920,0.899,0.658,0.692,0.195,0.987,0.783,0.970,0.872,0.800,True,True,4,visible,47,0,,0,False,0.000,[]
862,28.733,49,0.252,0.459,0.011,0.988,0.118,0.999,0.973,0.999,0.994,0.400,True,True,4,visible,27,0,,1,False,0.000,[835]
862,28.733,54,0.701,0.729,0.154,0.859,0.145,0.977,0.902,0.872,0.783,0.600,True,True,4,visible,91,0,,0,False,0.000,[]
862,28.733,47,0.927,0.909,0.586,0.870,0.153,0.962,0.955,0.832,0.825,0.800,True,True,4,visible,27,0,,3,False,0.000,"[737, 784, 810]"
862,28.733,55,0.920,0.899,0.658,0.692,0.195,0.987,0.783,0.970,0.872,0.800,True,True,4,visible,48,0,,0,False,0.000,[]
863,28.767,49,0.252,0.459,0.011,0.988,0.118,0.999,0.973,0.999,0.994,0.400,True,True,4,visible,28,0,,1,False,0.000,[835]
863,28.767,54,0.701,0.729,0.154,0.859,0.145,0.977,0.902,0.872,0.783,0.600,True,True,4,visible,92,0,,0,False,0.000,[]
863,28.767,47,0.927,0.909,0.586,0.870,0.153,0.962,0.955,0.832,0.825,0.800,True,True,4,visible,28,0,,3,False,0.000,"[737, 784, 810]"
863,28.767,55,0.920,0.899,0.658,0.692,0.195,0.987,0.783,0.970,0.872,0.800,True,True,4,visible,49,0,,0,False,0.000,[]
864,28.800,49,0.252,0.459,0.011,0.988,0.118,0.999,0.973,0.999,0.994,0.400,True,True,4,visible,29,0,,1,False,0.000,[835]
864,28.800,54,0.701,0.729,0.154,0.859,0.145,0.977,0.902,0.872,0.783,0.600,True,True,4,visible,93,0,,0,False,0.000,[]
864,28.800,47,0.927,0.909,0.586,0.870,0.153,0.962,0.955,0.832,0.825,0.800,True,True,4,visible,29,0,,3,False,0.000,"[737, 784, 810]"
864,28.800,55,0.920,0.899,0.658,0.692,0.195,0.987,0.783,0.970,0.872,0.800,True,True,4,visible,50,0,,0,False,0.000,[]
865,28.833,49,0.252,0.459,0.011,0.988,0.118,0.999,0.973,0.999,0.994,0.400,True,True,4,visible,30,0,,1,False,0.000,[835]
865,28.833,54,0.701,0.729,0.154,0.859,0.145,0.977,0.902,0.872,0.783,0.600,True,True,4,visible,94,0,,0,False,0.000,[]
865,28.833,47,0.927,0.909,0.586,0.870,0.153,0.962,0.955,0.832,0.825,0.800,True,True,4,visible,30,0,,3,False,0.000,"[737, 784, 810]"
865,28.833,55,0.920,0.899,0.658,0.692,0.195,0.987,0.783,0.970,0.872,0.800,True,True,4,visible,51,0,,0,False,0.000,[]
866,28.867,49,0.276,0.491,0.012,0.988,0.114,0.999,0.974,0.999,0.995,0.400,True,True,4,visible,31,0,,1,False,0.000,[835]
866,28.867,54,0.633,0.695,0.106,0.882,0.125,0.980,0.881,0.892,0.784,0.600,True,True,4,visible,95,0,,0,False,0.000,[]
866,28.867,47,0.965,0.960,0.749,0.890,0.155,0.967,0.945,0.840,0.805,0.800,True,True,4,visible,31,0,,3,False,0.000,"[737, 784, 810]"
866,28.867,55,0.925,0.905,0.672,0.715,0.202,0.987,0.807,0.970,0.877,0.800,True,True,4,visible,52,0,,0,False,0.000,[]
867,28.900,49,0.275,0.490,0.012,0.988,0.114,0.999,0.974,0.999,0.995,0.400,True,True,4,visible,32,0,,1,False,0.000,[835]
867,28.900,54,0.633,0.695,0.106,0.882,0.125,0.980,0.881,0.892,0.784,0.600,True,True,4,visible,96,0,,0,False,0.000,[]
867,28.900,47,0.965,0.960,0.749,0.891,0.155,0.967,0.945,0.841,0.805,0.800,True,True,4,visible,32,0,,3,False,0.000,"[737, 784, 810]"
867,28.900,55,0.925,0.905,0.672,0.715,0.202,0.987,0.807,0.970,0.877,0.800,True,True,4,visible,53,0,,0,False,0.000,[]
868,28.933,49,0.275,0.490,0.012,0.988,0.114,0.999,0.974,0.999,0.995,0.400,True,True,4,visible,33,0,,1,False,0.000,[835]
868,28.933,54,0.633,0.695,0.106,0.882,0.125,0.980,0.881,0.892,0.784,0.600,True,True,4,visible,97,0,,0,False,0.000,[]
868,28.933,47,0.965,0.960,0.749,0.891,0.155,0.967,0.945,0.841,0.805,0.800,True,True,4,visible,33,0,,3,False,0.000,"[737, 784, 810]"
868,28.933,55,0.925,0.905,0.672,0.715,0.202,0.987,0.807,0.970,0.877,0.800,True,True,4,visible,54,0,,0,False,0.000,[]
869,28.967,49,0.275,0.490,0.012,0.988,0.114,0.999,0.974,0.999,0.995,0.400,True,True,4,visible,34,0,,1,False,0.000,[835]
869,28.967,54,0.633,0.695,0.106,0.882,0.125,0.980,0.881,0.892,0.784,0.600,True,True,4,visible,98,0,,0,False,0.000,[]
869,28.967,47,0.965,0.960,0.749,0.891,0.155,0.967,0.945,0.841,0.805,0.800,True,True,4,visible,34,0,,3,False,0.000,"[737, 784, 810]"
869,28.967,55,0.925,0.905,0.672,0.715,0.202,0.987,0.807,0.970,0.877,0.800,True,True,4,visible,55,0,,0,False,0.000,[]
870,29.000,49,0.254,0.419,0.013,0.988,0.150,0.998,0.984,0.999,0.996,0.400,True,True,4,visible,35,0,,1,False,0.000,[835]
870,29.000,54,0.538,0.568,0.070,0.806,0.085,0.973,0.832,0.872,0.737,0.600,True,True,4,visible,99,0,,0,False,0.000,[]
870,29.000,47,0.857,0.828,0.383,0.863,0.145,0.963,0.957,0.859,0.854,0.600,True,True,4,visible,35,0,,3,False,0.000,"[737, 784, 810]"
870,29.000,55,0.894,0.868,0.591,0.666,0.180,0.985,0.765,0.968,0.866,0.800,True,True,4,visible,56,0,,0,False,0.000,[]
871,29.033,49,0.254,0.418,0.013,0.988,0.150,0.998,0.984,0.999,0.996,0.400,True,True,4,visible,36,0,,1,False,0.000,[835]
871,29.033,54,0.538,0.568,0.070,0.806,0.085,0.973,0.832,0.872,0.737,0.600,True,True,4,visible,100,0,,0,False,0.000,[]
871,29.033,47,0.857,0.828,0.383,0.863,0.145,0.963,0.957,0.859,0.855,0.600,True,True,4,visible,36,0,,3,False,0.000,"[737, 784, 810]"
871,29.033,55,0.894,0.868,0.591,0.666,0.180,0.985,0.765,0.968,0.866,0.800,True,True,4,visible,57,0,,0,False,0.000,[]
872,29.067,49,0.254,0.418,0.013,0.988,0.150,0.998,0.984,0.999,0.996,0.400,True,True,4,visible,37,0,,1,False,0.000,[835]
872,29.067,54,0.538,0.568,0.070,0.806,0.085,0.973,0.832,0.872,0.737,0.600,True,True,4,visible,101,0,,0,False,0.000,[]
872,29.067,47,0.857,0.828,0.383,0.863,0.145,0.963,0.957,0.859,0.855,0.600,True,True,4,visible,37,0,,3,False,0.000,"[737, 784, 810]"
872,29.067,55,0.894,0.868,0.591,0.666,0.180,0.985,0.765,0.968,0.866,0.800,True,True,4,visible,58,0,,0,False,0.000,[]
873,29.100,49,0.254,0.418,0.013,0.988,0.150,0.998,0.984,0.999,0.996,0.400,True,True,4,visible,38,0,,1,False,0.000,[835]
873,29.100,54,0.538,0.568,0.070,0.806,0.085,0.973,0.832,0.872,0.737,0.600,True,True,4,visible,102,0,,0,False,0.000,[]
873,29.100,47,0.857,0.828,0.383,0.863,0.145,0.963,0.957,0.859,0.855,0.600,True,True,4,visible,38,0,,3,False,0.000,"[737, 784, 810]"
873,29.100,55,0.894,0.868,0.591,0.666,0.180,0.985,0.765,0.968,0.866,0.800,True,True,4,visible,59,0,,0,False,0.000,[]
874,29.133,49,0.276,0.464,0.015,0.987,0.145,0.998,0.979,0.999,0.995,0.400,True,True,4,visible,39,0,,1,False,0.000,[835]
874,29.133,54,0.696,0.789,0.113,0.934,0.111,0.983,0.867,0.919,0.781,0.600,True,True,4,visible,103,0,,0,False,0.000,[]
874,29.133,47,0.687,0.627,0.204,0.814,0.159,0.971,0.951,0.910,0.886,0.600,True,True,4,visible,39,0,,3,False,0.000,"[737, 784, 810]"
874,29.133,55,0.897,0.871,0.597,0.669,0.189,0.986,0.767,0.967,0.860,0.800,True,True,4,visible,60,0,,0,False,0.000,[]
875,29.167,49,0.277,0.465,0.015,0.987,0.145,0.998,0.979,0.999,0.995,0.400,True,True,4,visible,40,0,,1,False,0.000,[835]
875,29.167,54,0.696,0.789,0.113,0.934,0.112,0.983,0.867,0.919,0.782,0.600,True,True,4,visible,104,0,,0,False,0.000,[]
875,29.167,47,0.687,0.627,0.204,0.814,0.159,0.971,0.951,0.910,0.886,0.600,True,True,4,visible,40,0,,3,False,0.000,"[737, 784, 810]"
875,29.167,55,0.897,0.871,0.597,0.669,0.189,0.986,0.767,0.967,0.860,0.800,True,True,4,visible,61,0,,0,False,0.000,[]
876,29.200,49,0.277,0.465,0.015,0.987,0.145,0.998,0.979,0.999,0.995,0.400,True,True,4,visible,41,0,,1,False,0.000,[835]
876,29.200,54,0.696,0.789,0.113,0.934,0.112,0.983,0.867,0.919,0.782,0.600,True,True,4,visible,105,0,,0,False,0.000,[]
876,29.200,47,0.687,0.627,0.204,0.814,0.159,0.971,0.951,0.910,0.886,0.600,True,True,4,visible,41,0,,3,False,0.000,"[737, 784, 810]"
876,29.200,55,0.897,0.871,0.597,0.669,0.189,0.986,0.767,0.967,0.860,0.800,True,True,4,visible,62,0,,0,False,0.000,[]
877,29.233,49,0.277,0.465,0.015,0.987,0.145,0.998,0.979,0.999,0.995,0.400,True,True,4,visible,42,0,,1,False,0.000,[835]
877,29.233,54,0.696,0.789,0.113,0.934,0.112,0.983,0.867,0.919,0.782,0.600,True,True,4,visible,106,0,,0,False,0.000,[]
877,29.233,47,0.687,0.627,0.204,0.814,0.159,0.971,0.951,0.910,0.886,0.600,True,True,4,visible,42,0,,3,False,0.000,"[737, 784, 810]"
877,29.233,55,0.897,0.871,0.597,0.669,0.189,0.986,0.767,0.967,0.860,0.800,True,True,4,visible,63,0,,0,False,0.000,[]
878,29.267,49,0.277,0.465,0.015,0.987,0.145,0.998,0.979,0.999,0.995,0.400,True,True,4,visible,43,0,,1,False,0.000,[835]
878,29.267,54,0.696,0.789,0.113,0.934,0.112,0.983,0.867,0.919,0.782,0.600,True,True,4,visible,107,0,,0,False,0.000,[]
878,29.267,47,0.687,0.627,0.204,0.814,0.159,0.971,0.951,0.910,0.886,0.600,True,True,4,visible,43,0,,3,False,0.000,"[737, 784, 810]"
878,29.267,55,0.897,0.871,0.597,0.669,0.189,0.986,0.767,0.967,0.860,0.800,True,True,4,visible,64,0,,0,False,0.000,[]
879,29.300,49,0.261,0.439,0.013,0.989,0.162,0.998,0.983,0.998,0.995,0.400,True,True,4,visible,44,0,,1,False,0.000,[835]
879,29.300,54,0.697,0.804,0.076,0.961,0.089,0.996,0.934,0.993,0.971,0.600,True,True,4,visible,108,0,,0,False,0.000,[]
879,29.300,55,0.900,0.875,0.611,0.650,0.185,0.986,0.736,0.970,0.861,0.800,True,True,4,visible,65,0,,0,False,0.000,[]
880,29.333,49,0.262,0.439,0.013,0.989,0.162,0.998,0.983,0.998,0.995,0.400,True,True,4,visible,45,0,,1,False,0.000,[835]
880,29.333,54,0.697,0.803,0.076,0.961,0.090,0.996,0.934,0.993,0.971,0.600,True,True,4,visible,109,0,,0,False,0.000,[]
880,29.333,55,0.900,0.875,0.612,0.650,0.186,0.986,0.735,0.970,0.861,0.800,True,True,4,visible,66,0,,0,False,0.000,[]
881,29.367,49,0.262,0.439,0.013,0.989,0.162,0.998,0.983,0.998,0.995,0.400,True,True,4,visible,46,0,,1,False,0.000,[835]
881,29.367,54,0.697,0.803,0.076,0.961,0.090,0.996,0.934,0.993,0.971,0.600,True,True,4,visible,110,0,,0,False,0.000,[]
881,29.367,55,0.900,0.875,0.612,0.650,0.186,0.986,0.735,0.970,0.861,0.800,True,True,4,visible,67,0,,0,False,0.000,[]
882,29.400,49,0.262,0.439,0.013,0.989,0.162,0.998,0.983,0.998,0.995,0.400,True,True,4,visible,47,0,,1,False,0.000,[835]
882,29.400,54,0.697,0.803,0.076,0.961,0.090,0.996,0.934,0.993,0.971,0.600,True,True,4,visible,111,0,,0,False,0.000,[]
882,29.400,55,0.900,0.875,0.612,0.650,0.186,0.986,0.735,0.970,0.861,0.800,True,True,4,visible,68,0,,0,False,0.000,[]
883,29.433,49,0.440,0.629,0.026,0.988,0.131,0.998,0.979,0.997,0.993,0.600,True,True,4,visible,48,0,,1,False,0.000,[835]
883,29.433,54,0.737,0.820,0.117,0.956,0.125,0.996,0.929,0.991,0.960,0.600,True,True,4,visible,112,0,,0,False,0.000,[]
883,29.433,55,0.944,0.969,0.662,0.935,0.101,0.978,0.888,0.846,0.701,0.800,True,True,4,visible,69,0,,0,False,0.000,[]
884,29.467,49,0.440,0.630,0.026,0.988,0.131,0.998,0.979,0.997,0.993,0.600,True,True,4,visible,49,0,,1,False,0.000,[835]
884,29.467,54,0.736,0.820,0.117,0.956,0.125,0.996,0.929,0.991,0.960,0.600,True,True,4,visible,113,0,,0,False,0.000,[]
884,29.467,55,0.944,0.969,0.662,0.935,0.101,0.978,0.888,0.846,0.701,0.800,True,True,4,visible,70,0,,0,False,0.000,[]
885,29.500,49,0.440,0.630,0.026,0.988,0.131,0.998,0.979,0.997,0.993,0.600,True,True,4,visible,50,0,,1,False,0.000,[835]
885,29.500,54,0.736,0.820,0.117,0.956,0.125,0.996,0.929,0.991,0.960,0.600,True,True,4,visible,114,0,,0,False,0.000,[]
885,29.500,55,0.944,0.969,0.662,0.935,0.101,0.978,0.888,0.846,0.701,0.800,True,True,4,visible,71,0,,0,False,0.000,[]
886,29.533,49,0.440,0.630,0.026,0.988,0.131,0.998,0.979,0.997,0.993,0.600,True,True,4,visible,51,0,,1,False,0.000,[835]
886,29.533,54,0.736,0.820,0.117,0.956,0.125,0.996,0.929,0.991,0.960,0.600,True,True,4,visible,115,0,,0,False,0.000,[]
886,29.533,55,0.944,0.969,0.662,0.935,0.101,0.978,0.888,0.846,0.701,0.800,True,True,4,visible,72,0,,0,False,0.000,[]
887,29.567,49,0.482,0.668,0.030,0.989,0.127,0.998,0.979,0.997,0.993,0.600,True,True,4,visible,52,0,,1,False,0.000,[835]
887,29.567,54,0.647,0.767,0.066,0.964,0.133,0.997,0.941,0.993,0.967,0.600,True,True,4,visible,116,0,,0,False,0.000,[]
888,29.600,49,0.482,0.668,0.030,0.989,0.127,0.998,0.979,0.998,0.993,0.600,True,True,4,visible,53,0,,1,False,0.000,[835]
888,29.600,54,0.647,0.767,0.066,0.964,0.133,0.997,0.941,0.993,0.967,0.600,True,True,4,visible,117,0,,0,False,0.000,[]
888,29.600,56,0.792,0.800,0.426,0.749,0.190,0.983,0.804,0.979,0.924,0.800,True,True,4,uncertain,1,0,,0,False,0.000,[]
888,29.600,57,0.606,0.803,0.132,0.829,0.012,0.685,0.443,0.145,0.108,0.600,True,True,2,uncertain,1,0,,0,False,0.000,[]
889,29.633,49,0.482,0.668,0.030,0.989,0.127,0.998,0.979,0.998,0.993,0.600,True,True,4,visible,54,0,,1,False,0.000,[835]
889,29.633,54,0.647,0.767,0.066,0.964,0.133,0.997,0.941,0.993,0.967,0.600,True,True,4,visible,118,0,,0,False,0.000,[]
889,29.633,56,0.792,0.800,0.426,0.749,0.190,0.983,0.804,0.979,0.924,0.800,True,True,4,uncertain,2,0,,0,False,0.000,[]
889,29.633,57,0.606,0.803,0.132,0.829,0.012,0.685,0.443,0.145,0.108,0.600,True,True,2,uncertain,2,0,,0,False,0.000,[]
890,29.667,49,0.482,0.668,0.030,0.989,0.127,0.998,0.979,0.998,0.993,0.600,True,True,4,visible,55,0,,1,False,0.000,[835]
890,29.667,54,0.647,0.767,0.066,0.964,0.133,0.997,0.941,0.993,0.967,0.600,True,True,4,visible,119,0,,0,False,0.000,[]
890,29.667,56,0.792,0.800,0.426,0.749,0.190,0.983,0.804,0.979,0.924,0.800,True,True,4,visible,3,0,,0,False,0.000,[]
890,29.667,57,0.606,0.803,0.132,0.829,0.012,0.685,0.443,0.145,0.108,0.600,True,True,2,visible,3,0,,0,False,0.000,[]
891,29.700,49,0.430,0.617,0.025,0.989,0.133,0.998,0.982,0.998,0.994,0.600,True,True,4,visible,56,0,,1,False,0.000,[835]
891,29.700,54,0.589,0.698,0.063,0.964,0.191,0.997,0.950,0.993,0.971,0.600,True,True,4,visible,120,0,,0,False,0.000,[]
891,29.700,57,0.864,0.922,0.385,0.904,0.048,0.870,0.716,0.209,0.157,0.600,True,True,2,visible,4,0,,0,False,0.000,[]
891,29.700,55,0.929,0.959,0.650,0.915,0.123,0.967,0.860,0.693,0.522,0.800,True,True,4,visible,73,0,,0,False,0.000,[]
892,29.733,49,0.430,0.617,0.025,0.989,0.133,0.998,0.982,0.998,0.994,0.600,True,True,4,visible,57,0,,1,False,0.000,[835]
892,29.733,54,0.589,0.698,0.063,0.964,0.191,0.997,0.950,0.993,0.971,0.600,True,True,4,visible,121,0,,0,False,0.000,[]
892,29.733,57,0.864,0.922,0.385,0.904,0.048,0.870,0.716,0.209,0.157,0.600,True,True,2,visible,5,0,,0,False,0.000,[]
892,29.733,55,0.929,0.959,0.650,0.915,0.123,0.967,0.860,0.693,0.522,0.800,True,True,4,visible,74,0,,0,False,0.000,[]
893,29.767,49,0.430,0.617,0.025,0.989,0.133,0.998,0.982,0.998,0.994,0.600,True,True,4,visible,58,0,,1,False,0.000,[835]
893,29.767,54,0.589,0.698,0.063,0.964,0.191,0.997,0.950,0.993,0.971,0.600,True,True,4,visible,122,0,,0,False,0.000,[]
893,29.767,57,0.864,0.922,0.385,0.904,0.048,0.870,0.716,0.209,0.157,0.600,True,True,2,visible,6,0,,0,False,0.000,[]
893,29.767,55,0.929,0.959,0.650,0.915,0.123,0.967,0.860,0.693,0.522,0.800,True,True,4,visible,75,0,,0,False,0.000,[]
894,29.800,49,0.430,0.617,0.025,0.989,0.133,0.998,0.982,0.998,0.994,0.600,True,True,4,visible,59,0,,1,False,0.000,[835]
894,29.800,54,0.589,0.698,0.063,0.964,0.191,0.997,0.950,0.993,0.971,0.600,True,True,4,visible,123,0,,0,False,0.000,[]
894,29.800,57,0.864,0.922,0.385,0.904,0.048,0.870,0.716,0.209,0.157,0.600,True,True,2,visible,7,0,,0,False,0.000,[]
894,29.800,55,0.929,0.959,0.650,0.915,0.123,0.967,0.860,0.693,0.522,0.800,True,True,4,visible,76,0,,0,False,0.000,[]
895,29.833,49,0.430,0.617,0.025,0.989,0.133,0.998,0.982,0.998,0.994,0.600,True,True,4,visible,60,0,,1,False,0.000,[835]
895,29.833,54,0.589,0.698,0.063,0.964,0.191,0.997,0.950,0.993,0.971,0.600,True,True,4,visible,124,0,,0,False,0.000,[]
895,29.833,57,0.864,0.922,0.385,0.904,0.048,0.870,0.716,0.209,0.157,0.600,True,True,2,visible,8,0,,0,False,0.000,[]
895,29.833,55,0.929,0.959,0.650,0.915,0.123,0.967,0.860,0.693,0.522,0.800,True,True,4,visible,77,0,,0,False,0.000,[]
896,29.867,49,0.382,0.512,0.022,0.986,0.153,0.998,0.989,0.998,0.997,0.400,True,True,4,visible,61,0,,1,False,0.000,[835]
896,29.867,54,0.648,0.736,0.079,0.964,0.192,0.997,0.960,0.995,0.981,0.600,True,True,4,visible,125,0,,0,False,0.000,[]
896,29.867,57,0.825,0.903,0.300,0.888,0.031,0.856,0.674,0.262,0.192,0.600,True,True,2,visible,9,0,,0,False,0.000,[]
896,29.867,55,0.921,0.954,0.617,0.910,0.113,0.964,0.853,0.704,0.537,0.800,True,True,4,visible,78,0,,0,False,0.000,[]
897,29.900,49,0.382,0.512,0.022,0.986,0.153,0.998,0.990,0.998,0.997,0.400,True,True,4,visible,62,0,,1,False,0.000,[835]
897,29.900,54,0.648,0.736,0.079,0.964,0.192,0.997,0.960,0.995,0.981,0.600,True,True,4,visible,126,0,,0,False,0.000,[]
897,29.900,57,0.825,0.903,0.301,0.888,0.031,0.857,0.674,0.262,0.192,0.600,True,True,2,visible,10,0,,0,False,0.000,[]
897,29.900,55,0.921,0.954,0.617,0.910,0.113,0.964,0.853,0.704,0.537,0.800,True,True,4,visible,79,0,,0,False,0.000,[]
898,29.933,49,0.382,0.512,0.022,0.986,0.153,0.998,0.990,0.998,0.997,0.400,True,True,4,visible,63,0,,1,False,0.000,[835]
898,29.933,54,0.648,0.736,0.079,0.964,0.192,0.997,0.960,0.995,0.981,0.600,True,True,4,visible,127,0,,0,False,0.000,[]
898,29.933,57,0.825,0.903,0.301,0.888,0.031,0.857,0.674,0.262,0.192,0.600,True,True,2,visible,11,0,,0,False,0.000,[]
898,29.933,55,0.921,0.954,0.617,0.910,0.113,0.964,0.853,0.704,0.537,0.800,True,True,4,visible,80,0,,0,False,0.000,[]
899,29.967,49,0.382,0.512,0.022,0.986,0.153,0.998,0.990,0.998,0.997,0.400,True,True,4,visible,64,0,,1,False,0.000,[835]
899,29.967,54,0.648,0.736,0.079,0.964,0.192,0.997,0.960,0.995,0.981,0.600,True,True,4,visible,128,0,,0,False,0.000,[]
899,29.967,57,0.825,0.903,0.301,0.888,0.031,0.857,0.674,0.262,0.192,0.600,True,True,2,visible,12,0,,0,False,0.000,[]
899,29.967,55,0.921,0.954,0.617,0.910,0.113,0.964,0.853,0.704,0.537,0.800,True,True,4,visible,81,0,,0,False,0.000,[]
900,30.000,49,0.520,0.658,0.036,0.989,0.162,0.999,0.989,0.999,0.996,0.600,True,True,4,visible,65,0,,1,False,0.000,[835]
900,30.000,54,0.785,0.834,0.174,0.958,0.223,0.994,0.961,0.990,0.975,0.600,True,True,4,visible,129,0,,0,False,0.000,[]
900,30.000,57,0.869,0.932,0.316,0.914,0.027,0.818,0.679,0.113,0.094,0.600,True,True,2,visible,13,0,,0,False,0.000,[]
900,30.000,56,0.925,0.903,0.665,0.657,0.191,0.990,0.718,0.976,0.860,0.800,True,True,4,visible,4,0,,0,False,0.000,[]
901,30.033,49,0.520,0.659,0.036,0.989,0.162,0.999,0.989,0.999,0.996,0.600,True,True,4,visible,66,0,,1,False,0.000,[835]
901,30.033,54,0.785,0.834,0.174,0.958,0.223,0.994,0.961,0.990,0.975,0.600,True,True,4,visible,130,0,,0,False,0.000,[]
901,30.033,57,0.869,0.932,0.316,0.914,0.027,0.818,0.679,0.113,0.094,0.600,True,True,2,visible,14,0,,0,False,0.000,[]
901,30.033,56,0.925,0.903,0.665,0.657,0.191,0.990,0.718,0.976,0.860,0.800,True,True,4,visible,5,0,,0,False,0.000,[]
902,30.067,49,0.520,0.659,0.036,0.989,0.162,0.999,0.989,0.999,0.996,0.600,True,True,4,visible,67,0,,1,False,0.000,[835]
902,30.067,54,0.785,0.834,0.174,0.958,0.223,0.994,0.961,0.990,0.975,0.600,True,True,4,visible,131,0,,0,False,0.000,[]
902,30.067,57,0.869,0.932,0.316,0.914,0.027,0.818,0.679,0.113,0.094,0.600,True,True,2,visible,15,0,,0,False,0.000,[]
902,30.067,56,0.925,0.903,0.665,0.657,0.191,0.990,0.718,0.976,0.860,0.800,True,True,4,visible,6,0,,0,False,0.000,[]
903,30.100,49,0.520,0.659,0.036,0.989,0.162,0.999,0.989,0.999,0.996,0.600,True,True,4,visible,68,0,,1,False,0.000,[835]
903,30.100,54,0.785,0.834,0.174,0.958,0.223,0.994,0.961,0.990,0.975,0.600,True,True,4,visible,132,0,,0,False,0.000,[]
903,30.100,57,0.869,0.932,0.316,0.914,0.027,0.818,0.679,0.113,0.094,0.600,True,True,2,visible,16,0,,0,False,0.000,[]
903,30.100,56,0.925,0.903,0.665,0.657,0.191,0.990,0.718,0.976,0.860,0.800,True,True,4,visible,7,0,,0,False,0.000,[]
904,30.133,49,0.624,0.754,0.050,0.989,0.127,0.999,0.987,0.998,0.996,0.600,True,True,4,visible,69,0,,1,False,0.000,[835]
904,30.133,54,0.902,0.916,0.325,0.941,0.174,0.991,0.956,0.988,0.971,0.600,True,True,4,visible,133,0,,0,False,0.000,[]
904,30.133,57,0.674,0.813,0.126,0.860,0.016,0.621,0.417,0.054,0.044,0.600,True,True,2,visible,17,0,,0,False,0.000,[]
904,30.133,56,0.912,0.888,0.631,0.633,0.177,0.988,0.701,0.974,0.855,0.800,True,True,4,visible,8,0,,0,False,0.000,[]
905,30.167,49,0.624,0.754,0.050,0.989,0.127,0.999,0.987,0.998,0.996,0.600,True,True,4,visible,70,0,,1,False,0.000,[835]
905,30.167,54,0.902,0.916,0.325,0.941,0.174,0.991,0.956,0.988,0.971,0.600,True,True,4,visible,134,0,,0,False,0.000,[]
905,30.167,57,0.674,0.813,0.126,0.860,0.016,0.621,0.417,0.054,0.044,0.600,True,True,2,visible,18,0,,0,False,0.000,[]
905,30.167,56,0.912,0.888,0.631,0.633,0.177,0.988,0.701,0.974,0.855,0.800,True,True,4,visible,9,0,,0,False,0.000,[]
906,30.200,49,0.624,0.754,0.050,0.989,0.127,0.999,0.987,0.998,0.996,0.600,True,True,4,visible,71,0,,1,False,0.000,[835]
906,30.200,54,0.902,0.916,0.325,0.941,0.174,0.991,0.956,0.988,0.971,0.600,True,True,4,visible,135,0,,0,False,0.000,[]
906,30.200,57,0.674,0.813,0.126,0.860,0.016,0.621,0.417,0.054,0.044,0.600,True,True,2,visible,19,0,,0,False,0.000,[]
906,30.200,56,0.912,0.888,0.631,0.633,0.177,0.988,0.701,0.974,0.855,0.800,True,True,4,visible,10,0,,0,False,0.000,[]
907,30.233,49,0.624,0.754,0.050,0.989,0.127,0.999,0.987,0.998,0.996,0.600,True,True,4,visible,72,0,,1,False,0.000,[835]
907,30.233,54,0.902,0.916,0.325,0.941,0.174,0.991,0.956,0.988,0.971,0.600,True,True,4,visible,136,0,,0,False,0.000,[]
907,30.233,57,0.674,0.813,0.126,0.860,0.016,0.621,0.417,0.054,0.044,0.600,True,True,2,visible,20,0,,0,False,0.000,[]
907,30.233,56,0.912,0.888,0.631,0.633,0.177,0.988,0.701,0.974,0.855,0.800,True,True,4,visible,11,0,,0,False,0.000,[]
908,30.267,49,0.624,0.754,0.050,0.989,0.127,0.999,0.987,0.998,0.996,0.600,True,True,4,visible,73,0,,1,False,0.000,[835]
908,30.267,54,0.902,0.916,0.325,0.941,0.174,0.991,0.956,0.988,0.971,0.600,True,True,4,visible,137,0,,0,False,0.000,[]
908,30.267,57,0.674,0.813,0.126,0.860,0.016,0.621,0.417,0.054,0.044,0.600,True,True,2,visible,21,0,,0,False,0.000,[]
908,30.267,56,0.912,0.888,0.631,0.633,0.177,0.988,0.701,0.974,0.855,0.800,True,True,4,visible,12,0,,0,False,0.000,[]
909,30.300,49,0.806,0.871,0.102,0.985,0.084,0.999,0.981,0.998,0.995,0.600,True,True,4,visible,74,0,,1,False,0.000,[835]
909,30.300,54,0.778,0.855,0.149,0.960,0.168,0.993,0.936,0.988,0.963,0.600,True,True,4,visible,138,0,,0,False,0.000,[]
909,30.300,57,0.348,0.408,0.023,0.842,0.016,0.844,0.674,0.287,0.212,0.400,True,True,2,visible,22,0,,0,False,0.000,[]
909,30.300,56,0.793,0.867,0.457,0.778,0.100,0.975,0.813,0.974,0.923,0.800,True,True,4,visible,13,0,,0,False,0.000,[]
910,30.333,49,0.806,0.871,0.102,0.985,0.084,0.999,0.981,0.998,0.995,0.600,True,True,4,visible,75,0,,1,False,0.000,[835]
910,30.333,54,0.780,0.857,0.149,0.960,0.167,0.993,0.935,0.988,0.962,0.600,True,True,4,visible,139,0,,0,False,0.000,[]
910,30.333,57,0.354,0.413,0.024,0.841,0.016,0.846,0.677,0.290,0.215,0.400,True,True,2,visible,23,0,,0,False,0.000,[]
910,30.333,56,0.793,0.868,0.457,0.778,0.100,0.976,0.813,0.974,0.923,0.800,True,True,4,visible,14,0,,0,False,0.000,[]
911,30.367,49,0.759,0.839,0.083,0.985,0.092,0.998,0.978,0.998,0.992,0.600,True,True,4,visible,76,0,,1,False,0.000,[835]
911,30.367,54,0.830,0.889,0.191,0.958,0.162,0.993,0.934,0.986,0.957,0.600,True,True,4,visible,140,0,,0,False,0.000,[]
911,30.367,57,0.082,0.144,0.018,0.904,0.263,0.932,0.819,0.406,0.329,0.200,False,True,3,visible,0,1,,0,False,0.000,[]
911,30.367,56,0.825,0.896,0.496,0.818,0.103,0.980,0.821,0.975,0.919,0.800,True,True,4,visible,15,0,,0,False,0.000,[]
912,30.400,49,0.770,0.847,0.087,0.985,0.092,0.998,0.978,0.998,0.992,0.600,True,True,4,visible,77,0,,1,False,0.000,[835]
912,30.400,54,0.813,0.877,0.173,0.959,0.166,0.993,0.937,0.987,0.960,0.600,True,True,4,visible,141,0,,0,False,0.000,[]
912,30.400,57,0.085,0.147,0.018,0.902,0.263,0.934,0.819,0.412,0.332,0.200,False,True,3,visible,0,2,,0,False,0.000,[]
912,30.400,56,0.840,0.904,0.529,0.823,0.112,0.982,0.836,0.977,0.924,0.800,True,True,4,visible,16,0,,0,False,0.000,[]
913,30.433,49,0.835,0.887,0.124,0.982,0.072,0.998,0.977,0.998,0.993,0.600,True,True,4,visible,78,0,,1,False,0.000,[835]
913,30.433,54,0.849,0.895,0.205,0.941,0.124,0.991,0.914,0.978,0.925,0.600,True,True,4,visible,142,0,,0,False,0.000,[]
913,30.433,56,0.853,0.910,0.555,0.828,0.120,0.979,0.829,0.966,0.898,0.800,True,True,4,visible,17,0,,0,False,0.000,[]
914,30.467,49,0.832,0.885,0.120,0.982,0.071,0.998,0.977,0.998,0.993,0.600,True,True,4,visible,79,0,,1,False,0.000,[835]
914,30.467,54,0.849,0.895,0.205,0.941,0.125,0.991,0.914,0.978,0.926,0.600,True,True,4,visible,143,0,,0,False,0.000,[]
914,30.467,56,0.853,0.910,0.553,0.828,0.119,0.979,0.828,0.966,0.898,0.800,True,True,4,visible,18,0,,0,False,0.000,[]
914,30.467,58,0.509,0.566,0.062,0.814,0.023,0.864,0.727,0.404,0.312,0.600,True,True,3,uncertain,1,0,,0,False,0.000,[]
915,30.500,49,0.832,0.885,0.120,0.982,0.071,0.998,0.977,0.998,0.993,0.600,True,True,4,visible,80,0,,1,False,0.000,[835]
915,30.500,54,0.849,0.895,0.205,0.941,0.125,0.991,0.914,0.978,0.926,0.600,True,True,4,visible,144,0,,0,False,0.000,[]
915,30.500,56,0.853,0.910,0.553,0.828,0.119,0.979,0.828,0.966,0.898,0.800,True,True,4,visible,19,0,,0,False,0.000,[]
915,30.500,58,0.509,0.565,0.062,0.814,0.023,0.864,0.727,0.404,0.312,0.600,True,True,3,uncertain,2,0,,0,False,0.000,[]
916,30.533,49,0.832,0.885,0.120,0.982,0.071,0.998,0.977,0.998,0.993,0.600,True,True,4,visible,81,0,,1,False,0.000,[835]
916,30.533,54,0.849,0.895,0.205,0.941,0.125,0.991,0.914,0.978,0.926,0.600,True,True,4,visible,145,0,,0,False,0.000,[]
916,30.533,56,0.853,0.910,0.553,0.828,0.119,0.979,0.828,0.966,0.898,0.800,True,True,4,visible,20,0,,0,False,0.000,[]
916,30.533,58,0.509,0.565,0.062,0.814,0.023,0.864,0.727,0.404,0.312,0.600,True,True,3,visible,3,0,,0,False,0.000,[]
917,30.567,49,0.867,0.903,0.153,0.982,0.070,0.998,0.983,0.998,0.995,0.600,True,True,4,visible,82,0,,1,False,0.000,[835]
917,30.567,54,0.874,0.920,0.245,0.950,0.132,0.991,0.908,0.961,0.877,0.600,True,True,4,visible,146,0,,0,False,0.000,[]
917,30.567,56,0.840,0.896,0.533,0.811,0.121,0.981,0.858,0.973,0.923,0.800,True,True,4,visible,21,0,,0,False,0.000,[]
917,30.567,58,0.664,0.730,0.105,0.915,0.040,0.895,0.779,0.295,0.228,0.600,True,True,2,visible,4,0,,0,False,0.000,[]
918,30.600,49,0.868,0.904,0.154,0.982,0.069,0.998,0.983,0.998,0.995,0.600,True,True,4,visible,83,0,,1,False,0.000,[835]
918,30.600,54,0.874,0.920,0.244,0.950,0.132,0.991,0.908,0.961,0.877,0.600,True,True,4,visible,147,0,,0,False,0.000,[]
918,30.600,56,0.840,0.896,0.534,0.811,0.121,0.981,0.858,0.973,0.923,0.800,True,True,4,visible,22,0,,0,False,0.000,[]
918,30.600,58,0.663,0.730,0.104,0.915,0.040,0.895,0.779,0.296,0.228,0.600,True,True,2,visible,5,0,,0,False,0.000,[]
919,30.633,49,0.868,0.904,0.154,0.982,0.069,0.998,0.983,0.998,0.995,0.600,True,True,4,visible,84,0,,1,False,0.000,[835]
919,30.633,54,0.874,0.920,0.244,0.950,0.132,0.991,0.908,0.961,0.877,0.600,True,True,4,visible,148,0,,0,False,0.000,[]
919,30.633,56,0.840,0.896,0.534,0.811,0.121,0.981,0.858,0.973,0.923,0.800,True,True,4,visible,23,0,,0,False,0.000,[]
919,30.633,58,0.663,0.730,0.104,0.915,0.040,0.895,0.779,0.296,0.228,0.600,True,True,2,visible,6,0,,0,False,0.000,[]
920,30.667,49,0.868,0.904,0.154,0.982,0.069,0.998,0.983,0.998,0.995,0.600,True,True,4,visible,85,0,,1,False,0.000,[835]
920,30.667,54,0.874,0.920,0.244,0.950,0.132,0.991,0.908,0.961,0.877,0.600,True,True,4,visible,149,0,,0,False,0.000,[]
920,30.667,56,0.840,0.896,0.534,0.811,0.121,0.981,0.858,0.973,0.923,0.800,True,True,4,visible,24,0,,0,False,0.000,[]
920,30.667,58,0.663,0.730,0.104,0.915,0.040,0.895,0.779,0.296,0.228,0.600,True,True,2,visible,7,0,,0,False,0.000,[]
921,30.700,49,0.809,0.885,0.087,0.980,0.051,0.999,0.940,0.998,0.987,0.600,True,True,4,visible,86,0,,1,False,0.000,[835]
921,30.700,54,0.882,0.928,0.254,0.947,0.120,0.990,0.888,0.949,0.842,0.600,True,True,4,visible,150,0,,0,False,0.000,[]
921,30.700,56,0.812,0.883,0.450,0.818,0.095,0.979,0.824,0.966,0.897,0.800,True,True,4,visible,25,0,,0,False,0.000,[]
921,30.700,57,0.131,0.215,0.025,0.933,0.325,0.970,0.887,0.702,0.575,0.200,False,True,4,visible,0,3,,0,False,0.000,[]
922,30.733,49,0.809,0.885,0.086,0.980,0.051,0.999,0.940,0.998,0.987,0.600,True,True,4,visible,87,0,,1,False,0.000,[835]
922,30.733,54,0.882,0.927,0.253,0.947,0.120,0.990,0.888,0.949,0.842,0.600,True,True,4,visible,151,0,,0,False,0.000,[]
922,30.733,56,0.812,0.883,0.450,0.818,0.095,0.979,0.824,0.966,0.897,0.800,True,True,4,visible,26,0,,0,False,0.000,[]
922,30.733,57,0.131,0.214,0.025,0.932,0.327,0.970,0.888,0.701,0.575,0.200,False,True,4,visible,0,4,,0,False,0.000,[]
923,30.767,49,0.809,0.885,0.086,0.980,0.051,0.999,0.940,0.998,0.987,0.600,True,True,4,visible,88,0,,1,False,0.000,[835]
923,30.767,54,0.882,0.927,0.253,0.947,0.120,0.990,0.888,0.949,0.842,0.600,True,True,4,visible,152,0,,0,False,0.000,[]
923,30.767,56,0.812,0.883,0.450,0.818,0.095,0.979,0.824,0.966,0.897,0.800,True,True,4,visible,27,0,,0,False,0.000,[]
923,30.767,57,0.131,0.214,0.025,0.932,0.327,0.970,0.888,0.701,0.575,0.200,False,True,4,hidden,0,5,head_turn_away,1,False,0.000,[923]
924,30.800,49,0.809,0.885,0.086,0.980,0.051,0.999,0.940,0.998,0.987,0.600,True,True,4,visible,89,0,,1,False,0.000,[835]
924,30.800,54,0.882,0.927,0.253,0.947,0.120,0.990,0.888,0.949,0.842,0.600,True,True,4,visible,153,0,,0,False,0.000,[]
924,30.800,56,0.812,0.883,0.450,0.818,0.095,0.979,0.824,0.966,0.897,0.800,True,True,4,visible,28,0,,0,False,0.000,[]
924,30.800,57,0.131,0.214,0.025,0.932,0.327,0.970,0.888,0.701,0.575,0.200,False,True,4,hidden,0,6,,1,False,0.000,[923]
925,30.833,49,0.809,0.885,0.086,0.980,0.051,0.999,0.940,0.998,0.987,0.600,True,True,4,visible,90,0,,1,False,0.000,[835]
925,30.833,54,0.882,0.927,0.253,0.947,0.120,0.990,0.888,0.949,0.842,0.600,True,True,4,visible,154,0,,0,False,0.000,[]
925,30.833,56,0.812,0.883,0.450,0.818,0.095,0.979,0.824,0.966,0.897,0.800,True,True,4,visible,29,0,,0,False,0.000,[]
925,30.833,57,0.131,0.214,0.025,0.932,0.327,0.970,0.888,0.701,0.575,0.200,False,True,4,hidden,0,7,,1,False,0.000,[923]
926,30.867,49,0.803,0.879,0.090,0.973,0.050,0.998,0.901,0.995,0.969,0.600,True,True,4,visible,91,0,,1,False,0.000,[835]
926,30.867,54,0.879,0.916,0.310,0.940,0.170,0.985,0.920,0.905,0.803,0.600,True,True,4,visible,155,0,,0,False,0.000,[]
926,30.867,56,0.889,0.938,0.597,0.890,0.132,0.991,0.904,0.978,0.927,0.800,True,True,4,visible,30,0,,0,False,0.000,[]
926,30.867,57,0.319,0.422,0.036,0.965,0.177,0.966,0.902,0.381,0.269,0.400,True,True,2,hidden,1,0,,1,False,0.000,[923]
927,30.900,49,0.801,0.878,0.089,0.973,0.050,0.998,0.904,0.996,0.971,0.600,True,True,4,visible,92,0,,1,False,0.000,[835]
927,30.900,54,0.879,0.916,0.310,0.940,0.170,0.985,0.920,0.905,0.803,0.600,True,True,4,visible,156,0,,0,False,0.000,[]
927,30.900,56,0.889,0.938,0.597,0.890,0.132,0.991,0.904,0.978,0.927,0.800,True,True,4,visible,31,0,,0,False,0.000,[]
927,30.900,57,0.321,0.424,0.037,0.965,0.176,0.966,0.901,0.382,0.270,0.400,True,True,2,hidden,2,0,,1,False,0.000,[923]
928,30.933,49,0.801,0.878,0.089,0.973,0.050,0.998,0.904,0.996,0.971,0.600,True,True,4,visible,93,0,,1,False,0.000,[835]
928,30.933,54,0.879,0.916,0.310,0.940,0.170,0.985,0.920,0.905,0.803,0.600,True,True,4,visible,157,0,,0,False,0.000,[]
928,30.933,56,0.889,0.938,0.597,0.890,0.132,0.991,0.904,0.978,0.927,0.800,True,True,4,visible,32,0,,0,False,0.000,[]
928,30.933,57,0.321,0.424,0.037,0.965,0.176,0.966,0.901,0.382,0.270,0.400,True,True,2,visible,3,0,,1,False,0.000,[923]
929,30.967,49,0.801,0.878,0.089,0.973,0.050,0.998,0.904,0.996,0.971,0.600,True,True,4,visible,94,0,,1,False,0.000,[835]
929,30.967,54,0.879,0.916,0.310,0.940,0.170,0.985,0.920,0.905,0.803,0.600,True,True,4,visible,158,0,,0,False,0.000,[]
929,30.967,56,0.889,0.938,0.597,0.890,0.132,0.991,0.904,0.978,0.927,0.800,True,True,4,visible,33,0,,0,False,0.000,[]
929,30.967,57,0.321,0.424,0.037,0.965,0.176,0.966,0.901,0.382,0.270,0.400,True,True,2,visible,4,0,,1,False,0.000,[923]
930,31.000,49,0.533,0.675,0.044,0.971,0.097,0.997,0.936,0.993,0.975,0.600,True,True,4,visible,95,0,,1,False,0.000,[835]
930,31.000,54,0.923,0.941,0.463,0.925,0.169,0.978,0.910,0.878,0.781,0.800,True,True,4,visible,159,0,,0,False,0.000,[]
930,31.000,56,0.856,0.911,0.556,0.848,0.137,0.988,0.898,0.976,0.927,0.800,True,True,4,visible,34,0,,0,False,0.000,[]
930,31.000,57,0.124,0.223,0.019,0.931,0.253,0.958,0.852,0.601,0.453,0.200,False,True,4,visible,0,1,,1,False,0.000,[923]
931,31.033,49,0.533,0.675,0.044,0.971,0.097,0.997,0.936,0.993,0.975,0.600,True,True,4,visible,96,0,,1,False,0.000,[835]
931,31.033,54,0.923,0.941,0.463,0.925,0.169,0.978,0.910,0.878,0.781,0.800,True,True,4,visible,160,0,,0,False,0.000,[]
931,31.033,56,0.856,0.911,0.556,0.848,0.137,0.988,0.898,0.976,0.927,0.800,True,True,4,visible,35,0,,0,False,0.000,[]
931,31.033,57,0.124,0.223,0.019,0.931,0.253,0.958,0.852,0.601,0.453,0.200,False,True,4,visible,0,2,,1,False,0.000,[923]
932,31.067,49,0.533,0.675,0.044,0.971,0.097,0.997,0.936,0.993,0.975,0.600,True,True,4,visible,97,0,,1,False,0.000,[835]
932,31.067,54,0.923,0.941,0.463,0.925,0.169,0.978,0.910,0.878,0.781,0.800,True,True,4,visible,161,0,,0,False,0.000,[]
932,31.067,56,0.856,0.911,0.556,0.848,0.137,0.988,0.898,0.976,0.927,0.800,True,True,4,visible,36,0,,0,False,0.000,[]
932,31.067,57,0.124,0.223,0.019,0.931,0.253,0.958,0.852,0.601,0.453,0.200,False,True,4,visible,0,3,,1,False,0.000,[923]
933,31.100,49,0.533,0.675,0.044,0.971,0.097,0.997,0.936,0.993,0.975,0.600,True,True,4,visible,98,0,,1,False,0.000,[835]
933,31.100,54,0.923,0.941,0.463,0.925,0.169,0.978,0.910,0.878,0.781,0.800,True,True,4,visible,162,0,,0,False,0.000,[]
933,31.100,56,0.856,0.911,0.556,0.848,0.137,0.988,0.898,0.976,0.927,0.800,True,True,4,visible,37,0,,0,False,0.000,[]
933,31.100,57,0.124,0.223,0.019,0.931,0.253,0.958,0.852,0.601,0.453,0.200,False,True,4,visible,0,4,,1,False,0.000,[923]
934,31.133,49,0.456,0.656,0.028,0.979,0.070,0.997,0.930,0.994,0.978,0.600,True,True,4,visible,99,0,,1,False,0.000,[835]
934,31.133,54,0.948,0.955,0.567,0.917,0.169,0.978,0.929,0.931,0.872,0.800,True,True,4,visible,163,0,,0,False,0.000,[]
934,31.133,56,0.843,0.887,0.571,0.802,0.178,0.953,0.810,0.617,0.444,0.800,True,True,4,visible,38,0,,0,False,0.000,[]
934,31.133,57,0.654,0.753,0.099,0.961,0.099,0.955,0.888,0.383,0.285,0.600,True,True,2,visible,1,0,,1,False,0.000,[923]
935,31.167,49,0.455,0.656,0.028,0.979,0.070,0.997,0.930,0.994,0.978,0.600,True,True,4,visible,100,0,,1,False,0.000,[835]
935,31.167,54,0.947,0.955,0.567,0.916,0.171,0.978,0.930,0.931,0.873,0.800,True,True,4,visible,164,0,,0,False,0.000,[]
935,31.167,56,0.843,0.887,0.571,0.802,0.178,0.953,0.810,0.617,0.443,0.800,True,True,4,visible,39,0,,0,False,0.000,[]
935,31.167,57,0.648,0.749,0.097,0.962,0.100,0.955,0.889,0.384,0.286,0.600,True,True,2,visible,2,0,,1,False,0.000,[923]
936,31.200,49,0.455,0.656,0.028,0.979,0.070,0.997,0.930,0.994,0.978,0.600,True,True,4,visible,101,0,,1,False,0.000,[835]
936,31.200,54,0.947,0.955,0.567,0.916,0.171,0.978,0.930,0.931,0.873,0.800,True,True,4,visible,165,0,,0,False,0.000,[]
936,31.200,56,0.843,0.887,0.571,0.802,0.178,0.953,0.810,0.617,0.443,0.800,True,True,4,visible,40,0,,0,False,0.000,[]
936,31.200,57,0.648,0.749,0.097,0.962,0.100,0.955,0.889,0.384,0.286,0.600,True,True,2,visible,3,0,,1,False,0.000,[923]
937,31.233,49,0.455,0.656,0.028,0.979,0.070,0.997,0.930,0.994,0.978,0.600,True,True,4,visible,102,0,,1,False,0.000,[835]
937,31.233,54,0.947,0.955,0.567,0.916,0.171,0.978,0.930,0.931,0.873,0.800,True,True,4,visible,166,0,,0,False,0.000,[]
937,31.233,56,0.843,0.887,0.571,0.802,0.178,0.953,0.810,0.617,0.443,0.800,True,True,4,visible,41,0,,0,False,0.000,[]
937,31.233,57,0.648,0.749,0.097,0.962,0.100,0.955,0.889,0.384,0.286,0.600,True,True,2,visible,4,0,,1,False,0.000,[923]
938,31.267,49,0.455,0.656,0.028,0.979,0.070,0.997,0.930,0.994,0.978,0.600,True,True,4,visible,103,0,,1,False,0.000,[835]
938,31.267,54,0.947,0.955,0.567,0.916,0.171,0.978,0.930,0.931,0.873,0.800,True,True,4,visible,167,0,,0,False,0.000,[]
938,31.267,56,0.843,0.887,0.571,0.802,0.178,0.953,0.810,0.617,0.443,0.800,True,True,4,visible,42,0,,0,False,0.000,[]
938,31.267,57,0.648,0.749,0.097,0.962,0.100,0.955,0.889,0.384,0.286,0.600,True,True,2,visible,5,0,,1,False,0.000,[923]
939,31.300,49,0.600,0.785,0.031,0.986,0.054,0.999,0.922,0.995,0.970,0.600,True,True,4,visible,104,0,,1,False,0.000,[835]
939,31.300,54,0.953,0.961,0.644,0.892,0.125,0.973,0.880,0.947,0.871,0.800,True,True,4,visible,168,0,,0,False,0.000,[]
939,31.300,56,0.924,0.956,0.628,0.917,0.123,0.980,0.889,0.831,0.676,0.800,True,True,4,visible,43,0,,0,False,0.000,[]
940,31.333,49,0.599,0.784,0.031,0.986,0.054,0.999,0.922,0.996,0.970,0.600,True,True,4,visible,105,0,,1,False,0.000,[835]
940,31.333,54,0.953,0.961,0.644,0.892,0.125,0.973,0.880,0.947,0.871,0.800,True,True,4,visible,169,0,,0,False,0.000,[]
940,31.333,56,0.924,0.956,0.628,0.918,0.123,0.980,0.889,0.832,0.676,0.800,True,True,4,visible,44,0,,0,False,0.000,[]
941,31.367,49,0.599,0.784,0.031,0.986,0.054,0.999,0.922,0.996,0.970,0.600,True,True,4,visible,106,0,,1,False,0.000,[835]
941,31.367,54,0.953,0.961,0.644,0.892,0.125,0.973,0.880,0.947,0.871,0.800,True,True,4,visible,170,0,,0,False,0.000,[]
941,31.367,56,0.924,0.956,0.628,0.918,0.123,0.980,0.889,0.832,0.676,0.800,True,True,4,visible,45,0,,0,False,0.000,[]
942,31.400,49,0.599,0.784,0.031,0.986,0.054,0.999,0.922,0.996,0.970,0.600,True,True,4,visible,107,0,,1,False,0.000,[835]
942,31.400,54,0.953,0.961,0.644,0.892,0.125,0.973,0.880,0.947,0.871,0.800,True,True,4,visible,171,0,,0,False,0.000,[]
942,31.400,56,0.924,0.956,0.628,0.918,0.123,0.980,0.889,0.832,0.676,0.800,True,True,4,visible,46,0,,0,False,0.000,[]
943,31.433,49,0.478,0.701,0.019,0.987,0.060,0.999,0.931,0.995,0.969,0.600,True,True,4,visible,108,0,,1,False,0.000,[835]
943,31.433,54,0.937,0.928,0.718,0.800,0.201,0.913,0.897,0.808,0.776,0.800,True,True,4,visible,172,0,,0,False,0.000,[]
943,31.433,56,0.896,0.934,0.553,0.876,0.122,0.974,0.688,0.899,0.671,0.800,True,True,4,visible,47,0,,0,False,0.000,[]
944,31.467,49,0.478,0.701,0.019,0.987,0.060,0.999,0.931,0.995,0.969,0.600,True,True,4,visible,109,0,,1,False,0.000,[835]
944,31.467,54,0.937,0.928,0.719,0.800,0.201,0.913,0.897,0.808,0.776,0.800,True,True,4,visible,173,0,,0,False,0.000,[]
944,31.467,56,0.896,0.934,0.553,0.876,0.122,0.974,0.688,0.899,0.671,0.800,True,True,4,visible,48,0,,0,False,0.000,[]
944,31.467,59,0.632,0.613,0.182,0.852,0.166,0.961,0.928,0.791,0.747,0.600,True,True,4,uncertain,1,0,,0,False,0.000,[]
945,31.500,49,0.478,0.701,0.019,0.987,0.060,0.999,0.931,0.995,0.969,0.600,True,True,4,visible,110,0,,1,False,0.000,[835]
945,31.500,54,0.937,0.928,0.719,0.800,0.201,0.913,0.897,0.808,0.776,0.800,True,True,4,visible,174,0,,0,False,0.000,[]
945,31.500,56,0.896,0.934,0.553,0.876,0.122,0.974,0.688,0.899,0.671,0.800,True,True,4,visible,49,0,,0,False,0.000,[]
945,31.500,59,0.632,0.613,0.182,0.852,0.166,0.961,0.928,0.791,0.747,0.600,True,True,4,uncertain,2,0,,0,False,0.000,[]
946,31.533,49,0.478,0.701,0.019,0.987,0.060,0.999,0.931,0.995,0.969,0.600,True,True,4,visible,111,0,,1,False,0.000,[835]
946,31.533,54,0.937,0.928,0.719,0.800,0.201,0.913,0.897,0.808,0.776,0.800,True,True,4,visible,175,0,,0,False,0.000,[]
946,31.533,56,0.896,0.934,0.553,0.876,0.122,0.974,0.688,0.899,0.671,0.800,True,True,4,visible,50,0,,0,False,0.000,[]
946,31.533,59,0.632,0.613,0.182,0.852,0.166,0.961,0.928,0.791,0.747,0.600,True,True,4,visible,3,0,,0,False,0.000,[]
947,31.567,49,0.416,0.562,0.020,0.984,0.127,0.999,0.968,0.995,0.980,0.600,True,True,4,visible,112,0,,1,False,0.000,[835]
947,31.567,54,0.922,0.920,0.589,0.864,0.175,0.962,0.913,0.898,0.846,0.800,True,True,4,visible,176,0,,0,False,0.000,[]
947,31.567,59,0.518,0.476,0.141,0.836,0.186,0.967,0.950,0.946,0.942,0.600,True,True,4,visible,4,0,,0,False,0.000,[]
948,31.600,49,0.416,0.562,0.020,0.984,0.127,0.999,0.968,0.995,0.980,0.600,True,True,4,visible,113,0,,1,False,0.000,[835]
948,31.600,54,0.922,0.920,0.589,0.864,0.175,0.962,0.913,0.898,0.845,0.800,True,True,4,visible,177,0,,0,False,0.000,[]
948,31.600,59,0.516,0.475,0.139,0.838,0.185,0.968,0.950,0.946,0.942,0.600,True,True,4,visible,5,0,,0,False,0.000,[]
948,31.600,60,0.888,0.903,0.548,0.801,0.148,0.985,0.721,0.966,0.846,0.800,True,True,4,uncertain,1,0,,0,False,0.000,[]
949,31.633,49,0.416,0.562,0.020,0.984,0.127,0.999,0.968,0.995,0.980,0.600,True,True,4,visible,114,0,,1,False,0.000,[835]
949,31.633,54,0.922,0.920,0.589,0.864,0.175,0.962,0.913,0.898,0.845,0.800,True,True,4,visible,178,0,,0,False,0.000,[]
949,31.633,59,0.516,0.475,0.139,0.838,0.185,0.968,0.950,0.946,0.942,0.600,True,True,4,visible,6,0,,0,False,0.000,[]
949,31.633,60,0.888,0.903,0.548,0.801,0.148,0.985,0.721,0.966,0.846,0.800,True,True,4,uncertain,2,0,,0,False,0.000,[]
950,31.667,49,0.416,0.562,0.020,0.984,0.127,0.999,0.968,0.995,0.980,0.600,True,True,4,visible,115,0,,1,False,0.000,[835]
950,31.667,54,0.922,0.920,0.589,0.864,0.175,0.962,0.913,0.898,0.845,0.800,True,True,4,visible,179,0,,0,False,0.000,[]
950,31.667,59,0.516,0.475,0.139,0.838,0.185,0.968,0.950,0.946,0.942,0.600,True,True,4,visible,7,0,,0,False,0.000,[]
950,31.667,60,0.888,0.903,0.548,0.801,0.148,0.985,0.721,0.966,0.846,0.800,True,True,4,visible,3,0,,0,False,0.000,[]
951,31.700,49,0.562,0.680,0.040,0.983,0.142,0.998,0.974,0.994,0.984,0.600,True,True,4,visible,116,0,,1,False,0.000,[835]
951,31.700,54,0.928,0.935,0.577,0.902,0.167,0.974,0.913,0.918,0.850,0.800,True,True,4,visible,180,0,,0,False,0.000,[]
951,31.700,59,0.780,0.806,0.252,0.894,0.105,0.983,0.905,0.966,0.912,0.600,True,True,4,visible,8,0,,0,False,0.000,[]
951,31.700,60,0.893,0.898,0.557,0.770,0.147,0.987,0.724,0.971,0.859,0.800,True,True,4,visible,4,0,,0,False,0.000,[]
952,31.733,49,0.560,0.678,0.040,0.983,0.143,0.998,0.974,0.994,0.984,0.600,True,True,4,visible,117,0,,1,False,0.000,[835]
952,31.733,54,0.928,0.935,0.576,0.902,0.167,0.974,0.913,0.917,0.849,0.800,True,True,4,visible,181,0,,0,False,0.000,[]
952,31.733,60,0.893,0.898,0.557,0.770,0.147,0.987,0.724,0.971,0.859,0.800,True,True,4,visible,5,0,,0,False,0.000,[]
953,31.767,49,0.560,0.678,0.040,0.983,0.143,0.998,0.974,0.994,0.984,0.600,True,True,4,visible,118,0,,1,False,0.000,[835]
953,31.767,54,0.928,0.935,0.576,0.902,0.167,0.974,0.913,0.917,0.849,0.800,True,True,4,visible,182,0,,0,False,0.000,[]
953,31.767,60,0.893,0.898,0.557,0.770,0.147,0.987,0.724,0.971,0.859,0.800,True,True,4,visible,6,0,,0,False,0.000,[]
953,31.767,61,0.779,0.806,0.251,0.894,0.105,0.983,0.905,0.966,0.912,0.600,True,True,4,uncertain,1,0,,0,False,0.000,[]
954,31.800,49,0.560,0.678,0.040,0.983,0.143,0.998,0.974,0.994,0.984,0.600,True,True,4,visible,119,0,,1,False,0.000,[835]
954,31.800,54,0.928,0.935,0.576,0.902,0.167,0.974,0.913,0.917,0.849,0.800,True,True,4,visible,183,0,,0,False,0.000,[]
954,31.800,60,0.893,0.898,0.557,0.770,0.147,0.987,0.724,0.971,0.859,0.800,True,True,4,visible,7,0,,0,False,0.000,[]
954,31.800,61,0.779,0.806,0.251,0.894,0.105,0.983,0.905,0.966,0.912,0.600,True,True,4,uncertain,2,0,,0,False,0.000,[]
955,31.833,49,0.560,0.678,0.040,0.983,0.143,0.998,0.974,0.994,0.984,0.600,True,True,4,visible,120,0,,1,False,0.000,[835]
955,31.833,54,0.928,0.935,0.576,0.902,0.167,0.974,0.913,0.917,0.849,0.800,True,True,4,visible,184,0,,0,False,0.000,[]
955,31.833,60,0.893,0.898,0.557,0.770,0.147,0.987,0.724,0.971,0.859,0.800,True,True,4,visible,8,0,,0,False,0.000,[]
955,31.833,61,0.779,0.806,0.251,0.894,0.105,0.983,0.905,0.966,0.912,0.600,True,True,4,visible,3,0,,0,False,0.000,[]
956,31.867,49,0.409,0.569,0.022,0.985,0.145,0.998,0.972,0.995,0.984,0.600,True,True,4,visible,121,0,,1,False,0.000,[835]
956,31.867,54,0.880,0.891,0.438,0.893,0.171,0.972,0.905,0.902,0.824,0.800,True,True,4,visible,185,0,,0,False,0.000,[]
956,31.867,60,0.906,0.911,0.598,0.780,0.155,0.984,0.731,0.960,0.833,0.800,True,True,4,visible,9,0,,0,False,0.000,[]
957,31.900,49,0.410,0.568,0.022,0.985,0.145,0.998,0.972,0.995,0.984,0.600,True,True,4,visible,122,0,,1,False,0.000,[835]
957,31.900,54,0.879,0.891,0.437,0.893,0.171,0.972,0.905,0.902,0.824,0.800,True,True,4,visible,186,0,,0,False,0.000,[]
957,31.900,60,0.906,0.911,0.598,0.780,0.155,0.984,0.730,0.960,0.833,0.800,True,True,4,visible,10,0,,0,False,0.000,[]
958,31.933,49,0.410,0.568,0.022,0.985,0.145,0.998,0.972,0.995,0.984,0.600,True,True,4,visible,123,0,,1,False,0.000,[835]
958,31.933,54,0.879,0.891,0.437,0.893,0.171,0.972,0.905,0.902,0.824,0.800,True,True,4,visible,187,0,,0,False,0.000,[]
958,31.933,60,0.906,0.911,0.598,0.780,0.155,0.984,0.730,0.960,0.833,0.800,True,True,4,visible,11,0,,0,False,0.000,[]
959,31.967,49,0.410,0.568,0.022,0.985,0.145,0.998,0.972,0.995,0.984,0.600,True,True,4,visible,124,0,,1,False,0.000,[835]
959,31.967,54,0.879,0.891,0.437,0.893,0.171,0.972,0.905,0.902,0.824,0.800,True,True,4,visible,188,0,,0,False,0.000,[]
959,31.967,60,0.906,0.911,0.598,0.780,0.155,0.984,0.730,0.960,0.833,0.800,True,True,4,visible,12,0,,0,False,0.000,[]
960,32.000,49,0.325,0.489,0.015,0.982,0.148,0.999,0.957,0.995,0.975,0.400,True,True,4,visible,125,0,,1,False,0.000,[835]
960,32.000,54,0.586,0.608,0.129,0.782,0.095,0.950,0.836,0.905,0.825,0.600,True,True,4,visible,189,0,,0,False,0.000,[]
960,32.000,60,0.904,0.881,0.612,0.682,0.184,0.987,0.773,0.973,0.882,0.800,True,True,4,visible,13,0,,0,False,0.000,[]
961,32.033,49,0.325,0.489,0.015,0.982,0.148,0.999,0.957,0.995,0.975,0.400,True,True,4,visible,126,0,,1,False,0.000,[835]
961,32.033,54,0.586,0.608,0.129,0.782,0.095,0.950,0.836,0.905,0.825,0.600,True,True,4,visible,190,0,,0,False,0.000,[]
961,32.033,60,0.904,0.881,0.612,0.682,0.184,0.987,0.773,0.973,0.882,0.800,True,True,4,visible,14,0,,0,False,0.000,[]
962,32.067,49,0.325,0.489,0.015,0.982,0.148,0.999,0.957,0.995,0.975,0.400,True,True,4,visible,127,0,,1,False,0.000,[835]
962,32.067,54,0.586,0.608,0.129,0.782,0.095,0.950,0.836,0.905,0.825,0.600,True,True,4,visible,191,0,,0,False,0.000,[]
962,32.067,60,0.904,0.881,0.612,0.682,0.184,0.987,0.773,0.973,0.882,0.800,True,True,4,visible,15,0,,0,False,0.000,[]
963,32.100,49,0.325,0.489,0.015,0.982,0.148,0.999,0.957,0.995,0.975,0.400,True,True,4,visible,128,0,,1,False,0.000,[835]
963,32.100,54,0.586,0.608,0.129,0.782,0.095,0.950,0.836,0.905,0.825,0.600,True,True,4,visible,192,0,,0,False,0.000,[]
963,32.100,60,0.904,0.881,0.612,0.682,0.184,0.987,0.773,0.973,0.882,0.800,True,True,4,visible,16,0,,0,False,0.000,[]
964,32.133,49,0.265,0.477,0.015,0.983,0.163,0.997,0.937,0.988,0.957,0.400,True,True,4,visible,129,0,,1,False,0.000,[835]
964,32.133,60,0.911,0.893,0.630,0.700,0.187,0.988,0.770,0.974,0.881,0.800,True,True,4,visible,17,0,,0,False,0.000,[]
964,32.133,61,0.723,0.765,0.152,0.950,0.167,0.996,0.960,0.991,0.972,0.600,True,True,4,visible,4,0,,0,False,0.000,[]
965,32.167,49,0.265,0.477,0.015,0.983,0.163,0.997,0.937,0.988,0.957,0.400,True,True,4,visible,130,0,,1,False,0.000,[835]
965,32.167,60,0.911,0.893,0.630,0.700,0.187,0.988,0.770,0.974,0.881,0.800,True,True,4,visible,18,0,,0,False,0.000,[]
965,32.167,61,0.723,0.765,0.152,0.950,0.167,0.996,0.960,0.991,0.972,0.600,True,True,4,visible,5,0,,0,False,0.000,[]
966,32.200,49,0.265,0.477,0.015,0.983,0.163,0.997,0.937,0.988,0.957,0.400,True,True,4,visible,131,0,,1,False,0.000,[835]
966,32.200,60,0.911,0.893,0.630,0.700,0.187,0.988,0.770,0.974,0.881,0.800,True,True,4,visible,19,0,,0,False,0.000,[]
966,32.200,61,0.723,0.765,0.152,0.950,0.167,0.996,0.960,0.991,0.972,0.600,True,True,4,visible,6,0,,0,False,0.000,[]
967,32.233,49,0.265,0.477,0.015,0.983,0.163,0.997,0.937,0.988,0.957,0.400,True,True,4,visible,132,0,,1,False,0.000,[835]
967,32.233,60,0.911,0.893,0.630,0.700,0.187,0.988,0.770,0.974,0.881,0.800,True,True,4,visible,20,0,,0,False,0.000,[]
967,32.233,61,0.723,0.765,0.152,0.950,0.167,0.996,0.960,0.991,0.972,0.600,True,True,4,visible,7,0,,0,False,0.000,[]
968,32.267,49,0.265,0.477,0.015,0.983,0.163,0.997,0.937,0.988,0.957,0.400,True,True,4,visible,133,0,,1,False,0.000,[835]
968,32.267,60,0.911,0.893,0.630,0.700,0.187,0.988,0.770,0.974,0.881,0.800,True,True,4,visible,21,0,,0,False,0.000,[]
968,32.267,61,0.723,0.765,0.152,0.950,0.167,0.996,0.960,0.991,0.972,0.600,True,True,4,visible,8,0,,0,False,0.000,[]
969,32.300,49,0.361,0.601,0.014,0.986,0.081,0.998,0.939,0.993,0.967,0.400,True,True,4,visible,134,0,,1,False,0.000,[835]
969,32.300,54,0.820,0.743,0.397,0.655,0.149,0.936,0.914,0.908,0.894,0.600,True,True,4,visible,193,0,,0,False,0.000,[]
970,32.333,49,0.359,0.596,0.014,0.986,0.085,0.998,0.942,0.994,0.968,0.400,True,True,4,visible,135,0,,1,False,0.000,[835]
970,32.333,62,0.680,0.776,0.162,0.839,0.038,0.949,0.743,0.862,0.704,0.600,True,True,4,uncertain,1,0,,0,False,0.000,[]
970,32.333,54,0.821,0.744,0.400,0.653,0.149,0.935,0.914,0.907,0.893,0.600,True,True,4,visible,194,0,,0,False,0.000,[]
971,32.367,49,0.359,0.596,0.014,0.986,0.085,0.998,0.942,0.994,0.968,0.400,True,True,4,visible,136,0,,1,False,0.000,[835]
971,32.367,62,0.680,0.776,0.162,0.839,0.038,0.949,0.743,0.862,0.704,0.600,True,True,4,uncertain,2,0,,0,False,0.000,[]
971,32.367,54,0.821,0.744,0.400,0.653,0.149,0.935,0.914,0.907,0.893,0.600,True,True,4,visible,195,0,,0,False,0.000,[]
972,32.400,49,0.359,0.596,0.014,0.986,0.085,0.998,0.942,0.994,0.968,0.400,True,True,4,visible,137,0,,1,False,0.000,[835]
972,32.400,62,0.680,0.776,0.162,0.839,0.038,0.949,0.743,0.862,0.704,0.600,True,True,4,visible,3,0,,0,False,0.000,[]
972,32.400,54,0.821,0.744,0.400,0.653,0.149,0.935,0.914,0.907,0.893,0.600,True,True,4,visible,196,0,,0,False,0.000,[]
973,32.433,49,0.567,0.724,0.051,0.979,0.125,0.995,0.958,0.989,0.974,0.600,True,True,4,visible,138,0,,1,False,0.000,[835]
973,32.433,62,0.771,0.852,0.251,0.861,0.045,0.945,0.767,0.789,0.624,0.600,True,True,4,visible,4,0,,0,False,0.000,[]
973,32.433,54,0.863,0.842,0.563,0.667,0.174,0.847,0.839,0.640,0.617,0.800,True,True,4,visible,197,0,,0,False,0.000,[]
973,32.433,61,0.667,0.740,0.106,0.959,0.211,0.996,0.962,0.989,0.966,0.600,True,True,4,visible,9,0,,0,False,0.000,[]
974,32.467,49,0.568,0.725,0.051,0.978,0.125,0.995,0.958,0.989,0.974,0.600,True,True,4,visible,139,0,,1,False,0.000,[835]
974,32.467,62,0.771,0.852,0.251,0.861,0.045,0.945,0.767,0.789,0.624,0.600,True,True,4,visible,5,0,,0,False,0.000,[]
974,32.467,54,0.863,0.842,0.563,0.666,0.174,0.847,0.839,0.640,0.616,0.800,True,True,4,visible,198,0,,0,False,0.000,[]
974,32.467,61,0.666,0.740,0.106,0.959,0.211,0.996,0.962,0.989,0.966,0.600,True,True,4,visible,10,0,,0,False,0.000,[]
975,32.500,49,0.568,0.725,0.051,0.978,0.125,0.995,0.958,0.989,0.974,0.600,True,True,4,visible,140,0,,1,False,0.000,[835]
975,32.500,62,0.771,0.852,0.251,0.861,0.045,0.945,0.767,0.789,0.624,0.600,True,True,4,visible,6,0,,0,False,0.000,[]
975,32.500,54,0.863,0.842,0.563,0.666,0.174,0.847,0.839,0.640,0.616,0.800,True,True,4,visible,199,0,,0,False,0.000,[]
975,32.500,61,0.666,0.740,0.106,0.959,0.211,0.996,0.962,0.989,0.966,0.600,True,True,4,visible,11,0,,0,False,0.000,[]
976,32.533,49,0.568,0.725,0.051,0.978,0.125,0.995,0.958,0.989,0.974,0.600,True,True,4,visible,141,0,,1,False,0.000,[835]
976,32.533,62,0.771,0.852,0.251,0.861,0.045,0.945,0.767,0.789,0.624,0.600,True,True,4,visible,7,0,,0,False,0.000,[]
976,32.533,54,0.863,0.842,0.563,0.666,0.174,0.847,0.839,0.640,0.616,0.800,True,True,4,visible,200,0,,0,False,0.000,[]
976,32.533,61,0.666,0.740,0.106,0.959,0.211,0.996,0.962,0.989,0.966,0.600,True,True,4,visible,12,0,,0,False,0.000,[]
977,32.567,49,0.569,0.704,0.046,0.973,0.108,0.996,0.953,0.988,0.969,0.600,True,True,4,visible,142,0,,1,False,0.000,[835]
977,32.567,61,0.724,0.788,0.102,0.962,0.152,0.996,0.965,0.991,0.970,0.600,True,True,4,visible,13,0,,0,False,0.000,[]
978,32.600,49,0.571,0.707,0.047,0.973,0.107,0.996,0.952,0.988,0.969,0.600,True,True,4,visible,143,0,,1,False,0.000,[835]
978,32.600,61,0.724,0.788,0.101,0.962,0.151,0.996,0.965,0.991,0.970,0.600,True,True,4,visible,14,0,,0,False,0.000,[]
978,32.600,63,0.923,0.953,0.711,0.901,0.182,0.987,0.916,0.934,0.839,0.800,True,True,4,uncertain,1,0,,0,False,0.000,[]
979,32.633,49,0.571,0.707,0.047,0.973,0.107,0.996,0.952,0.988,0.969,0.600,True,True,4,visible,144,0,,1,False,0.000,[835]
979,32.633,61,0.724,0.788,0.101,0.962,0.151,0.996,0.965,0.991,0.970,0.600,True,True,4,visible,15,0,,0,False,0.000,[]
979,32.633,63,0.923,0.953,0.711,0.901,0.182,0.987,0.916,0.934,0.839,0.800,True,True,4,uncertain,2,0,,0,False,0.000,[]
980,32.667,49,0.571,0.707,0.047,0.973,0.107,0.996,0.952,0.988,0.969,0.600,True,True,4,visible,145,0,,1,False,0.000,[835]
980,32.667,61,0.724,0.788,0.101,0.962,0.151,0.996,0.965,0.991,0.970,0.600,True,True,4,visible,16,0,,0,False,0.000,[]
980,32.667,63,0.923,0.953,0.711,0.901,0.182,0.987,0.916,0.934,0.839,0.800,True,True,4,visible,3,0,,0,False,0.000,[]
981,32.700,49,0.545,0.667,0.043,0.970,0.108,0.995,0.952,0.986,0.964,0.600,True,True,4,visible,146,0,,1,False,0.000,[835]
981,32.700,61,0.836,0.888,0.168,0.961,0.131,0.996,0.951,0.994,0.974,0.600,True,True,4,visible,17,0,,0,False,0.000,[]
981,32.700,62,0.841,0.879,0.431,0.854,0.155,0.977,0.719,0.915,0.722,0.800,True,True,4,visible,8,0,,0,False,0.000,[]
982,32.733,49,0.545,0.667,0.043,0.969,0.108,0.995,0.951,0.986,0.964,0.600,True,True,4,visible,147,0,,1,False,0.000,[835]
982,32.733,61,0.835,0.887,0.167,0.961,0.131,0.996,0.950,0.994,0.974,0.600,True,True,4,visible,18,0,,0,False,0.000,[]
982,32.733,62,0.840,0.879,0.430,0.854,0.155,0.977,0.719,0.915,0.721,0.800,True,True,4,visible,9,0,,0,False,0.000,[]
983,32.767,49,0.545,0.667,0.043,0.969,0.108,0.995,0.951,0.986,0.964,0.600,True,True,4,visible,148,0,,1,False,0.000,[835]
983,32.767,61,0.835,0.887,0.167,0.961,0.131,0.996,0.950,0.994,0.974,0.600,True,True,4,visible,19,0,,0,False,0.000,[]
983,32.767,62,0.840,0.879,0.430,0.854,0.155,0.977,0.719,0.915,0.721,0.800,True,True,4,visible,10,0,,0,False,0.000,[]
984,32.800,49,0.545,0.667,0.043,0.969,0.108,0.995,0.951,0.986,0.964,0.600,True,True,4,visible,149,0,,1,False,0.000,[835]
984,32.800,61,0.835,0.887,0.167,0.961,0.131,0.996,0.950,0.994,0.974,0.600,True,True,4,visible,20,0,,0,False,0.000,[]
984,32.800,62,0.840,0.879,0.430,0.854,0.155,0.977,0.719,0.915,0.721,0.800,True,True,4,visible,11,0,,0,False,0.000,[]
985,32.833,49,0.545,0.667,0.043,0.969,0.108,0.995,0.951,0.986,0.964,0.600,True,True,4,visible,150,0,,1,False,0.000,[835]
985,32.833,61,0.835,0.887,0.167,0.961,0.131,0.996,0.950,0.994,0.974,0.600,True,True,4,visible,21,0,,0,False,0.000,[]
985,32.833,62,0.840,0.879,0.430,0.854,0.155,0.977,0.719,0.915,0.721,0.800,True,True,4,visible,12,0,,0,False,0.000,[]
986,32.867,49,0.434,0.648,0.019,0.986,0.078,0.998,0.949,0.992,0.965,0.600,True,True,4,visible,151,0,,1,False,0.000,[835]
986,32.867,61,0.796,0.857,0.132,0.960,0.150,0.997,0.956,0.994,0.974,0.600,True,True,4,visible,22,0,,0,False,0.000,[]
987,32.900,49,0.434,0.647,0.019,0.986,0.078,0.998,0.950,0.992,0.965,0.600,True,True,4,visible,152,0,,1,False,0.000,[835]
987,32.900,61,0.796,0.857,0.132,0.960,0.150,0.997,0.956,0.994,0.974,0.600,True,True,4,visible,23,0,,0,False,0.000,[]
988,32.933,49,0.434,0.647,0.019,0.986,0.078,0.998,0.950,0.992,0.965,0.600,True,True,4,visible,153,0,,1,False,0.000,[835]
988,32.933,61,0.796,0.857,0.132,0.960,0.150,0.997,0.956,0.994,0.974,0.600,True,True,4,visible,24,0,,0,False,0.000,[]
989,32.967,49,0.434,0.647,0.019,0.986,0.078,0.998,0.950,0.992,0.965,0.600,True,True,4,visible,154,0,,1,False,0.000,[835]
989,32.967,61,0.796,0.857,0.132,0.960,0.150,0.997,0.956,0.994,0.974,0.600,True,True,4,visible,25,0,,0,False,0.000,[]
990,33.000,49,0.460,0.707,0.017,0.989,0.053,0.998,0.935,0.993,0.964,0.600,True,True,4,visible,155,0,,1,False,0.000,[835]
990,33.000,62,0.872,0.930,0.392,0.916,0.077,0.979,0.743,0.960,0.854,0.600,True,True,4,visible,13,0,,0,False,0.000,[]
991,33.033,49,0.459,0.706,0.017,0.989,0.053,0.998,0.935,0.993,0.964,0.600,True,True,4,visible,156,0,,1,False,0.000,[835]
991,33.033,62,0.873,0.930,0.391,0.916,0.076,0.979,0.742,0.960,0.852,0.600,True,True,4,visible,14,0,,0,False,0.000,[]
992,33.067,49,0.459,0.706,0.017,0.989,0.053,0.998,0.935,0.993,0.964,0.600,True,True,4,visible,157,0,,1,False,0.000,[835]
992,33.067,62,0.873,0.930,0.391,0.916,0.076,0.979,0.742,0.960,0.852,0.600,True,True,4,visible,15,0,,0,False,0.000,[]
993,33.100,49,0.459,0.706,0.017,0.989,0.053,0.998,0.935,0.993,0.964,0.600,True,True,4,visible,158,0,,1,False,0.000,[835]
993,33.100,62,0.873,0.930,0.391,0.916,0.076,0.979,0.742,0.960,0.852,0.600,True,True,4,visible,16,0,,0,False,0.000,[]
994,33.133,49,0.490,0.724,0.020,0.988,0.056,0.998,0.930,0.991,0.955,0.600,True,True,4,visible,159,0,,1,False,0.000,[835]
994,33.133,60,0.915,0.955,0.620,0.916,0.102,0.984,0.871,0.955,0.871,0.800,True,True,4,visible,22,0,,0,False,0.000,[]
994,33.133,61,0.589,0.686,0.060,0.949,0.148,0.995,0.947,0.993,0.975,0.600,True,True,4,visible,26,0,,0,False,0.000,[]
995,33.167,49,0.490,0.724,0.020,0.988,0.056,0.998,0.930,0.991,0.955,0.600,True,True,4,visible,160,0,,1,False,0.000,[835]
995,33.167,60,0.915,0.955,0.619,0.915,0.102,0.984,0.870,0.954,0.870,0.800,True,True,4,visible,23,0,,0,False,0.000,[]
995,33.167,61,0.589,0.686,0.060,0.949,0.149,0.995,0.947,0.993,0.975,0.600,True,True,4,visible,27,0,,0,False,0.000,[]
996,33.200,49,0.490,0.724,0.020,0.988,0.056,0.998,0.930,0.991,0.955,0.600,True,True,4,visible,161,0,,1,False,0.000,[835]
996,33.200,60,0.915,0.955,0.619,0.915,0.102,0.984,0.870,0.954,0.870,0.800,True,True,4,visible,24,0,,0,False,0.000,[]
996,33.200,61,0.589,0.686,0.060,0.949,0.149,0.995,0.947,0.993,0.975,0.600,True,True,4,visible,28,0,,0,False,0.000,[]
997,33.233,49,0.490,0.724,0.020,0.988,0.056,0.998,0.930,0.991,0.955,0.600,True,True,4,visible,162,0,,1,False,0.000,[835]
997,33.233,60,0.915,0.955,0.619,0.915,0.102,0.984,0.870,0.954,0.870,0.800,True,True,4,visible,25,0,,0,False,0.000,[]
997,33.233,61,0.589,0.686,0.060,0.949,0.149,0.995,0.947,0.993,0.975,0.600,True,True,4,visible,29,0,,0,False,0.000,[]
998,33.267,49,0.490,0.724,0.020,0.988,0.056,0.998,0.930,0.991,0.955,0.600,True,True,4,visible,163,0,,1,False,0.000,[835]
998,33.267,60,0.915,0.955,0.619,0.915,0.102,0.984,0.870,0.954,0.870,0.800,True,True,4,visible,26,0,,0,False,0.000,[]
998,33.267,61,0.589,0.686,0.060,0.949,0.149,0.995,0.947,0.993,0.975,0.600,True,True,4,visible,30,0,,0,False,0.000,[]
999,33.300,49,0.501,0.726,0.022,0.987,0.061,0.998,0.931,0.989,0.951,0.600,True,True,4,visible,164,0,,1,False,0.000,[835]
999,33.300,60,0.924,0.916,0.641,0.779,0.185,0.990,0.816,0.979,0.904,0.800,True,True,4,visible,27,0,,0,False,0.000,[]
999,33.300,61,0.587,0.671,0.058,0.920,0.101,0.990,0.918,0.988,0.957,0.600,True,True,4,visible,31,0,,0,False,0.000,[]
1000,33.333,49,0.502,0.727,0.023,0.987,0.061,0.998,0.932,0.989,0.951,0.600,True,True,4,visible,165,0,,1,False,0.000,[835]
1000,33.333,60,0.924,0.916,0.641,0.779,0.185,0.990,0.816,0.979,0.904,0.800,True,True,4,visible,28,0,,0,False,0.000,[]
1000,33.333,61,0.587,0.671,0.058,0.920,0.101,0.990,0.918,0.988,0.957,0.600,True,True,4,visible,32,0,,0,False,0.000,[]
1001,33.367,49,0.502,0.727,0.023,0.987,0.061,0.998,0.932,0.989,0.951,0.600,True,True,4,visible,166,0,,1,False,0.000,[835]
1001,33.367,60,0.924,0.916,0.641,0.779,0.185,0.990,0.816,0.979,0.904,0.800,True,True,4,visible,29,0,,0,False,0.000,[]
1001,33.367,61,0.587,0.671,0.058,0.920,0.101,0.990,0.918,0.988,0.957,0.600,True,True,4,visible,33,0,,0,False,0.000,[]
1002,33.400,49,0.502,0.727,0.023,0.987,0.061,0.998,0.932,0.989,0.951,0.600,True,True,4,visible,167,0,,1,False,0.000,[835]
1002,33.400,60,0.924,0.916,0.641,0.779,0.185,0.990,0.816,0.979,0.904,0.800,True,True,4,visible,30,0,,0,False,0.000,[]
1002,33.400,61,0.587,0.671,0.058,0.920,0.101,0.990,0.918,0.988,0.957,0.600,True,True,4,visible,34,0,,0,False,0.000,[]
1003,33.433,49,0.503,0.736,0.021,0.988,0.054,0.998,0.924,0.990,0.949,0.600,True,True,4,visible,168,0,,1,False,0.000,[835]
1003,33.433,60,0.941,0.945,0.696,0.844,0.159,0.988,0.829,0.973,0.891,0.800,True,True,4,visible,31,0,,0,False,0.000,[]
1003,33.433,61,0.680,0.753,0.088,0.918,0.097,0.990,0.907,0.987,0.955,0.600,True,True,4,visible,35,0,,0,False,0.000,[]
1004,33.467,49,0.503,0.736,0.021,0.988,0.054,0.998,0.924,0.990,0.949,0.600,True,True,4,visible,169,0,,1,False,0.000,[835]
1004,33.467,60,0.942,0.945,0.697,0.844,0.159,0.988,0.829,0.974,0.892,0.800,True,True,4,visible,32,0,,0,False,0.000,[]
1004,33.467,61,0.679,0.753,0.088,0.917,0.097,0.990,0.907,0.987,0.955,0.600,True,True,4,visible,36,0,,0,False,0.000,[]
1005,33.500,49,0.503,0.736,0.021,0.988,0.054,0.998,0.924,0.990,0.949,0.600,True,True,4,visible,170,0,,1,False,0.000,[835]
1005,33.500,60,0.942,0.945,0.697,0.844,0.159,0.988,0.829,0.974,0.892,0.800,True,True,4,visible,33,0,,0,False,0.000,[]
1005,33.500,61,0.679,0.753,0.088,0.917,0.097,0.990,0.907,0.987,0.955,0.600,True,True,4,visible,37,0,,0,False,0.000,[]
1006,33.533,49,0.503,0.736,0.021,0.988,0.054,0.998,0.924,0.990,0.949,0.600,True,True,4,visible,171,0,,1,False,0.000,[835]
1006,33.533,60,0.942,0.945,0.697,0.844,0.159,0.988,0.829,0.974,0.892,0.800,True,True,4,visible,34,0,,0,False,0.000,[]
1006,33.533,61,0.679,0.753,0.088,0.917,0.097,0.990,0.907,0.987,0.955,0.600,True,True,4,visible,38,0,,0,False,0.000,[]
1007,33.567,49,0.467,0.701,0.018,0.987,0.054,0.998,0.918,0.990,0.947,0.600,True,True,4,visible,172,0,,1,False,0.000,[835]
1007,33.567,60,0.942,0.945,0.700,0.846,0.170,0.989,0.834,0.975,0.897,0.800,True,True,4,visible,35,0,,0,False,0.000,[]
1007,33.567,61,0.523,0.601,0.051,0.916,0.116,0.990,0.916,0.988,0.957,0.600,True,True,4,visible,39,0,,0,False,0.000,[]
1008,33.600,49,0.468,0.701,0.018,0.987,0.054,0.998,0.919,0.990,0.947,0.600,True,True,4,visible,173,0,,1,False,0.000,[835]
1008,33.600,60,0.942,0.945,0.700,0.846,0.170,0.989,0.834,0.975,0.897,0.800,True,True,4,visible,36,0,,0,False,0.000,[]
1008,33.600,61,0.523,0.601,0.051,0.916,0.116,0.990,0.916,0.988,0.957,0.600,True,True,4,visible,40,0,,0,False,0.000,[]
1009,33.633,49,0.468,0.701,0.018,0.987,0.054,0.998,0.919,0.990,0.947,0.600,True,True,4,visible,174,0,,1,False,0.000,[835]
1009,33.633,60,0.942,0.945,0.700,0.846,0.170,0.989,0.834,0.975,0.897,0.800,True,True,4,visible,37,0,,0,False,0.000,[]
1009,33.633,61,0.523,0.601,0.051,0.916,0.116,0.990,0.916,0.988,0.957,0.600,True,True,4,visible,41,0,,0,False,0.000,[]
1010,33.667,49,0.468,0.701,0.018,0.987,0.054,0.998,0.919,0.990,0.947,0.600,True,True,4,visible,175,0,,1,False,0.000,[835]
1010,33.667,60,0.942,0.945,0.700,0.846,0.170,0.989,0.834,0.975,0.897,0.800,True,True,4,visible,38,0,,0,False,0.000,[]
1010,33.667,61,0.523,0.601,0.051,0.916,0.116,0.990,0.916,0.988,0.957,0.600,True,True,4,visible,42,0,,0,False,0.000,[]
1011,33.700,49,0.419,0.629,0.017,0.986,0.081,0.998,0.947,0.990,0.958,0.600,True,True,4,visible,176,0,,1,False,0.000,[835]
1011,33.700,60,0.943,0.946,0.693,0.834,0.180,0.992,0.788,0.975,0.866,0.800,True,True,4,visible,39,0,,0,False,0.000,[]
1011,33.700,61,0.517,0.620,0.047,0.913,0.093,0.990,0.884,0.988,0.949,0.600,True,True,4,visible,43,0,,0,False,0.000,[]
1012,33.733,49,0.419,0.629,0.017,0.986,0.081,0.998,0.947,0.990,0.958,0.600,True,True,4,visible,177,0,,1,False,0.000,[835]
1012,33.733,60,0.943,0.946,0.694,0.834,0.180,0.992,0.788,0.975,0.866,0.800,True,True,4,visible,40,0,,0,False,0.000,[]
1012,33.733,61,0.513,0.615,0.046,0.913,0.094,0.990,0.884,0.988,0.950,0.600,True,True,4,visible,44,0,,0,False,0.000,[]
1013,33.767,49,0.419,0.629,0.017,0.986,0.081,0.998,0.947,0.990,0.958,0.600,True,True,4,visible,178,0,,1,False,0.000,[835]
1013,33.767,60,0.943,0.946,0.694,0.834,0.180,0.992,0.788,0.975,0.866,0.800,True,True,4,visible,41,0,,0,False,0.000,[]
1013,33.767,61,0.513,0.615,0.046,0.913,0.094,0.990,0.884,0.988,0.950,0.600,True,True,4,visible,45,0,,0,False,0.000,[]
1014,33.800,49,0.419,0.629,0.017,0.986,0.081,0.998,0.947,0.990,0.958,0.600,True,True,4,visible,179,0,,1,False,0.000,[835]
1014,33.800,60,0.943,0.946,0.694,0.834,0.180,0.992,0.788,0.975,0.866,0.800,True,True,4,visible,42,0,,0,False,0.000,[]
1014,33.800,61,0.513,0.615,0.046,0.913,0.094,0.990,0.884,0.988,0.950,0.600,True,True,4,visible,46,0,,0,False,0.000,[]
1015,33.833,49,0.419,0.629,0.017,0.986,0.081,0.998,0.947,0.990,0.958,0.600,True,True,4,visible,180,0,,0,False,0.000,[]
1015,33.833,60,0.943,0.946,0.694,0.834,0.180,0.992,0.788,0.975,0.866,0.800,True,True,4,visible,43,0,,0,False,0.000,[]
1015,33.833,61,0.513,0.615,0.046,0.913,0.094,0.990,0.884,0.988,0.950,0.600,True,True,4,visible,47,0,,0,False,0.000,[]
1016,33.867,49,0.420,0.643,0.016,0.986,0.067,0.998,0.934,0.990,0.951,0.600,True,True,4,visible,181,0,,0,False,0.000,[]
1016,33.867,60,0.933,0.937,0.660,0.816,0.167,0.991,0.760,0.978,0.878,0.800,True,True,4,visible,44,0,,0,False,0.000,[]
1016,33.867,61,0.499,0.601,0.045,0.916,0.099,0.990,0.888,0.989,0.952,0.600,True,True,4,visible,48,0,,0,False,0.000,[]
1017,33.900,49,0.422,0.645,0.016,0.986,0.066,0.998,0.934,0.990,0.950,0.600,True,True,4,visible,182,0,,0,False,0.000,[]
1017,33.900,60,0.933,0.937,0.660,0.816,0.167,0.991,0.760,0.978,0.878,0.800,True,True,4,visible,45,0,,0,False,0.000,[]
1017,33.900,61,0.497,0.600,0.045,0.917,0.099,0.990,0.888,0.989,0.953,0.600,True,True,4,visible,49,0,,0,False,0.000,[]
1018,33.933,49,0.422,0.645,0.016,0.986,0.066,0.998,0.934,0.990,0.950,0.600,True,True,4,visible,183,0,,0,False,0.000,[]
1018,33.933,60,0.933,0.937,0.660,0.816,0.167,0.991,0.760,0.978,0.878,0.800,True,True,4,visible,46,0,,0,False,0.000,[]
1018,33.933,61,0.497,0.600,0.045,0.917,0.099,0.990,0.888,0.989,0.953,0.600,True,True,4,visible,50,0,,0,False,0.000,[]
1019,33.967,49,0.422,0.645,0.016,0.986,0.066,0.998,0.934,0.990,0.950,0.600,True,True,4,visible,184,0,,0,False,0.000,[]
1019,33.967,60,0.933,0.937,0.660,0.816,0.167,0.991,0.760,0.978,0.878,0.800,True,True,4,visible,47,0,,0,False,0.000,[]
1019,33.967,61,0.497,0.600,0.045,0.917,0.099,0.990,0.888,0.989,0.953,0.600,True,True,4,visible,51,0,,0,False,0.000,[]
1020,34.000,49,0.396,0.556,0.017,0.982,0.110,0.999,0.957,0.993,0.968,0.400,True,True,4,visible,185,0,,0,False,0.000,[]
1020,34.000,60,0.934,0.941,0.674,0.831,0.178,0.989,0.763,0.971,0.862,0.800,True,True,4,visible,48,0,,0,False,0.000,[]
1020,34.000,61,0.458,0.488,0.053,0.853,0.107,0.981,0.911,0.988,0.973,0.600,True,True,4,visible,52,0,,0,False,0.000,[]
1021,34.033,49,0.396,0.556,0.017,0.982,0.110,0.999,0.957,0.993,0.968,0.400,True,True,4,visible,186,0,,0,False,0.000,[]
1021,34.033,60,0.934,0.941,0.674,0.831,0.178,0.989,0.763,0.971,0.862,0.800,True,True,4,visible,49,0,,0,False,0.000,[]
1021,34.033,61,0.458,0.488,0.053,0.853,0.107,0.981,0.911,0.988,0.973,0.600,True,True,4,visible,53,0,,0,False,0.000,[]
1022,34.067,49,0.396,0.556,0.017,0.982,0.110,0.999,0.957,0.993,0.968,0.400,True,True,4,visible,187,0,,0,False,0.000,[]
1022,34.067,60,0.934,0.941,0.674,0.831,0.178,0.989,0.763,0.971,0.862,0.800,True,True,4,visible,50,0,,0,False,0.000,[]
1022,34.067,61,0.458,0.488,0.053,0.853,0.107,0.981,0.911,0.988,0.973,0.600,True,True,4,visible,54,0,,0,False,0.000,[]
1023,34.100,49,0.396,0.556,0.017,0.982,0.110,0.999,0.957,0.993,0.968,0.400,True,True,4,visible,188,0,,0,False,0.000,[]
1023,34.100,60,0.934,0.941,0.674,0.831,0.178,0.989,0.763,0.971,0.862,0.800,True,True,4,visible,51,0,,0,False,0.000,[]
1023,34.100,61,0.458,0.488,0.053,0.853,0.107,0.981,0.911,0.988,0.973,0.600,True,True,4,visible,55,0,,0,False,0.000,[]
1024,34.133,49,0.430,0.585,0.020,0.983,0.110,0.998,0.963,0.993,0.972,0.600,True,True,4,visible,189,0,,0,False,0.000,[]
1024,34.133,60,0.931,0.937,0.661,0.827,0.181,0.989,0.776,0.971,0.869,0.800,True,True,4,visible,52,0,,0,False,0.000,[]
1024,34.133,61,0.545,0.603,0.054,0.888,0.089,0.984,0.911,0.987,0.963,0.600,True,True,4,visible,56,0,,0,False,0.000,[]
1025,34.167,49,0.430,0.585,0.020,0.983,0.110,0.998,0.963,0.993,0.972,0.600,True,True,4,visible,190,0,,0,False,0.000,[]
1025,34.167,60,0.931,0.937,0.661,0.827,0.181,0.989,0.776,0.971,0.869,0.800,True,True,4,visible,53,0,,0,False,0.000,[]
1025,34.167,61,0.545,0.603,0.054,0.888,0.089,0.984,0.911,0.987,0.963,0.600,True,True,4,visible,57,0,,0,False,0.000,[]
1026,34.200,49,0.430,0.585,0.020,0.983,0.110,0.998,0.963,0.993,0.972,0.600,True,True,4,visible,191,0,,0,False,0.000,[]
1026,34.200,60,0.931,0.937,0.661,0.827,0.181,0.989,0.776,0.971,0.869,0.800,True,True,4,visible,54,0,,0,False,0.000,[]
1026,34.200,61,0.545,0.603,0.054,0.888,0.089,0.984,0.911,0.987,0.963,0.600,True,True,4,visible,58,0,,0,False,0.000,[]
1027,34.233,49,0.430,0.585,0.020,0.983,0.110,0.998,0.963,0.993,0.972,0.600,True,True,4,visible,192,0,,0,False,0.000,[]
1027,34.233,60,0.931,0.937,0.661,0.827,0.181,0.989,0.776,0.971,0.869,0.800,True,True,4,visible,55,0,,0,False,0.000,[]
1027,34.233,61,0.545,0.603,0.054,0.888,0.089,0.984,0.911,0.987,0.963,0.600,True,True,4,visible,59,0,,0,False,0.000,[]
1028,34.267,49,0.430,0.585,0.020,0.983,0.110,0.998,0.963,0.993,0.972,0.600,True,True,4,visible,193,0,,0,False,0.000,[]
1028,34.267,60,0.931,0.937,0.661,0.827,0.181,0.989,0.776,0.971,0.869,0.800,True,True,4,visible,56,0,,0,False,0.000,[]
1028,34.267,61,0.545,0.603,0.054,0.888,0.089,0.984,0.911,0.987,0.963,0.600,True,True,4,visible,60,0,,0,False,0.000,[]
1029,34.300,49,0.426,0.598,0.019,0.983,0.098,0.998,0.952,0.992,0.965,0.600,True,True,4,visible,194,0,,0,False,0.000,[]
1029,34.300,60,0.934,0.938,0.674,0.825,0.182,0.989,0.784,0.975,0.884,0.800,True,True,4,visible,57,0,,0,False,0.000,[]
1029,34.300,61,0.505,0.548,0.064,0.876,0.115,0.980,0.915,0.985,0.970,0.600,True,True,4,visible,61,0,,0,False,0.000,[]
1030,34.333,49,0.427,0.598,0.019,0.983,0.099,0.998,0.952,0.992,0.965,0.600,True,True,4,visible,195,0,,0,False,0.000,[]
1030,34.333,60,0.934,0.938,0.674,0.825,0.182,0.989,0.784,0.975,0.884,0.800,True,True,4,visible,58,0,,0,False,0.000,[]
1030,34.333,61,0.505,0.548,0.064,0.876,0.115,0.980,0.915,0.985,0.970,0.600,True,True,4,visible,62,0,,0,False,0.000,[]
1031,34.367,49,0.427,0.598,0.019,0.983,0.099,0.998,0.952,0.992,0.965,0.600,True,True,4,visible,196,0,,0,False,0.000,[]
1031,34.367,60,0.934,0.938,0.674,0.825,0.182,0.989,0.784,0.975,0.884,0.800,True,True,4,visible,59,0,,0,False,0.000,[]
1031,34.367,61,0.505,0.548,0.064,0.876,0.115,0.980,0.915,0.985,0.970,0.600,True,True,4,visible,63,0,,0,False,0.000,[]
1032,34.400,49,0.427,0.598,0.019,0.983,0.099,0.998,0.952,0.992,0.965,0.600,True,True,4,visible,197,0,,0,False,0.000,[]
1032,34.400,60,0.934,0.938,0.674,0.825,0.182,0.989,0.784,0.975,0.884,0.800,True,True,4,visible,60,0,,0,False,0.000,[]
1032,34.400,61,0.505,0.548,0.064,0.876,0.115,0.980,0.915,0.985,0.970,0.600,True,True,4,visible,64,0,,0,False,0.000,[]
1033,34.433,49,0.372,0.511,0.017,0.981,0.131,0.998,0.963,0.992,0.970,0.400,True,True,4,visible,198,0,,0,False,0.000,[]
1033,34.433,60,0.865,0.911,0.464,0.856,0.106,0.962,0.650,0.895,0.707,0.800,True,True,4,visible,61,0,,0,False,0.000,[]
1034,34.467,49,0.372,0.511,0.017,0.981,0.131,0.998,0.964,0.992,0.970,0.400,True,True,4,visible,199,0,,0,False,0.000,[]
1034,34.467,60,0.865,0.911,0.464,0.857,0.106,0.962,0.650,0.895,0.707,0.800,True,True,4,visible,62,0,,0,False,0.000,[]
1035,34.500,49,0.372,0.511,0.017,0.981,0.131,0.998,0.964,0.992,0.970,0.400,True,True,4,visible,200,0,,0,False,0.000,[]
1035,34.500,60,0.865,0.911,0.464,0.857,0.106,0.962,0.650,0.895,0.707,0.800,True,True,4,visible,63,0,,0,False,0.000,[]
1036,34.533,49,0.372,0.511,0.017,0.981,0.131,0.998,0.964,0.992,0.970,0.400,True,True,4,visible,201,0,,0,False,0.000,[]
1036,34.533,60,0.865,0.911,0.464,0.857,0.106,0.962,0.650,0.895,0.707,0.800,True,True,4,visible,64,0,,0,False,0.000,[]
1037,34.567,49,0.361,0.506,0.017,0.981,0.139,0.998,0.962,0.992,0.969,0.400,True,True,4,visible,202,0,,0,False,0.000,[]
1037,34.567,60,0.851,0.892,0.494,0.818,0.134,0.955,0.717,0.923,0.808,0.800,True,True,4,visible,65,0,,0,False,0.000,[]
1038,34.600,49,0.361,0.505,0.017,0.981,0.139,0.998,0.963,0.992,0.970,0.400,True,True,4,visible,203,0,,0,False,0.000,[]
1038,34.600,60,0.851,0.892,0.494,0.818,0.134,0.955,0.717,0.923,0.808,0.800,True,True,4,visible,66,0,,0,False,0.000,[]
1039,34.633,49,0.361,0.506,0.017,0.981,0.139,0.998,0.963,0.992,0.969,0.400,True,True,4,visible,204,0,,0,False,0.000,[]
1039,34.633,60,0.851,0.892,0.494,0.818,0.134,0.955,0.717,0.923,0.808,0.800,True,True,4,visible,67,0,,0,False,0.000,[]
1040,34.667,49,0.361,0.506,0.017,0.981,0.139,0.998,0.963,0.992,0.969,0.400,True,True,4,visible,205,0,,0,False,0.000,[]
1040,34.667,60,0.851,0.892,0.494,0.818,0.134,0.955,0.717,0.923,0.808,0.800,True,True,4,visible,68,0,,0,False,0.000,[]
1041,34.700,49,0.361,0.506,0.017,0.981,0.139,0.998,0.963,0.992,0.969,0.400,True,True,4,visible,206,0,,0,False,0.000,[]
1041,34.700,60,0.851,0.892,0.494,0.818,0.134,0.955,0.717,0.923,0.808,0.800,True,True,4,visible,69,0,,0,False,0.000,[]
1042,34.733,49,0.354,0.497,0.016,0.981,0.131,0.998,0.961,0.993,0.970,0.400,True,True,4,visible,207,0,,0,False,0.000,[]
1042,34.733,60,0.876,0.921,0.507,0.884,0.142,0.968,0.753,0.926,0.808,0.800,True,True,4,visible,70,0,,0,False,0.000,[]
1043,34.767,49,0.354,0.497,0.016,0.981,0.131,0.998,0.961,0.993,0.970,0.400,True,True,4,visible,208,0,,0,False,0.000,[]
1043,34.767,60,0.876,0.921,0.507,0.884,0.142,0.968,0.753,0.926,0.808,0.800,True,True,4,visible,71,0,,0,False,0.000,[]
1044,34.800,49,0.354,0.497,0.016,0.981,0.131,0.998,0.961,0.993,0.970,0.400,True,True,4,visible,209,0,,0,False,0.000,[]
1044,34.800,60,0.876,0.921,0.507,0.884,0.142,0.968,0.753,0.926,0.808,0.800,True,True,4,visible,72,0,,0,False,0.000,[]
1045,34.833,49,0.354,0.497,0.016,0.981,0.131,0.998,0.961,0.993,0.970,0.400,True,True,4,visible,210,0,,0,False,0.000,[]
1045,34.833,60,0.876,0.921,0.507,0.884,0.142,0.968,0.753,0.926,0.808,0.800,True,True,4,visible,73,0,,0,False,0.000,[]
1046,34.867,49,0.382,0.521,0.017,0.980,0.121,0.998,0.963,0.993,0.973,0.400,True,True,4,visible,211,0,,0,False,0.000,[]
1046,34.867,60,0.901,0.936,0.600,0.901,0.192,0.960,0.800,0.885,0.775,0.800,True,True,4,visible,74,0,,0,False,0.000,[]
1047,34.900,49,0.382,0.521,0.017,0.980,0.121,0.998,0.963,0.993,0.973,0.400,True,True,4,visible,212,0,,0,False,0.000,[]
1047,34.900,60,0.901,0.936,0.600,0.901,0.192,0.960,0.800,0.885,0.775,0.800,True,True,4,visible,75,0,,0,False,0.000,[]
1048,34.933,49,0.382,0.521,0.017,0.980,0.121,0.998,0.963,0.993,0.973,0.400,True,True,4,visible,213,0,,0,False,0.000,[]
1048,34.933,60,0.901,0.936,0.600,0.901,0.192,0.960,0.800,0.885,0.775,0.800,True,True,4,visible,76,0,,0,False,0.000,[]
1049,34.967,49,0.382,0.521,0.017,0.980,0.121,0.998,0.963,0.993,0.973,0.400,True,True,4,visible,214,0,,0,False,0.000,[]
1049,34.967,60,0.901,0.936,0.600,0.901,0.192,0.960,0.800,0.885,0.775,0.800,True,True,4,visible,77,0,,0,False,0.000,[]
1050,35.000,49,0.327,0.475,0.011,0.984,0.104,0.999,0.970,0.995,0.979,0.400,True,True,4,visible,215,0,,0,False,0.000,[]
1050,35.000,60,0.919,0.950,0.585,0.925,0.163,0.963,0.808,0.849,0.707,0.800,True,True,4,visible,78,0,,0,False,0.000,[]
1050,35.000,61,0.366,0.337,0.045,0.829,0.185,0.983,0.940,0.984,0.970,0.200,False,True,4,visible,0,1,,0,False,0.000,[]
1051,35.033,49,0.327,0.475,0.011,0.984,0.104,0.999,0.970,0.995,0.979,0.400,True,True,4,visible,216,0,,0,False,0.000,[]
1051,35.033,60,0.919,0.950,0.585,0.925,0.163,0.963,0.808,0.849,0.707,0.800,True,True,4,visible,79,0,,0,False,0.000,[]
1051,35.033,61,0.366,0.337,0.045,0.829,0.185,0.983,0.940,0.984,0.970,0.200,False,True,4,visible,0,2,,0,False,0.000,[]
1052,35.067,49,0.327,0.475,0.011,0.984,0.104,0.999,0.970,0.995,0.979,0.400,True,True,4,visible,217,0,,0,False,0.000,[]
1052,35.067,60,0.919,0.950,0.585,0.925,0.163,0.963,0.808,0.849,0.707,0.800,True,True,4,visible,80,0,,0,False,0.000,[]
1052,35.067,61,0.366,0.337,0.045,0.829,0.185,0.983,0.940,0.984,0.970,0.200,False,True,4,visible,0,3,,0,False,0.000,[]
1053,35.100,49,0.327,0.475,0.011,0.984,0.104,0.999,0.970,0.995,0.979,0.400,True,True,4,visible,218,0,,0,False,0.000,[]
1053,35.100,60,0.919,0.950,0.585,0.925,0.163,0.963,0.808,0.849,0.707,0.800,True,True,4,visible,81,0,,0,False,0.000,[]
1053,35.100,61,0.366,0.337,0.045,0.829,0.185,0.983,0.940,0.984,0.970,0.200,False,True,4,visible,0,4,,0,False,0.000,[]
1054,35.133,49,0.327,0.475,0.011,0.984,0.104,0.999,0.970,0.995,0.979,0.400,True,True,4,visible,219,0,,0,False,0.000,[]
1054,35.133,60,0.919,0.950,0.585,0.925,0.163,0.963,0.808,0.849,0.707,0.800,True,True,4,visible,82,0,,0,False,0.000,[]
1054,35.133,61,0.366,0.337,0.045,0.829,0.185,0.983,0.940,0.984,0.970,0.200,False,True,4,hidden,0,5,head_turn_away,1,False,0.000,[1054]
1055,35.167,49,0.333,0.482,0.012,0.984,0.102,0.999,0.968,0.995,0.977,0.400,True,True,4,visible,220,0,,0,False,0.000,[]
1055,35.167,60,0.937,0.959,0.684,0.920,0.210,0.965,0.837,0.898,0.801,0.800,True,True,4,visible,83,0,,0,False,0.000,[]
1055,35.167,61,0.534,0.499,0.085,0.880,0.261,0.986,0.957,0.979,0.964,0.600,True,True,4,hidden,1,0,,1,False,0.000,[1054]
1056,35.200,49,0.333,0.482,0.012,0.984,0.102,0.999,0.968,0.995,0.977,0.400,True,True,4,visible,221,0,,0,False,0.000,[]
1056,35.200,60,0.937,0.959,0.684,0.920,0.210,0.965,0.837,0.898,0.800,0.800,True,True,4,visible,84,0,,0,False,0.000,[]
1056,35.200,61,0.534,0.500,0.085,0.880,0.260,0.986,0.957,0.979,0.964,0.600,True,True,4,hidden,2,0,,1,False,0.000,[1054]
1057,35.233,49,0.333,0.482,0.012,0.984,0.102,0.999,0.968,0.995,0.977,0.400,True,True,4,visible,222,0,,0,False,0.000,[]
1057,35.233,60,0.937,0.959,0.684,0.920,0.210,0.965,0.837,0.898,0.800,0.800,True,True,4,visible,85,0,,0,False,0.000,[]
1057,35.233,61,0.534,0.500,0.085,0.880,0.260,0.986,0.957,0.979,0.964,0.600,True,True,4,visible,3,0,,1,False,0.000,[1054]
1058,35.267,49,0.333,0.482,0.012,0.984,0.102,0.999,0.968,0.995,0.977,0.400,True,True,4,visible,223,0,,0,False,0.000,[]
1058,35.267,60,0.937,0.959,0.684,0.920,0.210,0.965,0.837,0.898,0.800,0.800,True,True,4,visible,86,0,,0,False,0.000,[]
1058,35.267,61,0.534,0.500,0.085,0.880,0.260,0.986,0.957,0.979,0.964,0.600,True,True,4,visible,4,0,,1,False,0.000,[1054]
1059,35.300,49,0.345,0.407,0.015,0.959,0.124,0.998,0.961,0.989,0.959,0.400,True,True,4,visible,224,0,,0,False,0.000,[]
1059,35.300,60,0.929,0.955,0.643,0.908,0.167,0.955,0.764,0.855,0.696,0.800,True,True,4,visible,87,0,,0,False,0.000,[]
1059,35.300,61,0.466,0.435,0.066,0.826,0.184,0.981,0.933,0.978,0.959,0.600,True,True,4,visible,5,0,,1,False,0.000,[1054]
1060,35.333,49,0.345,0.407,0.015,0.959,0.124,0.998,0.961,0.989,0.959,0.400,True,True,4,visible,225,0,,0,False,0.000,[]
1060,35.333,60,0.929,0.955,0.643,0.908,0.167,0.955,0.764,0.855,0.696,0.800,True,True,4,visible,88,0,,0,False,0.000,[]
1060,35.333,61,0.466,0.435,0.066,0.826,0.184,0.981,0.933,0.978,0.959,0.600,True,True,4,visible,6,0,,1,False,0.000,[1054]
1060,35.333,64,0.855,0.892,0.627,0.793,0.203,0.928,0.807,0.534,0.392,0.800,True,True,3,uncertain,1,0,,0,False,0.000,[]
1060,35.333,65,0.856,0.875,0.411,0.872,0.076,0.930,0.875,0.507,0.422,0.800,True,True,4,uncertain,1,0,,0,False,0.000,[]
1061,35.367,49,0.345,0.407,0.015,0.959,0.124,0.998,0.961,0.989,0.959,0.400,True,True,4,visible,226,0,,0,False,0.000,[]
1061,35.367,60,0.929,0.955,0.643,0.908,0.167,0.955,0.764,0.855,0.696,0.800,True,True,4,visible,89,0,,0,False,0.000,[]
1061,35.367,61,0.466,0.435,0.066,0.826,0.184,0.981,0.933,0.978,0.959,0.600,True,True,4,visible,7,0,,1,False,0.000,[1054]
1061,35.367,64,0.855,0.892,0.627,0.793,0.203,0.928,0.807,0.534,0.392,0.800,True,True,3,uncertain,2,0,,0,False,0.000,[]
1061,35.367,65,0.856,0.875,0.411,0.872,0.076,0.930,0.875,0.507,0.422,0.800,True,True,4,uncertain,2,0,,0,False,0.000,[]
1062,35.400,49,0.345,0.407,0.015,0.959,0.124,0.998,0.961,0.989,0.959,0.400,True,True,4,visible,227,0,,0,False,0.000,[]
1062,35.400,60,0.929,0.955,0.643,0.908,0.167,0.955,0.764,0.855,0.696,0.800,True,True,4,visible,90,0,,0,False,0.000,[]
1062,35.400,61,0.466,0.435,0.066,0.826,0.184,0.981,0.933,0.978,0.959,0.600,True,True,4,visible,8,0,,1,False,0.000,[1054]
1062,35.400,64,0.855,0.892,0.627,0.793,0.203,0.928,0.807,0.534,0.392,0.800,True,True,3,visible,3,0,,0,False,0.000,[]
1062,35.400,65,0.856,0.875,0.411,0.872,0.076,0.930,0.875,0.507,0.422,0.800,True,True,4,visible,3,0,,0,False,0.000,[]
1063,35.433,49,0.346,0.414,0.014,0.962,0.123,0.998,0.962,0.989,0.959,0.400,True,True,4,visible,228,0,,0,False,0.000,[]
1063,35.433,60,0.949,0.962,0.693,0.921,0.203,0.980,0.876,0.955,0.892,0.800,True,True,4,visible,91,0,,0,False,0.000,[]
1063,35.433,61,0.511,0.504,0.070,0.866,0.180,0.986,0.938,0.984,0.966,0.600,True,True,4,visible,9,0,,1,False,0.000,[1054]
1063,35.433,64,0.947,0.965,0.785,0.912,0.213,0.974,0.891,0.643,0.467,0.800,True,True,4,visible,4,0,,0,False,0.000,[]
1064,35.467,49,0.416,0.527,0.020,0.971,0.111,0.998,0.960,0.994,0.976,0.600,True,True,4,visible,229,0,,0,False,0.000,[]
1064,35.467,60,0.947,0.961,0.685,0.922,0.199,0.979,0.866,0.951,0.881,0.800,True,True,4,visible,92,0,,0,False,0.000,[]
1064,35.467,61,0.508,0.523,0.066,0.877,0.153,0.985,0.931,0.986,0.969,0.600,True,True,4,visible,10,0,,1,False,0.000,[1054]
1064,35.467,64,0.941,0.962,0.761,0.911,0.192,0.972,0.882,0.637,0.462,0.800,True,True,4,visible,5,0,,0,False,0.000,[]
1065,35.500,49,0.398,0.491,0.023,0.967,0.136,0.997,0.963,0.990,0.973,0.400,True,True,4,visible,230,0,,0,False,0.000,[]
1065,35.500,60,0.947,0.962,0.687,0.922,0.193,0.979,0.861,0.953,0.883,0.800,True,True,4,visible,93,0,,0,False,0.000,[]
1065,35.500,61,0.496,0.499,0.065,0.871,0.166,0.986,0.938,0.986,0.971,0.600,True,True,4,visible,11,0,,1,False,0.000,[1054]
1065,35.500,64,0.945,0.964,0.772,0.913,0.202,0.973,0.887,0.632,0.459,0.800,True,True,4,visible,6,0,,0,False,0.000,[]
1066,35.533,49,0.398,0.491,0.023,0.967,0.136,0.997,0.963,0.990,0.973,0.400,True,True,4,visible,231,0,,0,False,0.000,[]
1066,35.533,60,0.947,0.962,0.687,0.922,0.193,0.979,0.861,0.953,0.883,0.800,True,True,4,visible,94,0,,0,False,0.000,[]
1066,35.533,61,0.496,0.499,0.065,0.871,0.166,0.986,0.938,0.986,0.971,0.600,True,True,4,visible,12,0,,1,False,0.000,[1054]
1066,35.533,64,0.945,0.964,0.772,0.913,0.202,0.973,0.887,0.632,0.459,0.800,True,True,4,visible,7,0,,0,False,0.000,[]
1067,35.567,49,0.319,0.468,0.011,0.984,0.104,0.999,0.967,0.995,0.977,0.400,True,True,4,visible,232,0,,0,False,0.000,[]
1067,35.567,60,0.944,0.962,0.639,0.925,0.159,0.979,0.831,0.951,0.864,0.800,True,True,4,visible,95,0,,0,False,0.000,[]
1067,35.567,61,0.450,0.522,0.044,0.926,0.181,0.994,0.950,0.995,0.983,0.600,True,True,4,visible,13,0,,1,False,0.000,[1054]
1067,35.567,64,0.954,0.970,0.803,0.923,0.221,0.979,0.907,0.641,0.465,0.800,True,True,4,visible,8,0,,0,False,0.000,[]
1068,35.600,49,0.319,0.468,0.011,0.984,0.104,0.999,0.967,0.995,0.977,0.400,True,True,4,visible,233,0,,0,False,0.000,[]
1068,35.600,60,0.944,0.962,0.641,0.925,0.159,0.979,0.831,0.951,0.864,0.800,True,True,4,visible,96,0,,0,False,0.000,[]
1068,35.600,61,0.449,0.521,0.044,0.926,0.181,0.994,0.950,0.995,0.983,0.600,True,True,4,visible,14,0,,1,False,0.000,[1054]
1068,35.600,64,0.954,0.970,0.802,0.923,0.220,0.978,0.907,0.640,0.464,0.800,True,True,4,visible,9,0,,0,False,0.000,[]
1069,35.633,49,0.319,0.468,0.011,0.984,0.104,0.999,0.967,0.995,0.977,0.400,True,True,4,visible,234,0,,0,False,0.000,[]
1069,35.633,60,0.944,0.962,0.641,0.925,0.159,0.979,0.831,0.951,0.864,0.800,True,True,4,visible,97,0,,0,False,0.000,[]
1069,35.633,61,0.449,0.521,0.044,0.926,0.181,0.994,0.950,0.995,0.983,0.600,True,True,4,visible,15,0,,1,False,0.000,[1054]
1069,35.633,64,0.954,0.970,0.802,0.923,0.220,0.978,0.907,0.640,0.464,0.800,True,True,4,visible,10,0,,0,False,0.000,[]
1070,35.667,49,0.319,0.468,0.011,0.984,0.104,0.999,0.967,0.995,0.977,0.400,True,True,4,visible,235,0,,0,False,0.000,[]
1070,35.667,60,0.944,0.962,0.641,0.925,0.159,0.979,0.831,0.951,0.864,0.800,True,True,4,visible,98,0,,0,False,0.000,[]
1070,35.667,61,0.449,0.521,0.044,0.926,0.181,0.994,0.950,0.995,0.983,0.600,True,True,4,visible,16,0,,1,False,0.000,[1054]
1070,35.667,64,0.954,0.970,0.802,0.923,0.220,0.978,0.907,0.640,0.464,0.800,True,True,4,visible,11,0,,0,False,0.000,[]
1071,35.700,49,0.319,0.468,0.011,0.984,0.104,0.999,0.967,0.995,0.977,0.400,True,True,4,visible,236,0,,0,False,0.000,[]
1071,35.700,60,0.944,0.962,0.641,0.925,0.159,0.979,0.831,0.951,0.864,0.800,True,True,4,visible,99,0,,0,False,0.000,[]
1071,35.700,61,0.449,0.521,0.044,0.926,0.181,0.994,0.950,0.995,0.983,0.600,True,True,4,visible,17,0,,1,False,0.000,[1054]
1071,35.700,64,0.954,0.970,0.802,0.923,0.220,0.978,0.907,0.640,0.464,0.800,True,True,4,visible,12,0,,0,False,0.000,[]
1072,35.733,49,0.350,0.514,0.012,0.985,0.094,0.999,0.967,0.995,0.978,0.400,True,True,4,visible,237,0,,0,False,0.000,[]
1072,35.733,60,0.943,0.962,0.643,0.919,0.159,0.975,0.811,0.929,0.815,0.800,True,True,4,visible,100,0,,0,False,0.000,[]
1072,35.733,61,0.459,0.455,0.061,0.870,0.188,0.984,0.942,0.984,0.968,0.600,True,True,4,visible,18,0,,1,False,0.000,[1054]
1072,35.733,64,0.949,0.963,0.799,0.909,0.250,0.976,0.928,0.666,0.523,0.800,True,True,4,visible,13,0,,0,False,0.000,[]
1073,35.767,49,0.350,0.514,0.012,0.985,0.094,0.999,0.967,0.995,0.978,0.400,True,True,4,visible,238,0,,0,False,0.000,[]
1073,35.767,60,0.943,0.962,0.643,0.919,0.159,0.975,0.811,0.929,0.815,0.800,True,True,4,visible,101,0,,0,False,0.000,[]
1073,35.767,61,0.459,0.456,0.061,0.870,0.188,0.984,0.943,0.984,0.968,0.600,True,True,4,visible,19,0,,1,False,0.000,[1054]
1073,35.767,64,0.949,0.963,0.799,0.909,0.250,0.976,0.928,0.665,0.523,0.800,True,True,4,visible,14,0,,0,False,0.000,[]
1074,35.800,49,0.350,0.514,0.012,0.985,0.094,0.999,0.967,0.995,0.978,0.400,True,True,4,visible,239,0,,0,False,0.000,[]
1074,35.800,60,0.943,0.962,0.643,0.919,0.159,0.975,0.811,0.929,0.815,0.800,True,True,4,visible,102,0,,0,False,0.000,[]
1074,35.800,61,0.459,0.456,0.061,0.870,0.188,0.984,0.943,0.984,0.968,0.600,True,True,4,visible,20,0,,1,False,0.000,[1054]
1074,35.800,64,0.949,0.963,0.799,0.909,0.250,0.976,0.928,0.665,0.523,0.800,True,True,4,visible,15,0,,0,False,0.000,[]
1075,35.833,49,0.350,0.514,0.012,0.985,0.094,0.999,0.967,0.995,0.978,0.400,True,True,4,visible,240,0,,0,False,0.000,[]
1075,35.833,60,0.943,0.962,0.643,0.919,0.159,0.975,0.811,0.929,0.815,0.800,True,True,4,visible,103,0,,0,False,0.000,[]
1075,35.833,61,0.459,0.456,0.061,0.870,0.188,0.984,0.943,0.984,0.968,0.600,True,True,4,visible,21,0,,1,False,0.000,[1054]
1075,35.833,64,0.949,0.963,0.799,0.909,0.250,0.976,0.928,0.665,0.523,0.800,True,True,4,visible,16,0,,0,False,0.000,[]
1076,35.867,49,0.371,0.471,0.015,0.967,0.101,0.998,0.954,0.990,0.956,0.400,True,True,4,visible,241,0,,0,False,0.000,[]
1076,35.867,60,0.949,0.966,0.660,0.922,0.149,0.977,0.817,0.942,0.841,0.800,True,True,4,visible,104,0,,0,False,0.000,[]
1076,35.867,61,0.500,0.513,0.068,0.885,0.190,0.986,0.940,0.985,0.967,0.600,True,True,4,visible,22,0,,1,False,0.000,[1054]
1076,35.867,64,0.952,0.968,0.799,0.921,0.232,0.979,0.905,0.661,0.478,0.800,True,True,4,visible,17,0,,0,False,0.000,[]
1077,35.900,49,0.371,0.471,0.015,0.967,0.101,0.998,0.954,0.990,0.956,0.400,True,True,4,visible,242,0,,0,False,0.000,[]
1077,35.900,60,0.949,0.966,0.660,0.922,0.149,0.977,0.817,0.942,0.841,0.800,True,True,4,visible,105,0,,0,False,0.000,[]
1077,35.900,61,0.500,0.513,0.068,0.885,0.190,0.986,0.940,0.985,0.967,0.600,True,True,4,visible,23,0,,1,False,0.000,[1054]
1077,35.900,64,0.952,0.968,0.799,0.921,0.232,0.979,0.905,0.661,0.478,0.800,True,True,4,visible,18,0,,0,False,0.000,[]
1078,35.933,49,0.371,0.471,0.015,0.967,0.101,0.998,0.954,0.990,0.956,0.400,True,True,4,visible,243,0,,0,False,0.000,[]
1078,35.933,60,0.949,0.966,0.660,0.922,0.149,0.977,0.817,0.942,0.841,0.800,True,True,4,visible,106,0,,0,False,0.000,[]
1078,35.933,61,0.500,0.513,0.068,0.885,0.190,0.986,0.940,0.985,0.967,0.600,True,True,4,visible,24,0,,1,False,0.000,[1054]
1078,35.933,64,0.952,0.968,0.799,0.921,0.232,0.979,0.905,0.661,0.478,0.800,True,True,4,visible,19,0,,0,False,0.000,[]
1079,35.967,49,0.371,0.471,0.015,0.967,0.101,0.998,0.954,0.990,0.956,0.400,True,True,4,visible,244,0,,0,False,0.000,[]
1079,35.967,60,0.949,0.966,0.660,0.922,0.149,0.977,0.817,0.942,0.841,0.800,True,True,4,visible,107,0,,0,False,0.000,[]
1079,35.967,61,0.500,0.513,0.068,0.885,0.190,0.986,0.940,0.985,0.967,0.600,True,True,4,visible,25,0,,1,False,0.000,[1054]
1079,35.967,64,0.952,0.968,0.799,0.921,0.232,0.979,0.905,0.661,0.478,0.800,True,True,4,visible,20,0,,0,False,0.000,[]
1080,36.000,49,0.369,0.571,0.012,0.988,0.071,0.999,0.968,0.997,0.986,0.400,True,True,4,visible,245,0,,0,False,0.000,[]
1080,36.000,60,0.918,0.944,0.535,0.934,0.172,0.983,0.869,0.957,0.882,0.800,True,True,4,visible,108,0,,0,False,0.000,[]
1080,36.000,61,0.526,0.541,0.071,0.881,0.167,0.987,0.936,0.985,0.967,0.600,True,True,4,visible,26,0,,1,False,0.000,[1054]
1080,36.000,64,0.937,0.957,0.754,0.903,0.215,0.976,0.890,0.683,0.497,0.800,True,True,4,visible,21,0,,0,False,0.000,[]
1080,36.000,65,0.578,0.617,0.170,0.700,0.049,0.851,0.746,0.499,0.407,0.600,True,True,4,visible,4,0,,0,False,0.000,[]
1081,36.033,49,0.370,0.572,0.012,0.988,0.071,0.999,0.968,0.997,0.986,0.400,True,True,4,visible,246,0,,0,False,0.000,[]
1081,36.033,60,0.918,0.944,0.535,0.934,0.172,0.983,0.869,0.957,0.882,0.800,True,True,4,visible,109,0,,0,False,0.000,[]
1081,36.033,61,0.526,0.541,0.071,0.881,0.167,0.987,0.936,0.985,0.967,0.600,True,True,4,visible,27,0,,1,False,0.000,[1054]
1081,36.033,64,0.937,0.957,0.754,0.903,0.215,0.976,0.890,0.683,0.497,0.800,True,True,4,visible,22,0,,0,False,0.000,[]
1081,36.033,65,0.578,0.617,0.170,0.700,0.049,0.851,0.746,0.499,0.407,0.600,True,True,4,visible,5,0,,0,False,0.000,[]
1082,36.067,49,0.370,0.572,0.012,0.988,0.071,0.999,0.968,0.997,0.986,0.400,True,True,4,visible,247,0,,0,False,0.000,[]
1082,36.067,60,0.918,0.944,0.535,0.934,0.172,0.983,0.869,0.957,0.882,0.800,True,True,4,visible,110,0,,0,False,0.000,[]
1082,36.067,61,0.526,0.541,0.071,0.881,0.167,0.987,0.936,0.985,0.967,0.600,True,True,4,visible,28,0,,1,False,0.000,[1054]
1082,36.067,64,0.937,0.957,0.754,0.903,0.215,0.976,0.890,0.683,0.497,0.800,True,True,4,visible,23,0,,0,False,0.000,[]
1082,36.067,65,0.578,0.617,0.170,0.700,0.049,0.851,0.746,0.499,0.407,0.600,True,True,4,visible,6,0,,0,False,0.000,[]
1083,36.100,49,0.370,0.572,0.012,0.988,0.071,0.999,0.968,0.997,0.986,0.400,True,True,4,visible,248,0,,0,False,0.000,[]
1083,36.100,60,0.918,0.944,0.535,0.934,0.172,0.983,0.869,0.957,0.882,0.800,True,True,4,visible,111,0,,0,False,0.000,[]
1083,36.100,61,0.526,0.541,0.071,0.881,0.167,0.987,0.936,0.985,0.967,0.600,True,True,4,visible,29,0,,1,False,0.000,[1054]
1083,36.100,64,0.937,0.957,0.754,0.903,0.215,0.976,0.890,0.683,0.497,0.800,True,True,4,visible,24,0,,0,False,0.000,[]
1083,36.100,65,0.578,0.617,0.170,0.700,0.049,0.851,0.746,0.499,0.407,0.600,True,True,4,visible,7,0,,0,False,0.000,[]
1084,36.133,49,0.370,0.572,0.012,0.988,0.071,0.999,0.968,0.997,0.986,0.400,True,True,4,visible,249,0,,0,False,0.000,[]
1084,36.133,60,0.918,0.944,0.535,0.934,0.172,0.983,0.869,0.957,0.882,0.800,True,True,4,visible,112,0,,0,False,0.000,[]
1084,36.133,61,0.526,0.541,0.071,0.881,0.167,0.987,0.936,0.985,0.967,0.600,True,True,4,visible,30,0,,1,False,0.000,[1054]
1084,36.133,64,0.937,0.957,0.754,0.903,0.215,0.976,0.890,0.683,0.497,0.800,True,True,4,visible,25,0,,0,False,0.000,[]
1084,36.133,65,0.578,0.617,0.170,0.700,0.049,0.851,0.746,0.499,0.407,0.600,True,True,4,visible,8,0,,0,False,0.000,[]
1085,36.167,49,0.474,0.610,0.031,0.971,0.111,0.996,0.958,0.991,0.976,0.600,True,True,4,visible,250,0,,0,False,0.000,[]
1085,36.167,60,0.912,0.942,0.514,0.936,0.168,0.984,0.865,0.955,0.874,0.800,True,True,4,visible,113,0,,0,False,0.000,[]
1085,36.167,61,0.526,0.547,0.070,0.878,0.156,0.986,0.929,0.985,0.965,0.600,True,True,4,visible,31,0,,1,False,0.000,[1054]
1085,36.167,64,0.948,0.965,0.784,0.924,0.249,0.982,0.920,0.696,0.520,0.800,True,True,4,visible,26,0,,0,False,0.000,[]
1085,36.167,65,0.422,0.479,0.078,0.683,0.026,0.805,0.681,0.455,0.375,0.600,True,True,3,visible,9,0,,0,False,0.000,[]
1086,36.200,49,0.474,0.610,0.031,0.971,0.111,0.996,0.958,0.991,0.976,0.600,True,True,4,visible,251,0,,0,False,0.000,[]
1086,36.200,60,0.912,0.942,0.514,0.936,0.168,0.984,0.865,0.955,0.874,0.800,True,True,4,visible,114,0,,0,False,0.000,[]
1086,36.200,61,0.526,0.547,0.070,0.878,0.156,0.986,0.929,0.985,0.965,0.600,True,True,4,visible,32,0,,1,False,0.000,[1054]
1086,36.200,64,0.948,0.965,0.784,0.924,0.249,0.982,0.920,0.696,0.520,0.800,True,True,4,visible,27,0,,0,False,0.000,[]
1086,36.200,65,0.422,0.479,0.078,0.683,0.026,0.805,0.681,0.455,0.375,0.600,True,True,3,visible,10,0,,0,False,0.000,[]
1086,36.200,66,0.927,0.948,0.744,0.888,0.203,0.944,0.878,0.465,0.374,0.800,True,True,3,uncertain,1,0,,0,False,0.000,[]
1087,36.233,49,0.474,0.610,0.031,0.971,0.111,0.996,0.958,0.991,0.976,0.600,True,True,4,visible,252,0,,0,False,0.000,[]
1087,36.233,60,0.912,0.942,0.514,0.936,0.168,0.984,0.865,0.955,0.874,0.800,True,True,4,visible,115,0,,0,False,0.000,[]
1087,36.233,61,0.526,0.547,0.070,0.878,0.156,0.986,0.929,0.985,0.965,0.600,True,True,4,visible,33,0,,1,False,0.000,[1054]
1087,36.233,64,0.948,0.965,0.784,0.924,0.249,0.982,0.920,0.696,0.520,0.800,True,True,4,visible,28,0,,0,False,0.000,[]
1087,36.233,65,0.422,0.479,0.078,0.683,0.026,0.805,0.681,0.455,0.375,0.600,True,True,3,visible,11,0,,0,False,0.000,[]
1087,36.233,66,0.927,0.948,0.744,0.888,0.203,0.944,0.878,0.465,0.374,0.800,True,True,3,uncertain,2,0,,0,False,0.000,[]
1088,36.267,49,0.474,0.610,0.031,0.971,0.111,0.996,0.958,0.991,0.976,0.600,True,True,4,visible,253,0,,0,False,0.000,[]
1088,36.267,60,0.912,0.942,0.514,0.936,0.168,0.984,0.865,0.955,0.874,0.800,True,True,4,visible,116,0,,0,False,0.000,[]
1088,36.267,61,0.526,0.547,0.070,0.878,0.156,0.986,0.929,0.985,0.965,0.600,True,True,4,visible,34,0,,1,False,0.000,[1054]
1088,36.267,64,0.948,0.965,0.784,0.924,0.249,0.982,0.920,0.696,0.520,0.800,True,True,4,visible,29,0,,0,False,0.000,[]
1088,36.267,65,0.422,0.479,0.078,0.683,0.026,0.805,0.681,0.455,0.375,0.600,True,True,3,visible,12,0,,0,False,0.000,[]
1088,36.267,66,0.927,0.948,0.744,0.888,0.203,0.944,0.878,0.465,0.374,0.800,True,True,3,visible,3,0,,0,False,0.000,[]
1089,36.300,49,0.484,0.620,0.033,0.972,0.119,0.996,0.960,0.991,0.976,0.600,True,True,4,visible,254,0,,0,False,0.000,[]
1089,36.300,60,0.923,0.948,0.562,0.935,0.178,0.983,0.862,0.952,0.866,0.800,True,True,4,visible,117,0,,0,False,0.000,[]
1089,36.300,61,0.519,0.559,0.066,0.895,0.153,0.987,0.926,0.984,0.961,0.600,True,True,4,visible,35,0,,1,False,0.000,[1054]
1089,36.300,64,0.947,0.964,0.787,0.921,0.253,0.982,0.919,0.679,0.503,0.800,True,True,4,visible,30,0,,0,False,0.000,[]
1090,36.333,49,0.483,0.619,0.033,0.972,0.119,0.996,0.960,0.991,0.976,0.600,True,True,4,visible,255,0,,0,False,0.000,[]
1090,36.333,60,0.923,0.948,0.562,0.935,0.178,0.983,0.862,0.952,0.866,0.800,True,True,4,visible,118,0,,0,False,0.000,[]
1090,36.333,61,0.519,0.558,0.066,0.894,0.153,0.987,0.926,0.984,0.961,0.600,True,True,4,visible,36,0,,1,False,0.000,[1054]
1090,36.333,64,0.947,0.964,0.787,0.921,0.253,0.982,0.919,0.679,0.503,0.800,True,True,4,visible,31,0,,0,False,0.000,[]
1091,36.367,49,0.482,0.616,0.033,0.972,0.120,0.996,0.960,0.990,0.975,0.600,True,True,4,visible,256,0,,0,False,0.000,[]
1091,36.367,60,0.922,0.948,0.560,0.935,0.178,0.984,0.862,0.954,0.870,0.800,True,True,4,visible,119,0,,0,False,0.000,[]
1091,36.367,61,0.540,0.584,0.071,0.898,0.149,0.986,0.924,0.983,0.958,0.600,True,True,4,visible,37,0,,1,False,0.000,[1054]
1091,36.367,64,0.947,0.964,0.786,0.921,0.251,0.981,0.918,0.672,0.497,0.800,True,True,4,visible,32,0,,0,False,0.000,[]
1092,36.400,49,0.336,0.483,0.012,0.972,0.078,0.998,0.948,0.993,0.967,0.400,True,True,4,visible,257,0,,0,False,0.000,[]
1092,36.400,60,0.922,0.948,0.560,0.936,0.178,0.984,0.863,0.954,0.870,0.800,True,True,4,visible,120,0,,0,False,0.000,[]
1092,36.400,61,0.541,0.584,0.071,0.898,0.150,0.986,0.924,0.983,0.958,0.600,True,True,4,visible,38,0,,1,False,0.000,[1054]
1092,36.400,64,0.947,0.964,0.785,0.921,0.251,0.981,0.918,0.673,0.498,0.800,True,True,4,visible,33,0,,0,False,0.000,[]
1093,36.433,49,0.503,0.637,0.036,0.973,0.122,0.996,0.959,0.990,0.974,0.600,True,True,4,visible,258,0,,0,False,0.000,[]
1093,36.433,60,0.920,0.948,0.554,0.934,0.169,0.983,0.845,0.952,0.859,0.800,True,True,4,visible,121,0,,0,False,0.000,[]
1093,36.433,61,0.511,0.566,0.060,0.906,0.140,0.988,0.922,0.985,0.960,0.600,True,True,4,visible,39,0,,1,False,0.000,[1054]
1093,36.433,64,0.937,0.955,0.778,0.887,0.239,0.972,0.878,0.619,0.436,0.800,True,True,4,visible,34,0,,0,False,0.000,[]
1094,36.467,49,0.505,0.638,0.037,0.973,0.122,0.996,0.959,0.990,0.974,0.600,True,True,4,visible,259,0,,0,False,0.000,[]
1094,36.467,60,0.920,0.948,0.554,0.934,0.169,0.983,0.846,0.952,0.859,0.800,True,True,4,visible,122,0,,0,False,0.000,[]
1094,36.467,61,0.509,0.565,0.060,0.906,0.140,0.988,0.922,0.985,0.961,0.600,True,True,4,visible,40,0,,1,False,0.000,[1054]
1094,36.467,64,0.937,0.955,0.778,0.887,0.239,0.972,0.878,0.620,0.436,0.800,True,True,4,visible,35,0,,0,False,0.000,[]
1095,36.500,49,0.505,0.638,0.037,0.973,0.122,0.996,0.959,0.990,0.974,0.600,True,True,4,visible,260,0,,0,False,0.000,[]
1095,36.500,60,0.920,0.948,0.554,0.934,0.169,0.983,0.846,0.952,0.859,0.800,True,True,4,visible,123,0,,0,False,0.000,[]
1095,36.500,61,0.509,0.565,0.060,0.906,0.140,0.988,0.922,0.985,0.961,0.600,True,True,4,visible,41,0,,1,False,0.000,[1054]
1095,36.500,64,0.937,0.955,0.778,0.887,0.239,0.972,0.878,0.620,0.436,0.800,True,True,4,visible,36,0,,0,False,0.000,[]
1096,36.533,49,0.505,0.638,0.037,0.973,0.122,0.996,0.959,0.990,0.974,0.600,True,True,4,visible,261,0,,0,False,0.000,[]
1096,36.533,60,0.920,0.948,0.554,0.934,0.169,0.983,0.846,0.952,0.859,0.800,True,True,4,visible,124,0,,0,False,0.000,[]
1096,36.533,61,0.509,0.565,0.060,0.906,0.140,0.988,0.922,0.985,0.961,0.600,True,True,4,visible,42,0,,1,False,0.000,[1054]
1096,36.533,64,0.937,0.955,0.778,0.887,0.239,0.972,0.878,0.620,0.436,0.800,True,True,4,visible,37,0,,0,False,0.000,[]
1097,36.567,49,0.484,0.627,0.034,0.974,0.119,0.996,0.959,0.990,0.975,0.600,True,True,4,visible,262,0,,0,False,0.000,[]
1097,36.567,60,0.925,0.948,0.574,0.930,0.176,0.985,0.864,0.964,0.893,0.800,True,True,4,visible,125,0,,0,False,0.000,[]
1097,36.567,61,0.510,0.567,0.063,0.911,0.150,0.988,0.923,0.983,0.957,0.600,True,True,4,visible,43,0,,1,False,0.000,[1054]
1097,36.567,64,0.948,0.965,0.794,0.919,0.256,0.977,0.909,0.583,0.421,0.800,True,True,4,visible,38,0,,0,False,0.000,[]
1097,36.567,65,0.449,0.503,0.091,0.716,0.034,0.838,0.712,0.468,0.380,0.600,True,True,3,visible,13,0,,0,False,0.000,[]
1098,36.600,49,0.484,0.627,0.034,0.974,0.119,0.996,0.959,0.990,0.975,0.600,True,True,4,visible,263,0,,0,False,0.000,[]
1098,36.600,60,0.925,0.948,0.574,0.930,0.176,0.985,0.864,0.964,0.893,0.800,True,True,4,visible,126,0,,0,False,0.000,[]
1098,36.600,61,0.510,0.567,0.063,0.911,0.150,0.988,0.923,0.983,0.957,0.600,True,True,4,visible,44,0,,1,False,0.000,[1054]
1098,36.600,64,0.948,0.965,0.794,0.919,0.256,0.977,0.909,0.583,0.421,0.800,True,True,4,visible,39,0,,0,False,0.000,[]
1098,36.600,65,0.449,0.503,0.091,0.716,0.034,0.838,0.712,0.468,0.380,0.600,True,True,3,visible,14,0,,0,False,0.000,[]
1099,36.633,49,0.484,0.627,0.034,0.974,0.119,0.996,0.959,0.990,0.975,0.600,True,True,4,visible,264,0,,0,False,0.000,[]
1099,36.633,60,0.925,0.948,0.574,0.930,0.176,0.985,0.864,0.964,0.893,0.800,True,True,4,visible,127,0,,0,False,0.000,[]
1099,36.633,61,0.510,0.567,0.063,0.911,0.150,0.988,0.923,0.983,0.957,0.600,True,True,4,visible,45,0,,1,False,0.000,[1054]
1099,36.633,64,0.948,0.965,0.794,0.919,0.256,0.977,0.909,0.583,0.421,0.800,True,True,4,visible,40,0,,0,False,0.000,[]
1099,36.633,65,0.449,0.503,0.091,0.716,0.034,0.838,0.712,0.468,0.380,0.600,True,True,3,visible,15,0,,0,False,0.000,[]
1100,36.667,49,0.484,0.627,0.034,0.974,0.119,0.996,0.959,0.990,0.975,0.600,True,True,4,visible,265,0,,0,False,0.000,[]
1100,36.667,60,0.925,0.948,0.574,0.930,0.176,0.985,0.864,0.964,0.893,0.800,True,True,4,visible,128,0,,0,False,0.000,[]
1100,36.667,61,0.510,0.567,0.063,0.911,0.150,0.988,0.923,0.983,0.957,0.600,True,True,4,visible,46,0,,1,False,0.000,[1054]
1100,36.667,64,0.948,0.965,0.794,0.919,0.256,0.977,0.909,0.583,0.421,0.800,True,True,4,visible,41,0,,0,False,0.000,[]
1100,36.667,65,0.449,0.503,0.091,0.716,0.034,0.838,0.712,0.468,0.380,0.600,True,True,3,visible,16,0,,0,False,0.000,[]
1101,36.700,49,0.484,0.627,0.034,0.974,0.119,0.996,0.959,0.990,0.975,0.600,True,True,4,visible,266,0,,0,False,0.000,[]
1101,36.700,60,0.925,0.948,0.574,0.930,0.176,0.985,0.864,0.964,0.893,0.800,True,True,4,visible,129,0,,0,False,0.000,[]
1101,36.700,61,0.510,0.567,0.063,0.911,0.150,0.988,0.923,0.983,0.957,0.600,True,True,4,visible,47,0,,1,False,0.000,[1054]
1101,36.700,64,0.948,0.965,0.794,0.919,0.256,0.977,0.909,0.583,0.421,0.800,True,True,4,visible,42,0,,0,False,0.000,[]
1101,36.700,65,0.449,0.503,0.091,0.716,0.034,0.838,0.712,0.468,0.380,0.600,True,True,3,visible,17,0,,0,False,0.000,[]
1102,36.733,49,0.481,0.624,0.034,0.974,0.122,0.996,0.960,0.990,0.976,0.600,True,True,4,visible,267,0,,0,False,0.000,[]
1102,36.733,60,0.952,0.962,0.750,0.917,0.255,0.973,0.890,0.925,0.852,0.800,True,True,4,visible,130,0,,0,False,0.000,[]
1102,36.733,61,0.604,0.646,0.088,0.903,0.153,0.986,0.926,0.979,0.951,0.600,True,True,4,visible,48,0,,1,False,0.000,[1054]
1102,36.733,64,0.944,0.962,0.777,0.916,0.238,0.972,0.898,0.527,0.377,0.800,True,True,3,visible,43,0,,0,False,0.000,[]
1102,36.733,65,0.839,0.883,0.392,0.886,0.090,0.940,0.873,0.645,0.540,0.600,True,True,4,visible,18,0,,0,False,0.000,[]
1103,36.767,49,0.481,0.624,0.034,0.974,0.122,0.996,0.960,0.990,0.976,0.600,True,True,4,visible,268,0,,0,False,0.000,[]
1103,36.767,60,0.952,0.962,0.750,0.917,0.255,0.973,0.890,0.926,0.854,0.800,True,True,4,visible,131,0,,0,False,0.000,[]
1103,36.767,61,0.604,0.646,0.089,0.903,0.153,0.986,0.926,0.979,0.951,0.600,True,True,4,visible,49,0,,1,False,0.000,[1054]
1103,36.767,64,0.944,0.962,0.777,0.916,0.238,0.972,0.898,0.527,0.377,0.800,True,True,3,visible,44,0,,0,False,0.000,[]
1103,36.767,65,0.839,0.883,0.392,0.886,0.090,0.940,0.873,0.645,0.540,0.600,True,True,4,visible,19,0,,0,False,0.000,[]
1104,36.800,49,0.481,0.624,0.034,0.974,0.122,0.996,0.960,0.990,0.976,0.600,True,True,4,visible,269,0,,0,False,0.000,[]
1104,36.800,60,0.952,0.962,0.750,0.917,0.255,0.973,0.890,0.926,0.854,0.800,True,True,4,visible,132,0,,0,False,0.000,[]
1104,36.800,61,0.604,0.646,0.089,0.903,0.153,0.986,0.926,0.979,0.951,0.600,True,True,4,visible,50,0,,1,False,0.000,[1054]
1104,36.800,64,0.944,0.962,0.777,0.916,0.238,0.972,0.898,0.527,0.377,0.800,True,True,3,visible,45,0,,0,False,0.000,[]
1104,36.800,65,0.839,0.883,0.392,0.886,0.090,0.940,0.873,0.645,0.540,0.600,True,True,4,visible,20,0,,0,False,0.000,[]
1105,36.833,49,0.481,0.624,0.034,0.974,0.122,0.996,0.960,0.990,0.976,0.600,True,True,4,visible,270,0,,0,False,0.000,[]
1105,36.833,60,0.952,0.962,0.750,0.917,0.255,0.973,0.890,0.926,0.854,0.800,True,True,4,visible,133,0,,0,False,0.000,[]
1105,36.833,61,0.604,0.646,0.089,0.903,0.153,0.986,0.926,0.979,0.951,0.600,True,True,4,visible,51,0,,1,False,0.000,[1054]
1105,36.833,64,0.944,0.962,0.777,0.916,0.238,0.972,0.898,0.527,0.377,0.800,True,True,3,visible,46,0,,0,False,0.000,[]
1105,36.833,65,0.839,0.883,0.392,0.886,0.090,0.940,0.873,0.645,0.540,0.600,True,True,4,visible,21,0,,0,False,0.000,[]
1106,36.867,49,0.315,0.464,0.013,0.973,0.088,0.998,0.952,0.993,0.970,0.400,True,True,4,visible,271,0,,0,False,0.000,[]
1106,36.867,60,0.955,0.967,0.724,0.915,0.176,0.978,0.842,0.943,0.849,0.800,True,True,4,visible,134,0,,0,False,0.000,[]
1106,36.867,61,0.615,0.658,0.090,0.904,0.150,0.986,0.926,0.981,0.955,0.600,True,True,4,visible,52,0,,1,False,0.000,[1054]
1106,36.867,64,0.943,0.961,0.775,0.915,0.241,0.971,0.896,0.515,0.368,0.800,True,True,3,visible,47,0,,0,False,0.000,[]
1106,36.867,65,0.690,0.723,0.201,0.817,0.058,0.903,0.817,0.525,0.432,0.600,True,True,4,visible,22,0,,0,False,0.000,[]
1107,36.900,49,0.315,0.464,0.013,0.973,0.088,0.998,0.952,0.993,0.970,0.400,True,True,4,visible,272,0,,0,False,0.000,[]
1107,36.900,60,0.955,0.967,0.724,0.915,0.176,0.978,0.842,0.943,0.849,0.800,True,True,4,visible,135,0,,0,False,0.000,[]
1107,36.900,61,0.615,0.658,0.090,0.904,0.150,0.986,0.926,0.981,0.955,0.600,True,True,4,visible,53,0,,1,False,0.000,[1054]
1107,36.900,64,0.943,0.961,0.775,0.915,0.241,0.971,0.896,0.515,0.367,0.800,True,True,3,visible,48,0,,0,False,0.000,[]
1107,36.900,65,0.690,0.723,0.201,0.817,0.058,0.903,0.817,0.525,0.432,0.600,True,True,4,visible,23,0,,0,False,0.000,[]
1108,36.933,49,0.315,0.464,0.013,0.973,0.088,0.998,0.952,0.993,0.970,0.400,True,True,4,visible,273,0,,0,False,0.000,[]
1108,36.933,60,0.955,0.967,0.724,0.915,0.176,0.978,0.842,0.943,0.849,0.800,True,True,4,visible,136,0,,0,False,0.000,[]
1108,36.933,61,0.615,0.658,0.090,0.904,0.150,0.986,0.926,0.981,0.955,0.600,True,True,4,visible,54,0,,1,False,0.000,[1054]
1108,36.933,64,0.943,0.961,0.775,0.915,0.241,0.971,0.896,0.515,0.367,0.800,True,True,3,visible,49,0,,0,False,0.000,[]
1108,36.933,65,0.690,0.723,0.201,0.817,0.058,0.903,0.817,0.525,0.432,0.600,True,True,4,visible,24,0,,0,False,0.000,[]
1109,36.967,49,0.315,0.464,0.013,0.973,0.088,0.998,0.952,0.993,0.970,0.400,True,True,4,visible,274,0,,0,False,0.000,[]
1109,36.967,60,0.955,0.967,0.724,0.915,0.176,0.978,0.842,0.943,0.849,0.800,True,True,4,visible,137,0,,0,False,0.000,[]
1109,36.967,61,0.615,0.658,0.090,0.904,0.150,0.986,0.926,0.981,0.955,0.600,True,True,4,visible,55,0,,1,False,0.000,[1054]
1109,36.967,64,0.943,0.961,0.775,0.915,0.241,0.971,0.896,0.515,0.367,0.800,True,True,3,visible,50,0,,0,False,0.000,[]
1109,36.967,65,0.690,0.723,0.201,0.817,0.058,0.903,0.817,0.525,0.432,0.600,True,True,4,visible,25,0,,0,False,0.000,[]
1110,37.000,49,0.399,0.512,0.018,0.966,0.100,0.998,0.949,0.990,0.958,0.400,True,True,4,visible,275,0,,0,False,0.000,[]
1110,37.000,60,0.964,0.967,0.795,0.893,0.228,0.984,0.872,0.966,0.898,0.800,True,True,4,visible,138,0,,0,False,0.000,[]
1110,37.000,61,0.704,0.746,0.122,0.923,0.154,0.989,0.925,0.983,0.955,0.600,True,True,4,visible,56,0,,1,False,0.000,[1054]
1110,37.000,64,0.929,0.953,0.727,0.906,0.209,0.971,0.886,0.605,0.440,0.800,True,True,4,visible,51,0,,0,False,0.000,[]
1110,37.000,65,0.660,0.699,0.154,0.830,0.048,0.898,0.817,0.533,0.449,0.600,True,True,4,visible,26,0,,0,False,0.000,[]
1111,37.033,49,0.399,0.512,0.018,0.966,0.100,0.998,0.949,0.990,0.958,0.400,True,True,4,visible,276,0,,0,False,0.000,[]
1111,37.033,60,0.964,0.967,0.795,0.893,0.228,0.984,0.872,0.966,0.898,0.800,True,True,4,visible,139,0,,0,False,0.000,[]
1111,37.033,61,0.704,0.746,0.122,0.923,0.154,0.989,0.925,0.983,0.955,0.600,True,True,4,visible,57,0,,1,False,0.000,[1054]
1111,37.033,64,0.929,0.953,0.727,0.906,0.209,0.971,0.886,0.605,0.440,0.800,True,True,4,visible,52,0,,0,False,0.000,[]
1111,37.033,65,0.660,0.699,0.154,0.830,0.048,0.898,0.817,0.533,0.449,0.600,True,True,4,visible,27,0,,0,False,0.000,[]
1112,37.067,49,0.399,0.512,0.018,0.966,0.100,0.998,0.949,0.990,0.958,0.400,True,True,4,visible,277,0,,0,False,0.000,[]
1112,37.067,60,0.964,0.967,0.795,0.893,0.228,0.984,0.872,0.966,0.898,0.800,True,True,4,visible,140,0,,0,False,0.000,[]
1112,37.067,61,0.704,0.746,0.122,0.923,0.154,0.989,0.925,0.983,0.955,0.600,True,True,4,visible,58,0,,1,False,0.000,[1054]
1112,37.067,64,0.929,0.953,0.727,0.906,0.209,0.971,0.886,0.605,0.440,0.800,True,True,4,visible,53,0,,0,False,0.000,[]
1112,37.067,65,0.660,0.699,0.154,0.830,0.048,0.898,0.817,0.533,0.449,0.600,True,True,4,visible,28,0,,0,False,0.000,[]
1113,37.100,49,0.399,0.512,0.018,0.966,0.100,0.998,0.949,0.990,0.958,0.400,True,True,4,visible,278,0,,0,False,0.000,[]
1113,37.100,60,0.964,0.967,0.795,0.893,0.228,0.984,0.872,0.966,0.898,0.800,True,True,4,visible,141,0,,0,False,0.000,[]
1113,37.100,61,0.704,0.746,0.122,0.923,0.154,0.989,0.925,0.983,0.955,0.600,True,True,4,visible,59,0,,1,False,0.000,[1054]
1113,37.100,64,0.929,0.953,0.727,0.906,0.209,0.971,0.886,0.605,0.440,0.800,True,True,4,visible,54,0,,0,False,0.000,[]
1113,37.100,65,0.660,0.699,0.154,0.830,0.048,0.898,0.817,0.533,0.449,0.600,True,True,4,visible,29,0,,0,False,0.000,[]
1114,37.133,49,0.399,0.512,0.018,0.966,0.100,0.998,0.949,0.990,0.958,0.400,True,True,4,visible,279,0,,0,False,0.000,[]
1114,37.133,60,0.964,0.967,0.795,0.893,0.228,0.984,0.872,0.966,0.898,0.800,True,True,4,visible,142,0,,0,False,0.000,[]
1114,37.133,61,0.704,0.746,0.122,0.923,0.154,0.989,0.925,0.983,0.955,0.600,True,True,4,visible,60,0,,1,False,0.000,[1054]
1114,37.133,64,0.929,0.953,0.727,0.906,0.209,0.971,0.886,0.605,0.440,0.800,True,True,4,visible,55,0,,0,False,0.000,[]
1114,37.133,65,0.660,0.699,0.154,0.830,0.048,0.898,0.817,0.533,0.449,0.600,True,True,4,visible,30,0,,0,False,0.000,[]
1115,37.167,49,0.398,0.523,0.017,0.970,0.096,0.998,0.950,0.991,0.961,0.400,True,True,4,visible,280,0,,0,False,0.000,[]
1115,37.167,60,0.964,0.967,0.821,0.892,0.273,0.979,0.892,0.964,0.915,0.800,True,True,4,visible,143,0,,0,False,0.000,[]
1115,37.167,61,0.723,0.763,0.136,0.921,0.156,0.989,0.925,0.986,0.962,0.600,True,True,4,visible,61,0,,1,False,0.000,[1054]
1115,37.167,64,0.918,0.947,0.706,0.891,0.191,0.962,0.863,0.545,0.390,0.800,True,True,3,visible,56,0,,0,False,0.000,[]
1115,37.167,65,0.674,0.712,0.150,0.846,0.047,0.910,0.832,0.590,0.502,0.600,True,True,4,visible,31,0,,0,False,0.000,[]
1116,37.200,49,0.398,0.523,0.017,0.970,0.096,0.998,0.950,0.991,0.961,0.400,True,True,4,visible,281,0,,0,False,0.000,[]
1116,37.200,60,0.964,0.967,0.822,0.892,0.274,0.979,0.892,0.964,0.914,0.800,True,True,4,visible,144,0,,0,False,0.000,[]
1116,37.200,61,0.723,0.763,0.136,0.921,0.156,0.989,0.925,0.986,0.962,0.600,True,True,4,visible,62,0,,1,False,0.000,[1054]
1116,37.200,64,0.918,0.947,0.706,0.891,0.191,0.962,0.863,0.545,0.391,0.800,True,True,3,visible,57,0,,0,False,0.000,[]
1116,37.200,65,0.674,0.712,0.150,0.846,0.047,0.910,0.832,0.590,0.502,0.600,True,True,4,visible,32,0,,0,False,0.000,[]
1117,37.233,49,0.398,0.523,0.017,0.970,0.096,0.998,0.950,0.991,0.961,0.400,True,True,4,visible,282,0,,0,False,0.000,[]
1117,37.233,60,0.964,0.967,0.822,0.892,0.274,0.979,0.892,0.964,0.914,0.800,True,True,4,visible,145,0,,0,False,0.000,[]
1117,37.233,61,0.723,0.763,0.136,0.921,0.156,0.989,0.925,0.986,0.962,0.600,True,True,4,visible,63,0,,1,False,0.000,[1054]
1117,37.233,64,0.918,0.947,0.706,0.891,0.191,0.962,0.863,0.545,0.391,0.800,True,True,3,visible,58,0,,0,False,0.000,[]
1117,37.233,65,0.674,0.712,0.150,0.846,0.047,0.910,0.832,0.590,0.502,0.600,True,True,4,visible,33,0,,0,False,0.000,[]
1118,37.267,49,0.398,0.523,0.017,0.970,0.096,0.998,0.950,0.991,0.961,0.400,True,True,4,visible,283,0,,0,False,0.000,[]
1118,37.267,60,0.964,0.967,0.822,0.892,0.274,0.979,0.892,0.964,0.914,0.800,True,True,4,visible,146,0,,0,False,0.000,[]
1118,37.267,61,0.723,0.763,0.136,0.921,0.156,0.989,0.925,0.986,0.962,0.600,True,True,4,visible,64,0,,1,False,0.000,[1054]
1118,37.267,64,0.918,0.947,0.706,0.891,0.191,0.962,0.863,0.545,0.391,0.800,True,True,3,visible,59,0,,0,False,0.000,[]
1118,37.267,65,0.674,0.712,0.150,0.846,0.047,0.910,0.832,0.590,0.502,0.600,True,True,4,visible,34,0,,0,False,0.000,[]
1119,37.300,49,0.382,0.524,0.017,0.973,0.098,0.998,0.947,0.989,0.953,0.400,True,True,4,visible,284,0,,0,False,0.000,[]
1119,37.300,60,0.952,0.957,0.756,0.905,0.277,0.985,0.928,0.983,0.961,0.800,True,True,4,visible,147,0,,0,False,0.000,[]
1119,37.300,61,0.675,0.722,0.110,0.919,0.150,0.989,0.926,0.988,0.967,0.600,True,True,4,visible,65,0,,1,False,0.000,[1054]
1119,37.300,64,0.922,0.949,0.711,0.894,0.190,0.967,0.874,0.559,0.400,0.800,True,True,3,visible,60,0,,0,False,0.000,[]
1119,37.300,65,0.641,0.688,0.136,0.826,0.037,0.899,0.807,0.586,0.492,0.600,True,True,4,visible,35,0,,0,False,0.000,[]
1120,37.333,49,0.382,0.524,0.017,0.973,0.098,0.998,0.947,0.989,0.953,0.400,True,True,4,visible,285,0,,0,False,0.000,[]
1120,37.333,60,0.952,0.957,0.756,0.905,0.277,0.985,0.928,0.983,0.961,0.800,True,True,4,visible,148,0,,0,False,0.000,[]
1120,37.333,61,0.675,0.722,0.110,0.919,0.150,0.989,0.926,0.988,0.967,0.600,True,True,4,visible,66,0,,1,False,0.000,[1054]
1120,37.333,64,0.922,0.949,0.711,0.894,0.190,0.967,0.875,0.559,0.400,0.800,True,True,3,visible,61,0,,0,False,0.000,[]
1120,37.333,65,0.641,0.688,0.136,0.826,0.037,0.899,0.807,0.586,0.493,0.600,True,True,4,visible,36,0,,0,False,0.000,[]
1121,37.367,49,0.382,0.524,0.017,0.973,0.098,0.998,0.947,0.989,0.953,0.400,True,True,4,visible,286,0,,0,False,0.000,[]
1121,37.367,60,0.952,0.957,0.756,0.905,0.277,0.985,0.928,0.983,0.961,0.800,True,True,4,visible,149,0,,0,False,0.000,[]
1121,37.367,61,0.675,0.722,0.110,0.919,0.150,0.989,0.926,0.988,0.967,0.600,True,True,4,visible,67,0,,1,False,0.000,[1054]
1121,37.367,64,0.922,0.949,0.711,0.894,0.190,0.967,0.875,0.559,0.400,0.800,True,True,3,visible,62,0,,0,False,0.000,[]
1121,37.367,65,0.641,0.688,0.136,0.826,0.037,0.899,0.807,0.586,0.493,0.600,True,True,4,visible,37,0,,0,False,0.000,[]
1122,37.400,49,0.382,0.524,0.017,0.973,0.098,0.998,0.947,0.989,0.953,0.400,True,True,4,visible,287,0,,0,False,0.000,[]
1122,37.400,60,0.952,0.957,0.756,0.905,0.277,0.985,0.928,0.983,0.961,0.800,True,True,4,visible,150,0,,0,False,0.000,[]
1122,37.400,61,0.675,0.722,0.110,0.919,0.150,0.989,0.926,0.988,0.967,0.600,True,True,4,visible,68,0,,1,False,0.000,[1054]
1122,37.400,64,0.922,0.949,0.711,0.894,0.190,0.967,0.875,0.559,0.400,0.800,True,True,3,visible,63,0,,0,False,0.000,[]
1122,37.400,65,0.641,0.688,0.136,0.826,0.037,0.899,0.807,0.586,0.493,0.600,True,True,4,visible,38,0,,0,False,0.000,[]
1123,37.433,49,0.402,0.538,0.017,0.973,0.098,0.998,0.950,0.991,0.958,0.600,True,True,4,visible,288,0,,0,False,0.000,[]
1123,37.433,60,0.967,0.966,0.852,0.881,0.364,0.982,0.934,0.978,0.956,0.800,True,True,4,visible,151,0,,0,False,0.000,[]
1123,37.433,61,0.621,0.681,0.089,0.911,0.124,0.986,0.906,0.988,0.966,0.600,True,True,4,visible,69,0,,1,False,0.000,[1054]
1123,37.433,64,0.919,0.947,0.708,0.891,0.188,0.971,0.885,0.621,0.454,0.800,True,True,4,visible,64,0,,0,False,0.000,[]
1123,37.433,65,0.563,0.628,0.116,0.798,0.038,0.907,0.805,0.691,0.590,0.600,True,True,4,visible,39,0,,0,False,0.000,[]
1124,37.467,49,0.402,0.538,0.018,0.973,0.098,0.998,0.950,0.991,0.958,0.600,True,True,4,visible,289,0,,0,False,0.000,[]
1124,37.467,60,0.967,0.966,0.854,0.880,0.366,0.981,0.934,0.978,0.956,0.800,True,True,4,visible,152,0,,0,False,0.000,[]
1124,37.467,61,0.621,0.681,0.089,0.911,0.124,0.986,0.906,0.988,0.966,0.600,True,True,4,visible,70,0,,1,False,0.000,[1054]
1124,37.467,64,0.919,0.947,0.708,0.891,0.188,0.971,0.885,0.621,0.454,0.800,True,True,4,visible,65,0,,0,False,0.000,[]
1124,37.467,65,0.564,0.629,0.116,0.798,0.038,0.907,0.805,0.690,0.589,0.600,True,True,4,visible,40,0,,0,False,0.000,[]
1125,37.500,49,0.402,0.538,0.018,0.973,0.098,0.998,0.950,0.991,0.958,0.600,True,True,4,visible,290,0,,0,False,0.000,[]
1125,37.500,60,0.967,0.966,0.854,0.880,0.366,0.981,0.934,0.978,0.956,0.800,True,True,4,visible,153,0,,0,False,0.000,[]
1125,37.500,61,0.621,0.681,0.089,0.911,0.124,0.986,0.906,0.988,0.966,0.600,True,True,4,visible,71,0,,1,False,0.000,[1054]
1125,37.500,64,0.919,0.947,0.708,0.891,0.188,0.971,0.885,0.621,0.454,0.800,True,True,4,visible,66,0,,0,False,0.000,[]
1125,37.500,65,0.564,0.629,0.116,0.798,0.038,0.907,0.805,0.690,0.589,0.600,True,True,4,visible,41,0,,0,False,0.000,[]
1126,37.533,49,0.402,0.538,0.018,0.973,0.098,0.998,0.950,0.991,0.958,0.600,True,True,4,visible,291,0,,0,False,0.000,[]
1126,37.533,60,0.967,0.966,0.854,0.880,0.366,0.981,0.934,0.978,0.956,0.800,True,True,4,visible,154,0,,0,False,0.000,[]
1126,37.533,61,0.621,0.681,0.089,0.911,0.124,0.986,0.906,0.988,0.966,0.600,True,True,4,visible,72,0,,1,False,0.000,[1054]
1126,37.533,64,0.919,0.947,0.708,0.891,0.188,0.971,0.885,0.621,0.454,0.800,True,True,4,visible,67,0,,0,False,0.000,[]
1126,37.533,65,0.564,0.629,0.116,0.798,0.038,0.907,0.805,0.690,0.589,0.600,True,True,4,visible,42,0,,0,False,0.000,[]
1127,37.567,49,0.406,0.542,0.018,0.973,0.099,0.998,0.948,0.991,0.957,0.600,True,True,4,visible,292,0,,0,False,0.000,[]
1127,37.567,60,0.965,0.968,0.826,0.899,0.308,0.983,0.924,0.977,0.950,0.800,True,True,4,visible,155,0,,0,False,0.000,[]
1127,37.567,61,0.656,0.730,0.098,0.904,0.095,0.986,0.871,0.988,0.960,0.600,True,True,4,visible,73,0,,1,False,0.000,[1054]
1127,37.567,64,0.905,0.940,0.652,0.888,0.155,0.969,0.873,0.645,0.475,0.800,True,True,4,visible,68,0,,0,False,0.000,[]
1127,37.567,65,0.655,0.703,0.163,0.820,0.047,0.910,0.829,0.600,0.509,0.600,True,True,4,visible,43,0,,0,False,0.000,[]
1128,37.600,49,0.406,0.542,0.018,0.973,0.099,0.998,0.948,0.991,0.957,0.600,True,True,4,visible,293,0,,0,False,0.000,[]
1128,37.600,60,0.965,0.968,0.826,0.899,0.308,0.983,0.924,0.977,0.950,0.800,True,True,4,visible,156,0,,0,False,0.000,[]
1128,37.600,61,0.657,0.730,0.098,0.904,0.095,0.986,0.871,0.988,0.960,0.600,True,True,4,visible,74,0,,1,False,0.000,[1054]
1128,37.600,64,0.905,0.940,0.652,0.888,0.155,0.969,0.873,0.646,0.476,0.800,True,True,4,visible,69,0,,0,False,0.000,[]
1128,37.600,65,0.655,0.703,0.163,0.820,0.047,0.910,0.829,0.600,0.509,0.600,True,True,4,visible,44,0,,0,False,0.000,[]
1129,37.633,49,0.406,0.542,0.018,0.973,0.099,0.998,0.948,0.991,0.957,0.600,True,True,4,visible,294,0,,0,False,0.000,[]
1129,37.633,60,0.965,0.968,0.826,0.899,0.308,0.983,0.924,0.977,0.950,0.800,True,True,4,visible,157,0,,0,False,0.000,[]
1129,37.633,61,0.657,0.730,0.098,0.904,0.095,0.986,0.871,0.988,0.960,0.600,True,True,4,visible,75,0,,1,False,0.000,[1054]
1129,37.633,64,0.905,0.940,0.652,0.888,0.155,0.969,0.873,0.646,0.476,0.800,True,True,4,visible,70,0,,0,False,0.000,[]
1129,37.633,65,0.655,0.703,0.163,0.820,0.047,0.910,0.829,0.600,0.509,0.600,True,True,4,visible,45,0,,0,False,0.000,[]
1130,37.667,49,0.406,0.542,0.018,0.973,0.099,0.998,0.948,0.991,0.957,0.600,True,True,4,visible,295,0,,0,False,0.000,[]
1130,37.667,60,0.965,0.968,0.826,0.899,0.308,0.983,0.924,0.977,0.950,0.800,True,True,4,visible,158,0,,0,False,0.000,[]
1130,37.667,61,0.657,0.730,0.098,0.904,0.095,0.986,0.871,0.988,0.960,0.600,True,True,4,visible,76,0,,1,False,0.000,[1054]
1130,37.667,64,0.905,0.940,0.652,0.888,0.155,0.969,0.873,0.646,0.476,0.800,True,True,4,visible,71,0,,0,False,0.000,[]
1130,37.667,65,0.655,0.703,0.163,0.820,0.047,0.910,0.829,0.600,0.509,0.600,True,True,4,visible,46,0,,0,False,0.000,[]
1131,37.700,49,0.406,0.542,0.018,0.973,0.099,0.998,0.948,0.991,0.957,0.600,True,True,4,visible,296,0,,0,False,0.000,[]
1131,37.700,60,0.965,0.968,0.826,0.899,0.308,0.983,0.924,0.977,0.950,0.800,True,True,4,visible,159,0,,0,False,0.000,[]
1131,37.700,61,0.657,0.730,0.098,0.904,0.095,0.986,0.871,0.988,0.960,0.600,True,True,4,visible,77,0,,1,False,0.000,[1054]
1131,37.700,64,0.905,0.940,0.652,0.888,0.155,0.969,0.873,0.646,0.476,0.800,True,True,4,visible,72,0,,0,False,0.000,[]
1131,37.700,65,0.655,0.703,0.163,0.820,0.047,0.910,0.829,0.600,0.509,0.600,True,True,4,visible,47,0,,0,False,0.000,[]
1132,37.733,49,0.383,0.530,0.016,0.974,0.095,0.998,0.946,0.991,0.958,0.400,True,True,4,visible,297,0,,0,False,0.000,[]
1132,37.733,60,0.966,0.965,0.825,0.884,0.326,0.986,0.924,0.973,0.934,0.800,True,True,4,visible,160,0,,0,False,0.000,[]
1132,37.733,61,0.752,0.777,0.156,0.876,0.106,0.984,0.899,0.990,0.972,0.600,True,True,4,visible,78,0,,1,False,0.000,[1054]
1132,37.733,64,0.892,0.932,0.594,0.887,0.126,0.970,0.871,0.702,0.533,0.800,True,True,4,visible,73,0,,0,False,0.000,[]
1132,37.733,65,0.845,0.874,0.223,0.935,0.044,0.952,0.906,0.599,0.519,0.600,True,True,4,visible,48,0,,0,False,0.000,[]
1133,37.767,49,0.383,0.529,0.016,0.974,0.095,0.998,0.946,0.991,0.958,0.400,True,True,4,visible,298,0,,0,False,0.000,[]
1133,37.767,60,0.966,0.965,0.825,0.884,0.325,0.986,0.923,0.972,0.933,0.800,True,True,4,visible,161,0,,0,False,0.000,[]
1133,37.767,61,0.752,0.776,0.157,0.875,0.107,0.983,0.899,0.990,0.972,0.600,True,True,4,visible,79,0,,1,False,0.000,[1054]
1133,37.767,64,0.892,0.932,0.594,0.887,0.126,0.970,0.871,0.702,0.533,0.800,True,True,4,visible,74,0,,0,False,0.000,[]
1133,37.767,65,0.845,0.874,0.224,0.935,0.044,0.952,0.906,0.599,0.519,0.600,True,True,4,visible,49,0,,0,False,0.000,[]
1134,37.800,49,0.383,0.529,0.016,0.974,0.095,0.998,0.946,0.991,0.958,0.400,True,True,4,visible,299,0,,0,False,0.000,[]
1134,37.800,60,0.966,0.965,0.825,0.884,0.325,0.986,0.923,0.972,0.933,0.800,True,True,4,visible,162,0,,0,False,0.000,[]
1134,37.800,61,0.752,0.776,0.157,0.875,0.107,0.983,0.899,0.990,0.972,0.600,True,True,4,visible,80,0,,1,False,0.000,[1054]
1134,37.800,64,0.892,0.932,0.594,0.887,0.126,0.970,0.871,0.702,0.533,0.800,True,True,4,visible,75,0,,0,False,0.000,[]
1134,37.800,65,0.845,0.874,0.224,0.935,0.044,0.952,0.906,0.599,0.519,0.600,True,True,4,visible,50,0,,0,False,0.000,[]
1135,37.833,49,0.383,0.529,0.016,0.974,0.095,0.998,0.946,0.991,0.958,0.400,True,True,4,visible,300,0,,0,False,0.000,[]
1135,37.833,60,0.966,0.965,0.825,0.884,0.325,0.986,0.923,0.972,0.933,0.800,True,True,4,visible,163,0,,0,False,0.000,[]
1135,37.833,61,0.752,0.776,0.157,0.875,0.107,0.983,0.899,0.990,0.972,0.600,True,True,4,visible,81,0,,1,False,0.000,[1054]
1135,37.833,64,0.892,0.932,0.594,0.887,0.126,0.970,0.871,0.702,0.533,0.800,True,True,4,visible,76,0,,0,False,0.000,[]
1135,37.833,65,0.845,0.874,0.224,0.935,0.044,0.952,0.906,0.599,0.519,0.600,True,True,4,visible,51,0,,0,False,0.000,[]
1136,37.867,49,0.374,0.522,0.015,0.975,0.096,0.998,0.950,0.992,0.962,0.400,True,True,4,visible,301,0,,0,False,0.000,[]
1136,37.867,60,0.961,0.962,0.818,0.898,0.361,0.987,0.937,0.978,0.950,0.800,True,True,4,visible,164,0,,0,False,0.000,[]
1136,37.867,61,0.673,0.746,0.098,0.902,0.104,0.987,0.892,0.988,0.957,0.600,True,True,4,visible,82,0,,1,False,0.000,[1054]
1136,37.867,64,0.898,0.938,0.598,0.897,0.122,0.977,0.887,0.805,0.647,0.800,True,True,4,visible,77,0,,0,False,0.000,[]
1136,37.867,65,0.755,0.793,0.227,0.859,0.055,0.920,0.857,0.596,0.514,0.600,True,True,4,visible,52,0,,0,False,0.000,[]
1137,37.900,49,0.374,0.522,0.015,0.975,0.096,0.998,0.950,0.992,0.962,0.400,True,True,4,visible,302,0,,0,False,0.000,[]
1137,37.900,60,0.961,0.961,0.815,0.899,0.358,0.987,0.938,0.978,0.950,0.800,True,True,4,visible,165,0,,0,False,0.000,[]
1137,37.900,61,0.673,0.746,0.098,0.902,0.105,0.987,0.892,0.988,0.957,0.600,True,True,4,visible,83,0,,1,False,0.000,[1054]
1137,37.900,64,0.898,0.938,0.597,0.897,0.122,0.977,0.886,0.804,0.646,0.800,True,True,4,visible,78,0,,0,False,0.000,[]
1137,37.900,65,0.753,0.792,0.226,0.858,0.055,0.919,0.856,0.592,0.511,0.600,True,True,4,visible,53,0,,0,False,0.000,[]
1138,37.933,49,0.374,0.522,0.015,0.975,0.096,0.998,0.950,0.992,0.962,0.400,True,True,4,visible,303,0,,0,False,0.000,[]
1138,37.933,60,0.961,0.961,0.815,0.899,0.358,0.987,0.938,0.978,0.950,0.800,True,True,4,visible,166,0,,0,False,0.000,[]
1138,37.933,61,0.673,0.746,0.098,0.902,0.105,0.987,0.892,0.988,0.957,0.600,True,True,4,visible,84,0,,1,False,0.000,[1054]
1138,37.933,64,0.898,0.938,0.597,0.897,0.122,0.977,0.886,0.804,0.646,0.800,True,True,4,visible,79,0,,0,False,0.000,[]
1138,37.933,65,0.753,0.792,0.226,0.858,0.055,0.919,0.856,0.592,0.511,0.600,True,True,4,visible,54,0,,0,False,0.000,[]
1139,37.967,49,0.374,0.522,0.015,0.975,0.096,0.998,0.950,0.992,0.962,0.400,True,True,4,visible,304,0,,0,False,0.000,[]
1139,37.967,60,0.961,0.961,0.815,0.899,0.358,0.987,0.938,0.978,0.950,0.800,True,True,4,visible,167,0,,0,False,0.000,[]
1139,37.967,61,0.673,0.746,0.098,0.902,0.105,0.987,0.892,0.988,0.957,0.600,True,True,4,visible,85,0,,1,False,0.000,[1054]
1139,37.967,64,0.898,0.938,0.597,0.897,0.122,0.977,0.886,0.804,0.646,0.800,True,True,4,visible,80,0,,0,False,0.000,[]
1139,37.967,65,0.753,0.792,0.226,0.858,0.055,0.919,0.856,0.592,0.511,0.600,True,True,4,visible,55,0,,0,False,0.000,[]
1140,38.000,49,0.428,0.585,0.017,0.975,0.080,0.998,0.939,0.991,0.952,0.600,True,True,4,visible,305,0,,0,False,0.000,[]
1140,38.000,60,0.963,0.952,0.869,0.802,0.434,0.970,0.903,0.931,0.881,1.000,True,True,4,visible,168,0,,0,False,0.000,[]
1140,38.000,61,0.663,0.733,0.111,0.920,0.131,0.985,0.892,0.974,0.930,0.600,True,True,4,visible,86,0,,1,False,0.000,[1054]
1140,38.000,65,0.788,0.817,0.194,0.919,0.062,0.948,0.908,0.591,0.519,0.600,True,True,4,visible,56,0,,0,False,0.000,[]
1141,38.033,49,0.428,0.585,0.017,0.975,0.080,0.998,0.939,0.991,0.952,0.600,True,True,4,visible,306,0,,0,False,0.000,[]
1141,38.033,60,0.963,0.952,0.869,0.802,0.434,0.970,0.903,0.931,0.881,1.000,True,True,4,visible,169,0,,0,False,0.000,[]
1141,38.033,61,0.663,0.733,0.111,0.920,0.131,0.985,0.892,0.974,0.930,0.600,True,True,4,visible,87,0,,1,False,0.000,[1054]
1141,38.033,65,0.788,0.817,0.194,0.919,0.062,0.948,0.908,0.591,0.519,0.600,True,True,4,visible,57,0,,0,False,0.000,[]
1142,38.067,49,0.428,0.585,0.017,0.975,0.080,0.998,0.939,0.991,0.952,0.600,True,True,4,visible,307,0,,0,False,0.000,[]
1142,38.067,60,0.963,0.952,0.869,0.802,0.434,0.970,0.903,0.931,0.881,1.000,True,True,4,visible,170,0,,0,False,0.000,[]
1142,38.067,61,0.663,0.733,0.111,0.920,0.131,0.985,0.892,0.974,0.930,0.600,True,True,4,visible,88,0,,1,False,0.000,[1054]
1142,38.067,65,0.788,0.817,0.194,0.919,0.062,0.948,0.908,0.591,0.519,0.600,True,True,4,visible,58,0,,0,False,0.000,[]
1143,38.100,49,0.428,0.585,0.017,0.975,0.080,0.998,0.939,0.991,0.952,0.600,True,True,4,visible,308,0,,0,False,0.000,[]
1143,38.100,60,0.963,0.952,0.869,0.802,0.434,0.970,0.903,0.931,0.881,1.000,True,True,4,visible,171,0,,0,False,0.000,[]
1143,38.100,61,0.663,0.733,0.111,0.920,0.131,0.985,0.892,0.974,0.930,0.600,True,True,4,visible,89,0,,1,False,0.000,[1054]
1143,38.100,65,0.788,0.817,0.194,0.919,0.062,0.948,0.908,0.591,0.519,0.600,True,True,4,visible,59,0,,0,False,0.000,[]
1144,38.133,49,0.428,0.585,0.017,0.975,0.080,0.998,0.939,0.991,0.952,0.600,True,True,4,visible,309,0,,0,False,0.000,[]
1144,38.133,60,0.963,0.952,0.869,0.802,0.434,0.970,0.903,0.931,0.881,1.000,True,True,4,visible,172,0,,0,False,0.000,[]
1144,38.133,61,0.663,0.733,0.111,0.920,0.131,0.985,0.892,0.974,0.930,0.600,True,True,4,visible,90,0,,1,False,0.000,[1054]
1144,38.133,65,0.788,0.817,0.194,0.919,0.062,0.948,0.908,0.591,0.519,0.600,True,True,4,visible,60,0,,0,False,0.000,[]
1145,38.167,49,0.445,0.596,0.019,0.974,0.080,0.998,0.939,0.991,0.951,0.600,True,True,4,visible,310,0,,0,False,0.000,[]
1145,38.167,60,0.966,0.957,0.878,0.812,0.422,0.970,0.895,0.935,0.883,1.000,True,True,4,visible,173,0,,0,False,0.000,[]
1145,38.167,61,0.668,0.743,0.109,0.927,0.128,0.986,0.888,0.977,0.933,0.600,True,True,4,visible,91,0,,1,False,0.000,[1054]
1145,38.167,65,0.861,0.883,0.278,0.929,0.061,0.955,0.918,0.589,0.514,0.600,True,True,4,visible,61,0,,0,False,0.000,[]
1146,38.200,49,0.445,0.596,0.019,0.974,0.080,0.998,0.939,0.991,0.951,0.600,True,True,4,visible,311,0,,0,False,0.000,[]
1146,38.200,60,0.966,0.957,0.878,0.811,0.422,0.971,0.895,0.935,0.883,1.000,True,True,4,visible,174,0,,0,False,0.000,[]
1146,38.200,61,0.667,0.742,0.108,0.927,0.128,0.986,0.889,0.977,0.933,0.600,True,True,4,visible,92,0,,1,False,0.000,[1054]
1146,38.200,65,0.861,0.883,0.278,0.928,0.061,0.955,0.918,0.587,0.512,0.600,True,True,4,visible,62,0,,0,False,0.000,[]
1147,38.233,49,0.445,0.596,0.019,0.974,0.080,0.998,0.939,0.991,0.951,0.600,True,True,4,visible,312,0,,0,False,0.000,[]
1147,38.233,60,0.966,0.957,0.878,0.811,0.422,0.971,0.895,0.935,0.883,1.000,True,True,4,visible,175,0,,0,False,0.000,[]
1147,38.233,61,0.667,0.742,0.108,0.927,0.128,0.986,0.889,0.977,0.933,0.600,True,True,4,visible,93,0,,1,False,0.000,[1054]
1147,38.233,65,0.861,0.883,0.278,0.928,0.061,0.955,0.918,0.587,0.512,0.600,True,True,4,visible,63,0,,0,False,0.000,[]
1148,38.267,49,0.445,0.596,0.019,0.974,0.080,0.998,0.939,0.991,0.951,0.600,True,True,4,visible,313,0,,0,False,0.000,[]
1148,38.267,60,0.966,0.957,0.878,0.811,0.422,0.971,0.895,0.935,0.883,1.000,True,True,4,visible,176,0,,0,False,0.000,[]
1148,38.267,61,0.667,0.742,0.108,0.927,0.128,0.986,0.889,0.977,0.933,0.600,True,True,4,visible,94,0,,1,False,0.000,[1054]
1148,38.267,65,0.861,0.883,0.278,0.928,0.061,0.955,0.918,0.587,0.512,0.600,True,True,4,visible,64,0,,0,False,0.000,[]
1149,38.300,49,0.440,0.592,0.018,0.974,0.081,0.998,0.937,0.990,0.950,0.600,True,True,4,visible,314,0,,0,False,0.000,[]
1149,38.300,60,0.963,0.962,0.861,0.856,0.376,0.971,0.895,0.947,0.903,0.800,True,True,4,visible,177,0,,0,False,0.000,[]
1149,38.300,61,0.658,0.736,0.102,0.928,0.126,0.986,0.894,0.977,0.933,0.600,True,True,4,visible,95,0,,1,False,0.000,[1054]
1149,38.300,65,0.888,0.901,0.382,0.910,0.071,0.953,0.915,0.556,0.478,0.600,True,True,4,visible,65,0,,0,False,0.000,[]
1149,38.300,64,0.940,0.958,0.702,0.907,0.142,0.975,0.919,0.798,0.671,0.800,True,True,4,visible,81,0,,0,False,0.000,[]
1150,38.333,49,0.439,0.591,0.018,0.974,0.081,0.998,0.937,0.990,0.950,0.600,True,True,4,visible,315,0,,0,False,0.000,[]
1150,38.333,60,0.963,0.962,0.861,0.856,0.376,0.970,0.894,0.947,0.903,0.800,True,True,4,visible,178,0,,0,False,0.000,[]
1150,38.333,61,0.656,0.733,0.101,0.928,0.125,0.986,0.894,0.977,0.933,0.600,True,True,4,visible,96,0,,1,False,0.000,[1054]
1150,38.333,65,0.888,0.901,0.382,0.910,0.071,0.953,0.915,0.557,0.479,0.600,True,True,4,visible,66,0,,0,False,0.000,[]
1150,38.333,64,0.940,0.958,0.702,0.907,0.142,0.975,0.919,0.798,0.671,0.800,True,True,4,visible,82,0,,0,False,0.000,[]
1151,38.367,49,0.439,0.591,0.018,0.974,0.081,0.998,0.937,0.990,0.950,0.600,True,True,4,visible,316,0,,0,False,0.000,[]
1151,38.367,60,0.963,0.962,0.861,0.856,0.376,0.970,0.894,0.947,0.903,0.800,True,True,4,visible,179,0,,0,False,0.000,[]
1151,38.367,61,0.656,0.733,0.101,0.928,0.125,0.986,0.894,0.977,0.933,0.600,True,True,4,visible,97,0,,1,False,0.000,[1054]
1151,38.367,65,0.888,0.901,0.382,0.910,0.071,0.953,0.915,0.557,0.479,0.600,True,True,4,visible,67,0,,0,False,0.000,[]
1151,38.367,64,0.940,0.958,0.702,0.907,0.142,0.975,0.919,0.798,0.671,0.800,True,True,4,visible,83,0,,0,False,0.000,[]
1152,38.400,49,0.439,0.591,0.018,0.974,0.081,0.998,0.937,0.990,0.950,0.600,True,True,4,visible,317,0,,0,False,0.000,[]
1152,38.400,60,0.963,0.962,0.861,0.856,0.376,0.970,0.894,0.947,0.903,0.800,True,True,4,visible,180,0,,0,False,0.000,[]
1152,38.400,61,0.656,0.733,0.101,0.928,0.125,0.986,0.894,0.977,0.933,0.600,True,True,4,visible,98,0,,1,False,0.000,[1054]
1152,38.400,65,0.888,0.901,0.382,0.910,0.071,0.953,0.915,0.557,0.479,0.600,True,True,4,visible,68,0,,0,False,0.000,[]
1152,38.400,64,0.940,0.958,0.702,0.907,0.142,0.975,0.919,0.798,0.671,0.800,True,True,4,visible,84,0,,0,False,0.000,[]
1153,38.433,49,0.430,0.589,0.018,0.975,0.078,0.998,0.940,0.990,0.952,0.600,True,True,4,visible,318,0,,0,False,0.000,[]
1153,38.433,60,0.962,0.960,0.856,0.852,0.376,0.972,0.900,0.954,0.916,0.800,True,True,4,visible,181,0,,0,False,0.000,[]
1153,38.433,61,0.627,0.695,0.095,0.928,0.148,0.987,0.915,0.980,0.946,0.600,True,True,4,visible,99,0,,1,False,0.000,[1054]
1153,38.433,64,0.921,0.943,0.662,0.885,0.147,0.972,0.908,0.816,0.692,0.800,True,True,4,visible,85,0,,0,False,0.000,[]
1154,38.467,49,0.430,0.589,0.018,0.975,0.078,0.998,0.940,0.990,0.952,0.600,True,True,4,visible,319,0,,0,False,0.000,[]
1154,38.467,60,0.962,0.960,0.856,0.852,0.376,0.972,0.900,0.954,0.916,0.800,True,True,4,visible,182,0,,0,False,0.000,[]
1154,38.467,61,0.627,0.695,0.095,0.928,0.148,0.987,0.915,0.980,0.946,0.600,True,True,4,visible,100,0,,1,False,0.000,[1054]
1154,38.467,64,0.921,0.943,0.662,0.885,0.147,0.972,0.908,0.816,0.692,0.800,True,True,4,visible,86,0,,0,False,0.000,[]
1155,38.500,49,0.430,0.589,0.018,0.975,0.078,0.998,0.940,0.990,0.952,0.600,True,True,4,visible,320,0,,0,False,0.000,[]
1155,38.500,60,0.962,0.960,0.856,0.852,0.376,0.972,0.900,0.954,0.916,0.800,True,True,4,visible,183,0,,0,False,0.000,[]
1155,38.500,61,0.627,0.695,0.095,0.928,0.148,0.987,0.915,0.980,0.946,0.600,True,True,4,visible,101,0,,1,False,0.000,[1054]
1155,38.500,64,0.921,0.943,0.662,0.885,0.147,0.972,0.908,0.816,0.692,0.800,True,True,4,visible,87,0,,0,False,0.000,[]
1156,38.533,49,0.430,0.589,0.018,0.975,0.078,0.998,0.940,0.990,0.952,0.600,True,True,4,visible,321,0,,0,False,0.000,[]
1156,38.533,60,0.962,0.960,0.856,0.852,0.376,0.972,0.900,0.954,0.916,0.800,True,True,4,visible,184,0,,0,False,0.000,[]
1156,38.533,61,0.627,0.695,0.095,0.928,0.148,0.987,0.915,0.980,0.946,0.600,True,True,4,visible,102,0,,1,False,0.000,[1054]
1156,38.533,64,0.921,0.943,0.662,0.885,0.147,0.972,0.908,0.816,0.692,0.800,True,True,4,visible,88,0,,0,False,0.000,[]
1157,38.567,49,0.418,0.562,0.017,0.973,0.087,0.998,0.943,0.991,0.952,0.600,True,True,4,visible,322,0,,0,False,0.000,[]
1157,38.567,60,0.969,0.964,0.891,0.856,0.437,0.971,0.930,0.955,0.933,1.000,True,True,4,visible,185,0,,0,False,0.000,[]
1157,38.567,61,0.657,0.709,0.125,0.923,0.184,0.985,0.923,0.977,0.948,0.600,True,True,4,visible,103,0,,1,False,0.000,[1054]
1157,38.567,64,0.932,0.961,0.716,0.912,0.152,0.985,0.901,0.884,0.737,0.800,True,True,4,visible,89,0,,0,False,0.000,[]
1158,38.600,49,0.418,0.562,0.017,0.973,0.087,0.998,0.943,0.991,0.952,0.600,True,True,4,visible,323,0,,0,False,0.000,[]
1158,38.600,60,0.969,0.964,0.891,0.856,0.437,0.971,0.930,0.955,0.933,1.000,True,True,4,visible,186,0,,0,False,0.000,[]
1158,38.600,61,0.657,0.709,0.125,0.923,0.184,0.985,0.923,0.977,0.948,0.600,True,True,4,visible,104,0,,1,False,0.000,[1054]
1158,38.600,64,0.932,0.961,0.716,0.912,0.152,0.985,0.901,0.884,0.737,0.800,True,True,4,visible,90,0,,0,False,0.000,[]
1159,38.633,49,0.418,0.562,0.017,0.973,0.087,0.998,0.943,0.991,0.952,0.600,True,True,4,visible,324,0,,0,False,0.000,[]
1159,38.633,60,0.969,0.964,0.891,0.856,0.437,0.971,0.930,0.955,0.933,1.000,True,True,4,visible,187,0,,0,False,0.000,[]
1159,38.633,61,0.657,0.709,0.125,0.923,0.184,0.985,0.923,0.977,0.948,0.600,True,True,4,visible,105,0,,1,False,0.000,[1054]
1159,38.633,64,0.932,0.961,0.716,0.912,0.152,0.985,0.901,0.884,0.737,0.800,True,True,4,visible,91,0,,0,False,0.000,[]
1160,38.667,49,0.418,0.562,0.017,0.973,0.087,0.998,0.943,0.991,0.952,0.600,True,True,4,visible,325,0,,0,False,0.000,[]
1160,38.667,60,0.969,0.964,0.891,0.856,0.437,0.971,0.930,0.955,0.933,1.000,True,True,4,visible,188,0,,0,False,0.000,[]
1160,38.667,61,0.657,0.709,0.125,0.923,0.184,0.985,0.923,0.977,0.948,0.600,True,True,4,visible,106,0,,1,False,0.000,[1054]
1160,38.667,64,0.932,0.961,0.716,0.912,0.152,0.985,0.901,0.884,0.737,0.800,True,True,4,visible,92,0,,0,False,0.000,[]
1161,38.700,49,0.418,0.562,0.017,0.973,0.087,0.998,0.943,0.991,0.952,0.600,True,True,4,visible,326,0,,0,False,0.000,[]
1161,38.700,60,0.969,0.964,0.891,0.856,0.437,0.971,0.930,0.955,0.933,1.000,True,True,4,visible,189,0,,0,False,0.000,[]
1161,38.700,61,0.657,0.709,0.125,0.923,0.184,0.985,0.923,0.977,0.948,0.600,True,True,4,visible,107,0,,1,False,0.000,[1054]
1161,38.700,64,0.932,0.961,0.716,0.912,0.152,0.985,0.901,0.884,0.737,0.800,True,True,4,visible,93,0,,0,False,0.000,[]
1162,38.733,49,0.395,0.524,0.016,0.972,0.095,0.998,0.950,0.991,0.958,0.400,True,True,4,visible,327,0,,0,False,0.000,[]
1162,38.733,60,0.953,0.949,0.841,0.815,0.379,0.967,0.854,0.931,0.864,0.800,True,True,4,visible,190,0,,0,False,0.000,[]
1162,38.733,61,0.528,0.586,0.074,0.895,0.146,0.986,0.907,0.983,0.956,0.600,True,True,4,visible,108,0,,1,False,0.000,[1054]
1163,38.767,49,0.395,0.524,0.016,0.972,0.095,0.998,0.950,0.991,0.958,0.400,True,True,4,visible,328,0,,0,False,0.000,[]
1163,38.767,60,0.953,0.949,0.841,0.815,0.379,0.966,0.853,0.931,0.864,0.800,True,True,4,visible,191,0,,0,False,0.000,[]
1163,38.767,61,0.528,0.586,0.074,0.895,0.146,0.986,0.907,0.983,0.956,0.600,True,True,4,visible,109,0,,1,False,0.000,[1054]
1164,38.800,49,0.395,0.524,0.016,0.972,0.095,0.998,0.950,0.991,0.958,0.400,True,True,4,visible,329,0,,0,False,0.000,[]
1164,38.800,60,0.953,0.949,0.841,0.815,0.379,0.966,0.853,0.931,0.864,0.800,True,True,4,visible,192,0,,0,False,0.000,[]
1164,38.800,61,0.528,0.586,0.074,0.895,0.146,0.986,0.907,0.983,0.956,0.600,True,True,4,visible,110,0,,1,False,0.000,[1054]
1165,38.833,49,0.395,0.524,0.016,0.972,0.095,0.998,0.950,0.991,0.958,0.400,True,True,4,visible,330,0,,0,False,0.000,[]
1165,38.833,60,0.953,0.949,0.841,0.815,0.379,0.966,0.853,0.931,0.864,0.800,True,True,4,visible,193,0,,0,False,0.000,[]
1165,38.833,61,0.528,0.586,0.074,0.895,0.146,0.986,0.907,0.983,0.956,0.600,True,True,4,visible,111,0,,1,False,0.000,[1054]
1166,38.867,49,0.380,0.490,0.016,0.969,0.107,0.998,0.952,0.991,0.958,0.400,True,True,4,visible,331,0,,0,False,0.000,[]
1166,38.867,60,0.954,0.954,0.841,0.851,0.375,0.965,0.887,0.941,0.899,0.800,True,True,4,visible,194,0,,0,False,0.000,[]
1166,38.867,61,0.520,0.607,0.068,0.910,0.125,0.982,0.884,0.976,0.936,0.600,True,True,4,visible,112,0,,1,False,0.000,[1054]
1167,38.900,49,0.379,0.489,0.016,0.969,0.107,0.998,0.952,0.991,0.958,0.400,True,True,4,visible,332,0,,0,False,0.000,[]
1167,38.900,60,0.954,0.954,0.841,0.851,0.375,0.965,0.887,0.941,0.899,0.800,True,True,4,visible,195,0,,0,False,0.000,[]
1167,38.900,61,0.520,0.607,0.068,0.910,0.125,0.982,0.884,0.976,0.936,0.600,True,True,4,visible,113,0,,1,False,0.000,[1054]
1168,38.933,49,0.379,0.489,0.016,0.969,0.107,0.998,0.952,0.991,0.958,0.400,True,True,4,visible,333,0,,0,False,0.000,[]
1168,38.933,60,0.954,0.954,0.841,0.851,0.375,0.965,0.887,0.941,0.899,0.800,True,True,4,visible,196,0,,0,False,0.000,[]
1168,38.933,61,0.520,0.607,0.068,0.910,0.125,0.982,0.884,0.976,0.936,0.600,True,True,4,visible,114,0,,1,False,0.000,[1054]
1169,38.967,49,0.379,0.489,0.016,0.969,0.107,0.998,0.952,0.991,0.958,0.400,True,True,4,visible,334,0,,0,False,0.000,[]
1169,38.967,60,0.954,0.954,0.841,0.851,0.375,0.965,0.887,0.941,0.899,0.800,True,True,4,visible,197,0,,0,False,0.000,[]
1169,38.967,61,0.520,0.607,0.068,0.910,0.125,0.982,0.884,0.976,0.936,0.600,True,True,4,visible,115,0,,1,False,0.000,[1054]
1170,39.000,49,0.378,0.430,0.018,0.957,0.146,0.998,0.960,0.989,0.956,0.400,True,True,4,visible,335,0,,0,False,0.000,[]
1170,39.000,60,0.958,0.959,0.846,0.834,0.344,0.966,0.835,0.919,0.833,0.800,True,True,4,visible,198,0,,0,False,0.000,[]
1170,39.000,61,0.585,0.626,0.081,0.884,0.122,0.984,0.912,0.986,0.966,0.600,True,True,4,visible,116,0,,1,False,0.000,[1054]
1170,39.000,64,0.923,0.945,0.744,0.871,0.233,0.987,0.921,0.931,0.839,0.800,True,True,4,visible,94,0,,0,False,0.000,[]
1171,39.033,49,0.377,0.428,0.018,0.957,0.146,0.998,0.960,0.989,0.955,0.400,True,True,4,visible,336,0,,0,False,0.000,[]
1171,39.033,60,0.958,0.959,0.846,0.834,0.345,0.966,0.835,0.919,0.833,0.800,True,True,4,visible,199,0,,0,False,0.000,[]
1171,39.033,61,0.584,0.626,0.081,0.884,0.121,0.984,0.912,0.986,0.966,0.600,True,True,4,visible,117,0,,1,False,0.000,[1054]
1171,39.033,64,0.923,0.945,0.744,0.871,0.233,0.987,0.921,0.931,0.838,0.800,True,True,4,visible,95,0,,0,False,0.000,[]
1172,39.067,49,0.377,0.428,0.018,0.957,0.146,0.998,0.960,0.989,0.955,0.400,True,True,4,visible,337,0,,0,False,0.000,[]
1172,39.067,60,0.958,0.959,0.846,0.834,0.345,0.966,0.835,0.919,0.833,0.800,True,True,4,visible,200,0,,0,False,0.000,[]
1172,39.067,61,0.584,0.626,0.081,0.884,0.121,0.984,0.912,0.986,0.966,0.600,True,True,4,visible,118,0,,1,False,0.000,[1054]
1172,39.067,64,0.923,0.945,0.744,0.871,0.233,0.987,0.921,0.931,0.838,0.800,True,True,4,visible,96,0,,0,False,0.000,[]
1173,39.100,49,0.377,0.428,0.018,0.957,0.146,0.998,0.960,0.989,0.955,0.400,True,True,4,visible,338,0,,0,False,0.000,[]
1173,39.100,60,0.958,0.959,0.846,0.834,0.345,0.966,0.835,0.919,0.833,0.800,True,True,4,visible,201,0,,0,False,0.000,[]
1173,39.100,61,0.584,0.626,0.081,0.884,0.121,0.984,0.912,0.986,0.966,0.600,True,True,4,visible,119,0,,1,False,0.000,[1054]
1173,39.100,64,0.923,0.945,0.744,0.871,0.233,0.987,0.921,0.931,0.838,0.800,True,True,4,visible,97,0,,0,False,0.000,[]
1174,39.133,49,0.377,0.428,0.018,0.957,0.146,0.998,0.960,0.989,0.955,0.400,True,True,4,visible,339,0,,0,False,0.000,[]
1174,39.133,60,0.958,0.959,0.846,0.834,0.345,0.966,0.835,0.919,0.833,0.800,True,True,4,visible,202,0,,0,False,0.000,[]
1174,39.133,61,0.584,0.626,0.081,0.884,0.121,0.984,0.912,0.986,0.966,0.600,True,True,4,visible,120,0,,1,False,0.000,[1054]
1174,39.133,64,0.923,0.945,0.744,0.871,0.233,0.987,0.921,0.931,0.838,0.800,True,True,4,visible,98,0,,0,False,0.000,[]
1175,39.167,49,0.362,0.529,0.014,0.984,0.099,0.999,0.956,0.994,0.969,0.400,True,True,4,visible,340,0,,0,False,0.000,[]
1175,39.167,60,0.960,0.960,0.848,0.841,0.351,0.969,0.854,0.929,0.854,0.800,True,True,4,visible,203,0,,0,False,0.000,[]
1175,39.167,61,0.751,0.813,0.113,0.921,0.098,0.990,0.917,0.990,0.967,0.600,True,True,4,visible,121,0,,1,False,0.000,[1054]
1175,39.167,64,0.931,0.952,0.763,0.883,0.237,0.989,0.927,0.938,0.852,0.800,True,True,4,visible,99,0,,0,False,0.000,[]
1176,39.200,49,0.362,0.530,0.014,0.984,0.099,0.999,0.956,0.994,0.969,0.400,True,True,4,visible,341,0,,0,False,0.000,[]
1176,39.200,60,0.960,0.960,0.848,0.841,0.352,0.969,0.854,0.929,0.854,0.800,True,True,4,visible,204,0,,0,False,0.000,[]
1176,39.200,61,0.785,0.807,0.175,0.915,0.155,0.986,0.937,0.980,0.958,0.600,True,True,4,visible,122,0,,1,False,0.000,[1054]
1176,39.200,64,0.931,0.952,0.763,0.883,0.236,0.989,0.927,0.938,0.852,0.800,True,True,4,visible,100,0,,0,False,0.000,[]
1177,39.233,49,0.362,0.530,0.014,0.984,0.099,0.999,0.956,0.994,0.969,0.400,True,True,4,visible,342,0,,0,False,0.000,[]
1177,39.233,60,0.960,0.960,0.848,0.841,0.352,0.969,0.854,0.929,0.854,0.800,True,True,4,visible,205,0,,0,False,0.000,[]
1177,39.233,61,0.785,0.807,0.175,0.915,0.155,0.986,0.937,0.980,0.958,0.600,True,True,4,visible,123,0,,1,False,0.000,[1054]
1177,39.233,64,0.931,0.952,0.763,0.883,0.236,0.989,0.927,0.938,0.852,0.800,True,True,4,visible,101,0,,0,False,0.000,[]
1178,39.267,49,0.362,0.530,0.014,0.984,0.099,0.999,0.956,0.994,0.969,0.400,True,True,4,visible,343,0,,0,False,0.000,[]
1178,39.267,60,0.960,0.960,0.848,0.841,0.352,0.969,0.854,0.929,0.854,0.800,True,True,4,visible,206,0,,0,False,0.000,[]
1178,39.267,61,0.785,0.807,0.175,0.915,0.155,0.986,0.937,0.980,0.958,0.600,True,True,4,visible,124,0,,1,False,0.000,[1054]
1178,39.267,64,0.931,0.952,0.763,0.883,0.236,0.989,0.927,0.938,0.852,0.800,True,True,4,visible,102,0,,0,False,0.000,[]
1179,39.300,49,0.436,0.614,0.018,0.985,0.088,0.999,0.956,0.994,0.971,0.600,True,True,4,visible,344,0,,0,False,0.000,[]
1179,39.300,60,0.964,0.957,0.863,0.818,0.406,0.975,0.885,0.945,0.886,1.000,True,True,4,visible,207,0,,0,False,0.000,[]
1179,39.300,64,0.950,0.968,0.817,0.915,0.265,0.989,0.940,0.878,0.750,0.800,True,True,4,visible,103,0,,0,False,0.000,[]
1180,39.333,49,0.436,0.614,0.018,0.985,0.088,0.999,0.956,0.994,0.971,0.600,True,True,4,visible,345,0,,0,False,0.000,[]
1180,39.333,60,0.964,0.957,0.863,0.818,0.406,0.975,0.885,0.945,0.886,1.000,True,True,4,visible,208,0,,0,False,0.000,[]
1180,39.333,64,0.950,0.968,0.817,0.915,0.265,0.989,0.940,0.878,0.750,0.800,True,True,4,visible,104,0,,0,False,0.000,[]
1181,39.367,49,0.436,0.614,0.018,0.985,0.088,0.999,0.956,0.994,0.971,0.600,True,True,4,visible,346,0,,0,False,0.000,[]
1181,39.367,60,0.964,0.957,0.863,0.818,0.406,0.975,0.885,0.945,0.886,1.000,True,True,4,visible,209,0,,0,False,0.000,[]
1181,39.367,64,0.950,0.968,0.817,0.915,0.265,0.989,0.940,0.878,0.750,0.800,True,True,4,visible,105,0,,0,False,0.000,[]
1182,39.400,49,0.436,0.614,0.018,0.985,0.088,0.999,0.956,0.994,0.971,0.600,True,True,4,visible,347,0,,0,False,0.000,[]
1182,39.400,60,0.964,0.957,0.863,0.818,0.406,0.975,0.885,0.945,0.886,1.000,True,True,4,visible,210,0,,0,False,0.000,[]
1182,39.400,64,0.950,0.968,0.817,0.915,0.265,0.989,0.940,0.878,0.750,0.800,True,True,4,visible,106,0,,0,False,0.000,[]
1183,39.433,49,0.365,0.547,0.014,0.984,0.091,0.999,0.954,0.994,0.970,0.400,True,True,4,visible,348,0,,0,False,0.000,[]
1183,39.433,60,0.961,0.965,0.811,0.895,0.282,0.979,0.898,0.964,0.920,0.800,True,True,4,visible,211,0,,0,False,0.000,[]
1183,39.433,64,0.920,0.943,0.742,0.876,0.234,0.984,0.930,0.849,0.731,0.800,True,True,4,visible,107,0,,0,False,0.000,[]
1183,39.433,61,0.791,0.825,0.174,0.895,0.100,0.985,0.906,0.986,0.963,0.600,True,True,4,visible,125,0,,1,False,0.000,[1054]
1184,39.467,49,0.365,0.547,0.014,0.984,0.091,0.999,0.954,0.994,0.970,0.400,True,True,4,visible,349,0,,0,False,0.000,[]
1184,39.467,60,0.961,0.965,0.811,0.895,0.282,0.980,0.898,0.964,0.920,0.800,True,True,4,visible,212,0,,0,False,0.000,[]
1184,39.467,64,0.920,0.943,0.742,0.876,0.234,0.984,0.930,0.849,0.731,0.800,True,True,4,visible,108,0,,0,False,0.000,[]
1184,39.467,61,0.791,0.824,0.174,0.895,0.100,0.985,0.906,0.986,0.963,0.600,True,True,4,visible,126,0,,1,False,0.000,[1054]
1185,39.500,49,0.365,0.547,0.014,0.984,0.091,0.999,0.954,0.994,0.970,0.400,True,True,4,visible,350,0,,0,False,0.000,[]
1185,39.500,60,0.961,0.965,0.811,0.895,0.282,0.980,0.898,0.964,0.920,0.800,True,True,4,visible,213,0,,0,False,0.000,[]
1185,39.500,64,0.920,0.943,0.742,0.876,0.234,0.984,0.930,0.849,0.731,0.800,True,True,4,visible,109,0,,0,False,0.000,[]
1185,39.500,61,0.791,0.824,0.174,0.895,0.100,0.985,0.906,0.986,0.963,0.600,True,True,4,visible,127,0,,1,False,0.000,[1054]
1186,39.533,49,0.365,0.547,0.014,0.984,0.091,0.999,0.954,0.994,0.970,0.400,True,True,4,visible,351,0,,0,False,0.000,[]
1186,39.533,60,0.961,0.965,0.811,0.895,0.282,0.980,0.898,0.964,0.920,0.800,True,True,4,visible,214,0,,0,False,0.000,[]
1186,39.533,64,0.920,0.943,0.742,0.876,0.234,0.984,0.930,0.849,0.731,0.800,True,True,4,visible,110,0,,0,False,0.000,[]
1186,39.533,61,0.791,0.824,0.174,0.895,0.100,0.985,0.906,0.986,0.963,0.600,True,True,4,visible,128,0,,1,False,0.000,[1054]
1187,39.567,49,0.365,0.547,0.014,0.984,0.091,0.999,0.954,0.994,0.970,0.400,True,True,4,visible,352,0,,0,False,0.000,[]
1187,39.567,60,0.961,0.965,0.811,0.895,0.282,0.980,0.898,0.964,0.920,0.800,True,True,4,visible,215,0,,0,False,0.000,[]
1187,39.567,64,0.920,0.943,0.742,0.876,0.234,0.984,0.930,0.849,0.731,0.800,True,True,4,visible,111,0,,0,False,0.000,[]
1187,39.567,61,0.791,0.824,0.174,0.895,0.100,0.985,0.906,0.986,0.963,0.600,True,True,4,visible,129,0,,1,False,0.000,[1054]
1188,39.600,49,0.374,0.554,0.014,0.985,0.088,0.999,0.960,0.994,0.974,0.400,True,True,4,visible,353,0,,0,False,0.000,[]
1188,39.600,60,0.964,0.964,0.817,0.882,0.287,0.982,0.903,0.967,0.924,0.800,True,True,4,visible,216,0,,0,False,0.000,[]
1188,39.600,64,0.925,0.945,0.761,0.874,0.256,0.984,0.935,0.842,0.729,0.800,True,True,4,visible,112,0,,0,False,0.000,[]
1188,39.600,61,0.769,0.812,0.151,0.906,0.102,0.986,0.909,0.983,0.957,0.600,True,True,4,visible,130,0,,1,False,0.000,[1054]
1189,39.633,49,0.374,0.554,0.014,0.985,0.088,0.999,0.960,0.995,0.974,0.400,True,True,4,visible,354,0,,0,False,0.000,[]
1189,39.633,60,0.964,0.964,0.817,0.882,0.287,0.982,0.903,0.968,0.924,0.800,True,True,4,visible,217,0,,0,False,0.000,[]
1189,39.633,64,0.925,0.945,0.760,0.874,0.256,0.984,0.935,0.842,0.729,0.800,True,True,4,visible,113,0,,0,False,0.000,[]
1189,39.633,61,0.769,0.812,0.151,0.906,0.102,0.986,0.909,0.983,0.957,0.600,True,True,4,visible,131,0,,1,False,0.000,[1054]
1190,39.667,49,0.374,0.554,0.014,0.985,0.088,0.999,0.960,0.995,0.974,0.400,True,True,4,visible,355,0,,0,False,0.000,[]
1190,39.667,60,0.964,0.964,0.817,0.882,0.287,0.982,0.903,0.968,0.924,0.800,True,True,4,visible,218,0,,0,False,0.000,[]
1190,39.667,64,0.925,0.945,0.760,0.874,0.256,0.984,0.935,0.842,0.729,0.800,True,True,4,visible,114,0,,0,False,0.000,[]
1190,39.667,61,0.769,0.812,0.151,0.906,0.102,0.986,0.909,0.983,0.957,0.600,True,True,4,visible,132,0,,1,False,0.000,[1054]
1191,39.700,49,0.374,0.554,0.014,0.985,0.088,0.999,0.960,0.995,0.974,0.400,True,True,4,visible,356,0,,0,False,0.000,[]
1191,39.700,60,0.964,0.964,0.817,0.882,0.287,0.982,0.903,0.968,0.924,0.800,True,True,4,visible,219,0,,0,False,0.000,[]
1191,39.700,64,0.925,0.945,0.760,0.874,0.256,0.984,0.935,0.842,0.729,0.800,True,True,4,visible,115,0,,0,False,0.000,[]
1191,39.700,61,0.769,0.812,0.151,0.906,0.102,0.986,0.909,0.983,0.957,0.600,True,True,4,visible,133,0,,1,False,0.000,[1054]
1192,39.733,49,0.412,0.518,0.024,0.966,0.125,0.997,0.957,0.991,0.972,0.600,True,True,4,visible,357,0,,0,False,0.000,[]
1192,39.733,60,0.965,0.965,0.827,0.872,0.287,0.979,0.883,0.957,0.899,0.800,True,True,4,visible,220,0,,0,False,0.000,[]
1192,39.733,64,0.914,0.934,0.755,0.848,0.265,0.979,0.926,0.810,0.699,0.800,True,True,4,visible,116,0,,0,False,0.000,[]
1192,39.733,61,0.730,0.783,0.130,0.903,0.099,0.983,0.896,0.978,0.947,0.600,True,True,4,visible,134,0,,1,False,0.000,[1054]
1193,39.767,49,0.412,0.518,0.024,0.966,0.125,0.997,0.957,0.991,0.972,0.600,True,True,4,visible,358,0,,0,False,0.000,[]
1193,39.767,60,0.965,0.965,0.827,0.872,0.287,0.979,0.883,0.957,0.899,0.800,True,True,4,visible,221,0,,0,False,0.000,[]
1193,39.767,64,0.914,0.934,0.755,0.848,0.264,0.979,0.926,0.810,0.699,0.800,True,True,4,visible,117,0,,0,False,0.000,[]
1193,39.767,61,0.730,0.783,0.130,0.903,0.099,0.983,0.896,0.978,0.947,0.600,True,True,4,visible,135,0,,1,False,0.000,[1054]
1194,39.800,49,0.412,0.518,0.024,0.966,0.125,0.997,0.957,0.991,0.972,0.600,True,True,4,visible,359,0,,0,False,0.000,[]
1194,39.800,60,0.965,0.965,0.827,0.872,0.287,0.979,0.883,0.957,0.899,0.800,True,True,4,visible,222,0,,0,False,0.000,[]
1194,39.800,64,0.914,0.934,0.755,0.848,0.264,0.979,0.926,0.810,0.699,0.800,True,True,4,visible,118,0,,0,False,0.000,[]
1194,39.800,61,0.730,0.783,0.130,0.903,0.099,0.983,0.896,0.978,0.947,0.600,True,True,4,visible,136,0,,1,False,0.000,[1054]
1195,39.833,49,0.412,0.518,0.024,0.966,0.125,0.997,0.957,0.991,0.972,0.600,True,True,4,visible,360,0,,0,False,0.000,[]
1195,39.833,60,0.965,0.965,0.827,0.872,0.287,0.979,0.883,0.957,0.899,0.800,True,True,4,visible,223,0,,0,False,0.000,[]
1195,39.833,64,0.914,0.934,0.755,0.848,0.264,0.979,0.926,0.810,0.699,0.800,True,True,4,visible,119,0,,0,False,0.000,[]
1195,39.833,61,0.730,0.783,0.130,0.903,0.099,0.983,0.896,0.978,0.947,0.600,True,True,4,visible,137,0,,1,False,0.000,[1054]
1196,39.867,49,0.363,0.461,0.020,0.963,0.129,0.997,0.957,0.992,0.973,0.400,True,True,4,visible,361,0,,0,False,0.000,[]
1196,39.867,60,0.960,0.967,0.768,0.901,0.207,0.981,0.868,0.960,0.894,0.800,True,True,4,visible,224,0,,0,False,0.000,[]
1196,39.867,64,0.923,0.936,0.809,0.825,0.332,0.971,0.926,0.680,0.581,0.800,True,True,4,visible,120,0,,0,False,0.000,[]
1196,39.867,61,0.767,0.810,0.148,0.910,0.107,0.985,0.910,0.979,0.947,0.600,True,True,4,visible,138,0,,1,False,0.000,[1054]
1197,39.900,49,0.363,0.461,0.020,0.963,0.129,0.997,0.957,0.992,0.973,0.400,True,True,4,visible,362,0,,0,False,0.000,[]
1197,39.900,60,0.960,0.967,0.768,0.901,0.207,0.981,0.868,0.960,0.894,0.800,True,True,4,visible,225,0,,0,False,0.000,[]
1197,39.900,64,0.923,0.936,0.809,0.825,0.332,0.971,0.926,0.679,0.581,0.800,True,True,4,visible,121,0,,0,False,0.000,[]
1197,39.900,61,0.767,0.810,0.148,0.910,0.107,0.985,0.910,0.979,0.947,0.600,True,True,4,visible,139,0,,1,False,0.000,[1054]
1198,39.933,49,0.363,0.461,0.020,0.963,0.129,0.997,0.957,0.992,0.973,0.400,True,True,4,visible,363,0,,0,False,0.000,[]
1198,39.933,60,0.960,0.967,0.768,0.901,0.207,0.981,0.868,0.960,0.894,0.800,True,True,4,visible,226,0,,0,False,0.000,[]
1198,39.933,64,0.923,0.936,0.809,0.825,0.332,0.971,0.926,0.679,0.581,0.800,True,True,4,visible,122,0,,0,False,0.000,[]
1198,39.933,61,0.767,0.810,0.148,0.910,0.107,0.985,0.910,0.979,0.947,0.600,True,True,4,visible,140,0,,1,False,0.000,[1054]
1199,39.967,49,0.363,0.461,0.020,0.963,0.129,0.997,0.957,0.992,0.973,0.400,True,True,4,visible,364,0,,0,False,0.000,[]
1199,39.967,60,0.960,0.967,0.768,0.901,0.207,0.981,0.868,0.960,0.894,0.800,True,True,4,visible,227,0,,0,False,0.000,[]
1199,39.967,64,0.923,0.936,0.809,0.825,0.332,0.971,0.926,0.679,0.581,0.800,True,True,4,visible,123,0,,0,False,0.000,[]
1199,39.967,61,0.767,0.810,0.148,0.910,0.107,0.985,0.910,0.979,0.947,0.600,True,True,4,visible,141,0,,1,False,0.000,[1054]
1200,40.000,49,0.258,0.428,0.008,0.986,0.091,0.999,0.960,0.994,0.970,0.400,True,True,4,visible,365,0,,0,False,0.000,[]
1200,40.000,60,0.933,0.959,0.596,0.932,0.132,0.984,0.834,0.973,0.908,0.800,True,True,4,visible,228,0,,0,False,0.000,[]
1200,40.000,64,0.956,0.965,0.878,0.879,0.393,0.976,0.932,0.603,0.486,0.800,True,True,4,visible,124,0,,0,False,0.000,[]
1200,40.000,61,0.647,0.671,0.098,0.906,0.145,0.984,0.938,0.981,0.964,0.600,True,True,4,visible,142,0,,1,False,0.000,[1054]
1201,40.033,49,0.258,0.428,0.008,0.986,0.091,0.999,0.960,0.994,0.970,0.400,True,True,4,visible,366,0,,0,False,0.000,[]
1201,40.033,60,0.933,0.959,0.597,0.932,0.132,0.984,0.834,0.973,0.908,0.800,True,True,4,visible,229,0,,0,False,0.000,[]
1201,40.033,64,0.956,0.965,0.878,0.879,0.393,0.976,0.932,0.603,0.486,0.800,True,True,4,visible,125,0,,0,False,0.000,[]
1201,40.033,61,0.647,0.671,0.098,0.906,0.145,0.984,0.938,0.981,0.964,0.600,True,True,4,visible,143,0,,1,False,0.000,[1054]
1202,40.067,49,0.258,0.428,0.008,0.986,0.091,0.999,0.960,0.994,0.970,0.400,True,True,4,visible,367,0,,0,False,0.000,[]
1202,40.067,60,0.933,0.959,0.597,0.932,0.132,0.984,0.834,0.973,0.908,0.800,True,True,4,visible,230,0,,0,False,0.000,[]
1202,40.067,64,0.956,0.965,0.878,0.879,0.393,0.976,0.932,0.603,0.486,0.800,True,True,4,visible,126,0,,0,False,0.000,[]
1202,40.067,61,0.647,0.671,0.098,0.906,0.145,0.984,0.938,0.981,0.964,0.600,True,True,4,visible,144,0,,1,False,0.000,[1054]
1203,40.100,49,0.258,0.428,0.008,0.986,0.091,0.999,0.960,0.994,0.970,0.400,True,True,4,visible,368,0,,0,False,0.000,[]
1203,40.100,60,0.933,0.959,0.597,0.932,0.132,0.984,0.834,0.973,0.908,0.800,True,True,4,visible,231,0,,0,False,0.000,[]
1203,40.100,64,0.956,0.965,0.878,0.879,0.393,0.976,0.932,0.603,0.486,0.800,True,True,4,visible,127,0,,0,False,0.000,[]
1203,40.100,61,0.647,0.671,0.098,0.906,0.145,0.984,0.938,0.981,0.964,0.600,True,True,4,visible,145,0,,1,False,0.000,[1054]
1204,40.133,49,0.258,0.428,0.008,0.986,0.091,0.999,0.960,0.994,0.970,0.400,True,True,4,visible,369,0,,0,False,0.000,[]
1204,40.133,60,0.933,0.959,0.597,0.932,0.132,0.984,0.834,0.973,0.908,0.800,True,True,4,visible,232,0,,0,False,0.000,[]
1204,40.133,64,0.956,0.965,0.878,0.879,0.393,0.976,0.932,0.603,0.486,0.800,True,True,4,visible,128,0,,0,False,0.000,[]
1204,40.133,61,0.647,0.671,0.098,0.906,0.145,0.984,0.938,0.981,0.964,0.600,True,True,4,visible,146,0,,1,False,0.000,[1054]
1205,40.167,49,0.258,0.417,0.008,0.985,0.093,0.999,0.963,0.994,0.972,0.400,True,True,4,visible,370,0,,0,False,0.000,[]
1205,40.167,60,0.838,0.900,0.313,0.931,0.108,0.987,0.820,0.976,0.905,0.600,True,True,4,visible,233,0,,0,False,0.000,[]
1205,40.167,61,0.720,0.748,0.129,0.917,0.131,0.982,0.938,0.973,0.950,0.600,True,True,4,visible,147,0,,1,False,0.000,[1054]
1206,40.200,49,0.258,0.417,0.008,0.985,0.093,0.999,0.963,0.994,0.972,0.400,True,True,4,visible,371,0,,0,False,0.000,[]
1206,40.200,60,0.846,0.906,0.328,0.931,0.107,0.987,0.819,0.975,0.904,0.600,True,True,4,visible,234,0,,0,False,0.000,[]
1206,40.200,61,0.657,0.696,0.098,0.913,0.133,0.985,0.927,0.979,0.955,0.600,True,True,4,visible,148,0,,1,False,0.000,[1054]
1207,40.233,49,0.258,0.417,0.008,0.985,0.093,0.999,0.963,0.994,0.972,0.400,True,True,4,visible,372,0,,0,False,0.000,[]
1207,40.233,60,0.846,0.906,0.328,0.931,0.107,0.987,0.819,0.975,0.904,0.600,True,True,4,visible,235,0,,0,False,0.000,[]
1207,40.233,61,0.657,0.696,0.098,0.913,0.133,0.985,0.927,0.979,0.955,0.600,True,True,4,visible,149,0,,1,False,0.000,[1054]
1208,40.267,49,0.258,0.417,0.008,0.985,0.093,0.999,0.963,0.994,0.972,0.400,True,True,4,visible,373,0,,0,False,0.000,[]
1208,40.267,60,0.846,0.906,0.328,0.931,0.107,0.987,0.819,0.975,0.904,0.600,True,True,4,visible,236,0,,0,False,0.000,[]
1208,40.267,61,0.657,0.696,0.098,0.913,0.133,0.985,0.927,0.979,0.955,0.600,True,True,4,visible,150,0,,1,False,0.000,[1054]
1209,40.300,49,0.294,0.465,0.009,0.985,0.090,0.999,0.959,0.993,0.970,0.400,True,True,4,visible,374,0,,0,False,0.000,[]
1209,40.300,60,0.702,0.808,0.175,0.929,0.111,0.988,0.836,0.983,0.930,0.600,True,True,4,visible,237,0,,0,False,0.000,[]
1209,40.300,61,0.562,0.643,0.064,0.914,0.133,0.988,0.917,0.987,0.960,0.600,True,True,4,visible,151,0,,1,False,0.000,[1054]
1209,40.300,64,0.941,0.955,0.842,0.870,0.350,0.963,0.905,0.475,0.369,0.800,True,True,3,visible,129,0,,0,False,0.000,[]
1210,40.333,49,0.294,0.465,0.009,0.985,0.090,0.999,0.959,0.993,0.970,0.400,True,True,4,visible,375,0,,0,False,0.000,[]
1210,40.333,60,0.702,0.808,0.175,0.929,0.111,0.988,0.836,0.983,0.930,0.600,True,True,4,visible,238,0,,0,False,0.000,[]
1210,40.333,61,0.562,0.643,0.064,0.914,0.133,0.988,0.917,0.987,0.960,0.600,True,True,4,visible,152,0,,1,False,0.000,[1054]
1210,40.333,64,0.941,0.955,0.842,0.870,0.350,0.963,0.905,0.475,0.369,0.800,True,True,3,visible,130,0,,0,False,0.000,[]
1211,40.367,49,0.294,0.465,0.009,0.985,0.090,0.999,0.959,0.993,0.970,0.400,True,True,4,visible,376,0,,0,False,0.000,[]
1211,40.367,60,0.702,0.808,0.175,0.929,0.111,0.988,0.836,0.983,0.930,0.600,True,True,4,visible,239,0,,0,False,0.000,[]
1211,40.367,61,0.562,0.643,0.064,0.914,0.133,0.988,0.917,0.987,0.960,0.600,True,True,4,visible,153,0,,1,False,0.000,[1054]
1211,40.367,64,0.941,0.955,0.842,0.870,0.350,0.963,0.905,0.475,0.369,0.800,True,True,3,visible,131,0,,0,False,0.000,[]
1212,40.400,49,0.294,0.465,0.009,0.985,0.090,0.999,0.959,0.993,0.970,0.400,True,True,4,visible,377,0,,0,False,0.000,[]
1212,40.400,60,0.702,0.808,0.175,0.929,0.111,0.988,0.836,0.983,0.930,0.600,True,True,4,visible,240,0,,0,False,0.000,[]
1212,40.400,61,0.562,0.643,0.064,0.914,0.133,0.988,0.917,0.987,0.960,0.600,True,True,4,visible,154,0,,1,False,0.000,[1054]
1212,40.400,64,0.941,0.955,0.842,0.870,0.350,0.963,0.905,0.475,0.369,0.800,True,True,3,visible,132,0,,0,False,0.000,[]
1213,40.433,49,0.305,0.478,0.010,0.985,0.093,0.999,0.961,0.993,0.970,0.400,True,True,4,visible,378,0,,0,False,0.000,[]
1213,40.433,60,0.703,0.821,0.165,0.946,0.122,0.991,0.846,0.984,0.931,0.600,True,True,4,visible,241,0,,0,False,0.000,[]
1213,40.433,61,0.589,0.616,0.080,0.905,0.138,0.982,0.934,0.971,0.946,0.600,True,True,4,visible,155,0,,1,False,0.000,[1054]
1214,40.467,49,0.305,0.478,0.010,0.985,0.093,0.999,0.961,0.993,0.970,0.400,True,True,4,visible,379,0,,0,False,0.000,[]
1214,40.467,60,0.703,0.821,0.165,0.946,0.122,0.991,0.846,0.984,0.931,0.600,True,True,4,visible,242,0,,0,False,0.000,[]
1214,40.467,61,0.589,0.616,0.080,0.905,0.138,0.982,0.934,0.971,0.946,0.600,True,True,4,visible,156,0,,1,False,0.000,[1054]
1215,40.500,49,0.355,0.546,0.013,0.985,0.078,0.998,0.952,0.991,0.962,0.400,True,True,4,visible,380,0,,0,False,0.000,[]
1215,40.500,60,0.674,0.807,0.151,0.934,0.099,0.988,0.782,0.977,0.898,0.600,True,True,4,visible,243,0,,0,False,0.000,[]
1215,40.500,61,0.620,0.649,0.087,0.904,0.125,0.980,0.934,0.972,0.950,0.600,True,True,4,visible,157,0,,1,False,0.000,[1054]
1216,40.533,49,0.351,0.544,0.012,0.985,0.077,0.998,0.952,0.991,0.962,0.400,True,True,4,visible,381,0,,0,False,0.000,[]
1216,40.533,60,0.669,0.800,0.151,0.932,0.103,0.988,0.793,0.978,0.904,0.600,True,True,4,visible,244,0,,0,False,0.000,[]
1216,40.533,61,0.630,0.659,0.090,0.903,0.121,0.979,0.932,0.971,0.947,0.600,True,True,4,visible,158,0,,1,False,0.000,[1054]
1216,40.533,64,0.943,0.958,0.843,0.881,0.341,0.965,0.905,0.456,0.346,0.800,True,True,3,visible,133,0,,0,False,0.000,[]
1217,40.567,49,0.351,0.544,0.012,0.985,0.077,0.998,0.952,0.991,0.962,0.400,True,True,4,visible,382,0,,0,False,0.000,[]
1217,40.567,60,0.669,0.800,0.151,0.932,0.103,0.988,0.793,0.978,0.904,0.600,True,True,4,visible,245,0,,0,False,0.000,[]
1217,40.567,61,0.631,0.659,0.090,0.903,0.121,0.979,0.932,0.971,0.947,0.600,True,True,4,visible,159,0,,1,False,0.000,[1054]
1217,40.567,64,0.943,0.958,0.843,0.881,0.341,0.965,0.905,0.456,0.346,0.800,True,True,3,visible,134,0,,0,False,0.000,[]
1218,40.600,49,0.347,0.540,0.012,0.985,0.074,0.999,0.953,0.992,0.964,0.400,True,True,4,visible,383,0,,0,False,0.000,[]
1218,40.600,60,0.581,0.745,0.102,0.938,0.100,0.989,0.791,0.983,0.917,0.600,True,True,4,visible,246,0,,0,False,0.000,[]
1218,40.600,61,0.704,0.723,0.127,0.899,0.126,0.978,0.930,0.967,0.941,0.600,True,True,4,visible,160,0,,1,False,0.000,[1054]
1218,40.600,64,0.942,0.957,0.831,0.885,0.314,0.962,0.903,0.444,0.342,0.800,True,True,3,visible,135,0,,0,False,0.000,[]
1219,40.633,49,0.347,0.540,0.012,0.985,0.074,0.999,0.953,0.992,0.964,0.400,True,True,4,visible,384,0,,0,False,0.000,[]
1219,40.633,60,0.584,0.748,0.102,0.938,0.100,0.989,0.790,0.982,0.916,0.600,True,True,4,visible,247,0,,0,False,0.000,[]
1219,40.633,61,0.706,0.725,0.129,0.899,0.125,0.978,0.930,0.967,0.941,0.600,True,True,4,visible,161,0,,1,False,0.000,[1054]
1219,40.633,64,0.942,0.958,0.832,0.885,0.315,0.962,0.904,0.444,0.342,0.800,True,True,3,visible,136,0,,0,False,0.000,[]
1220,40.667,49,0.347,0.540,0.012,0.985,0.074,0.999,0.953,0.992,0.964,0.400,True,True,4,visible,385,0,,0,False,0.000,[]
1220,40.667,60,0.584,0.748,0.102,0.938,0.100,0.989,0.790,0.982,0.916,0.600,True,True,4,visible,248,0,,0,False,0.000,[]
1220,40.667,61,0.706,0.725,0.129,0.899,0.125,0.978,0.930,0.967,0.941,0.600,True,True,4,visible,162,0,,1,False,0.000,[1054]
1220,40.667,64,0.942,0.958,0.832,0.885,0.315,0.962,0.904,0.444,0.342,0.800,True,True,3,visible,137,0,,0,False,0.000,[]
1221,40.700,49,0.347,0.540,0.012,0.985,0.074,0.999,0.953,0.992,0.964,0.400,True,True,4,visible,386,0,,0,False,0.000,[]
1221,40.700,60,0.584,0.748,0.102,0.938,0.100,0.989,0.790,0.982,0.916,0.600,True,True,4,visible,249,0,,0,False,0.000,[]
1221,40.700,61,0.706,0.725,0.129,0.899,0.125,0.978,0.930,0.967,0.941,0.600,True,True,4,visible,163,0,,1,False,0.000,[1054]
1221,40.700,64,0.942,0.958,0.832,0.885,0.315,0.962,0.904,0.444,0.342,0.800,True,True,3,visible,138,0,,0,False,0.000,[]
1222,40.733,49,0.322,0.495,0.012,0.988,0.114,0.998,0.972,0.990,0.970,0.400,True,True,4,visible,387,0,,0,False,0.000,[]
1222,40.733,60,0.586,0.737,0.104,0.942,0.114,0.991,0.842,0.988,0.946,0.600,True,True,4,visible,250,0,,0,False,0.000,[]
1222,40.733,61,0.595,0.595,0.092,0.879,0.137,0.976,0.933,0.971,0.952,0.600,True,True,4,visible,164,0,,1,False,0.000,[1054]
1222,40.733,64,0.901,0.916,0.776,0.788,0.316,0.926,0.868,0.372,0.311,0.800,True,True,2,visible,139,0,,0,False,0.000,[]
1223,40.767,49,0.322,0.495,0.012,0.988,0.114,0.998,0.972,0.990,0.970,0.400,True,True,4,visible,388,0,,0,False,0.000,[]
1223,40.767,60,0.586,0.737,0.104,0.942,0.114,0.991,0.842,0.988,0.946,0.600,True,True,4,visible,251,0,,0,False,0.000,[]
1223,40.767,61,0.595,0.595,0.092,0.879,0.137,0.976,0.933,0.971,0.952,0.600,True,True,4,visible,165,0,,1,False,0.000,[1054]
1223,40.767,64,0.901,0.916,0.776,0.788,0.316,0.926,0.868,0.372,0.311,0.800,True,True,2,visible,140,0,,0,False,0.000,[]
1224,40.800,49,0.322,0.495,0.012,0.988,0.114,0.998,0.972,0.990,0.970,0.400,True,True,4,visible,389,0,,0,False,0.000,[]
1224,40.800,60,0.586,0.737,0.104,0.942,0.114,0.991,0.842,0.988,0.946,0.600,True,True,4,visible,252,0,,0,False,0.000,[]
1224,40.800,61,0.595,0.595,0.092,0.879,0.137,0.976,0.933,0.971,0.952,0.600,True,True,4,visible,166,0,,1,False,0.000,[1054]
1224,40.800,64,0.901,0.916,0.776,0.788,0.316,0.926,0.868,0.372,0.311,0.800,True,True,2,visible,141,0,,0,False,0.000,[]
1225,40.833,49,0.322,0.495,0.012,0.988,0.114,0.998,0.972,0.990,0.970,0.400,True,True,4,visible,390,0,,0,False,0.000,[]
1225,40.833,60,0.586,0.737,0.104,0.942,0.114,0.991,0.842,0.988,0.946,0.600,True,True,4,visible,253,0,,0,False,0.000,[]
1225,40.833,61,0.595,0.595,0.092,0.879,0.137,0.976,0.933,0.971,0.952,0.600,True,True,4,visible,167,0,,1,False,0.000,[1054]
1225,40.833,64,0.901,0.916,0.776,0.788,0.316,0.926,0.868,0.372,0.311,0.800,True,True,2,visible,142,0,,0,False,0.000,[]
1226,40.867,49,0.311,0.488,0.012,0.988,0.107,0.998,0.971,0.991,0.971,0.400,True,True,4,visible,391,0,,0,False,0.000,[]
1226,40.867,60,0.651,0.782,0.130,0.946,0.119,0.991,0.862,0.989,0.954,0.600,True,True,4,visible,254,0,,0,False,0.000,[]
1226,40.867,61,0.462,0.466,0.051,0.866,0.111,0.978,0.928,0.979,0.962,0.600,True,True,4,visible,168,0,,1,False,0.000,[1054]
1226,40.867,64,0.949,0.971,0.819,0.931,0.144,0.962,0.904,0.461,0.357,0.800,True,True,3,visible,143,0,,0,False,0.000,[]
1227,40.900,49,0.311,0.488,0.012,0.988,0.107,0.998,0.971,0.991,0.971,0.400,True,True,4,visible,392,0,,0,False,0.000,[]
1227,40.900,60,0.651,0.781,0.130,0.946,0.119,0.991,0.862,0.989,0.953,0.600,True,True,4,visible,255,0,,0,False,0.000,[]
1227,40.900,61,0.462,0.466,0.051,0.866,0.111,0.978,0.929,0.979,0.962,0.600,True,True,4,visible,169,0,,1,False,0.000,[1054]
1227,40.900,64,0.949,0.971,0.819,0.931,0.144,0.962,0.904,0.461,0.357,0.800,True,True,3,visible,144,0,,0,False,0.000,[]
1228,40.933,49,0.311,0.488,0.012,0.988,0.107,0.998,0.971,0.991,0.971,0.400,True,True,4,visible,393,0,,0,False,0.000,[]
1228,40.933,60,0.651,0.781,0.130,0.946,0.119,0.991,0.862,0.989,0.953,0.600,True,True,4,visible,256,0,,0,False,0.000,[]
1228,40.933,61,0.462,0.466,0.051,0.866,0.111,0.978,0.929,0.979,0.962,0.600,True,True,4,visible,170,0,,1,False,0.000,[1054]
1228,40.933,64,0.949,0.971,0.819,0.931,0.144,0.962,0.904,0.461,0.357,0.800,True,True,3,visible,145,0,,0,False,0.000,[]
1229,40.967,49,0.311,0.488,0.012,0.988,0.107,0.998,0.971,0.991,0.971,0.400,True,True,4,visible,394,0,,0,False,0.000,[]
1229,40.967,60,0.651,0.781,0.130,0.946,0.119,0.991,0.862,0.989,0.953,0.600,True,True,4,visible,257,0,,0,False,0.000,[]
1229,40.967,61,0.462,0.466,0.051,0.866,0.111,0.978,0.929,0.979,0.962,0.600,True,True,4,visible,171,0,,1,False,0.000,[1054]
1229,40.967,64,0.949,0.971,0.819,0.931,0.144,0.962,0.904,0.461,0.357,0.800,True,True,3,visible,146,0,,0,False,0.000,[]
1230,41.000,49,0.278,0.443,0.011,0.987,0.134,0.998,0.977,0.992,0.978,0.400,True,True,4,visible,395,0,,0,False,0.000,[]
1230,41.000,60,0.544,0.637,0.131,0.922,0.223,0.985,0.919,0.986,0.968,0.600,True,True,4,visible,258,0,,0,False,0.000,[]
1230,41.000,61,0.410,0.408,0.051,0.863,0.157,0.980,0.944,0.986,0.976,0.600,True,True,4,visible,172,0,,1,False,0.000,[1054]
1230,41.000,64,0.954,0.965,0.859,0.903,0.357,0.977,0.941,0.610,0.495,0.800,True,True,4,visible,147,0,,0,False,0.000,[]
1231,41.033,49,0.278,0.443,0.011,0.987,0.135,0.998,0.977,0.992,0.978,0.400,True,True,4,visible,396,0,,0,False,0.000,[]
1231,41.033,60,0.544,0.637,0.131,0.922,0.223,0.985,0.919,0.986,0.968,0.600,True,True,4,visible,259,0,,0,False,0.000,[]
1231,41.033,61,0.410,0.408,0.051,0.863,0.157,0.980,0.944,0.986,0.976,0.600,True,True,4,visible,173,0,,1,False,0.000,[1054]
1231,41.033,64,0.954,0.965,0.859,0.903,0.357,0.977,0.941,0.610,0.495,0.800,True,True,4,visible,148,0,,0,False,0.000,[]
1232,41.067,49,0.278,0.443,0.011,0.987,0.135,0.998,0.977,0.992,0.978,0.400,True,True,4,visible,397,0,,0,False,0.000,[]
1232,41.067,60,0.544,0.637,0.131,0.922,0.223,0.985,0.919,0.986,0.968,0.600,True,True,4,visible,260,0,,0,False,0.000,[]
1232,41.067,61,0.410,0.408,0.051,0.863,0.157,0.980,0.944,0.986,0.976,0.600,True,True,4,visible,174,0,,1,False,0.000,[1054]
1232,41.067,64,0.954,0.965,0.859,0.903,0.357,0.977,0.941,0.610,0.495,0.800,True,True,4,visible,149,0,,0,False,0.000,[]
1233,41.100,49,0.278,0.443,0.011,0.987,0.135,0.998,0.977,0.992,0.978,0.400,True,True,4,visible,398,0,,0,False,0.000,[]
1233,41.100,60,0.544,0.637,0.131,0.922,0.223,0.985,0.919,0.986,0.968,0.600,True,True,4,visible,261,0,,0,False,0.000,[]
1233,41.100,61,0.410,0.408,0.051,0.863,0.157,0.980,0.944,0.986,0.976,0.600,True,True,4,visible,175,0,,1,False,0.000,[1054]
1233,41.100,64,0.954,0.965,0.859,0.903,0.357,0.977,0.941,0.610,0.495,0.800,True,True,4,visible,150,0,,0,False,0.000,[]
1234,41.133,49,0.278,0.443,0.011,0.987,0.135,0.998,0.977,0.992,0.978,0.400,True,True,4,visible,399,0,,0,False,0.000,[]
1234,41.133,60,0.544,0.637,0.131,0.922,0.223,0.985,0.919,0.986,0.968,0.600,True,True,4,visible,262,0,,0,False,0.000,[]
1234,41.133,61,0.410,0.408,0.051,0.863,0.157,0.980,0.944,0.986,0.976,0.600,True,True,4,visible,176,0,,0,False,0.000,[]
1234,41.133,64,0.954,0.965,0.859,0.903,0.357,0.977,0.941,0.610,0.495,0.800,True,True,4,visible,151,0,,0,False,0.000,[]
1235,41.167,49,0.299,0.460,0.012,0.986,0.131,0.998,0.975,0.992,0.976,0.400,True,True,4,visible,400,0,,0,False,0.000,[]
1235,41.167,60,0.456,0.579,0.082,0.931,0.175,0.989,0.913,0.990,0.972,0.600,True,True,4,visible,263,0,,0,False,0.000,[]
1235,41.167,61,0.380,0.448,0.032,0.915,0.136,0.993,0.944,0.996,0.986,0.400,True,True,4,visible,177,0,,0,False,0.000,[]
1235,41.167,64,0.943,0.958,0.822,0.897,0.308,0.978,0.938,0.678,0.556,0.800,True,True,4,visible,152,0,,0,False,0.000,[]
1236,41.200,49,0.299,0.460,0.012,0.986,0.131,0.998,0.975,0.992,0.976,0.400,True,True,4,visible,401,0,,0,False,0.000,[]
1236,41.200,60,0.456,0.580,0.082,0.931,0.175,0.989,0.913,0.990,0.972,0.600,True,True,4,visible,264,0,,0,False,0.000,[]
1236,41.200,61,0.380,0.448,0.032,0.915,0.136,0.993,0.944,0.996,0.986,0.400,True,True,4,visible,178,0,,0,False,0.000,[]
1236,41.200,64,0.943,0.958,0.822,0.897,0.308,0.978,0.938,0.678,0.556,0.800,True,True,4,visible,153,0,,0,False,0.000,[]
1237,41.233,49,0.299,0.460,0.012,0.986,0.131,0.998,0.975,0.992,0.976,0.400,True,True,4,visible,402,0,,0,False,0.000,[]
1237,41.233,60,0.456,0.580,0.082,0.931,0.175,0.989,0.913,0.990,0.972,0.600,True,True,4,visible,265,0,,0,False,0.000,[]
1237,41.233,61,0.380,0.448,0.032,0.915,0.136,0.993,0.944,0.996,0.986,0.400,True,True,4,visible,179,0,,0,False,0.000,[]
1237,41.233,64,0.943,0.958,0.822,0.897,0.308,0.978,0.938,0.678,0.556,0.800,True,True,4,visible,154,0,,0,False,0.000,[]
1238,41.267,49,0.299,0.460,0.012,0.986,0.131,0.998,0.975,0.992,0.976,0.400,True,True,4,visible,403,0,,0,False,0.000,[]
1238,41.267,60,0.456,0.580,0.082,0.931,0.175,0.989,0.913,0.990,0.972,0.600,True,True,4,visible,266,0,,0,False,0.000,[]
1238,41.267,61,0.380,0.448,0.032,0.915,0.136,0.993,0.944,0.996,0.986,0.400,True,True,4,visible,180,0,,0,False,0.000,[]
1238,41.267,64,0.943,0.958,0.822,0.897,0.308,0.978,0.938,0.678,0.556,0.800,True,True,4,visible,155,0,,0,False,0.000,[]
1239,41.300,49,0.329,0.495,0.014,0.986,0.128,0.998,0.975,0.992,0.977,0.400,True,True,4,visible,404,0,,0,False,0.000,[]
1239,41.300,60,0.528,0.688,0.103,0.950,0.174,0.990,0.898,0.990,0.968,0.600,True,True,4,visible,267,0,,0,False,0.000,[]
1239,41.300,61,0.389,0.477,0.031,0.922,0.127,0.994,0.936,0.996,0.986,0.400,True,True,4,visible,181,0,,0,False,0.000,[]
1239,41.300,64,0.942,0.957,0.795,0.896,0.249,0.975,0.925,0.693,0.570,0.800,True,True,4,visible,156,0,,0,False,0.000,[]
1240,41.333,49,0.329,0.495,0.014,0.986,0.128,0.998,0.975,0.992,0.977,0.400,True,True,4,visible,405,0,,0,False,0.000,[]
1240,41.333,60,0.528,0.688,0.103,0.950,0.174,0.990,0.898,0.990,0.968,0.600,True,True,4,visible,268,0,,0,False,0.000,[]
1240,41.333,61,0.389,0.477,0.031,0.922,0.127,0.994,0.936,0.996,0.986,0.400,True,True,4,visible,182,0,,0,False,0.000,[]
1240,41.333,64,0.942,0.957,0.795,0.896,0.249,0.975,0.925,0.693,0.570,0.800,True,True,4,visible,157,0,,0,False,0.000,[]
1241,41.367,49,0.329,0.495,0.014,0.986,0.128,0.998,0.975,0.992,0.977,0.400,True,True,4,visible,406,0,,0,False,0.000,[]
1241,41.367,60,0.528,0.688,0.103,0.950,0.174,0.990,0.898,0.990,0.968,0.600,True,True,4,visible,269,0,,0,False,0.000,[]
1241,41.367,61,0.389,0.477,0.031,0.922,0.127,0.994,0.936,0.996,0.986,0.400,True,True,4,visible,183,0,,0,False,0.000,[]
1241,41.367,64,0.942,0.957,0.795,0.896,0.249,0.975,0.925,0.693,0.570,0.800,True,True,4,visible,158,0,,0,False,0.000,[]
1242,41.400,49,0.329,0.495,0.014,0.986,0.128,0.998,0.975,0.992,0.977,0.400,True,True,4,visible,407,0,,0,False,0.000,[]
1242,41.400,60,0.528,0.688,0.103,0.950,0.174,0.990,0.898,0.990,0.968,0.600,True,True,4,visible,270,0,,0,False,0.000,[]
1242,41.400,61,0.389,0.477,0.031,0.922,0.127,0.994,0.936,0.996,0.986,0.400,True,True,4,visible,184,0,,0,False,0.000,[]
1242,41.400,64,0.942,0.957,0.795,0.896,0.249,0.975,0.925,0.693,0.570,0.800,True,True,4,visible,159,0,,0,False,0.000,[]
1243,41.433,49,0.331,0.500,0.014,0.986,0.128,0.998,0.975,0.992,0.977,0.400,True,True,4,visible,408,0,,0,False,0.000,[]
1243,41.433,60,0.332,0.461,0.060,0.928,0.198,0.986,0.911,0.990,0.975,0.400,True,True,4,visible,271,0,,0,False,0.000,[]
1243,41.433,61,0.357,0.437,0.029,0.917,0.135,0.993,0.936,0.995,0.984,0.400,True,True,4,visible,185,0,,0,False,0.000,[]
1243,41.433,64,0.925,0.952,0.685,0.917,0.157,0.978,0.895,0.757,0.583,0.800,True,True,4,visible,160,0,,0,False,0.000,[]
1244,41.467,49,0.331,0.500,0.014,0.986,0.128,0.998,0.975,0.992,0.977,0.400,True,True,4,visible,409,0,,0,False,0.000,[]
1244,41.467,60,0.332,0.462,0.060,0.928,0.198,0.986,0.911,0.990,0.975,0.400,True,True,4,visible,272,0,,0,False,0.000,[]
1244,41.467,61,0.357,0.437,0.029,0.917,0.135,0.993,0.936,0.995,0.984,0.400,True,True,4,visible,186,0,,0,False,0.000,[]
1244,41.467,64,0.925,0.952,0.686,0.917,0.157,0.978,0.895,0.756,0.582,0.800,True,True,4,visible,161,0,,0,False,0.000,[]
1245,41.500,49,0.331,0.500,0.014,0.986,0.128,0.998,0.975,0.992,0.977,0.400,True,True,4,visible,410,0,,0,False,0.000,[]
1245,41.500,60,0.332,0.462,0.060,0.928,0.198,0.986,0.911,0.990,0.975,0.400,True,True,4,visible,273,0,,0,False,0.000,[]
1245,41.500,61,0.357,0.437,0.029,0.917,0.135,0.993,0.936,0.995,0.984,0.400,True,True,4,visible,187,0,,0,False,0.000,[]
1245,41.500,64,0.925,0.952,0.686,0.917,0.157,0.978,0.895,0.756,0.582,0.800,True,True,4,visible,162,0,,0,False,0.000,[]
1246,41.533,49,0.331,0.500,0.014,0.986,0.128,0.998,0.975,0.992,0.977,0.400,True,True,4,visible,411,0,,0,False,0.000,[]
1246,41.533,60,0.332,0.462,0.060,0.928,0.198,0.986,0.911,0.990,0.975,0.400,True,True,4,visible,274,0,,0,False,0.000,[]
1246,41.533,61,0.357,0.437,0.029,0.917,0.135,0.993,0.936,0.995,0.984,0.400,True,True,4,visible,188,0,,0,False,0.000,[]
1246,41.533,64,0.925,0.952,0.686,0.917,0.157,0.978,0.895,0.756,0.582,0.800,True,True,4,visible,163,0,,0,False,0.000,[]
1247,41.567,49,0.331,0.500,0.014,0.986,0.128,0.998,0.975,0.992,0.977,0.400,True,True,4,visible,412,0,,0,False,0.000,[]
1247,41.567,60,0.332,0.462,0.060,0.928,0.198,0.986,0.911,0.990,0.975,0.400,True,True,4,visible,275,0,,0,False,0.000,[]
1247,41.567,61,0.357,0.437,0.029,0.917,0.135,0.993,0.936,0.995,0.984,0.400,True,True,4,visible,189,0,,0,False,0.000,[]
1247,41.567,64,0.925,0.952,0.686,0.917,0.157,0.978,0.895,0.756,0.582,0.800,True,True,4,visible,164,0,,0,False,0.000,[]
1248,41.600,49,0.336,0.505,0.015,0.986,0.125,0.998,0.973,0.991,0.975,0.400,True,True,4,visible,413,0,,0,False,0.000,[]
1248,41.600,60,0.338,0.478,0.060,0.914,0.148,0.979,0.884,0.988,0.973,0.400,True,True,4,visible,276,0,,0,False,0.000,[]
1248,41.600,61,0.342,0.423,0.027,0.925,0.146,0.994,0.944,0.996,0.986,0.400,True,True,4,visible,190,0,,0,False,0.000,[]
1248,41.600,64,0.900,0.939,0.584,0.915,0.113,0.981,0.896,0.880,0.747,0.800,True,True,4,visible,165,0,,0,False,0.000,[]
1249,41.633,49,0.336,0.506,0.015,0.986,0.124,0.998,0.973,0.991,0.975,0.400,True,True,4,visible,414,0,,0,False,0.000,[]
1249,41.633,60,0.339,0.481,0.060,0.914,0.147,0.979,0.884,0.988,0.973,0.400,True,True,4,visible,277,0,,0,False,0.000,[]
1249,41.633,61,0.342,0.422,0.027,0.925,0.146,0.994,0.944,0.996,0.986,0.400,True,True,4,visible,191,0,,0,False,0.000,[]
1249,41.633,64,0.900,0.940,0.585,0.915,0.113,0.981,0.896,0.880,0.747,0.800,True,True,4,visible,166,0,,0,False,0.000,[]
1250,41.667,49,0.336,0.506,0.015,0.986,0.124,0.998,0.973,0.991,0.975,0.400,True,True,4,visible,415,0,,0,False,0.000,[]
1250,41.667,60,0.339,0.481,0.060,0.914,0.147,0.979,0.884,0.988,0.973,0.400,True,True,4,visible,278,0,,0,False,0.000,[]
1250,41.667,61,0.342,0.422,0.027,0.925,0.146,0.994,0.944,0.996,0.986,0.400,True,True,4,visible,192,0,,0,False,0.000,[]
1250,41.667,64,0.900,0.940,0.585,0.915,0.113,0.981,0.896,0.880,0.747,0.800,True,True,4,visible,167,0,,0,False,0.000,[]
1251,41.700,49,0.336,0.506,0.015,0.986,0.124,0.998,0.973,0.991,0.975,0.400,True,True,4,visible,416,0,,0,False,0.000,[]
1251,41.700,60,0.339,0.481,0.060,0.914,0.147,0.979,0.884,0.988,0.973,0.400,True,True,4,visible,279,0,,0,False,0.000,[]
1251,41.700,61,0.342,0.422,0.027,0.925,0.146,0.994,0.944,0.996,0.986,0.400,True,True,4,visible,193,0,,0,False,0.000,[]
1251,41.700,64,0.900,0.940,0.585,0.915,0.113,0.981,0.896,0.880,0.747,0.800,True,True,4,visible,168,0,,0,False,0.000,[]
1252,41.733,49,0.349,0.537,0.015,0.987,0.116,0.998,0.972,0.991,0.973,0.400,True,True,4,visible,417,0,,0,False,0.000,[]
1252,41.733,60,0.260,0.432,0.037,0.926,0.119,0.973,0.847,0.975,0.946,0.400,True,True,4,visible,280,0,,0,False,0.000,[]
1252,41.733,61,0.429,0.511,0.036,0.891,0.088,0.988,0.896,0.988,0.958,0.600,True,True,4,visible,194,0,,0,False,0.000,[]
1252,41.733,64,0.929,0.958,0.666,0.931,0.135,0.984,0.908,0.870,0.727,0.800,True,True,4,visible,169,0,,0,False,0.000,[]
1253,41.767,49,0.350,0.537,0.015,0.987,0.116,0.998,0.972,0.991,0.973,0.400,True,True,4,visible,418,0,,0,False,0.000,[]
1253,41.767,60,0.261,0.433,0.037,0.927,0.119,0.973,0.846,0.975,0.946,0.400,True,True,4,visible,281,0,,0,False,0.000,[]
1253,41.767,61,0.429,0.511,0.036,0.891,0.088,0.988,0.895,0.988,0.958,0.600,True,True,4,visible,195,0,,0,False,0.000,[]
1253,41.767,64,0.929,0.958,0.666,0.931,0.135,0.984,0.908,0.870,0.727,0.800,True,True,4,visible,170,0,,0,False,0.000,[]
1254,41.800,49,0.350,0.537,0.015,0.987,0.116,0.998,0.972,0.991,0.973,0.400,True,True,4,visible,419,0,,0,False,0.000,[]
1254,41.800,60,0.261,0.433,0.037,0.927,0.119,0.973,0.846,0.975,0.946,0.400,True,True,4,visible,282,0,,0,False,0.000,[]
1254,41.800,61,0.429,0.511,0.036,0.891,0.088,0.988,0.895,0.988,0.958,0.600,True,True,4,visible,196,0,,0,False,0.000,[]
1254,41.800,64,0.929,0.958,0.666,0.931,0.135,0.984,0.908,0.870,0.727,0.800,True,True,4,visible,171,0,,0,False,0.000,[]
1255,41.833,49,0.350,0.537,0.015,0.987,0.116,0.998,0.972,0.991,0.973,0.400,True,True,4,visible,420,0,,0,False,0.000,[]
1255,41.833,60,0.261,0.433,0.037,0.927,0.119,0.973,0.846,0.975,0.946,0.400,True,True,4,visible,283,0,,0,False,0.000,[]
1255,41.833,61,0.429,0.511,0.036,0.891,0.088,0.988,0.895,0.988,0.958,0.600,True,True,4,visible,197,0,,0,False,0.000,[]
1255,41.833,64,0.929,0.958,0.666,0.931,0.135,0.984,0.908,0.870,0.727,0.800,True,True,4,visible,172,0,,0,False,0.000,[]
1256,41.867,49,0.324,0.513,0.014,0.988,0.122,0.998,0.973,0.991,0.974,0.400,True,True,4,visible,421,0,,0,False,0.000,[]
1256,41.867,60,0.193,0.333,0.026,0.911,0.103,0.969,0.836,0.971,0.941,0.200,False,True,4,visible,0,1,,0,False,0.000,[]
1256,41.867,61,0.331,0.401,0.028,0.916,0.155,0.992,0.940,0.993,0.979,0.400,True,True,4,visible,198,0,,0,False,0.000,[]
1256,41.867,64,0.842,0.896,0.460,0.860,0.092,0.974,0.844,0.920,0.812,0.800,True,True,4,visible,173,0,,0,False,0.000,[]
1257,41.900,49,0.324,0.513,0.014,0.988,0.122,0.998,0.973,0.991,0.973,0.400,True,True,4,visible,422,0,,0,False,0.000,[]
1257,41.900,60,0.194,0.334,0.026,0.911,0.103,0.969,0.836,0.971,0.941,0.200,False,True,4,visible,0,2,,0,False,0.000,[]
1257,41.900,61,0.331,0.400,0.028,0.916,0.155,0.992,0.940,0.993,0.980,0.400,True,True,4,visible,199,0,,0,False,0.000,[]
1257,41.900,64,0.842,0.896,0.461,0.860,0.092,0.974,0.844,0.920,0.811,0.800,True,True,4,visible,174,0,,0,False,0.000,[]
1258,41.933,49,0.324,0.513,0.014,0.988,0.122,0.998,0.973,0.991,0.973,0.400,True,True,4,visible,423,0,,0,False,0.000,[]
1258,41.933,60,0.194,0.334,0.026,0.911,0.103,0.969,0.836,0.971,0.941,0.200,False,True,4,visible,0,3,,0,False,0.000,[]
1258,41.933,61,0.331,0.400,0.028,0.916,0.155,0.992,0.940,0.993,0.980,0.400,True,True,4,visible,200,0,,0,False,0.000,[]
1258,41.933,64,0.842,0.896,0.461,0.860,0.092,0.974,0.844,0.920,0.811,0.800,True,True,4,visible,175,0,,0,False,0.000,[]
1259,41.967,49,0.324,0.513,0.014,0.988,0.122,0.998,0.973,0.991,0.973,0.400,True,True,4,visible,424,0,,0,False,0.000,[]
1259,41.967,60,0.194,0.334,0.026,0.911,0.103,0.969,0.836,0.971,0.941,0.200,False,True,4,visible,0,4,,0,False,0.000,[]
1259,41.967,61,0.331,0.400,0.028,0.916,0.155,0.992,0.940,0.993,0.980,0.400,True,True,4,visible,201,0,,0,False,0.000,[]
1259,41.967,64,0.842,0.896,0.461,0.860,0.092,0.974,0.844,0.920,0.811,0.800,True,True,4,visible,176,0,,0,False,0.000,[]
1260,42.000,49,0.314,0.464,0.015,0.972,0.101,0.997,0.950,0.990,0.970,0.400,True,True,4,visible,425,0,,0,False,0.000,[]
1260,42.000,60,0.461,0.671,0.076,0.936,0.092,0.978,0.793,0.974,0.926,0.600,True,True,4,visible,1,0,,0,False,0.000,[]
1260,42.000,64,0.881,0.934,0.424,0.934,0.060,0.984,0.885,0.939,0.845,0.800,True,True,4,visible,177,0,,0,False,0.000,[]
1261,42.033,49,0.314,0.464,0.015,0.972,0.101,0.997,0.950,0.990,0.970,0.400,True,True,4,visible,426,0,,0,False,0.000,[]
1261,42.033,60,0.461,0.671,0.076,0.936,0.092,0.978,0.793,0.974,0.926,0.600,True,True,4,visible,2,0,,0,False,0.000,[]
1261,42.033,64,0.881,0.934,0.424,0.934,0.060,0.984,0.885,0.939,0.845,0.800,True,True,4,visible,178,0,,0,False,0.000,[]
1262,42.067,49,0.314,0.464,0.015,0.972,0.101,0.997,0.950,0.990,0.970,0.400,True,True,4,visible,427,0,,0,False,0.000,[]
1262,42.067,60,0.461,0.671,0.076,0.936,0.092,0.978,0.793,0.974,0.926,0.600,True,True,4,visible,3,0,,0,False,0.000,[]
1262,42.067,64,0.881,0.934,0.424,0.934,0.060,0.984,0.885,0.939,0.845,0.800,True,True,4,visible,179,0,,0,False,0.000,[]
1263,42.100,49,0.314,0.464,0.015,0.972,0.101,0.997,0.950,0.990,0.970,0.400,True,True,4,visible,428,0,,0,False,0.000,[]
1263,42.100,60,0.461,0.671,0.076,0.936,0.092,0.978,0.793,0.974,0.926,0.600,True,True,4,visible,4,0,,0,False,0.000,[]
1263,42.100,64,0.881,0.934,0.424,0.934,0.060,0.984,0.885,0.939,0.845,0.800,True,True,4,visible,180,0,,0,False,0.000,[]
1264,42.133,49,0.314,0.464,0.015,0.972,0.101,0.997,0.950,0.990,0.970,0.400,True,True,4,visible,429,0,,0,False,0.000,[]
1264,42.133,60,0.461,0.671,0.076,0.936,0.092,0.978,0.793,0.974,0.926,0.600,True,True,4,visible,5,0,,0,False,0.000,[]
1264,42.133,64,0.881,0.934,0.424,0.934,0.060,0.984,0.885,0.939,0.845,0.800,True,True,4,visible,181,0,,0,False,0.000,[]
1265,42.167,49,0.286,0.436,0.013,0.973,0.101,0.997,0.950,0.991,0.971,0.400,True,True,4,visible,430,0,,0,False,0.000,[]
1265,42.167,60,0.355,0.548,0.054,0.927,0.108,0.976,0.809,0.969,0.921,0.400,True,True,4,visible,6,0,,0,False,0.000,[]
1265,42.167,64,0.867,0.926,0.393,0.928,0.056,0.982,0.876,0.939,0.844,0.600,True,True,4,visible,182,0,,0,False,0.000,[]
1266,42.200,49,0.287,0.437,0.013,0.973,0.101,0.997,0.950,0.991,0.971,0.400,True,True,4,visible,431,0,,0,False,0.000,[]
1266,42.200,60,0.355,0.547,0.055,0.927,0.108,0.976,0.809,0.970,0.921,0.400,True,True,4,visible,7,0,,0,False,0.000,[]
1266,42.200,64,0.867,0.926,0.392,0.928,0.056,0.982,0.876,0.939,0.844,0.600,True,True,4,visible,183,0,,0,False,0.000,[]
1267,42.233,49,0.287,0.437,0.013,0.973,0.101,0.997,0.950,0.991,0.971,0.400,True,True,4,visible,432,0,,0,False,0.000,[]
1267,42.233,60,0.355,0.547,0.055,0.927,0.108,0.976,0.809,0.970,0.921,0.400,True,True,4,visible,8,0,,0,False,0.000,[]
1267,42.233,64,0.867,0.926,0.392,0.928,0.056,0.982,0.876,0.939,0.844,0.600,True,True,4,visible,184,0,,0,False,0.000,[]
1268,42.267,49,0.287,0.437,0.013,0.973,0.101,0.997,0.950,0.991,0.971,0.400,True,True,4,visible,433,0,,0,False,0.000,[]
1268,42.267,60,0.355,0.547,0.055,0.927,0.108,0.976,0.809,0.970,0.921,0.400,True,True,4,visible,9,0,,0,False,0.000,[]
1268,42.267,64,0.867,0.926,0.392,0.928,0.056,0.982,0.876,0.939,0.844,0.600,True,True,4,visible,185,0,,0,False,0.000,[]
1269,42.300,49,0.321,0.482,0.016,0.976,0.106,0.997,0.954,0.991,0.973,0.400,True,True,4,visible,434,0,,0,False,0.000,[]
1269,42.300,60,0.546,0.728,0.108,0.939,0.087,0.975,0.816,0.969,0.923,0.600,True,True,4,visible,10,0,,0,False,0.000,[]
1269,42.300,64,0.843,0.913,0.351,0.920,0.051,0.982,0.863,0.945,0.854,0.600,True,True,4,visible,186,0,,0,False,0.000,[]
1270,42.333,49,0.322,0.484,0.016,0.976,0.106,0.997,0.955,0.991,0.973,0.400,True,True,4,visible,435,0,,0,False,0.000,[]
1270,42.333,60,0.546,0.728,0.108,0.939,0.087,0.975,0.816,0.969,0.923,0.600,True,True,4,visible,11,0,,0,False,0.000,[]
1270,42.333,64,0.843,0.913,0.351,0.920,0.051,0.982,0.863,0.945,0.854,0.600,True,True,4,visible,187,0,,0,False,0.000,[]
1270,42.333,67,0.412,0.486,0.133,0.664,0.084,0.881,0.736,0.605,0.498,0.600,True,True,4,uncertain,1,0,,0,False,0.000,[]
1271,42.367,49,0.322,0.484,0.016,0.976,0.106,0.997,0.955,0.991,0.973,0.400,True,True,4,visible,436,0,,0,False,0.000,[]
1271,42.367,60,0.546,0.728,0.108,0.939,0.087,0.975,0.816,0.969,0.923,0.600,True,True,4,visible,12,0,,0,False,0.000,[]
1271,42.367,64,0.843,0.913,0.351,0.920,0.051,0.982,0.863,0.945,0.854,0.600,True,True,4,visible,188,0,,0,False,0.000,[]
1271,42.367,67,0.412,0.486,0.133,0.664,0.084,0.881,0.736,0.605,0.498,0.600,True,True,4,uncertain,2,0,,0,False,0.000,[]
1272,42.400,49,0.322,0.484,0.016,0.976,0.106,0.997,0.955,0.991,0.973,0.400,True,True,4,visible,437,0,,0,False,0.000,[]
1272,42.400,60,0.546,0.728,0.108,0.939,0.087,0.975,0.816,0.969,0.923,0.600,True,True,4,visible,13,0,,0,False,0.000,[]
1272,42.400,64,0.843,0.913,0.351,0.920,0.051,0.982,0.863,0.945,0.854,0.600,True,True,4,visible,189,0,,0,False,0.000,[]
1272,42.400,67,0.412,0.486,0.133,0.664,0.084,0.881,0.736,0.605,0.498,0.600,True,True,4,visible,3,0,,0,False,0.000,[]
1273,42.433,49,0.302,0.460,0.015,0.976,0.108,0.997,0.956,0.991,0.974,0.400,True,True,4,visible,438,0,,0,False,0.000,[]
1273,42.433,60,0.540,0.694,0.110,0.930,0.100,0.973,0.853,0.968,0.934,0.600,True,True,4,visible,14,0,,0,False,0.000,[]
1273,42.433,64,0.862,0.923,0.377,0.929,0.052,0.981,0.881,0.911,0.796,0.600,True,True,4,visible,190,0,,0,False,0.000,[]
1273,42.433,67,0.402,0.481,0.125,0.670,0.079,0.883,0.735,0.626,0.518,0.600,True,True,4,visible,4,0,,0,False,0.000,[]
1274,42.467,49,0.302,0.460,0.015,0.976,0.108,0.997,0.956,0.991,0.974,0.400,True,True,4,visible,439,0,,0,False,0.000,[]
1274,42.467,60,0.540,0.693,0.109,0.930,0.100,0.973,0.853,0.968,0.934,0.600,True,True,4,visible,15,0,,0,False,0.000,[]
1274,42.467,64,0.862,0.923,0.377,0.929,0.052,0.981,0.881,0.912,0.797,0.600,True,True,4,visible,191,0,,0,False,0.000,[]
1274,42.467,67,0.402,0.481,0.125,0.670,0.079,0.883,0.735,0.626,0.518,0.600,True,True,4,visible,5,0,,0,False,0.000,[]
1275,42.500,49,0.302,0.460,0.015,0.976,0.108,0.997,0.956,0.991,0.974,0.400,True,True,4,visible,440,0,,0,False,0.000,[]
1275,42.500,60,0.540,0.693,0.109,0.930,0.100,0.973,0.853,0.968,0.934,0.600,True,True,4,visible,16,0,,0,False,0.000,[]
1275,42.500,64,0.862,0.923,0.377,0.929,0.052,0.981,0.881,0.912,0.797,0.600,True,True,4,visible,192,0,,0,False,0.000,[]
1275,42.500,67,0.402,0.481,0.125,0.670,0.079,0.883,0.735,0.626,0.518,0.600,True,True,4,visible,6,0,,0,False,0.000,[]
1276,42.533,49,0.302,0.460,0.015,0.976,0.108,0.997,0.956,0.991,0.974,0.400,True,True,4,visible,441,0,,0,False,0.000,[]
1276,42.533,60,0.540,0.693,0.109,0.930,0.100,0.973,0.853,0.968,0.934,0.600,True,True,4,visible,17,0,,0,False,0.000,[]
1276,42.533,64,0.862,0.923,0.377,0.929,0.052,0.981,0.881,0.912,0.797,0.600,True,True,4,visible,193,0,,0,False,0.000,[]
1276,42.533,67,0.402,0.481,0.125,0.670,0.079,0.883,0.735,0.626,0.518,0.600,True,True,4,visible,7,0,,0,False,0.000,[]
1277,42.567,49,0.302,0.460,0.015,0.976,0.108,0.997,0.956,0.991,0.974,0.400,True,True,4,visible,442,0,,0,False,0.000,[]
1277,42.567,60,0.540,0.693,0.109,0.930,0.100,0.973,0.853,0.968,0.934,0.600,True,True,4,visible,18,0,,0,False,0.000,[]
1277,42.567,64,0.862,0.923,0.377,0.929,0.052,0.981,0.881,0.912,0.797,0.600,True,True,4,visible,194,0,,0,False,0.000,[]
1277,42.567,67,0.402,0.481,0.125,0.670,0.079,0.883,0.735,0.626,0.518,0.600,True,True,4,visible,8,0,,0,False,0.000,[]
1278,42.600,49,0.308,0.455,0.015,0.974,0.112,0.997,0.955,0.989,0.970,0.400,True,True,4,visible,443,0,,0,False,0.000,[]
1278,42.600,60,0.558,0.718,0.117,0.923,0.103,0.968,0.813,0.960,0.912,0.600,True,True,4,visible,19,0,,0,False,0.000,[]
1278,42.600,64,0.841,0.909,0.324,0.927,0.044,0.974,0.871,0.835,0.692,0.600,True,True,4,visible,195,0,,0,False,0.000,[]
1278,42.600,67,0.357,0.449,0.096,0.681,0.063,0.867,0.687,0.564,0.444,0.400,True,True,4,visible,9,0,,0,False,0.000,[]
1279,42.633,49,0.308,0.455,0.015,0.974,0.112,0.997,0.955,0.989,0.970,0.400,True,True,4,visible,444,0,,0,False,0.000,[]
1279,42.633,60,0.558,0.718,0.117,0.923,0.103,0.968,0.813,0.960,0.912,0.600,True,True,4,visible,20,0,,0,False,0.000,[]
1279,42.633,64,0.841,0.909,0.324,0.927,0.044,0.974,0.871,0.835,0.692,0.600,True,True,4,visible,196,0,,0,False,0.000,[]
1279,42.633,67,0.357,0.449,0.096,0.681,0.063,0.867,0.687,0.564,0.444,0.400,True,True,4,visible,10,0,,0,False,0.000,[]
1280,42.667,49,0.308,0.455,0.015,0.974,0.112,0.997,0.955,0.989,0.970,0.400,True,True,4,visible,445,0,,0,False,0.000,[]
1280,42.667,60,0.558,0.718,0.117,0.923,0.103,0.968,0.813,0.960,0.912,0.600,True,True,4,visible,21,0,,0,False,0.000,[]
1280,42.667,64,0.841,0.909,0.324,0.927,0.044,0.974,0.871,0.835,0.692,0.600,True,True,4,visible,197,0,,0,False,0.000,[]
1280,42.667,67,0.357,0.449,0.096,0.681,0.063,0.867,0.687,0.564,0.444,0.400,True,True,4,visible,11,0,,0,False,0.000,[]
1281,42.700,49,0.308,0.455,0.015,0.974,0.112,0.997,0.955,0.989,0.970,0.400,True,True,4,visible,446,0,,0,False,0.000,[]
1281,42.700,60,0.558,0.718,0.117,0.923,0.103,0.968,0.813,0.960,0.912,0.600,True,True,4,visible,22,0,,0,False,0.000,[]
1281,42.700,64,0.841,0.909,0.324,0.927,0.044,0.974,0.871,0.835,0.692,0.600,True,True,4,visible,198,0,,0,False,0.000,[]
1281,42.700,67,0.357,0.449,0.096,0.681,0.063,0.867,0.687,0.564,0.444,0.400,True,True,4,visible,12,0,,0,False,0.000,[]
1282,42.733,49,0.324,0.461,0.016,0.972,0.112,0.997,0.954,0.990,0.969,0.400,True,True,4,visible,447,0,,0,False,0.000,[]
1282,42.733,60,0.368,0.496,0.062,0.902,0.113,0.972,0.859,0.975,0.947,0.400,True,True,4,visible,23,0,,0,False,0.000,[]
1282,42.733,64,0.865,0.926,0.357,0.937,0.048,0.981,0.875,0.900,0.772,0.600,True,True,4,visible,199,0,,0,False,0.000,[]
1282,42.733,61,0.525,0.620,0.051,0.941,0.153,0.995,0.950,0.996,0.986,0.600,True,True,4,visible,202,0,,0,False,0.000,[]
1283,42.767,49,0.324,0.461,0.016,0.972,0.112,0.997,0.954,0.990,0.969,0.400,True,True,4,visible,448,0,,0,False,0.000,[]
1283,42.767,60,0.368,0.496,0.062,0.902,0.113,0.972,0.859,0.975,0.947,0.400,True,True,4,visible,24,0,,0,False,0.000,[]
1283,42.767,64,0.865,0.926,0.357,0.937,0.048,0.981,0.875,0.900,0.772,0.600,True,True,4,visible,200,0,,0,False,0.000,[]
1283,42.767,61,0.525,0.620,0.051,0.941,0.153,0.995,0.950,0.996,0.986,0.600,True,True,4,visible,203,0,,0,False,0.000,[]
1284,42.800,49,0.324,0.461,0.016,0.972,0.112,0.997,0.954,0.990,0.969,0.400,True,True,4,visible,449,0,,0,False,0.000,[]
1284,42.800,60,0.368,0.496,0.062,0.902,0.113,0.972,0.859,0.975,0.947,0.400,True,True,4,visible,25,0,,0,False,0.000,[]
1284,42.800,64,0.865,0.926,0.357,0.937,0.048,0.981,0.875,0.900,0.772,0.600,True,True,4,visible,201,0,,0,False,0.000,[]
1284,42.800,61,0.525,0.620,0.051,0.941,0.153,0.995,0.950,0.996,0.986,0.600,True,True,4,visible,204,0,,0,False,0.000,[]
1285,42.833,49,0.324,0.461,0.016,0.972,0.112,0.997,0.954,0.990,0.969,0.400,True,True,4,visible,450,0,,0,False,0.000,[]
1285,42.833,60,0.368,0.496,0.062,0.902,0.113,0.972,0.859,0.975,0.947,0.400,True,True,4,visible,26,0,,0,False,0.000,[]
1285,42.833,64,0.865,0.926,0.357,0.937,0.048,0.981,0.875,0.900,0.772,0.600,True,True,4,visible,202,0,,0,False,0.000,[]
1285,42.833,61,0.525,0.620,0.051,0.941,0.153,0.995,0.950,0.996,0.986,0.600,True,True,4,visible,205,0,,0,False,0.000,[]
1286,42.867,49,0.334,0.475,0.017,0.974,0.114,0.997,0.960,0.991,0.975,0.400,True,True,4,visible,451,0,,0,False,0.000,[]
1286,42.867,60,0.386,0.477,0.071,0.876,0.105,0.976,0.865,0.977,0.950,0.400,True,True,4,visible,27,0,,0,False,0.000,[]
1286,42.867,64,0.836,0.885,0.394,0.872,0.079,0.973,0.878,0.883,0.769,0.600,True,True,4,visible,203,0,,0,False,0.000,[]
1286,42.867,61,0.448,0.540,0.039,0.937,0.156,0.995,0.951,0.996,0.988,0.600,True,True,4,visible,206,0,,0,False,0.000,[]
1287,42.900,49,0.334,0.475,0.017,0.974,0.114,0.997,0.960,0.991,0.975,0.400,True,True,4,visible,452,0,,0,False,0.000,[]
1287,42.900,60,0.386,0.477,0.071,0.876,0.105,0.976,0.865,0.977,0.950,0.400,True,True,4,visible,28,0,,0,False,0.000,[]
1287,42.900,64,0.836,0.885,0.394,0.872,0.079,0.973,0.878,0.883,0.769,0.600,True,True,4,visible,204,0,,0,False,0.000,[]
1287,42.900,61,0.448,0.540,0.039,0.937,0.156,0.995,0.951,0.996,0.988,0.600,True,True,4,visible,207,0,,0,False,0.000,[]
1288,42.933,49,0.334,0.475,0.017,0.974,0.114,0.997,0.960,0.991,0.975,0.400,True,True,4,visible,453,0,,0,False,0.000,[]
1288,42.933,60,0.386,0.477,0.071,0.876,0.105,0.976,0.865,0.977,0.950,0.400,True,True,4,visible,29,0,,0,False,0.000,[]
1288,42.933,64,0.836,0.885,0.394,0.872,0.079,0.973,0.878,0.883,0.769,0.600,True,True,4,visible,205,0,,0,False,0.000,[]
1288,42.933,61,0.448,0.540,0.039,0.937,0.156,0.995,0.951,0.996,0.988,0.600,True,True,4,visible,208,0,,0,False,0.000,[]
1289,42.967,49,0.334,0.475,0.017,0.974,0.114,0.997,0.960,0.991,0.975,0.400,True,True,4,visible,454,0,,0,False,0.000,[]
1289,42.967,60,0.386,0.477,0.071,0.876,0.105,0.976,0.865,0.977,0.950,0.400,True,True,4,visible,30,0,,0,False,0.000,[]
1289,42.967,64,0.836,0.885,0.394,0.872,0.079,0.973,0.878,0.883,0.769,0.600,True,True,4,visible,206,0,,0,False,0.000,[]
1289,42.967,61,0.448,0.540,0.039,0.937,0.156,0.995,0.951,0.996,0.988,0.600,True,True,4,visible,209,0,,0,False,0.000,[]
1290,43.000,49,0.291,0.409,0.014,0.963,0.100,0.997,0.947,0.992,0.973,0.400,True,True,4,visible,455,0,,0,False,0.000,[]
1290,43.000,60,0.175,0.196,0.046,0.759,0.199,0.937,0.877,0.975,0.968,0.200,False,True,4,visible,0,1,,0,False,0.000,[]
1290,43.000,64,0.753,0.850,0.196,0.908,0.029,0.968,0.843,0.840,0.697,0.600,True,True,4,visible,207,0,,0,False,0.000,[]
1290,43.000,61,0.587,0.702,0.059,0.941,0.111,0.994,0.919,0.995,0.980,0.600,True,True,4,visible,210,0,,0,False,0.000,[]
1291,43.033,49,0.292,0.409,0.014,0.963,0.100,0.997,0.947,0.992,0.973,0.400,True,True,4,visible,456,0,,0,False,0.000,[]
1291,43.033,60,0.176,0.198,0.046,0.761,0.199,0.937,0.876,0.975,0.968,0.200,False,True,4,visible,0,2,,0,False,0.000,[]
1291,43.033,64,0.753,0.850,0.196,0.908,0.029,0.968,0.843,0.840,0.697,0.600,True,True,4,visible,208,0,,0,False,0.000,[]
1291,43.033,61,0.587,0.702,0.059,0.941,0.111,0.994,0.919,0.995,0.980,0.600,True,True,4,visible,211,0,,0,False,0.000,[]
1292,43.067,49,0.292,0.409,0.014,0.963,0.100,0.997,0.947,0.992,0.973,0.400,True,True,4,visible,457,0,,0,False,0.000,[]
1292,43.067,60,0.176,0.198,0.046,0.761,0.199,0.937,0.876,0.975,0.968,0.200,False,True,4,visible,0,3,,0,False,0.000,[]
1292,43.067,64,0.753,0.850,0.196,0.908,0.029,0.968,0.843,0.840,0.697,0.600,True,True,4,visible,209,0,,0,False,0.000,[]
1292,43.067,61,0.587,0.702,0.059,0.941,0.111,0.994,0.919,0.995,0.980,0.600,True,True,4,visible,212,0,,0,False,0.000,[]
1293,43.100,49,0.292,0.409,0.014,0.963,0.100,0.997,0.947,0.992,0.973,0.400,True,True,4,visible,458,0,,0,False,0.000,[]
1293,43.100,60,0.176,0.198,0.046,0.761,0.199,0.937,0.876,0.975,0.968,0.200,False,True,4,visible,0,4,,0,False,0.000,[]
1293,43.100,64,0.753,0.850,0.196,0.908,0.029,0.968,0.843,0.840,0.697,0.600,True,True,4,visible,210,0,,0,False,0.000,[]
1293,43.100,61,0.587,0.702,0.059,0.941,0.111,0.994,0.919,0.995,0.980,0.600,True,True,4,visible,213,0,,0,False,0.000,[]
1294,43.133,49,0.292,0.409,0.014,0.963,0.100,0.997,0.947,0.992,0.973,0.400,True,True,4,visible,459,0,,0,False,0.000,[]
1294,43.133,60,0.176,0.198,0.046,0.761,0.199,0.937,0.876,0.975,0.968,0.200,False,True,4,hidden,0,5,head_turn_away,1,False,0.000,[1294]
1294,43.133,64,0.753,0.850,0.196,0.908,0.029,0.968,0.843,0.840,0.697,0.600,True,True,4,visible,211,0,,0,False,0.000,[]
1294,43.133,61,0.587,0.702,0.059,0.941,0.111,0.994,0.919,0.995,0.980,0.600,True,True,4,visible,214,0,,0,False,0.000,[]
1295,43.167,49,0.278,0.388,0.013,0.962,0.106,0.997,0.951,0.992,0.975,0.200,False,True,4,visible,0,1,,0,False,0.000,[]
1295,43.167,60,0.195,0.258,0.042,0.844,0.185,0.962,0.873,0.980,0.966,0.200,False,True,4,hidden,0,6,,1,False,0.000,[1294]
1295,43.167,64,0.746,0.842,0.188,0.905,0.029,0.961,0.825,0.784,0.623,0.600,True,True,4,visible,212,0,,0,False,0.000,[]
1295,43.167,61,0.595,0.705,0.061,0.939,0.113,0.994,0.923,0.996,0.981,0.600,True,True,4,visible,215,0,,0,False,0.000,[]
1296,43.200,49,0.278,0.388,0.013,0.962,0.106,0.997,0.951,0.992,0.975,0.200,False,True,4,visible,0,2,,0,False,0.000,[]
1296,43.200,60,0.195,0.258,0.042,0.844,0.185,0.962,0.873,0.980,0.966,0.200,False,True,4,hidden,0,7,,1,False,0.000,[1294]
1296,43.200,64,0.746,0.842,0.188,0.905,0.029,0.961,0.825,0.784,0.623,0.600,True,True,4,visible,213,0,,0,False,0.000,[]
1296,43.200,61,0.595,0.705,0.061,0.939,0.113,0.994,0.923,0.996,0.981,0.600,True,True,4,visible,216,0,,0,False,0.000,[]
1297,43.233,49,0.278,0.388,0.013,0.962,0.106,0.997,0.951,0.992,0.975,0.200,False,True,4,visible,0,3,,0,False,0.000,[]
1297,43.233,60,0.195,0.258,0.042,0.844,0.185,0.962,0.873,0.980,0.966,0.200,False,True,4,hidden,0,8,,1,False,0.000,[1294]
1297,43.233,64,0.746,0.842,0.188,0.905,0.029,0.961,0.825,0.784,0.623,0.600,True,True,4,visible,214,0,,0,False,0.000,[]
1297,43.233,61,0.595,0.705,0.061,0.939,0.113,0.994,0.923,0.996,0.981,0.600,True,True,4,visible,217,0,,0,False,0.000,[]
1298,43.267,49,0.278,0.388,0.013,0.962,0.106,0.997,0.951,0.992,0.975,0.200,False,True,4,visible,0,4,,0,False,0.000,[]
1298,43.267,60,0.195,0.258,0.042,0.844,0.185,0.962,0.873,0.980,0.966,0.200,False,True,4,hidden,0,9,,1,False,0.000,[1294]
1298,43.267,64,0.746,0.842,0.188,0.905,0.029,0.961,0.825,0.784,0.623,0.600,True,True,4,visible,215,0,,0,False,0.000,[]
1298,43.267,61,0.595,0.705,0.061,0.939,0.113,0.994,0.923,0.996,0.981,0.600,True,True,4,visible,218,0,,0,False,0.000,[]
1299,43.300,49,0.264,0.378,0.012,0.962,0.098,0.997,0.948,0.992,0.974,0.200,False,True,4,hidden,0,5,head_turn_away,1,False,0.000,[1299]
1299,43.300,60,0.248,0.325,0.054,0.877,0.223,0.974,0.875,0.977,0.954,0.200,False,True,4,hidden,0,10,,1,False,0.000,[1294]
1299,43.300,64,0.729,0.827,0.177,0.903,0.030,0.960,0.842,0.800,0.655,0.600,True,True,4,visible,216,0,,0,False,0.000,[]
1299,43.300,61,0.560,0.674,0.052,0.936,0.109,0.994,0.919,0.995,0.981,0.600,True,True,4,visible,219,0,,0,False,0.000,[]
1300,43.333,49,0.264,0.378,0.012,0.962,0.098,0.997,0.948,0.992,0.974,0.200,False,True,4,hidden,0,6,,1,False,0.000,[1299]
1300,43.333,60,0.248,0.325,0.054,0.877,0.223,0.974,0.875,0.977,0.954,0.200,False,True,4,hidden,0,11,,1,False,0.000,[1294]
1300,43.333,64,0.729,0.827,0.177,0.903,0.030,0.960,0.842,0.800,0.655,0.600,True,True,4,visible,217,0,,0,False,0.000,[]
1300,43.333,61,0.560,0.674,0.052,0.936,0.109,0.994,0.919,0.995,0.981,0.600,True,True,4,visible,220,0,,0,False,0.000,[]
1301,43.367,49,0.264,0.378,0.012,0.962,0.098,0.997,0.948,0.992,0.974,0.200,False,True,4,hidden,0,7,,1,False,0.000,[1299]
1301,43.367,60,0.248,0.325,0.054,0.877,0.223,0.974,0.875,0.977,0.954,0.200,False,True,4,hidden,0,12,,1,False,0.000,[1294]
1301,43.367,64,0.729,0.827,0.177,0.903,0.030,0.960,0.842,0.800,0.655,0.600,True,True,4,visible,218,0,,0,False,0.000,[]
1301,43.367,61,0.560,0.674,0.052,0.936,0.109,0.994,0.919,0.995,0.981,0.600,True,True,4,visible,221,0,,0,False,0.000,[]
1302,43.400,49,0.264,0.378,0.012,0.962,0.098,0.997,0.948,0.992,0.974,0.200,False,True,4,hidden,0,8,,1,False,0.000,[1299]
1302,43.400,60,0.248,0.325,0.054,0.877,0.223,0.974,0.875,0.977,0.954,0.200,False,True,4,hidden,0,13,,1,False,0.000,[1294]
1302,43.400,64,0.729,0.827,0.177,0.903,0.030,0.960,0.842,0.800,0.655,0.600,True,True,4,visible,219,0,,0,False,0.000,[]
1302,43.400,61,0.560,0.674,0.052,0.936,0.109,0.994,0.919,0.995,0.981,0.600,True,True,4,visible,222,0,,0,False,0.000,[]
1303,43.433,49,0.291,0.416,0.014,0.965,0.096,0.997,0.948,0.992,0.975,0.400,True,True,4,hidden,1,0,,1,False,0.000,[1299]
1303,43.433,60,0.311,0.400,0.064,0.871,0.174,0.978,0.851,0.980,0.950,0.200,False,True,4,hidden,0,14,,1,False,0.000,[1294]
1303,43.433,64,0.813,0.883,0.253,0.921,0.038,0.968,0.877,0.802,0.663,0.600,True,True,4,visible,220,0,,0,False,0.000,[]
1303,43.433,61,0.567,0.702,0.053,0.942,0.104,0.993,0.897,0.994,0.972,0.600,True,True,4,visible,223,0,,0,False,0.000,[]
1304,43.467,49,0.291,0.416,0.014,0.965,0.096,0.997,0.948,0.992,0.975,0.400,True,True,4,hidden,2,0,,1,False,0.000,[1299]
1304,43.467,60,0.311,0.400,0.064,0.871,0.174,0.978,0.851,0.980,0.950,0.200,False,True,4,hidden,0,15,,1,False,0.000,[1294]
1304,43.467,64,0.813,0.883,0.253,0.921,0.038,0.968,0.877,0.802,0.663,0.600,True,True,4,visible,221,0,,0,False,0.000,[]
1304,43.467,61,0.567,0.702,0.053,0.942,0.104,0.993,0.897,0.994,0.972,0.600,True,True,4,visible,224,0,,0,False,0.000,[]
1305,43.500,49,0.291,0.416,0.014,0.965,0.096,0.997,0.948,0.992,0.975,0.400,True,True,4,visible,3,0,,1,False,0.000,[1299]
1305,43.500,60,0.311,0.400,0.064,0.871,0.174,0.978,0.851,0.980,0.950,0.200,False,True,4,hidden,0,16,,1,False,0.000,[1294]
1305,43.500,64,0.813,0.883,0.253,0.921,0.038,0.968,0.877,0.802,0.663,0.600,True,True,4,visible,222,0,,0,False,0.000,[]
1305,43.500,61,0.567,0.702,0.053,0.942,0.104,0.993,0.897,0.994,0.972,0.600,True,True,4,visible,225,0,,0,False,0.000,[]
1306,43.533,49,0.291,0.416,0.014,0.965,0.096,0.997,0.948,0.992,0.975,0.400,True,True,4,visible,4,0,,1,False,0.000,[1299]
1306,43.533,60,0.311,0.400,0.064,0.871,0.174,0.978,0.851,0.980,0.950,0.200,False,True,4,hidden,0,17,,1,False,0.000,[1294]
1306,43.533,64,0.813,0.883,0.253,0.921,0.038,0.968,0.877,0.802,0.663,0.600,True,True,4,visible,223,0,,0,False,0.000,[]
1306,43.533,61,0.567,0.702,0.053,0.942,0.104,0.993,0.897,0.994,0.972,0.600,True,True,4,visible,226,0,,0,False,0.000,[]
1307,43.567,49,0.291,0.416,0.014,0.965,0.096,0.997,0.948,0.992,0.975,0.400,True,True,4,visible,5,0,,1,False,0.000,[1299]
1307,43.567,60,0.311,0.400,0.064,0.871,0.174,0.978,0.851,0.980,0.950,0.200,False,True,4,hidden,0,18,,1,False,0.000,[1294]
1307,43.567,64,0.813,0.883,0.253,0.921,0.038,0.968,0.877,0.802,0.663,0.600,True,True,4,visible,224,0,,0,False,0.000,[]
1307,43.567,61,0.567,0.702,0.053,0.942,0.104,0.993,0.897,0.994,0.972,0.600,True,True,4,visible,227,0,,0,False,0.000,[]
1308,43.600,49,0.280,0.398,0.013,0.962,0.093,0.997,0.947,0.992,0.975,0.200,False,True,4,visible,0,1,,1,False,0.000,[1299]
1308,43.600,60,0.196,0.263,0.039,0.882,0.231,0.978,0.888,0.983,0.963,0.200,False,True,4,hidden,0,19,,1,False,0.000,[1294]
1308,43.600,64,0.884,0.924,0.375,0.934,0.053,0.970,0.894,0.747,0.604,0.600,True,True,4,visible,225,0,,0,False,0.000,[]
1308,43.600,61,0.548,0.676,0.052,0.943,0.120,0.994,0.910,0.994,0.975,0.600,True,True,4,visible,228,0,,0,False,0.000,[]
1309,43.633,49,0.280,0.398,0.013,0.962,0.093,0.997,0.947,0.992,0.975,0.200,False,True,4,visible,0,2,,1,False,0.000,[1299]
1309,43.633,60,0.196,0.263,0.039,0.882,0.231,0.978,0.888,0.983,0.963,0.200,False,True,4,hidden,0,20,,1,False,0.000,[1294]
1309,43.633,64,0.884,0.924,0.375,0.934,0.053,0.970,0.894,0.747,0.604,0.600,True,True,4,visible,226,0,,0,False,0.000,[]
1309,43.633,61,0.548,0.676,0.052,0.943,0.120,0.994,0.910,0.994,0.975,0.600,True,True,4,visible,229,0,,0,False,0.000,[]
1310,43.667,49,0.280,0.398,0.013,0.962,0.093,0.997,0.947,0.992,0.975,0.200,False,True,4,visible,0,3,,1,False,0.000,[1299]
1310,43.667,60,0.196,0.263,0.039,0.882,0.231,0.978,0.888,0.983,0.963,0.200,False,True,4,hidden,0,21,,1,False,0.000,[1294]
1310,43.667,64,0.884,0.924,0.375,0.934,0.053,0.970,0.894,0.747,0.604,0.600,True,True,4,visible,227,0,,0,False,0.000,[]
1310,43.667,61,0.548,0.676,0.052,0.943,0.120,0.994,0.910,0.994,0.975,0.600,True,True,4,visible,230,0,,0,False,0.000,[]
1311,43.700,49,0.280,0.398,0.013,0.962,0.093,0.997,0.947,0.992,0.975,0.200,False,True,4,visible,0,4,,1,False,0.000,[1299]
1311,43.700,60,0.196,0.263,0.039,0.882,0.231,0.978,0.888,0.983,0.963,0.200,False,True,4,hidden,0,22,,1,False,0.000,[1294]
1311,43.700,64,0.884,0.924,0.375,0.934,0.053,0.970,0.894,0.747,0.604,0.600,True,True,4,visible,228,0,,0,False,0.000,[]
1311,43.700,61,0.548,0.676,0.052,0.943,0.120,0.994,0.910,0.994,0.975,0.600,True,True,4,visible,231,0,,0,False,0.000,[]
1312,43.733,49,0.294,0.414,0.014,0.963,0.092,0.997,0.948,0.993,0.976,0.400,True,True,4,visible,1,0,,1,False,0.000,[1299]
1312,43.733,60,0.324,0.393,0.075,0.890,0.203,0.984,0.912,0.985,0.966,0.200,False,True,4,hidden,0,23,,1,False,0.000,[1294]
1312,43.733,64,0.771,0.841,0.305,0.862,0.052,0.939,0.824,0.625,0.484,0.600,True,True,4,visible,229,0,,0,False,0.000,[]
1312,43.733,61,0.499,0.616,0.047,0.940,0.141,0.994,0.922,0.994,0.974,0.600,True,True,4,visible,232,0,,0,False,0.000,[]
1313,43.767,49,0.294,0.414,0.014,0.963,0.092,0.997,0.948,0.993,0.976,0.400,True,True,4,visible,2,0,,1,False,0.000,[1299]
1313,43.767,60,0.324,0.393,0.074,0.890,0.202,0.984,0.912,0.985,0.966,0.200,False,True,4,hidden,0,24,,1,False,0.000,[1294]
1313,43.767,64,0.771,0.841,0.305,0.862,0.052,0.939,0.824,0.625,0.484,0.600,True,True,4,visible,230,0,,0,False,0.000,[]
1313,43.767,61,0.499,0.616,0.047,0.940,0.141,0.994,0.922,0.994,0.974,0.600,True,True,4,visible,233,0,,0,False,0.000,[]
1314,43.800,49,0.294,0.414,0.014,0.963,0.092,0.997,0.948,0.993,0.976,0.400,True,True,4,visible,3,0,,1,False,0.000,[1299]
1314,43.800,60,0.324,0.393,0.074,0.890,0.202,0.984,0.912,0.985,0.966,0.200,False,True,4,hidden,0,25,,1,False,0.000,[1294]
1314,43.800,64,0.771,0.841,0.305,0.862,0.052,0.939,0.824,0.625,0.484,0.600,True,True,4,visible,231,0,,0,False,0.000,[]
1314,43.800,61,0.499,0.616,0.047,0.940,0.141,0.994,0.922,0.994,0.974,0.600,True,True,4,visible,234,0,,0,False,0.000,[]
1315,43.833,49,0.294,0.414,0.014,0.963,0.092,0.997,0.948,0.993,0.976,0.400,True,True,4,visible,4,0,,1,False,0.000,[1299]
1315,43.833,60,0.324,0.393,0.074,0.890,0.202,0.984,0.912,0.985,0.966,0.200,False,True,4,hidden,0,26,,1,False,0.000,[1294]
1315,43.833,64,0.771,0.841,0.305,0.862,0.052,0.939,0.824,0.625,0.484,0.600,True,True,4,visible,232,0,,0,False,0.000,[]
1315,43.833,61,0.499,0.616,0.047,0.940,0.141,0.994,0.922,0.994,0.974,0.600,True,True,4,visible,235,0,,0,False,0.000,[]
1316,43.867,49,0.294,0.405,0.014,0.960,0.096,0.997,0.949,0.992,0.975,0.400,True,True,4,visible,5,0,,1,False,0.000,[1299]
1316,43.867,60,0.422,0.417,0.116,0.860,0.230,0.985,0.957,0.989,0.983,0.600,True,True,4,hidden,1,0,,1,False,0.000,[1294]
1316,43.867,61,0.462,0.600,0.041,0.946,0.142,0.994,0.911,0.993,0.968,0.600,True,True,4,visible,236,0,,0,False,0.000,[]
1317,43.900,49,0.294,0.405,0.014,0.960,0.096,0.997,0.949,0.992,0.975,0.400,True,True,4,visible,6,0,,1,False,0.000,[1299]
1317,43.900,60,0.422,0.417,0.116,0.860,0.230,0.985,0.957,0.990,0.983,0.600,True,True,4,hidden,2,0,,1,False,0.000,[1294]
1317,43.900,61,0.462,0.600,0.041,0.946,0.142,0.994,0.911,0.993,0.968,0.600,True,True,4,visible,237,0,,0,False,0.000,[]
1318,43.933,49,0.294,0.405,0.014,0.960,0.096,0.997,0.949,0.992,0.975,0.400,True,True,4,visible,7,0,,1,False,0.000,[1299]
1318,43.933,60,0.422,0.417,0.116,0.860,0.230,0.985,0.957,0.990,0.983,0.600,True,True,4,visible,3,0,,1,False,0.000,[1294]
1318,43.933,61,0.462,0.600,0.041,0.946,0.142,0.994,0.911,0.993,0.968,0.600,True,True,4,visible,238,0,,0,False,0.000,[]
1319,43.967,49,0.294,0.405,0.014,0.960,0.096,0.997,0.949,0.992,0.975,0.400,True,True,4,visible,8,0,,1,False,0.000,[1299]
1319,43.967,60,0.422,0.417,0.116,0.860,0.230,0.985,0.957,0.990,0.983,0.600,True,True,4,visible,4,0,,1,False,0.000,[1294]
1319,43.967,61,0.462,0.600,0.041,0.946,0.142,0.994,0.911,0.993,0.968,0.600,True,True,4,visible,239,0,,0,False,0.000,[]
1320,44.000,49,0.460,0.576,0.028,0.964,0.106,0.997,0.948,0.989,0.967,0.600,True,True,4,visible,9,0,,1,False,0.000,[1299]
1320,44.000,60,0.362,0.428,0.067,0.900,0.133,0.989,0.926,0.990,0.975,0.400,True,True,4,visible,5,0,,1,False,0.000,[1294]
1320,44.000,61,0.527,0.623,0.053,0.944,0.175,0.995,0.941,0.994,0.976,0.600,True,True,4,visible,240,0,,0,False,0.000,[]
1321,44.033,49,0.461,0.576,0.028,0.964,0.105,0.997,0.948,0.989,0.967,0.600,True,True,4,visible,10,0,,1,False,0.000,[1299]
1321,44.033,60,0.362,0.428,0.067,0.900,0.133,0.989,0.926,0.990,0.975,0.400,True,True,4,visible,6,0,,1,False,0.000,[1294]
1321,44.033,61,0.527,0.623,0.053,0.944,0.175,0.995,0.941,0.994,0.976,0.600,True,True,4,visible,241,0,,0,False,0.000,[]
1322,44.067,49,0.461,0.576,0.028,0.964,0.105,0.997,0.948,0.989,0.967,0.600,True,True,4,visible,11,0,,1,False,0.000,[1299]
1322,44.067,60,0.362,0.428,0.067,0.900,0.133,0.989,0.926,0.990,0.975,0.400,True,True,4,visible,7,0,,1,False,0.000,[1294]
1322,44.067,61,0.527,0.623,0.053,0.944,0.174,0.995,0.941,0.994,0.976,0.600,True,True,4,visible,242,0,,0,False,0.000,[]
1323,44.100,49,0.461,0.576,0.028,0.964,0.105,0.997,0.948,0.989,0.967,0.600,True,True,4,visible,12,0,,1,False,0.000,[1299]
1323,44.100,60,0.362,0.428,0.067,0.900,0.133,0.989,0.926,0.990,0.975,0.400,True,True,4,visible,8,0,,1,False,0.000,[1294]
1323,44.100,61,0.527,0.623,0.053,0.944,0.174,0.995,0.941,0.994,0.976,0.600,True,True,4,visible,243,0,,0,False,0.000,[]
1324,44.133,49,0.461,0.576,0.028,0.964,0.105,0.997,0.948,0.989,0.967,0.600,True,True,4,visible,13,0,,1,False,0.000,[1299]
1324,44.133,60,0.362,0.428,0.067,0.900,0.133,0.989,0.926,0.990,0.975,0.400,True,True,4,visible,9,0,,1,False,0.000,[1294]
1324,44.133,61,0.527,0.623,0.053,0.944,0.174,0.995,0.941,0.994,0.976,0.600,True,True,4,visible,244,0,,0,False,0.000,[]
1325,44.167,49,0.404,0.538,0.022,0.969,0.099,0.997,0.951,0.989,0.967,0.600,True,True,4,visible,14,0,,1,False,0.000,[1299]
1325,44.167,60,0.391,0.464,0.074,0.913,0.143,0.991,0.935,0.992,0.979,0.400,True,True,4,visible,10,0,,1,False,0.000,[1294]
1325,44.167,61,0.511,0.628,0.049,0.944,0.159,0.995,0.927,0.993,0.970,0.600,True,True,4,visible,245,0,,0,False,0.000,[]
1326,44.200,49,0.403,0.538,0.022,0.969,0.099,0.997,0.950,0.989,0.967,0.600,True,True,4,visible,15,0,,1,False,0.000,[1299]
1326,44.200,60,0.391,0.464,0.074,0.913,0.143,0.991,0.935,0.992,0.979,0.400,True,True,4,visible,11,0,,1,False,0.000,[1294]
1326,44.200,61,0.511,0.628,0.049,0.944,0.159,0.995,0.927,0.993,0.970,0.600,True,True,4,visible,246,0,,0,False,0.000,[]
1327,44.233,49,0.403,0.538,0.022,0.969,0.099,0.997,0.950,0.989,0.967,0.600,True,True,4,visible,16,0,,1,False,0.000,[1299]
1327,44.233,60,0.391,0.464,0.074,0.913,0.143,0.991,0.935,0.992,0.979,0.400,True,True,4,visible,12,0,,1,False,0.000,[1294]
1327,44.233,61,0.511,0.628,0.049,0.944,0.159,0.995,0.927,0.993,0.970,0.600,True,True,4,visible,247,0,,0,False,0.000,[]
1328,44.267,49,0.403,0.538,0.022,0.969,0.099,0.997,0.950,0.989,0.967,0.600,True,True,4,visible,17,0,,1,False,0.000,[1299]
1328,44.267,60,0.391,0.464,0.074,0.913,0.143,0.991,0.935,0.992,0.979,0.400,True,True,4,visible,13,0,,1,False,0.000,[1294]
1328,44.267,61,0.511,0.628,0.049,0.944,0.159,0.995,0.927,0.993,0.970,0.600,True,True,4,visible,248,0,,0,False,0.000,[]
1329,44.300,49,0.419,0.555,0.023,0.971,0.110,0.997,0.952,0.988,0.965,0.600,True,True,4,visible,18,0,,1,False,0.000,[1299]
1329,44.300,60,0.376,0.436,0.070,0.892,0.122,0.990,0.925,0.991,0.977,0.400,True,True,4,visible,14,0,,1,False,0.000,[1294]
1329,44.300,61,0.583,0.681,0.067,0.938,0.155,0.994,0.927,0.992,0.970,0.600,True,True,4,visible,249,0,,0,False,0.000,[]
1330,44.333,49,0.418,0.554,0.023,0.971,0.110,0.997,0.952,0.988,0.965,0.600,True,True,4,visible,19,0,,1,False,0.000,[1299]
1330,44.333,60,0.376,0.436,0.070,0.892,0.122,0.990,0.925,0.991,0.977,0.400,True,True,4,visible,15,0,,1,False,0.000,[1294]
1330,44.333,61,0.583,0.681,0.067,0.938,0.155,0.994,0.927,0.992,0.970,0.600,True,True,4,visible,250,0,,0,False,0.000,[]
1331,44.367,49,0.418,0.554,0.023,0.971,0.110,0.997,0.952,0.988,0.965,0.600,True,True,4,visible,20,0,,1,False,0.000,[1299]
1331,44.367,60,0.376,0.436,0.070,0.892,0.122,0.990,0.925,0.991,0.977,0.400,True,True,4,visible,16,0,,1,False,0.000,[1294]
1331,44.367,61,0.583,0.681,0.067,0.938,0.155,0.994,0.927,0.992,0.970,0.600,True,True,4,visible,251,0,,0,False,0.000,[]
1332,44.400,49,0.418,0.554,0.023,0.971,0.110,0.997,0.952,0.988,0.965,0.600,True,True,4,visible,21,0,,1,False,0.000,[1299]
1332,44.400,60,0.376,0.436,0.070,0.892,0.122,0.990,0.925,0.991,0.977,0.400,True,True,4,visible,17,0,,1,False,0.000,[1294]
1332,44.400,61,0.583,0.681,0.067,0.938,0.155,0.994,0.927,0.992,0.970,0.600,True,True,4,visible,252,0,,0,False,0.000,[]
1333,44.433,49,0.434,0.576,0.025,0.973,0.112,0.997,0.952,0.989,0.965,0.600,True,True,4,visible,22,0,,1,False,0.000,[1299]
1333,44.433,60,0.369,0.421,0.072,0.894,0.144,0.990,0.932,0.991,0.977,0.400,True,True,4,visible,18,0,,1,False,0.000,[1294]
1333,44.433,61,0.622,0.711,0.078,0.934,0.149,0.993,0.922,0.992,0.970,0.600,True,True,4,visible,253,0,,0,False,0.000,[]
1334,44.467,49,0.434,0.576,0.025,0.973,0.112,0.997,0.952,0.989,0.965,0.600,True,True,4,visible,23,0,,1,False,0.000,[1299]
1334,44.467,60,0.370,0.422,0.073,0.894,0.144,0.990,0.931,0.991,0.977,0.400,True,True,4,visible,19,0,,1,False,0.000,[1294]
1334,44.467,61,0.623,0.711,0.078,0.934,0.149,0.993,0.922,0.992,0.970,0.600,True,True,4,visible,254,0,,0,False,0.000,[]
1335,44.500,49,0.434,0.576,0.025,0.973,0.112,0.997,0.952,0.989,0.965,0.600,True,True,4,visible,24,0,,1,False,0.000,[1299]
1335,44.500,60,0.370,0.422,0.073,0.894,0.144,0.990,0.931,0.991,0.977,0.400,True,True,4,visible,20,0,,1,False,0.000,[1294]
1335,44.500,61,0.623,0.711,0.078,0.934,0.149,0.993,0.922,0.992,0.970,0.600,True,True,4,visible,255,0,,0,False,0.000,[]
1336,44.533,49,0.434,0.576,0.025,0.973,0.112,0.997,0.952,0.989,0.965,0.600,True,True,4,visible,25,0,,1,False,0.000,[1299]
1336,44.533,60,0.370,0.422,0.073,0.894,0.144,0.990,0.931,0.991,0.977,0.400,True,True,4,visible,21,0,,1,False,0.000,[1294]
1336,44.533,61,0.623,0.711,0.078,0.934,0.149,0.993,0.922,0.992,0.970,0.600,True,True,4,visible,256,0,,0,False,0.000,[]
1337,44.567,49,0.434,0.576,0.025,0.973,0.112,0.997,0.952,0.989,0.965,0.600,True,True,4,visible,26,0,,1,False,0.000,[1299]
1337,44.567,60,0.370,0.422,0.073,0.894,0.144,0.990,0.931,0.991,0.977,0.400,True,True,4,visible,22,0,,1,False,0.000,[1294]
1337,44.567,61,0.623,0.711,0.078,0.934,0.149,0.993,0.922,0.992,0.970,0.600,True,True,4,visible,257,0,,0,False,0.000,[]
1338,44.600,49,0.478,0.625,0.030,0.974,0.107,0.997,0.950,0.989,0.964,0.600,True,True,4,visible,27,0,,1,False,0.000,[1299]
1338,44.600,60,0.421,0.463,0.087,0.903,0.164,0.992,0.943,0.992,0.980,0.600,True,True,4,visible,23,0,,1,False,0.000,[1294]
1338,44.600,61,0.650,0.737,0.088,0.931,0.137,0.993,0.912,0.993,0.969,0.600,True,True,4,visible,258,0,,0,False,0.000,[]
1339,44.633,49,0.479,0.625,0.030,0.974,0.107,0.997,0.950,0.989,0.964,0.600,True,True,4,visible,28,0,,1,False,0.000,[1299]
1339,44.633,60,0.421,0.463,0.087,0.903,0.164,0.992,0.943,0.992,0.980,0.600,True,True,4,visible,24,0,,1,False,0.000,[1294]
1339,44.633,61,0.650,0.737,0.089,0.931,0.137,0.993,0.912,0.993,0.969,0.600,True,True,4,visible,259,0,,0,False,0.000,[]
1340,44.667,49,0.479,0.625,0.030,0.974,0.107,0.997,0.950,0.989,0.964,0.600,True,True,4,visible,29,0,,1,False,0.000,[1299]
1340,44.667,60,0.421,0.463,0.087,0.903,0.164,0.992,0.943,0.992,0.980,0.600,True,True,4,visible,25,0,,1,False,0.000,[1294]
1340,44.667,61,0.650,0.737,0.089,0.931,0.137,0.993,0.912,0.993,0.969,0.600,True,True,4,visible,260,0,,0,False,0.000,[]
1341,44.700,49,0.479,0.625,0.030,0.974,0.107,0.997,0.950,0.989,0.964,0.600,True,True,4,visible,30,0,,1,False,0.000,[1299]
1341,44.700,60,0.421,0.463,0.087,0.903,0.164,0.992,0.943,0.992,0.980,0.600,True,True,4,visible,26,0,,1,False,0.000,[1294]
1341,44.700,61,0.650,0.737,0.089,0.931,0.137,0.993,0.912,0.993,0.969,0.600,True,True,4,visible,261,0,,0,False,0.000,[]
1342,44.733,49,0.457,0.603,0.028,0.973,0.109,0.997,0.946,0.988,0.960,0.600,True,True,4,visible,31,0,,1,False,0.000,[1299]
1342,44.733,60,0.408,0.444,0.091,0.899,0.189,0.991,0.947,0.991,0.980,0.600,True,True,4,visible,27,0,,1,False,0.000,[1294]
1342,44.733,61,0.658,0.745,0.088,0.935,0.138,0.994,0.914,0.993,0.972,0.600,True,True,4,visible,262,0,,0,False,0.000,[]
1343,44.767,49,0.457,0.603,0.028,0.973,0.109,0.997,0.946,0.988,0.960,0.600,True,True,4,visible,32,0,,1,False,0.000,[1299]
1343,44.767,60,0.408,0.444,0.091,0.899,0.189,0.991,0.947,0.991,0.980,0.600,True,True,4,visible,28,0,,1,False,0.000,[1294]
1343,44.767,61,0.658,0.745,0.088,0.935,0.138,0.994,0.914,0.993,0.972,0.600,True,True,4,visible,263,0,,0,False,0.000,[]
1344,44.800,49,0.457,0.603,0.028,0.973,0.109,0.997,0.946,0.988,0.960,0.600,True,True,4,visible,33,0,,1,False,0.000,[1299]
1344,44.800,60,0.408,0.444,0.091,0.899,0.189,0.991,0.947,0.991,0.980,0.600,True,True,4,visible,29,0,,1,False,0.000,[1294]
1344,44.800,61,0.658,0.745,0.088,0.935,0.138,0.994,0.914,0.993,0.972,0.600,True,True,4,visible,264,0,,0,False,0.000,[]
1345,44.833,49,0.457,0.603,0.028,0.973,0.109,0.997,0.946,0.988,0.960,0.600,True,True,4,visible,34,0,,1,False,0.000,[1299]
1345,44.833,60,0.408,0.444,0.091,0.899,0.189,0.991,0.947,0.991,0.980,0.600,True,True,4,visible,30,0,,1,False,0.000,[1294]
1345,44.833,61,0.658,0.745,0.088,0.935,0.138,0.994,0.914,0.993,0.972,0.600,True,True,4,visible,265,0,,0,False,0.000,[]
1346,44.867,49,0.457,0.603,0.028,0.973,0.109,0.997,0.946,0.988,0.960,0.600,True,True,4,visible,35,0,,1,False,0.000,[1299]
1346,44.867,60,0.408,0.444,0.091,0.899,0.189,0.991,0.947,0.991,0.980,0.600,True,True,4,visible,31,0,,1,False,0.000,[1294]
1346,44.867,61,0.658,0.745,0.088,0.935,0.138,0.994,0.914,0.993,0.972,0.600,True,True,4,visible,266,0,,0,False,0.000,[]
1347,44.900,49,0.441,0.584,0.027,0.972,0.117,0.997,0.945,0.988,0.960,0.600,True,True,4,visible,36,0,,1,False,0.000,[1299]
1347,44.900,60,0.340,0.363,0.069,0.884,0.185,0.991,0.938,0.991,0.977,0.200,False,True,4,visible,0,1,,1,False,0.000,[1294]
1347,44.900,61,0.642,0.731,0.084,0.935,0.139,0.994,0.918,0.994,0.974,0.600,True,True,4,visible,267,0,,0,False,0.000,[]
1348,44.933,49,0.441,0.584,0.027,0.972,0.117,0.997,0.945,0.988,0.960,0.600,True,True,4,visible,37,0,,1,False,0.000,[1299]
1348,44.933,60,0.340,0.363,0.069,0.884,0.185,0.991,0.938,0.991,0.977,0.200,False,True,4,visible,0,2,,1,False,0.000,[1294]
1348,44.933,61,0.642,0.731,0.084,0.935,0.139,0.994,0.918,0.994,0.974,0.600,True,True,4,visible,268,0,,0,False,0.000,[]
1349,44.967,49,0.441,0.584,0.027,0.972,0.117,0.997,0.945,0.988,0.960,0.600,True,True,4,visible,38,0,,1,False,0.000,[1299]
1349,44.967,60,0.340,0.363,0.069,0.884,0.185,0.991,0.938,0.991,0.977,0.200,False,True,4,visible,0,3,,1,False,0.000,[1294]
1349,44.967,61,0.642,0.731,0.084,0.935,0.139,0.994,0.918,0.994,0.974,0.600,True,True,4,visible,269,0,,0,False,0.000,[]
1350,45.000,49,0.441,0.584,0.027,0.972,0.117,0.997,0.945,0.988,0.960,0.600,True,True,4,visible,39,0,,1,False,0.000,[1299]
1350,45.000,60,0.340,0.363,0.069,0.884,0.185,0.991,0.938,0.991,0.977,0.200,False,True,4,visible,0,4,,1,False,0.000,[1294]
1350,45.000,61,0.642,0.731,0.084,0.935,0.139,0.994,0.918,0.994,0.974,0.600,True,True,4,visible,270,0,,0,False,0.000,[]
1351,45.033,49,0.422,0.609,0.018,0.986,0.100,0.999,0.960,0.993,0.969,0.600,True,True,4,visible,40,0,,1,False,0.000,[1299]
1351,45.033,60,0.811,0.757,0.433,0.829,0.313,0.992,0.953,0.991,0.979,0.800,True,True,4,visible,1,0,,1,False,0.000,[1294]
1351,45.033,61,0.489,0.545,0.052,0.885,0.089,0.982,0.886,0.979,0.945,0.600,True,True,4,visible,271,0,,0,False,0.000,[]
1352,45.067,49,0.422,0.609,0.018,0.986,0.100,0.999,0.960,0.993,0.969,0.600,True,True,4,visible,41,0,,1,False,0.000,[1299]
1352,45.067,60,0.811,0.757,0.433,0.829,0.313,0.992,0.953,0.991,0.979,0.800,True,True,4,visible,2,0,,1,False,0.000,[1294]
1352,45.067,61,0.489,0.545,0.052,0.885,0.089,0.982,0.886,0.979,0.945,0.600,True,True,4,visible,272,0,,0,False,0.000,[]
1353,45.100,49,0.422,0.609,0.018,0.986,0.100,0.999,0.960,0.993,0.969,0.600,True,True,4,visible,42,0,,1,False,0.000,[1299]
1353,45.100,60,0.811,0.757,0.433,0.829,0.313,0.992,0.953,0.991,0.979,0.800,True,True,4,visible,3,0,,1,False,0.000,[1294]
1353,45.100,61,0.489,0.545,0.052,0.885,0.089,0.982,0.886,0.979,0.945,0.600,True,True,4,visible,273,0,,0,False,0.000,[]
1354,45.133,49,0.422,0.609,0.018,0.986,0.100,0.999,0.960,0.993,0.969,0.600,True,True,4,visible,43,0,,1,False,0.000,[1299]
1354,45.133,60,0.811,0.757,0.433,0.829,0.313,0.992,0.953,0.991,0.979,0.800,True,True,4,visible,4,0,,1,False,0.000,[1294]
1354,45.133,61,0.489,0.545,0.052,0.885,0.089,0.982,0.886,0.979,0.945,0.600,True,True,4,visible,274,0,,0,False,0.000,[]
1355,45.167,49,0.432,0.625,0.018,0.985,0.090,0.999,0.949,0.992,0.961,0.600,True,True,4,visible,44,0,,1,False,0.000,[1299]
1355,45.167,60,0.653,0.637,0.217,0.864,0.207,0.992,0.944,0.992,0.980,0.600,True,True,4,visible,5,0,,1,False,0.000,[1294]
1355,45.167,61,0.671,0.763,0.098,0.939,0.151,0.994,0.914,0.991,0.962,0.600,True,True,4,visible,275,0,,0,False,0.000,[]
1356,45.200,49,0.432,0.625,0.018,0.985,0.090,0.999,0.949,0.992,0.961,0.600,True,True,4,visible,45,0,,1,False,0.000,[1299]
1356,45.200,60,0.653,0.637,0.217,0.864,0.207,0.992,0.944,0.992,0.980,0.600,True,True,4,visible,6,0,,1,False,0.000,[1294]
1356,45.200,61,0.671,0.763,0.098,0.939,0.151,0.994,0.914,0.991,0.962,0.600,True,True,4,visible,276,0,,0,False,0.000,[]
1357,45.233,49,0.432,0.625,0.018,0.985,0.090,0.999,0.949,0.992,0.961,0.600,True,True,4,visible,46,0,,1,False,0.000,[1299]
1357,45.233,60,0.653,0.637,0.217,0.864,0.207,0.992,0.944,0.992,0.980,0.600,True,True,4,visible,7,0,,1,False,0.000,[1294]
1357,45.233,61,0.671,0.763,0.098,0.939,0.151,0.994,0.914,0.991,0.962,0.600,True,True,4,visible,277,0,,0,False,0.000,[]
1358,45.267,49,0.432,0.625,0.018,0.985,0.090,0.999,0.949,0.992,0.961,0.600,True,True,4,visible,47,0,,1,False,0.000,[1299]
1358,45.267,60,0.653,0.637,0.217,0.864,0.207,0.992,0.944,0.992,0.980,0.600,True,True,4,visible,8,0,,1,False,0.000,[1294]
1358,45.267,61,0.671,0.763,0.098,0.939,0.151,0.994,0.914,0.991,0.962,0.600,True,True,4,visible,278,0,,0,False,0.000,[]
1359,45.300,49,0.392,0.585,0.015,0.985,0.086,0.999,0.951,0.992,0.962,0.400,True,True,4,visible,48,0,,1,False,0.000,[1299]
1359,45.300,60,0.672,0.673,0.236,0.867,0.193,0.991,0.933,0.992,0.977,0.600,True,True,4,visible,9,0,,1,False,0.000,[1294]
1359,45.300,61,0.542,0.622,0.057,0.911,0.081,0.983,0.890,0.971,0.922,0.600,True,True,4,visible,279,0,,0,False,0.000,[]
1360,45.333,49,0.392,0.584,0.015,0.985,0.088,0.999,0.952,0.992,0.963,0.400,True,True,4,visible,49,0,,1,False,0.000,[1299]
1360,45.333,60,0.670,0.672,0.234,0.867,0.191,0.991,0.933,0.992,0.977,0.600,True,True,4,visible,10,0,,1,False,0.000,[1294]
1360,45.333,61,0.535,0.616,0.056,0.911,0.081,0.983,0.889,0.970,0.921,0.600,True,True,4,visible,280,0,,0,False,0.000,[]
1361,45.367,49,0.392,0.584,0.015,0.985,0.088,0.999,0.952,0.992,0.963,0.400,True,True,4,visible,50,0,,1,False,0.000,[1299]
1361,45.367,60,0.670,0.672,0.234,0.867,0.191,0.991,0.933,0.992,0.977,0.600,True,True,4,visible,11,0,,1,False,0.000,[1294]
1361,45.367,61,0.535,0.616,0.056,0.911,0.081,0.983,0.889,0.970,0.921,0.600,True,True,4,visible,281,0,,0,False,0.000,[]
1362,45.400,49,0.392,0.584,0.015,0.985,0.088,0.999,0.952,0.992,0.963,0.400,True,True,4,visible,51,0,,1,False,0.000,[1299]
1362,45.400,60,0.670,0.672,0.234,0.867,0.191,0.991,0.933,0.992,0.977,0.600,True,True,4,visible,12,0,,1,False,0.000,[1294]
1362,45.400,61,0.535,0.616,0.056,0.911,0.081,0.983,0.889,0.970,0.921,0.600,True,True,4,visible,282,0,,0,False,0.000,[]
1363,45.433,49,0.392,0.584,0.015,0.985,0.088,0.999,0.952,0.992,0.963,0.400,True,True,4,visible,52,0,,1,False,0.000,[1299]
1363,45.433,60,0.670,0.672,0.234,0.867,0.191,0.991,0.933,0.992,0.977,0.600,True,True,4,visible,13,0,,1,False,0.000,[1294]
1363,45.433,61,0.535,0.616,0.056,0.911,0.081,0.983,0.889,0.970,0.921,0.600,True,True,4,visible,283,0,,0,False,0.000,[]
1364,45.467,49,0.434,0.591,0.024,0.974,0.096,0.997,0.945,0.991,0.967,0.600,True,True,4,visible,53,0,,1,False,0.000,[1299]
1364,45.467,60,0.809,0.802,0.416,0.842,0.210,0.988,0.914,0.987,0.963,0.800,True,True,4,visible,14,0,,1,False,0.000,[1294]
1364,45.467,61,0.364,0.423,0.038,0.917,0.166,0.991,0.929,0.984,0.952,0.400,True,True,4,visible,284,0,,0,False,0.000,[]
1365,45.500,49,0.435,0.592,0.024,0.974,0.096,0.997,0.945,0.991,0.967,0.600,True,True,4,visible,54,0,,1,False,0.000,[1299]
1365,45.500,60,0.809,0.801,0.416,0.842,0.210,0.988,0.914,0.987,0.963,0.800,True,True,4,visible,15,0,,1,False,0.000,[1294]
1365,45.500,61,0.364,0.424,0.038,0.917,0.166,0.991,0.929,0.984,0.952,0.400,True,True,4,visible,285,0,,0,False,0.000,[]
1366,45.533,49,0.435,0.592,0.024,0.974,0.096,0.997,0.945,0.991,0.967,0.600,True,True,4,visible,55,0,,1,False,0.000,[1299]
1366,45.533,60,0.809,0.801,0.416,0.842,0.210,0.988,0.914,0.987,0.963,0.800,True,True,4,visible,16,0,,1,False,0.000,[1294]
1366,45.533,61,0.364,0.424,0.038,0.917,0.166,0.991,0.929,0.984,0.952,0.400,True,True,4,visible,286,0,,0,False,0.000,[]
1367,45.567,49,0.411,0.552,0.023,0.971,0.115,0.997,0.945,0.989,0.962,0.600,True,True,4,visible,56,0,,1,False,0.000,[1299]
1367,45.567,60,0.763,0.836,0.273,0.934,0.127,0.991,0.891,0.986,0.952,0.600,True,True,4,visible,17,0,,1,False,0.000,[1294]
1367,45.567,61,0.704,0.776,0.125,0.939,0.175,0.994,0.926,0.986,0.947,0.600,True,True,4,visible,287,0,,0,False,0.000,[]
1368,45.600,49,0.425,0.638,0.016,0.986,0.072,0.999,0.941,0.993,0.964,0.600,True,True,4,visible,57,0,,1,False,0.000,[1299]
1368,45.600,60,0.798,0.851,0.325,0.932,0.147,0.991,0.916,0.987,0.961,0.600,True,True,4,visible,18,0,,1,False,0.000,[1294]
1368,45.600,61,0.962,0.960,0.754,0.918,0.187,0.979,0.965,0.987,0.983,0.800,True,True,4,visible,288,0,,0,False,0.000,[]
1369,45.633,49,0.425,0.638,0.016,0.986,0.072,0.999,0.941,0.993,0.964,0.600,True,True,4,visible,58,0,,1,False,0.000,[1299]
1369,45.633,60,0.816,0.881,0.346,0.922,0.095,0.985,0.871,0.985,0.952,0.600,True,True,4,visible,19,0,,1,False,0.000,[1294]
1369,45.633,61,0.962,0.960,0.754,0.919,0.186,0.979,0.966,0.987,0.983,0.800,True,True,4,visible,289,0,,0,False,0.000,[]
1370,45.667,49,0.425,0.638,0.016,0.986,0.072,0.999,0.941,0.993,0.964,0.600,True,True,4,visible,59,0,,1,False,0.000,[1299]
1370,45.667,60,0.816,0.881,0.346,0.922,0.095,0.985,0.871,0.985,0.952,0.600,True,True,4,visible,20,0,,1,False,0.000,[1294]
1370,45.667,61,0.962,0.960,0.754,0.919,0.186,0.979,0.966,0.987,0.983,0.800,True,True,4,visible,290,0,,0,False,0.000,[]
1371,45.700,49,0.425,0.638,0.016,0.986,0.072,0.999,0.941,0.993,0.964,0.600,True,True,4,visible,60,0,,1,False,0.000,[1299]
1371,45.700,60,0.816,0.881,0.346,0.922,0.095,0.985,0.871,0.985,0.952,0.600,True,True,4,visible,21,0,,1,False,0.000,[1294]
1371,45.700,61,0.962,0.960,0.754,0.919,0.186,0.979,0.966,0.987,0.983,0.800,True,True,4,visible,291,0,,0,False,0.000,[]
1372,45.733,49,0.383,0.617,0.013,0.988,0.064,0.999,0.940,0.994,0.968,0.400,True,True,4,visible,61,0,,1,False,0.000,[1299]
1372,45.733,60,0.854,0.857,0.485,0.884,0.224,0.990,0.938,0.990,0.973,0.800,True,True,4,visible,22,0,,1,False,0.000,[1294]
1372,45.733,61,0.967,0.963,0.701,0.915,0.110,0.988,0.954,0.990,0.979,0.800,True,True,4,visible,292,0,,0,False,0.000,[]
1373,45.767,49,0.383,0.616,0.013,0.988,0.064,0.999,0.940,0.994,0.968,0.400,True,True,4,visible,62,0,,1,False,0.000,[1299]
1373,45.767,60,0.854,0.857,0.485,0.884,0.224,0.990,0.938,0.990,0.973,0.800,True,True,4,visible,23,0,,1,False,0.000,[1294]
1373,45.767,61,0.967,0.963,0.700,0.915,0.110,0.988,0.954,0.990,0.979,0.800,True,True,4,visible,293,0,,0,False,0.000,[]
1374,45.800,49,0.383,0.616,0.013,0.988,0.064,0.999,0.940,0.994,0.968,0.400,True,True,4,visible,63,0,,1,False,0.000,[1299]
1374,45.800,60,0.854,0.857,0.485,0.884,0.224,0.990,0.938,0.990,0.973,0.800,True,True,4,visible,24,0,,1,False,0.000,[1294]
1374,45.800,61,0.967,0.963,0.700,0.915,0.110,0.988,0.954,0.990,0.979,0.800,True,True,4,visible,294,0,,0,False,0.000,[]
1375,45.833,49,0.383,0.616,0.013,0.988,0.064,0.999,0.940,0.994,0.968,0.400,True,True,4,visible,64,0,,1,False,0.000,[1299]
1375,45.833,60,0.854,0.857,0.485,0.884,0.224,0.990,0.938,0.990,0.973,0.800,True,True,4,visible,25,0,,1,False,0.000,[1294]
1375,45.833,61,0.967,0.963,0.700,0.915,0.110,0.988,0.954,0.990,0.979,0.800,True,True,4,visible,295,0,,0,False,0.000,[]
1376,45.867,49,0.383,0.616,0.013,0.988,0.064,0.999,0.940,0.994,0.968,0.400,True,True,4,visible,65,0,,1,False,0.000,[1299]
1376,45.867,60,0.854,0.857,0.485,0.884,0.224,0.990,0.938,0.990,0.973,0.800,True,True,4,visible,26,0,,1,False,0.000,[1294]
1376,45.867,61,0.967,0.963,0.700,0.915,0.110,0.988,0.954,0.990,0.979,0.800,True,True,4,visible,296,0,,0,False,0.000,[]
1377,45.900,49,0.360,0.591,0.012,0.987,0.066,0.999,0.939,0.994,0.967,0.400,True,True,4,visible,66,0,,1,False,0.000,[1299]
1377,45.900,60,0.813,0.854,0.386,0.913,0.161,0.990,0.911,0.990,0.968,0.600,True,True,4,visible,27,0,,1,False,0.000,[1294]
1377,45.900,61,0.961,0.965,0.626,0.935,0.086,0.989,0.943,0.990,0.975,0.800,True,True,4,visible,297,0,,0,False,0.000,[]
1378,45.933,49,0.360,0.592,0.012,0.987,0.066,0.999,0.939,0.994,0.967,0.400,True,True,4,visible,67,0,,1,False,0.000,[1299]
1378,45.933,60,0.813,0.854,0.387,0.913,0.161,0.990,0.912,0.990,0.968,0.600,True,True,4,visible,28,0,,1,False,0.000,[1294]
1378,45.933,61,0.961,0.965,0.627,0.935,0.087,0.989,0.944,0.990,0.975,0.800,True,True,4,visible,298,0,,0,False,0.000,[]
1379,45.967,49,0.360,0.592,0.012,0.987,0.066,0.999,0.939,0.994,0.967,0.400,True,True,4,visible,68,0,,1,False,0.000,[1299]
1379,45.967,60,0.813,0.854,0.387,0.913,0.161,0.990,0.912,0.990,0.968,0.600,True,True,4,visible,29,0,,1,False,0.000,[1294]
1379,45.967,61,0.961,0.965,0.627,0.935,0.087,0.989,0.944,0.990,0.975,0.800,True,True,4,visible,299,0,,0,False,0.000,[]
1380,46.000,49,0.360,0.592,0.012,0.987,0.066,0.999,0.939,0.994,0.967,0.400,True,True,4,visible,69,0,,1,False,0.000,[1299]
1380,46.000,60,0.813,0.854,0.387,0.913,0.161,0.990,0.912,0.990,0.968,0.600,True,True,4,visible,30,0,,1,False,0.000,[1294]
1380,46.000,61,0.961,0.965,0.627,0.935,0.087,0.989,0.944,0.990,0.975,0.800,True,True,4,visible,300,0,,0,False,0.000,[]
1381,46.033,49,0.343,0.535,0.013,0.984,0.091,0.998,0.952,0.993,0.970,0.400,True,True,4,visible,70,0,,1,False,0.000,[1299]
1381,46.033,60,0.313,0.363,0.062,0.880,0.141,0.990,0.930,0.993,0.983,0.200,False,True,4,visible,0,1,,1,False,0.000,[1294]
1381,46.033,61,0.770,0.784,0.189,0.868,0.054,0.984,0.927,0.993,0.983,0.600,True,True,4,visible,301,0,,0,False,0.000,[]
1382,46.067,49,0.343,0.535,0.013,0.984,0.091,0.998,0.952,0.993,0.971,0.400,True,True,4,visible,71,0,,1,False,0.000,[1299]
1382,46.067,60,0.312,0.362,0.061,0.880,0.141,0.990,0.930,0.993,0.983,0.200,False,True,4,visible,0,2,,1,False,0.000,[1294]
1382,46.067,61,0.771,0.784,0.189,0.868,0.054,0.984,0.927,0.993,0.983,0.600,True,True,4,visible,302,0,,0,False,0.000,[]
1383,46.100,49,0.343,0.535,0.013,0.984,0.091,0.998,0.952,0.993,0.971,0.400,True,True,4,visible,72,0,,1,False,0.000,[1299]
1383,46.100,60,0.312,0.362,0.061,0.880,0.141,0.990,0.930,0.993,0.983,0.200,False,True,4,visible,0,3,,1,False,0.000,[1294]
1383,46.100,61,0.771,0.784,0.189,0.868,0.054,0.984,0.927,0.993,0.983,0.600,True,True,4,visible,303,0,,0,False,0.000,[]
1384,46.133,49,0.343,0.535,0.013,0.984,0.091,0.998,0.952,0.993,0.971,0.400,True,True,4,visible,73,0,,1,False,0.000,[1299]
1384,46.133,60,0.312,0.362,0.061,0.880,0.141,0.990,0.930,0.993,0.983,0.200,False,True,4,visible,0,4,,1,False,0.000,[1294]
1384,46.133,61,0.771,0.784,0.189,0.868,0.054,0.984,0.927,0.993,0.983,0.600,True,True,4,visible,304,0,,0,False,0.000,[]
1385,46.167,49,0.324,0.520,0.012,0.984,0.082,0.998,0.948,0.993,0.967,0.400,True,True,4,visible,74,0,,1,False,0.000,[1299]
1385,46.167,60,0.412,0.464,0.077,0.878,0.108,0.992,0.922,0.995,0.984,0.600,True,True,4,visible,1,0,,1,False,0.000,[1294]
1385,46.167,61,0.950,0.948,0.571,0.907,0.084,0.988,0.949,0.988,0.975,0.800,True,True,4,visible,305,0,,0,False,0.000,[]
1386,46.200,49,0.324,0.520,0.012,0.984,0.082,0.998,0.948,0.993,0.967,0.400,True,True,4,visible,75,0,,1,False,0.000,[1299]
1386,46.200,60,0.412,0.464,0.077,0.878,0.108,0.992,0.922,0.995,0.984,0.600,True,True,4,visible,2,0,,1,False,0.000,[1294]
1386,46.200,61,0.950,0.948,0.571,0.907,0.084,0.988,0.949,0.988,0.975,0.800,True,True,4,visible,306,0,,0,False,0.000,[]
1387,46.233,49,0.324,0.520,0.012,0.984,0.082,0.998,0.948,0.993,0.967,0.400,True,True,4,visible,76,0,,1,False,0.000,[1299]
1387,46.233,60,0.412,0.464,0.077,0.878,0.108,0.992,0.922,0.995,0.984,0.600,True,True,4,visible,3,0,,1,False,0.000,[1294]
1387,46.233,61,0.950,0.948,0.571,0.907,0.084,0.988,0.949,0.988,0.975,0.800,True,True,4,visible,307,0,,0,False,0.000,[]
1388,46.267,49,0.324,0.520,0.012,0.984,0.082,0.998,0.948,0.993,0.967,0.400,True,True,4,visible,77,0,,1,False,0.000,[1299]
1388,46.267,60,0.412,0.464,0.077,0.878,0.108,0.992,0.922,0.995,0.984,0.600,True,True,4,visible,4,0,,1,False,0.000,[1294]
1388,46.267,61,0.950,0.948,0.571,0.907,0.084,0.988,0.949,0.988,0.975,0.800,True,True,4,visible,308,0,,0,False,0.000,[]
1389,46.300,49,0.295,0.468,0.011,0.983,0.107,0.999,0.958,0.994,0.973,0.400,True,True,4,visible,78,0,,1,False,0.000,[1299]
1389,46.300,60,0.400,0.460,0.068,0.883,0.090,0.992,0.918,0.995,0.984,0.600,True,True,4,visible,5,0,,1,False,0.000,[1294]
1389,46.300,61,0.776,0.790,0.199,0.873,0.077,0.987,0.921,0.986,0.964,0.600,True,True,4,visible,309,0,,0,False,0.000,[]
1390,46.333,49,0.295,0.468,0.011,0.983,0.106,0.999,0.958,0.994,0.973,0.400,True,True,4,visible,79,0,,1,False,0.000,[1299]
1390,46.333,60,0.400,0.460,0.068,0.883,0.090,0.992,0.918,0.995,0.984,0.600,True,True,4,visible,6,0,,1,False,0.000,[1294]
1390,46.333,61,0.776,0.790,0.199,0.873,0.077,0.987,0.921,0.986,0.964,0.600,True,True,4,visible,310,0,,0,False,0.000,[]
1391,46.367,49,0.295,0.468,0.011,0.983,0.106,0.999,0.958,0.994,0.973,0.400,True,True,4,visible,80,0,,1,False,0.000,[1299]
1391,46.367,60,0.400,0.460,0.068,0.883,0.090,0.992,0.918,0.995,0.984,0.600,True,True,4,visible,7,0,,1,False,0.000,[1294]
1391,46.367,61,0.776,0.790,0.199,0.873,0.077,0.987,0.921,0.986,0.964,0.600,True,True,4,visible,311,0,,0,False,0.000,[]
1392,46.400,49,0.295,0.468,0.011,0.983,0.106,0.999,0.958,0.994,0.973,0.400,True,True,4,visible,81,0,,1,False,0.000,[1299]
1392,46.400,60,0.400,0.460,0.068,0.883,0.090,0.992,0.918,0.995,0.984,0.600,True,True,4,visible,8,0,,1,False,0.000,[1294]
1392,46.400,61,0.776,0.790,0.199,0.873,0.077,0.987,0.921,0.986,0.964,0.600,True,True,4,visible,312,0,,0,False,0.000,[]
1393,46.433,49,0.295,0.468,0.011,0.983,0.106,0.999,0.958,0.994,0.973,0.400,True,True,4,visible,82,0,,1,False,0.000,[1299]
1393,46.433,60,0.400,0.460,0.068,0.883,0.090,0.992,0.918,0.995,0.984,0.600,True,True,4,visible,9,0,,1,False,0.000,[1294]
1393,46.433,61,0.776,0.790,0.199,0.873,0.077,0.987,0.921,0.986,0.964,0.600,True,True,4,visible,313,0,,0,False,0.000,[]
1394,46.467,49,0.334,0.448,0.019,0.964,0.138,0.997,0.946,0.988,0.962,0.400,True,True,4,visible,83,0,,1,False,0.000,[1299]
1394,46.467,60,0.290,0.396,0.049,0.887,0.097,0.987,0.845,0.987,0.952,0.200,False,True,4,visible,0,1,,1,False,0.000,[1294]
1394,46.467,61,0.470,0.489,0.059,0.826,0.068,0.981,0.891,0.968,0.926,0.600,True,True,4,visible,314,0,,0,False,0.000,[]
1395,46.500,49,0.334,0.448,0.019,0.964,0.138,0.997,0.946,0.988,0.962,0.400,True,True,4,visible,84,0,,1,False,0.000,[1299]
1395,46.500,60,0.290,0.396,0.049,0.887,0.096,0.987,0.845,0.987,0.952,0.200,False,True,4,visible,0,2,,1,False,0.000,[1294]
1395,46.500,61,0.470,0.489,0.059,0.826,0.068,0.981,0.891,0.968,0.926,0.600,True,True,4,visible,315,0,,0,False,0.000,[]
1395,46.500,68,0.518,0.610,0.160,0.640,0.046,0.836,0.647,0.565,0.439,0.600,True,True,4,uncertain,1,0,,0,False,0.000,[]
1396,46.533,49,0.334,0.448,0.019,0.964,0.138,0.997,0.946,0.988,0.962,0.400,True,True,4,visible,85,0,,1,False,0.000,[1299]
1396,46.533,60,0.290,0.396,0.049,0.887,0.096,0.987,0.845,0.987,0.952,0.200,False,True,4,visible,0,3,,1,False,0.000,[1294]
1396,46.533,61,0.470,0.489,0.059,0.826,0.068,0.981,0.891,0.968,0.926,0.600,True,True,4,visible,316,0,,0,False,0.000,[]
1396,46.533,68,0.518,0.610,0.160,0.640,0.046,0.836,0.647,0.565,0.439,0.600,True,True,4,uncertain,2,0,,0,False,0.000,[]
1397,46.567,49,0.334,0.448,0.019,0.964,0.138,0.997,0.946,0.988,0.962,0.400,True,True,4,visible,86,0,,1,False,0.000,[1299]
1397,46.567,60,0.290,0.396,0.049,0.887,0.096,0.987,0.845,0.987,0.952,0.200,False,True,4,visible,0,4,,1,False,0.000,[1294]
1397,46.567,61,0.470,0.489,0.059,0.826,0.068,0.981,0.891,0.968,0.926,0.600,True,True,4,visible,317,0,,0,False,0.000,[]
1397,46.567,68,0.518,0.610,0.160,0.640,0.046,0.836,0.647,0.565,0.439,0.600,True,True,4,visible,3,0,,0,False,0.000,[]
1398,46.600,49,0.318,0.443,0.017,0.965,0.118,0.997,0.943,0.988,0.961,0.400,True,True,4,visible,87,0,,1,False,0.000,[1299]
1398,46.600,60,0.243,0.361,0.043,0.887,0.114,0.982,0.781,0.973,0.907,0.200,False,True,4,hidden,0,5,head_turn_away,2,False,0.000,"[1294, 1398]"
1398,46.600,61,0.459,0.468,0.055,0.802,0.059,0.975,0.891,0.959,0.917,0.600,True,True,4,visible,318,0,,0,False,0.000,[]
1398,46.600,68,0.393,0.485,0.066,0.689,0.027,0.815,0.603,0.542,0.416,0.400,True,True,4,visible,4,0,,0,False,0.000,[]
1399,46.633,49,0.317,0.442,0.017,0.965,0.118,0.997,0.943,0.988,0.961,0.400,True,True,4,visible,88,0,,1,False,0.000,[1299]
1399,46.633,60,0.243,0.361,0.043,0.887,0.114,0.982,0.781,0.973,0.907,0.200,False,True,4,hidden,0,6,,2,False,0.000,"[1294, 1398]"
1399,46.633,61,0.459,0.468,0.055,0.802,0.059,0.975,0.891,0.959,0.917,0.600,True,True,4,visible,319,0,,0,False,0.000,[]
1399,46.633,68,0.393,0.485,0.066,0.689,0.027,0.815,0.603,0.542,0.416,0.400,True,True,4,visible,5,0,,0,False,0.000,[]
1400,46.667,49,0.317,0.442,0.017,0.965,0.118,0.997,0.943,0.988,0.961,0.400,True,True,4,visible,89,0,,1,False,0.000,[1299]
1400,46.667,60,0.243,0.361,0.043,0.887,0.114,0.982,0.781,0.973,0.907,0.200,False,True,4,hidden,0,7,,2,False,0.000,"[1294, 1398]"
1400,46.667,61,0.459,0.468,0.055,0.802,0.059,0.975,0.891,0.959,0.917,0.600,True,True,4,visible,320,0,,0,False,0.000,[]
1400,46.667,68,0.393,0.485,0.066,0.689,0.027,0.815,0.603,0.542,0.416,0.400,True,True,4,visible,6,0,,0,False,0.000,[]
1401,46.700,49,0.317,0.442,0.017,0.965,0.118,0.997,0.943,0.988,0.961,0.400,True,True,4,visible,90,0,,1,False,0.000,[1299]
1401,46.700,60,0.243,0.361,0.043,0.887,0.114,0.982,0.781,0.973,0.907,0.200,False,True,4,hidden,0,8,,2,False,0.000,"[1294, 1398]"
1401,46.700,61,0.459,0.468,0.055,0.802,0.059,0.975,0.891,0.959,0.917,0.600,True,True,4,visible,321,0,,0,False,0.000,[]
1401,46.700,68,0.393,0.485,0.066,0.689,0.027,0.815,0.603,0.542,0.416,0.400,True,True,4,visible,7,0,,0,False,0.000,[]
1402,46.733,49,0.345,0.485,0.019,0.969,0.122,0.996,0.944,0.987,0.959,0.400,True,True,4,visible,91,0,,1,False,0.000,[1299]
1402,46.733,60,0.153,0.207,0.038,0.858,0.224,0.957,0.890,0.970,0.956,0.200,False,True,4,hidden,0,9,,2,False,0.000,"[1294, 1398]"
1402,46.733,68,0.502,0.595,0.097,0.730,0.032,0.802,0.602,0.486,0.377,0.600,True,True,3,visible,8,0,,0,False,0.000,[]
1403,46.767,49,0.345,0.485,0.019,0.969,0.122,0.996,0.944,0.987,0.959,0.400,True,True,4,visible,92,0,,1,False,0.000,[1299]
1403,46.767,60,0.153,0.207,0.038,0.858,0.224,0.957,0.890,0.970,0.956,0.200,False,True,4,hidden,0,10,,2,False,0.000,"[1294, 1398]"
1403,46.767,68,0.502,0.595,0.097,0.730,0.032,0.801,0.602,0.486,0.377,0.600,True,True,3,visible,9,0,,0,False,0.000,[]
1403,46.767,69,0.804,0.768,0.346,0.787,0.149,0.946,0.938,0.934,0.924,0.600,True,True,4,uncertain,1,0,,0,False,0.000,[]
1404,46.800,49,0.345,0.485,0.019,0.969,0.122,0.996,0.944,0.987,0.959,0.400,True,True,4,visible,93,0,,1,False,0.000,[1299]
1404,46.800,60,0.153,0.207,0.038,0.858,0.224,0.957,0.890,0.970,0.956,0.200,False,True,4,hidden,0,11,,2,False,0.000,"[1294, 1398]"
1404,46.800,68,0.502,0.595,0.097,0.730,0.032,0.801,0.602,0.486,0.377,0.600,True,True,3,visible,10,0,,0,False,0.000,[]
1404,46.800,69,0.804,0.768,0.346,0.787,0.149,0.946,0.938,0.934,0.924,0.600,True,True,4,uncertain,2,0,,0,False,0.000,[]
1405,46.833,49,0.345,0.485,0.019,0.969,0.122,0.996,0.944,0.987,0.959,0.400,True,True,4,visible,94,0,,1,False,0.000,[1299]
1405,46.833,60,0.153,0.207,0.038,0.858,0.224,0.957,0.890,0.970,0.956,0.200,False,True,4,hidden,0,12,,2,False,0.000,"[1294, 1398]"
1405,46.833,68,0.502,0.595,0.097,0.730,0.032,0.801,0.602,0.486,0.377,0.600,True,True,3,visible,11,0,,0,False,0.000,[]
1405,46.833,69,0.804,0.768,0.346,0.787,0.149,0.946,0.938,0.934,0.924,0.600,True,True,4,visible,3,0,,0,False,0.000,[]
1406,46.867,49,0.345,0.485,0.019,0.969,0.122,0.996,0.944,0.987,0.959,0.400,True,True,4,visible,95,0,,1,False,0.000,[1299]
1406,46.867,60,0.153,0.207,0.038,0.858,0.224,0.957,0.890,0.970,0.956,0.200,False,True,4,hidden,0,13,,2,False,0.000,"[1294, 1398]"
1406,46.867,68,0.502,0.595,0.097,0.730,0.032,0.801,0.602,0.486,0.377,0.600,True,True,3,visible,12,0,,0,False,0.000,[]
1406,46.867,69,0.804,0.768,0.346,0.787,0.149,0.946,0.938,0.934,0.924,0.600,True,True,4,visible,4,0,,0,False,0.000,[]
1407,46.900,49,0.330,0.474,0.019,0.969,0.125,0.996,0.944,0.987,0.961,0.400,True,True,4,visible,96,0,,1,False,0.000,[1299]
1407,46.900,60,0.145,0.218,0.031,0.888,0.198,0.971,0.876,0.974,0.950,0.200,False,True,4,hidden,0,14,,2,False,0.000,"[1294, 1398]"
1407,46.900,68,0.294,0.426,0.045,0.686,0.022,0.850,0.556,0.789,0.650,0.400,True,True,4,visible,13,0,,0,False,0.000,[]
1407,46.900,69,0.819,0.803,0.334,0.823,0.153,0.964,0.932,0.945,0.920,0.600,True,True,4,visible,5,0,,0,False,0.000,[]
1408,46.933,49,0.330,0.474,0.019,0.969,0.125,0.996,0.945,0.987,0.961,0.400,True,True,4,visible,97,0,,1,False,0.000,[1299]
1408,46.933,60,0.146,0.219,0.031,0.888,0.198,0.971,0.876,0.974,0.950,0.200,False,True,4,hidden,0,15,,2,False,0.000,"[1294, 1398]"
1408,46.933,68,0.294,0.425,0.045,0.685,0.022,0.850,0.556,0.789,0.651,0.400,True,True,4,visible,14,0,,0,False,0.000,[]
1408,46.933,69,0.819,0.803,0.334,0.823,0.153,0.963,0.932,0.945,0.919,0.600,True,True,4,visible,6,0,,0,False,0.000,[]
1409,46.967,49,0.330,0.474,0.019,0.969,0.125,0.996,0.945,0.987,0.961,0.400,True,True,4,visible,98,0,,1,False,0.000,[1299]
1409,46.967,60,0.146,0.219,0.031,0.888,0.198,0.971,0.876,0.974,0.950,0.200,False,True,4,hidden,0,16,,2,False,0.000,"[1294, 1398]"
1409,46.967,68,0.294,0.425,0.045,0.685,0.022,0.850,0.556,0.789,0.651,0.400,True,True,4,visible,15,0,,0,False,0.000,[]
1409,46.967,69,0.819,0.803,0.334,0.823,0.153,0.963,0.932,0.945,0.919,0.600,True,True,4,visible,7,0,,0,False,0.000,[]
1410,47.000,49,0.330,0.474,0.019,0.969,0.125,0.996,0.945,0.987,0.961,0.400,True,True,4,visible,99,0,,1,False,0.000,[1299]
1410,47.000,60,0.146,0.219,0.031,0.888,0.198,0.971,0.876,0.974,0.950,0.200,False,True,4,hidden,0,17,,2,False,0.000,"[1294, 1398]"
1410,47.000,68,0.294,0.425,0.045,0.685,0.022,0.850,0.556,0.789,0.651,0.400,True,True,4,visible,16,0,,0,False,0.000,[]
1410,47.000,69,0.819,0.803,0.334,0.823,0.153,0.963,0.932,0.945,0.919,0.600,True,True,4,visible,8,0,,0,False,0.000,[]
1411,47.033,49,0.484,0.704,0.026,0.986,0.086,0.997,0.942,0.990,0.963,0.600,True,True,4,visible,100,0,,1,False,0.000,[1299]
1411,47.033,61,0.647,0.662,0.107,0.930,0.154,0.993,0.973,0.975,0.956,0.600,True,True,4,visible,322,0,,0,False,0.000,[]
1412,47.067,49,0.484,0.704,0.026,0.987,0.086,0.997,0.942,0.990,0.963,0.600,True,True,4,visible,101,0,,1,False,0.000,[1299]
1412,47.067,70,0.627,0.701,0.121,0.898,0.070,0.942,0.883,0.620,0.528,0.600,True,True,4,uncertain,1,0,,0,False,0.000,[]
1412,47.067,61,0.646,0.662,0.107,0.930,0.154,0.993,0.973,0.975,0.956,0.600,True,True,4,visible,323,0,,0,False,0.000,[]
1413,47.100,49,0.484,0.704,0.026,0.987,0.086,0.997,0.942,0.990,0.963,0.600,True,True,4,visible,102,0,,1,False,0.000,[1299]
1413,47.100,70,0.627,0.701,0.121,0.898,0.070,0.942,0.883,0.620,0.528,0.600,True,True,4,uncertain,2,0,,0,False,0.000,[]
1413,47.100,61,0.646,0.662,0.107,0.930,0.154,0.993,0.973,0.975,0.956,0.600,True,True,4,visible,324,0,,0,False,0.000,[]
1414,47.133,49,0.484,0.704,0.026,0.987,0.086,0.997,0.942,0.990,0.963,0.600,True,True,4,visible,103,0,,1,False,0.000,[1299]
1414,47.133,70,0.627,0.701,0.121,0.898,0.070,0.942,0.883,0.620,0.528,0.600,True,True,4,visible,3,0,,0,False,0.000,[]
1414,47.133,61,0.646,0.662,0.107,0.930,0.154,0.993,0.973,0.975,0.956,0.600,True,True,4,visible,325,0,,0,False,0.000,[]
1415,47.167,49,0.546,0.760,0.026,0.986,0.054,0.998,0.920,0.993,0.959,0.600,True,True,4,visible,104,0,,1,False,0.000,[1299]
1415,47.167,70,0.490,0.568,0.053,0.903,0.039,0.913,0.839,0.555,0.475,0.600,True,True,4,visible,4,0,,0,False,0.000,[]
1415,47.167,61,0.611,0.653,0.082,0.943,0.132,0.993,0.977,0.976,0.963,0.600,True,True,4,visible,326,0,,0,False,0.000,[]
1415,47.167,60,0.375,0.520,0.076,0.908,0.098,0.971,0.812,0.926,0.828,0.400,True,True,4,hidden,1,0,,2,False,0.000,"[1294, 1398]"
1416,47.200,49,0.546,0.760,0.026,0.986,0.055,0.998,0.920,0.993,0.959,0.600,True,True,4,visible,105,0,,1,False,0.000,[1299]
1416,47.200,70,0.490,0.567,0.053,0.903,0.039,0.913,0.839,0.555,0.476,0.600,True,True,4,visible,5,0,,0,False,0.000,[]
1416,47.200,61,0.612,0.653,0.082,0.943,0.132,0.993,0.977,0.976,0.963,0.600,True,True,4,visible,327,0,,0,False,0.000,[]
1416,47.200,60,0.375,0.520,0.076,0.908,0.098,0.971,0.812,0.926,0.828,0.400,True,True,4,hidden,2,0,,2,False,0.000,"[1294, 1398]"
1417,47.233,49,0.546,0.760,0.026,0.986,0.055,0.998,0.920,0.993,0.959,0.600,True,True,4,visible,106,0,,1,False,0.000,[1299]
1417,47.233,70,0.490,0.567,0.053,0.903,0.039,0.913,0.839,0.555,0.476,0.600,True,True,4,visible,6,0,,0,False,0.000,[]
1417,47.233,61,0.612,0.653,0.082,0.943,0.132,0.993,0.977,0.976,0.963,0.600,True,True,4,visible,328,0,,0,False,0.000,[]
1417,47.233,60,0.375,0.520,0.076,0.908,0.098,0.971,0.812,0.926,0.828,0.400,True,True,4,visible,3,0,,2,False,0.000,"[1294, 1398]"
1418,47.267,49,0.546,0.760,0.026,0.986,0.055,0.998,0.920,0.993,0.959,0.600,True,True,4,visible,107,0,,1,False,0.000,[1299]
1418,47.267,70,0.490,0.567,0.053,0.903,0.039,0.913,0.839,0.555,0.476,0.600,True,True,4,visible,7,0,,0,False,0.000,[]
1418,47.267,61,0.612,0.653,0.082,0.943,0.132,0.993,0.977,0.976,0.963,0.600,True,True,4,visible,329,0,,0,False,0.000,[]
1418,47.267,60,0.375,0.520,0.076,0.908,0.098,0.971,0.812,0.926,0.828,0.400,True,True,4,visible,4,0,,2,False,0.000,"[1294, 1398]"
1419,47.300,49,0.624,0.719,0.060,0.970,0.113,0.996,0.954,0.987,0.964,0.600,True,True,4,visible,108,0,,1,False,0.000,[1299]
1419,47.300,70,0.481,0.540,0.059,0.864,0.036,0.892,0.814,0.491,0.417,0.600,True,True,4,visible,8,0,,0,False,0.000,[]
1419,47.300,61,0.771,0.824,0.216,0.932,0.164,0.988,0.942,0.935,0.887,0.600,True,True,4,visible,330,0,,0,False,0.000,[]
1419,47.300,60,0.397,0.543,0.050,0.930,0.071,0.970,0.854,0.918,0.820,0.400,True,True,4,visible,5,0,,2,False,0.000,"[1294, 1398]"
1419,47.300,69,0.879,0.904,0.411,0.919,0.193,0.982,0.918,0.943,0.876,0.800,True,True,4,visible,9,0,,0,False,0.000,[]
1420,47.333,49,0.624,0.719,0.060,0.970,0.113,0.996,0.954,0.987,0.964,0.600,True,True,4,visible,109,0,,1,False,0.000,[1299]
1420,47.333,70,0.482,0.540,0.060,0.864,0.036,0.892,0.814,0.491,0.417,0.600,True,True,4,visible,9,0,,0,False,0.000,[]
1420,47.333,61,0.770,0.823,0.215,0.932,0.164,0.988,0.942,0.935,0.887,0.600,True,True,4,visible,331,0,,0,False,0.000,[]
1420,47.333,60,0.400,0.546,0.051,0.931,0.072,0.970,0.855,0.918,0.821,0.400,True,True,4,visible,6,0,,2,False,0.000,"[1294, 1398]"
1420,47.333,69,0.878,0.904,0.412,0.918,0.194,0.982,0.918,0.943,0.876,0.800,True,True,4,visible,10,0,,0,False,0.000,[]
1421,47.367,49,0.624,0.719,0.060,0.970,0.113,0.996,0.954,0.987,0.964,0.600,True,True,4,visible,110,0,,1,False,0.000,[1299]
1421,47.367,70,0.482,0.540,0.060,0.864,0.036,0.892,0.814,0.491,0.417,0.600,True,True,4,visible,10,0,,0,False,0.000,[]
1421,47.367,61,0.770,0.823,0.215,0.932,0.164,0.988,0.942,0.935,0.887,0.600,True,True,4,visible,332,0,,0,False,0.000,[]
1421,47.367,60,0.400,0.546,0.051,0.931,0.072,0.970,0.855,0.918,0.821,0.400,True,True,4,visible,7,0,,2,False,0.000,"[1294, 1398]"
1421,47.367,69,0.878,0.904,0.412,0.918,0.194,0.982,0.918,0.943,0.876,0.800,True,True,4,visible,11,0,,0,False,0.000,[]
1422,47.400,49,0.624,0.719,0.060,0.970,0.113,0.996,0.954,0.987,0.964,0.600,True,True,4,visible,111,0,,1,False,0.000,[1299]
1422,47.400,70,0.482,0.540,0.060,0.864,0.036,0.892,0.814,0.491,0.417,0.600,True,True,4,visible,11,0,,0,False,0.000,[]
1422,47.400,61,0.770,0.823,0.215,0.932,0.164,0.988,0.942,0.935,0.887,0.600,True,True,4,visible,333,0,,0,False,0.000,[]
1422,47.400,60,0.400,0.546,0.051,0.931,0.072,0.970,0.855,0.918,0.821,0.400,True,True,4,visible,8,0,,2,False,0.000,"[1294, 1398]"
1422,47.400,69,0.878,0.904,0.412,0.918,0.194,0.982,0.918,0.943,0.876,0.800,True,True,4,visible,12,0,,0,False,0.000,[]
1423,47.433,49,0.624,0.719,0.060,0.970,0.113,0.996,0.954,0.987,0.964,0.600,True,True,4,visible,112,0,,1,False,0.000,[1299]
1423,47.433,70,0.482,0.540,0.060,0.864,0.036,0.892,0.814,0.491,0.417,0.600,True,True,4,visible,12,0,,0,False,0.000,[]
1423,47.433,61,0.770,0.823,0.215,0.932,0.164,0.988,0.942,0.935,0.887,0.600,True,True,4,visible,334,0,,0,False,0.000,[]
1423,47.433,60,0.400,0.546,0.051,0.931,0.072,0.970,0.855,0.918,0.821,0.400,True,True,4,visible,9,0,,2,False,0.000,"[1294, 1398]"
1423,47.433,69,0.878,0.904,0.412,0.918,0.194,0.982,0.918,0.943,0.876,0.800,True,True,4,visible,13,0,,0,False,0.000,[]
1424,47.467,49,0.527,0.665,0.033,0.977,0.081,0.997,0.946,0.987,0.955,0.600,True,True,4,visible,113,0,,1,False,0.000,[1299]
1424,47.467,70,0.246,0.302,0.022,0.837,0.028,0.865,0.768,0.507,0.430,0.200,False,True,4,visible,0,1,,0,False,0.000,[]
1424,47.467,61,0.590,0.619,0.111,0.910,0.127,0.986,0.968,0.961,0.950,0.600,True,True,4,visible,335,0,,0,False,0.000,[]
1424,47.467,60,0.464,0.551,0.124,0.870,0.184,0.961,0.855,0.927,0.869,0.600,True,True,4,visible,10,0,,2,False,0.000,"[1294, 1398]"
1424,47.467,69,0.906,0.934,0.449,0.931,0.158,0.982,0.893,0.939,0.848,0.800,True,True,4,visible,14,0,,0,False,0.000,[]
1425,47.500,49,0.527,0.665,0.033,0.978,0.081,0.997,0.946,0.987,0.956,0.600,True,True,4,visible,114,0,,1,False,0.000,[1299]
1425,47.500,70,0.246,0.302,0.022,0.837,0.028,0.865,0.768,0.507,0.430,0.200,False,True,4,visible,0,2,,0,False,0.000,[]
1425,47.500,61,0.590,0.619,0.111,0.910,0.127,0.986,0.968,0.961,0.950,0.600,True,True,4,visible,336,0,,0,False,0.000,[]
1425,47.500,60,0.464,0.551,0.124,0.870,0.184,0.961,0.855,0.927,0.869,0.600,True,True,4,visible,11,0,,2,False,0.000,"[1294, 1398]"
1425,47.500,69,0.906,0.934,0.449,0.931,0.158,0.982,0.894,0.939,0.848,0.800,True,True,4,visible,15,0,,0,False,0.000,[]
1426,47.533,49,0.527,0.665,0.033,0.978,0.081,0.997,0.946,0.987,0.956,0.600,True,True,4,visible,115,0,,1,False,0.000,[1299]
1426,47.533,70,0.246,0.302,0.022,0.837,0.028,0.865,0.768,0.507,0.430,0.200,False,True,4,visible,0,3,,0,False,0.000,[]
1426,47.533,61,0.590,0.619,0.111,0.910,0.127,0.986,0.968,0.961,0.950,0.600,True,True,4,visible,337,0,,0,False,0.000,[]
1426,47.533,60,0.464,0.551,0.124,0.870,0.184,0.961,0.855,0.927,0.869,0.600,True,True,4,visible,12,0,,2,False,0.000,"[1294, 1398]"
1426,47.533,69,0.906,0.934,0.449,0.931,0.158,0.982,0.894,0.939,0.848,0.800,True,True,4,visible,16,0,,0,False,0.000,[]
1427,47.567,49,0.527,0.665,0.033,0.978,0.081,0.997,0.946,0.987,0.956,0.600,True,True,4,visible,116,0,,1,False,0.000,[1299]
1427,47.567,70,0.246,0.302,0.022,0.837,0.028,0.865,0.768,0.507,0.430,0.200,False,True,4,visible,0,4,,0,False,0.000,[]
1427,47.567,61,0.590,0.619,0.111,0.910,0.127,0.986,0.968,0.961,0.950,0.600,True,True,4,visible,338,0,,0,False,0.000,[]
1427,47.567,60,0.464,0.551,0.124,0.870,0.184,0.961,0.855,0.927,0.869,0.600,True,True,4,visible,13,0,,2,False,0.000,"[1294, 1398]"
1427,47.567,69,0.906,0.934,0.449,0.931,0.158,0.982,0.894,0.939,0.848,0.800,True,True,4,visible,17,0,,0,False,0.000,[]
1428,47.600,49,0.650,0.766,0.051,0.980,0.086,0.998,0.956,0.995,0.975,0.600,True,True,4,visible,117,0,,1,False,0.000,[1299]
1428,47.600,61,0.664,0.664,0.142,0.901,0.140,0.984,0.971,0.958,0.950,0.600,True,True,4,visible,339,0,,0,False,0.000,[]
1428,47.600,60,0.497,0.594,0.132,0.884,0.178,0.965,0.861,0.947,0.899,0.600,True,True,4,visible,14,0,,2,False,0.000,"[1294, 1398]"
1428,47.600,69,0.892,0.909,0.455,0.906,0.187,0.979,0.919,0.953,0.903,0.800,True,True,4,visible,18,0,,0,False,0.000,[]
1428,47.600,68,0.289,0.409,0.047,0.661,0.022,0.874,0.573,0.806,0.657,0.400,True,True,4,visible,17,0,,0,False,0.000,[]
1429,47.633,49,0.651,0.766,0.051,0.980,0.086,0.998,0.956,0.995,0.975,0.600,True,True,4,visible,118,0,,1,False,0.000,[1299]
1429,47.633,61,0.665,0.665,0.143,0.902,0.141,0.984,0.971,0.958,0.949,0.600,True,True,4,visible,340,0,,0,False,0.000,[]
1429,47.633,60,0.497,0.594,0.132,0.884,0.178,0.965,0.861,0.947,0.899,0.600,True,True,4,visible,15,0,,2,False,0.000,"[1294, 1398]"
1429,47.633,69,0.893,0.910,0.456,0.906,0.187,0.979,0.919,0.953,0.903,0.800,True,True,4,visible,19,0,,0,False,0.000,[]
1429,47.633,68,0.289,0.409,0.047,0.660,0.022,0.874,0.573,0.806,0.657,0.400,True,True,4,visible,18,0,,0,False,0.000,[]
1430,47.667,49,0.651,0.766,0.051,0.980,0.086,0.998,0.956,0.995,0.975,0.600,True,True,4,visible,119,0,,1,False,0.000,[1299]
1430,47.667,61,0.665,0.665,0.143,0.902,0.141,0.984,0.971,0.958,0.949,0.600,True,True,4,visible,341,0,,0,False,0.000,[]
1430,47.667,60,0.497,0.594,0.132,0.884,0.178,0.965,0.861,0.947,0.899,0.600,True,True,4,visible,16,0,,2,False,0.000,"[1294, 1398]"
1430,47.667,69,0.893,0.910,0.456,0.906,0.187,0.979,0.919,0.953,0.903,0.800,True,True,4,visible,20,0,,0,False,0.000,[]
1430,47.667,68,0.289,0.409,0.047,0.660,0.022,0.874,0.573,0.806,0.657,0.400,True,True,4,visible,19,0,,0,False,0.000,[]
1431,47.700,49,0.651,0.766,0.051,0.980,0.086,0.998,0.956,0.995,0.975,0.600,True,True,4,visible,120,0,,1,False,0.000,[1299]
1431,47.700,61,0.665,0.665,0.143,0.902,0.141,0.984,0.971,0.958,0.949,0.600,True,True,4,visible,342,0,,0,False,0.000,[]
1431,47.700,60,0.497,0.594,0.132,0.884,0.178,0.965,0.861,0.947,0.899,0.600,True,True,4,visible,17,0,,2,False,0.000,"[1294, 1398]"
1431,47.700,69,0.893,0.910,0.456,0.906,0.187,0.979,0.919,0.953,0.903,0.800,True,True,4,visible,21,0,,0,False,0.000,[]
1431,47.700,68,0.289,0.409,0.047,0.660,0.022,0.874,0.573,0.806,0.657,0.400,True,True,4,visible,20,0,,0,False,0.000,[]
1432,47.733,49,0.654,0.803,0.050,0.986,0.062,0.998,0.962,0.996,0.986,0.600,True,True,4,visible,121,0,,1,False,0.000,[1299]
1432,47.733,60,0.527,0.647,0.130,0.891,0.135,0.970,0.832,0.962,0.913,0.600,True,True,4,visible,18,0,,2,False,0.000,"[1294, 1398]"
1432,47.733,69,0.778,0.784,0.276,0.862,0.176,0.975,0.928,0.960,0.929,0.600,True,True,4,visible,22,0,,0,False,0.000,[]
1432,47.733,68,0.208,0.304,0.031,0.609,0.019,0.825,0.498,0.750,0.592,0.200,False,True,4,visible,0,1,,0,False,0.000,[]
1433,47.767,49,0.658,0.804,0.051,0.986,0.062,0.998,0.962,0.997,0.986,0.600,True,True,4,visible,122,0,,1,False,0.000,[1299]
1433,47.767,60,0.526,0.647,0.130,0.891,0.135,0.970,0.832,0.962,0.913,0.600,True,True,4,visible,19,0,,2,False,0.000,"[1294, 1398]"
1433,47.767,69,0.777,0.784,0.275,0.862,0.177,0.975,0.928,0.959,0.929,0.600,True,True,4,visible,23,0,,0,False,0.000,[]
1433,47.767,68,0.208,0.304,0.031,0.609,0.019,0.826,0.498,0.750,0.592,0.200,False,True,4,visible,0,2,,0,False,0.000,[]
1434,47.800,49,0.658,0.804,0.051,0.986,0.062,0.998,0.962,0.997,0.986,0.600,True,True,4,visible,123,0,,1,False,0.000,[1299]
1434,47.800,60,0.526,0.647,0.130,0.891,0.135,0.970,0.832,0.962,0.913,0.600,True,True,4,visible,20,0,,2,False,0.000,"[1294, 1398]"
1434,47.800,69,0.777,0.784,0.275,0.862,0.177,0.975,0.928,0.959,0.929,0.600,True,True,4,visible,24,0,,0,False,0.000,[]
1434,47.800,68,0.208,0.304,0.031,0.609,0.019,0.826,0.498,0.750,0.592,0.200,False,True,4,visible,0,3,,0,False,0.000,[]
1435,47.833,49,0.658,0.804,0.051,0.986,0.062,0.998,0.962,0.997,0.986,0.600,True,True,4,visible,124,0,,1,False,0.000,[1299]
1435,47.833,60,0.526,0.647,0.130,0.891,0.135,0.970,0.832,0.962,0.913,0.600,True,True,4,visible,21,0,,2,False,0.000,"[1294, 1398]"
1435,47.833,69,0.777,0.784,0.275,0.862,0.177,0.975,0.928,0.959,0.929,0.600,True,True,4,visible,25,0,,0,False,0.000,[]
1435,47.833,68,0.208,0.304,0.031,0.609,0.019,0.826,0.498,0.750,0.592,0.200,False,True,4,visible,0,4,,0,False,0.000,[]
1436,47.867,49,0.658,0.804,0.051,0.986,0.062,0.998,0.962,0.997,0.986,0.600,True,True,4,visible,125,0,,1,False,0.000,[1299]
1436,47.867,60,0.526,0.647,0.130,0.891,0.135,0.970,0.832,0.962,0.913,0.600,True,True,4,visible,22,0,,2,False,0.000,"[1294, 1398]"
1436,47.867,69,0.777,0.784,0.275,0.862,0.177,0.975,0.928,0.959,0.929,0.600,True,True,4,visible,26,0,,0,False,0.000,[]
1436,47.867,68,0.208,0.304,0.031,0.609,0.019,0.826,0.498,0.750,0.592,0.200,False,True,4,hidden,0,5,head_turn_away,1,False,0.000,[1436]
1437,47.900,49,0.840,0.923,0.093,0.988,0.039,0.999,0.949,0.997,0.984,0.600,True,True,4,visible,126,0,,1,False,0.000,[1299]
1437,47.900,60,0.552,0.691,0.125,0.911,0.117,0.974,0.826,0.967,0.918,0.600,True,True,4,visible,23,0,,2,False,0.000,"[1294, 1398]"
1437,47.900,69,0.773,0.817,0.238,0.913,0.170,0.982,0.917,0.947,0.885,0.600,True,True,4,visible,27,0,,0,False,0.000,[]
1437,47.900,70,0.233,0.284,0.022,0.862,0.038,0.885,0.804,0.524,0.451,0.200,False,True,4,hidden,0,5,head_turn_away,1,False,0.000,[1437]
1437,47.900,61,0.416,0.374,0.058,0.656,0.046,0.954,0.915,0.974,0.964,0.400,True,True,4,visible,343,0,,0,False,0.000,[]
1438,47.933,49,0.840,0.924,0.093,0.988,0.038,0.998,0.948,0.997,0.983,0.600,True,True,4,visible,127,0,,1,False,0.000,[1299]
1438,47.933,60,0.551,0.691,0.125,0.911,0.117,0.974,0.826,0.967,0.918,0.600,True,True,4,visible,24,0,,2,False,0.000,"[1294, 1398]"
1438,47.933,69,0.773,0.817,0.238,0.913,0.170,0.982,0.917,0.947,0.885,0.600,True,True,4,visible,28,0,,0,False,0.000,[]
1438,47.933,70,0.233,0.284,0.022,0.862,0.038,0.885,0.804,0.524,0.451,0.200,False,True,4,hidden,0,6,,1,False,0.000,[1437]
1438,47.933,61,0.418,0.375,0.059,0.658,0.046,0.954,0.915,0.974,0.964,0.400,True,True,4,visible,344,0,,0,False,0.000,[]
1439,47.967,49,0.840,0.924,0.093,0.988,0.038,0.998,0.948,0.997,0.983,0.600,True,True,4,visible,128,0,,1,False,0.000,[1299]
1439,47.967,60,0.551,0.691,0.125,0.911,0.117,0.974,0.826,0.967,0.918,0.600,True,True,4,visible,25,0,,2,False,0.000,"[1294, 1398]"
1439,47.967,69,0.773,0.817,0.238,0.913,0.170,0.982,0.917,0.947,0.885,0.600,True,True,4,visible,29,0,,0,False,0.000,[]
1439,47.967,70,0.233,0.284,0.022,0.862,0.038,0.885,0.804,0.524,0.451,0.200,False,True,4,hidden,0,7,,1,False,0.000,[1437]
1439,47.967,61,0.418,0.375,0.059,0.658,0.046,0.954,0.915,0.974,0.964,0.400,True,True,4,visible,345,0,,0,False,0.000,[]
1440,48.000,49,0.840,0.924,0.093,0.988,0.038,0.998,0.948,0.997,0.983,0.600,True,True,4,visible,129,0,,1,False,0.000,[1299]
1440,48.000,60,0.551,0.691,0.125,0.911,0.117,0.974,0.826,0.967,0.918,0.600,True,True,4,visible,26,0,,2,False,0.000,"[1294, 1398]"
1440,48.000,69,0.773,0.817,0.238,0.913,0.170,0.982,0.917,0.947,0.885,0.600,True,True,4,visible,30,0,,0,False,0.000,[]
1440,48.000,70,0.233,0.284,0.022,0.862,0.038,0.885,0.804,0.524,0.451,0.200,False,True,4,hidden,0,8,,1,False,0.000,[1437]
1440,48.000,61,0.418,0.375,0.059,0.658,0.046,0.954,0.915,0.974,0.964,0.400,True,True,4,visible,346,0,,0,False,0.000,[]
1441,48.033,49,0.860,0.927,0.144,0.982,0.048,0.997,0.934,0.995,0.976,0.600,True,True,4,visible,130,0,,1,False,0.000,[1299]
1441,48.033,60,0.479,0.604,0.109,0.918,0.184,0.973,0.859,0.925,0.850,0.600,True,True,4,visible,27,0,,2,False,0.000,"[1294, 1398]"
1441,48.033,69,0.643,0.692,0.128,0.918,0.150,0.976,0.927,0.867,0.796,0.600,True,True,4,visible,31,0,,0,False,0.000,[]
1441,48.033,70,0.439,0.504,0.043,0.913,0.043,0.929,0.878,0.559,0.490,0.600,True,True,4,hidden,1,0,,1,False,0.000,[1437]
1441,48.033,61,0.780,0.754,0.255,0.837,0.123,0.973,0.956,0.948,0.940,0.600,True,True,4,visible,347,0,,0,False,0.000,[]
1441,48.033,68,0.611,0.696,0.180,0.698,0.043,0.813,0.636,0.501,0.397,0.600,True,True,3,hidden,1,0,,1,False,0.000,[1436]
1442,48.067,49,0.860,0.927,0.144,0.982,0.048,0.997,0.934,0.995,0.976,0.600,True,True,4,visible,131,0,,1,False,0.000,[1299]
1442,48.067,60,0.479,0.604,0.109,0.918,0.184,0.973,0.859,0.925,0.850,0.600,True,True,4,visible,28,0,,2,False,0.000,"[1294, 1398]"
1442,48.067,69,0.643,0.692,0.128,0.918,0.150,0.976,0.927,0.867,0.796,0.600,True,True,4,visible,32,0,,0,False,0.000,[]
1442,48.067,70,0.439,0.504,0.043,0.913,0.043,0.929,0.878,0.559,0.490,0.600,True,True,4,hidden,2,0,,1,False,0.000,[1437]
1442,48.067,61,0.780,0.754,0.255,0.837,0.123,0.973,0.956,0.948,0.940,0.600,True,True,4,visible,348,0,,0,False,0.000,[]
1442,48.067,68,0.611,0.696,0.180,0.698,0.043,0.812,0.636,0.501,0.396,0.600,True,True,3,hidden,2,0,,1,False,0.000,[1436]
1443,48.100,49,0.860,0.927,0.144,0.982,0.048,0.997,0.934,0.995,0.976,0.600,True,True,4,visible,132,0,,1,False,0.000,[1299]
1443,48.100,60,0.479,0.604,0.109,0.918,0.184,0.973,0.859,0.925,0.850,0.600,True,True,4,visible,29,0,,2,False,0.000,"[1294, 1398]"
1443,48.100,69,0.643,0.692,0.128,0.918,0.150,0.976,0.927,0.867,0.796,0.600,True,True,4,visible,33,0,,0,False,0.000,[]
1443,48.100,70,0.439,0.504,0.043,0.913,0.043,0.929,0.878,0.559,0.490,0.600,True,True,4,visible,3,0,,1,False,0.000,[1437]
1443,48.100,61,0.780,0.754,0.255,0.837,0.123,0.973,0.956,0.948,0.940,0.600,True,True,4,visible,349,0,,0,False,0.000,[]
1443,48.100,68,0.611,0.696,0.180,0.698,0.043,0.812,0.636,0.501,0.396,0.600,True,True,3,visible,3,0,,1,False,0.000,[1436]
1444,48.133,49,0.860,0.927,0.144,0.982,0.048,0.997,0.934,0.995,0.976,0.600,True,True,4,visible,133,0,,1,False,0.000,[1299]
1444,48.133,60,0.479,0.604,0.109,0.918,0.184,0.973,0.859,0.925,0.850,0.600,True,True,4,visible,30,0,,2,False,0.000,"[1294, 1398]"
1444,48.133,69,0.643,0.692,0.128,0.918,0.150,0.976,0.927,0.867,0.796,0.600,True,True,4,visible,34,0,,0,False,0.000,[]
1444,48.133,70,0.439,0.504,0.043,0.913,0.043,0.929,0.878,0.559,0.490,0.600,True,True,4,visible,4,0,,1,False,0.000,[1437]
1444,48.133,61,0.780,0.754,0.255,0.837,0.123,0.973,0.956,0.948,0.940,0.600,True,True,4,visible,350,0,,0,False,0.000,[]
1444,48.133,68,0.611,0.696,0.180,0.698,0.043,0.812,0.636,0.501,0.396,0.600,True,True,3,visible,4,0,,1,False,0.000,[1436]
1445,48.167,49,0.842,0.940,0.087,0.989,0.027,0.998,0.904,0.997,0.977,0.600,True,True,4,visible,134,0,,1,False,0.000,[1299]
1445,48.167,60,0.607,0.721,0.144,0.920,0.154,0.977,0.840,0.914,0.794,0.600,True,True,4,visible,31,0,,2,False,0.000,"[1294, 1398]"
1445,48.167,69,0.655,0.722,0.125,0.904,0.112,0.982,0.904,0.962,0.909,0.600,True,True,4,visible,35,0,,0,False,0.000,[]
1445,48.167,70,0.486,0.554,0.050,0.915,0.042,0.933,0.874,0.612,0.535,0.600,True,True,4,visible,5,0,,1,False,0.000,[1437]
1445,48.167,68,0.637,0.719,0.198,0.711,0.047,0.827,0.652,0.530,0.421,0.600,True,True,4,visible,5,0,,1,False,0.000,[1436]
1446,48.200,49,0.842,0.940,0.087,0.989,0.027,0.998,0.904,0.997,0.977,0.600,True,True,4,visible,135,0,,1,False,0.000,[1299]
1446,48.200,60,0.607,0.721,0.144,0.920,0.154,0.977,0.840,0.914,0.794,0.600,True,True,4,visible,32,0,,2,False,0.000,"[1294, 1398]"
1446,48.200,69,0.656,0.722,0.125,0.904,0.112,0.982,0.904,0.962,0.909,0.600,True,True,4,visible,36,0,,0,False,0.000,[]
1446,48.200,70,0.486,0.554,0.050,0.915,0.042,0.933,0.874,0.612,0.535,0.600,True,True,4,visible,6,0,,1,False,0.000,[1437]
1446,48.200,68,0.637,0.719,0.198,0.711,0.047,0.827,0.652,0.530,0.421,0.600,True,True,4,visible,6,0,,1,False,0.000,[1436]
1447,48.233,49,0.842,0.940,0.087,0.989,0.027,0.998,0.904,0.997,0.977,0.600,True,True,4,visible,136,0,,1,False,0.000,[1299]
1447,48.233,60,0.607,0.721,0.144,0.920,0.154,0.977,0.840,0.914,0.794,0.600,True,True,4,visible,33,0,,2,False,0.000,"[1294, 1398]"
1447,48.233,69,0.655,0.722,0.125,0.904,0.112,0.982,0.904,0.962,0.909,0.600,True,True,4,visible,37,0,,0,False,0.000,[]
1447,48.233,70,0.486,0.554,0.050,0.915,0.042,0.933,0.874,0.612,0.535,0.600,True,True,4,visible,7,0,,1,False,0.000,[1437]
1447,48.233,68,0.637,0.719,0.198,0.711,0.047,0.827,0.652,0.530,0.421,0.600,True,True,4,visible,7,0,,1,False,0.000,[1436]
1448,48.267,49,0.841,0.940,0.086,0.989,0.027,0.998,0.904,0.997,0.977,0.600,True,True,4,visible,137,0,,1,False,0.000,[1299]
1448,48.267,60,0.607,0.721,0.144,0.920,0.154,0.977,0.840,0.914,0.794,0.600,True,True,4,visible,34,0,,2,False,0.000,"[1294, 1398]"
1448,48.267,69,0.655,0.722,0.125,0.904,0.112,0.982,0.904,0.962,0.909,0.600,True,True,4,visible,38,0,,0,False,0.000,[]
1448,48.267,70,0.486,0.554,0.050,0.915,0.042,0.933,0.874,0.612,0.535,0.600,True,True,4,visible,8,0,,1,False,0.000,[1437]
1448,48.267,68,0.637,0.719,0.198,0.711,0.047,0.827,0.652,0.530,0.421,0.600,True,True,4,visible,8,0,,1,False,0.000,[1436]
1449,48.300,49,0.742,0.893,0.050,0.989,0.036,0.999,0.928,0.998,0.984,0.600,True,True,4,visible,138,0,,1,False,0.000,[1299]
1449,48.300,60,0.549,0.658,0.124,0.912,0.171,0.977,0.852,0.905,0.780,0.600,True,True,4,visible,35,0,,2,False,0.000,"[1294, 1398]"
1449,48.300,70,0.507,0.569,0.055,0.895,0.036,0.925,0.850,0.643,0.555,0.600,True,True,4,visible,9,0,,1,False,0.000,[1437]
1449,48.300,68,0.635,0.720,0.206,0.697,0.047,0.795,0.620,0.451,0.356,0.600,True,True,3,visible,9,0,,1,False,0.000,[1436]
1449,48.300,61,0.342,0.370,0.034,0.824,0.072,0.975,0.923,0.954,0.923,0.200,False,True,4,visible,0,1,,0,False,0.000,[]
1450,48.333,49,0.742,0.893,0.050,0.990,0.036,0.999,0.928,0.998,0.984,0.600,True,True,4,visible,139,0,,1,False,0.000,[1299]
1450,48.333,60,0.549,0.658,0.124,0.912,0.171,0.977,0.852,0.905,0.780,0.600,True,True,4,visible,36,0,,2,False,0.000,"[1294, 1398]"
1450,48.333,70,0.507,0.569,0.055,0.895,0.036,0.925,0.850,0.643,0.555,0.600,True,True,4,visible,10,0,,1,False,0.000,[1437]
1450,48.333,68,0.635,0.720,0.206,0.697,0.047,0.795,0.620,0.451,0.356,0.600,True,True,3,visible,10,0,,1,False,0.000,[1436]
1450,48.333,61,0.342,0.370,0.034,0.824,0.072,0.975,0.923,0.954,0.923,0.200,False,True,4,visible,0,2,,0,False,0.000,[]
1451,48.367,49,0.742,0.893,0.050,0.990,0.036,0.999,0.928,0.998,0.984,0.600,True,True,4,visible,140,0,,1,False,0.000,[1299]
1451,48.367,60,0.549,0.658,0.124,0.912,0.171,0.977,0.852,0.905,0.780,0.600,True,True,4,visible,37,0,,2,False,0.000,"[1294, 1398]"
1451,48.367,70,0.507,0.569,0.055,0.895,0.036,0.925,0.850,0.643,0.555,0.600,True,True,4,visible,11,0,,1,False,0.000,[1437]
1451,48.367,68,0.635,0.720,0.206,0.697,0.047,0.795,0.620,0.451,0.356,0.600,True,True,3,visible,11,0,,1,False,0.000,[1436]
1451,48.367,61,0.342,0.370,0.034,0.824,0.072,0.975,0.923,0.954,0.923,0.200,False,True,4,visible,0,3,,0,False,0.000,[]
1452,48.400,49,0.742,0.893,0.050,0.990,0.036,0.999,0.928,0.998,0.984,0.600,True,True,4,visible,141,0,,1,False,0.000,[1299]
1452,48.400,60,0.549,0.658,0.124,0.912,0.171,0.977,0.852,0.905,0.780,0.600,True,True,4,visible,38,0,,2,False,0.000,"[1294, 1398]"
1452,48.400,70,0.507,0.569,0.055,0.895,0.036,0.925,0.850,0.643,0.555,0.600,True,True,4,visible,12,0,,1,False,0.000,[1437]
1452,48.400,68,0.635,0.720,0.206,0.697,0.047,0.795,0.620,0.451,0.356,0.600,True,True,3,visible,12,0,,1,False,0.000,[1436]
1452,48.400,61,0.342,0.370,0.034,0.824,0.072,0.975,0.923,0.954,0.923,0.200,False,True,4,visible,0,4,,0,False,0.000,[]
1453,48.433,49,0.742,0.893,0.050,0.990,0.036,0.999,0.928,0.998,0.984,0.600,True,True,4,visible,142,0,,1,False,0.000,[1299]
1453,48.433,60,0.549,0.658,0.124,0.912,0.171,0.977,0.852,0.905,0.780,0.600,True,True,4,visible,39,0,,2,False,0.000,"[1294, 1398]"
1453,48.433,70,0.507,0.569,0.055,0.895,0.036,0.925,0.850,0.643,0.555,0.600,True,True,4,visible,13,0,,1,False,0.000,[1437]
1453,48.433,68,0.635,0.720,0.206,0.697,0.047,0.795,0.620,0.451,0.356,0.600,True,True,3,visible,13,0,,1,False,0.000,[1436]
1453,48.433,61,0.342,0.370,0.034,0.824,0.072,0.975,0.923,0.954,0.923,0.200,False,True,4,hidden,0,5,head_turn_away,1,False,0.000,[1453]
1454,48.467,49,0.754,0.882,0.076,0.985,0.045,0.998,0.938,0.996,0.982,0.600,True,True,4,visible,143,0,,1,False,0.000,[1299]
1454,48.467,60,0.682,0.780,0.076,0.921,0.022,0.948,0.849,0.741,0.623,0.600,True,True,4,visible,40,0,,2,False,0.000,"[1294, 1398]"
1454,48.467,68,0.582,0.671,0.180,0.661,0.046,0.757,0.575,0.439,0.350,0.600,True,True,3,visible,14,0,,1,False,0.000,[1436]
1454,48.467,61,0.510,0.592,0.067,0.945,0.166,0.994,0.958,0.981,0.951,0.600,True,True,4,hidden,1,0,,1,False,0.000,[1453]
1454,48.467,69,0.537,0.526,0.131,0.642,0.079,0.860,0.835,0.872,0.850,0.600,True,True,4,visible,39,0,,0,False,0.000,[]
1455,48.500,49,0.754,0.882,0.076,0.985,0.045,0.998,0.938,0.996,0.982,0.600,True,True,4,visible,144,0,,1,False,0.000,[1299]
1455,48.500,60,0.681,0.779,0.076,0.922,0.022,0.948,0.848,0.741,0.623,0.600,True,True,4,visible,41,0,,2,False,0.000,"[1294, 1398]"
1455,48.500,68,0.582,0.671,0.180,0.661,0.046,0.757,0.575,0.439,0.350,0.600,True,True,3,visible,15,0,,1,False,0.000,[1436]
1455,48.500,61,0.509,0.592,0.067,0.945,0.166,0.994,0.958,0.981,0.951,0.600,True,True,4,hidden,2,0,,1,False,0.000,[1453]
1455,48.500,69,0.537,0.525,0.130,0.642,0.079,0.860,0.835,0.873,0.850,0.600,True,True,4,visible,40,0,,0,False,0.000,[]
1456,48.533,49,0.754,0.882,0.076,0.985,0.045,0.998,0.938,0.996,0.982,0.600,True,True,4,visible,145,0,,1,False,0.000,[1299]
1456,48.533,60,0.681,0.779,0.076,0.922,0.022,0.948,0.848,0.741,0.623,0.600,True,True,4,visible,42,0,,2,False,0.000,"[1294, 1398]"
1456,48.533,68,0.582,0.671,0.180,0.661,0.046,0.757,0.575,0.439,0.350,0.600,True,True,3,visible,16,0,,1,False,0.000,[1436]
1456,48.533,61,0.509,0.592,0.067,0.945,0.166,0.994,0.958,0.981,0.951,0.600,True,True,4,visible,3,0,,1,False,0.000,[1453]
1456,48.533,69,0.537,0.525,0.130,0.642,0.079,0.860,0.835,0.873,0.850,0.600,True,True,4,visible,41,0,,0,False,0.000,[]
1457,48.567,49,0.754,0.882,0.076,0.985,0.045,0.998,0.938,0.996,0.982,0.600,True,True,4,visible,146,0,,1,False,0.000,[1299]
1457,48.567,60,0.681,0.779,0.076,0.922,0.022,0.948,0.848,0.741,0.623,0.600,True,True,4,visible,43,0,,2,False,0.000,"[1294, 1398]"
1457,48.567,68,0.582,0.671,0.180,0.661,0.046,0.757,0.575,0.439,0.350,0.600,True,True,3,visible,17,0,,1,False,0.000,[1436]
1457,48.567,61,0.509,0.592,0.067,0.945,0.166,0.994,0.958,0.981,0.951,0.600,True,True,4,visible,4,0,,1,False,0.000,[1453]
1457,48.567,69,0.537,0.525,0.130,0.642,0.079,0.860,0.835,0.873,0.850,0.600,True,True,4,visible,42,0,,0,False,0.000,[]
1458,48.600,49,0.795,0.909,0.067,0.988,0.031,0.999,0.939,0.999,0.989,0.600,True,True,4,visible,147,0,,1,False,0.000,[1299]
1458,48.600,60,0.672,0.774,0.067,0.918,0.017,0.946,0.843,0.762,0.648,0.600,True,True,4,visible,44,0,,2,False,0.000,"[1294, 1398]"
1458,48.600,61,0.536,0.629,0.071,0.947,0.160,0.994,0.951,0.976,0.935,0.600,True,True,4,visible,5,0,,1,False,0.000,[1453]
1458,48.600,69,0.582,0.590,0.118,0.800,0.103,0.958,0.895,0.937,0.898,0.600,True,True,4,visible,43,0,,0,False,0.000,[]
1458,48.600,70,0.375,0.434,0.043,0.839,0.039,0.904,0.806,0.664,0.569,0.400,True,True,4,visible,14,0,,1,False,0.000,[1437]
1459,48.633,49,0.796,0.910,0.068,0.988,0.031,0.999,0.939,0.999,0.990,0.600,True,True,4,visible,148,0,,1,False,0.000,[1299]
1459,48.633,60,0.672,0.774,0.067,0.918,0.017,0.946,0.843,0.763,0.648,0.600,True,True,4,visible,45,0,,2,False,0.000,"[1294, 1398]"
1459,48.633,61,0.536,0.629,0.071,0.947,0.160,0.994,0.951,0.976,0.935,0.600,True,True,4,visible,6,0,,1,False,0.000,[1453]
1459,48.633,69,0.582,0.590,0.118,0.800,0.103,0.958,0.895,0.937,0.898,0.600,True,True,4,visible,44,0,,0,False,0.000,[]
1459,48.633,70,0.375,0.434,0.043,0.839,0.039,0.904,0.806,0.664,0.569,0.400,True,True,4,visible,15,0,,1,False,0.000,[1437]
1460,48.667,49,0.796,0.910,0.068,0.988,0.031,0.999,0.939,0.999,0.990,0.600,True,True,4,visible,149,0,,1,False,0.000,[1299]
1460,48.667,60,0.672,0.774,0.067,0.918,0.017,0.946,0.843,0.763,0.648,0.600,True,True,4,visible,46,0,,2,False,0.000,"[1294, 1398]"
1460,48.667,61,0.536,0.629,0.071,0.947,0.160,0.994,0.951,0.976,0.935,0.600,True,True,4,visible,7,0,,1,False,0.000,[1453]
1460,48.667,69,0.582,0.590,0.118,0.800,0.103,0.958,0.895,0.937,0.898,0.600,True,True,4,visible,45,0,,0,False,0.000,[]
1460,48.667,70,0.375,0.434,0.043,0.839,0.039,0.904,0.806,0.664,0.569,0.400,True,True,4,visible,16,0,,1,False,0.000,[1437]
1461,48.700,49,0.796,0.910,0.068,0.988,0.031,0.999,0.939,0.999,0.990,0.600,True,True,4,visible,150,0,,1,False,0.000,[1299]
1461,48.700,60,0.672,0.774,0.067,0.918,0.017,0.946,0.843,0.763,0.648,0.600,True,True,4,visible,47,0,,2,False,0.000,"[1294, 1398]"
1461,48.700,61,0.536,0.629,0.071,0.947,0.160,0.994,0.951,0.976,0.935,0.600,True,True,4,visible,8,0,,1,False,0.000,[1453]
1461,48.700,69,0.582,0.590,0.118,0.800,0.103,0.958,0.895,0.937,0.898,0.600,True,True,4,visible,46,0,,0,False,0.000,[]
1461,48.700,70,0.375,0.434,0.043,0.839,0.039,0.904,0.806,0.664,0.569,0.400,True,True,4,visible,17,0,,1,False,0.000,[1437]
1462,48.733,49,0.824,0.911,0.104,0.985,0.043,0.998,0.947,0.997,0.985,0.600,True,True,4,visible,151,0,,1,False,0.000,[1299]
1462,48.733,60,0.703,0.804,0.207,0.937,0.188,0.979,0.862,0.888,0.748,0.600,True,True,4,visible,48,0,,2,False,0.000,"[1294, 1398]"
1462,48.733,61,0.678,0.728,0.136,0.941,0.183,0.993,0.960,0.976,0.943,0.600,True,True,4,visible,9,0,,1,False,0.000,[1453]
1462,48.733,69,0.673,0.757,0.136,0.907,0.109,0.978,0.871,0.944,0.864,0.600,True,True,4,visible,47,0,,0,False,0.000,[]
1462,48.733,68,0.520,0.640,0.131,0.713,0.037,0.845,0.582,0.648,0.501,0.600,True,True,4,visible,18,0,,1,False,0.000,[1436]
1463,48.767,49,0.824,0.911,0.104,0.985,0.043,0.998,0.947,0.997,0.985,0.600,True,True,4,visible,152,0,,1,False,0.000,[1299]
1463,48.767,60,0.703,0.804,0.207,0.937,0.188,0.979,0.862,0.889,0.748,0.600,True,True,4,visible,49,0,,2,False,0.000,"[1294, 1398]"
1463,48.767,61,0.678,0.728,0.136,0.941,0.183,0.994,0.960,0.976,0.943,0.600,True,True,4,visible,10,0,,1,False,0.000,[1453]
1463,48.767,69,0.674,0.757,0.136,0.907,0.109,0.978,0.871,0.944,0.864,0.600,True,True,4,visible,48,0,,0,False,0.000,[]
1463,48.767,68,0.520,0.640,0.131,0.713,0.037,0.845,0.582,0.648,0.501,0.600,True,True,4,visible,19,0,,1,False,0.000,[1436]
1464,48.800,49,0.824,0.911,0.104,0.985,0.043,0.998,0.947,0.997,0.985,0.600,True,True,4,visible,153,0,,1,False,0.000,[1299]
1464,48.800,60,0.703,0.804,0.207,0.937,0.188,0.979,0.862,0.889,0.748,0.600,True,True,4,visible,50,0,,2,False,0.000,"[1294, 1398]"
1464,48.800,61,0.678,0.728,0.136,0.941,0.183,0.994,0.960,0.976,0.943,0.600,True,True,4,visible,11,0,,1,False,0.000,[1453]
1464,48.800,69,0.674,0.757,0.136,0.907,0.109,0.978,0.871,0.944,0.864,0.600,True,True,4,visible,49,0,,0,False,0.000,[]
1464,48.800,68,0.520,0.640,0.131,0.713,0.037,0.845,0.582,0.648,0.501,0.600,True,True,4,visible,20,0,,1,False,0.000,[1436]
1465,48.833,49,0.824,0.911,0.104,0.985,0.043,0.998,0.947,0.997,0.985,0.600,True,True,4,visible,154,0,,1,False,0.000,[1299]
1465,48.833,60,0.703,0.804,0.207,0.937,0.188,0.979,0.862,0.889,0.748,0.600,True,True,4,visible,51,0,,2,False,0.000,"[1294, 1398]"
1465,48.833,61,0.678,0.728,0.136,0.941,0.183,0.994,0.960,0.976,0.943,0.600,True,True,4,visible,12,0,,1,False,0.000,[1453]
1465,48.833,69,0.674,0.757,0.136,0.907,0.109,0.978,0.871,0.944,0.864,0.600,True,True,4,visible,50,0,,0,False,0.000,[]
1465,48.833,68,0.520,0.640,0.131,0.713,0.037,0.845,0.582,0.648,0.501,0.600,True,True,4,visible,21,0,,1,False,0.000,[1436]
1466,48.867,49,0.824,0.911,0.104,0.985,0.043,0.998,0.947,0.997,0.985,0.600,True,True,4,visible,155,0,,1,False,0.000,[1299]
1466,48.867,60,0.703,0.804,0.207,0.937,0.188,0.979,0.862,0.889,0.748,0.600,True,True,4,visible,52,0,,2,False,0.000,"[1294, 1398]"
1466,48.867,61,0.678,0.728,0.136,0.941,0.183,0.994,0.960,0.976,0.943,0.600,True,True,4,visible,13,0,,1,False,0.000,[1453]
1466,48.867,69,0.674,0.757,0.136,0.907,0.109,0.978,0.871,0.944,0.864,0.600,True,True,4,visible,51,0,,0,False,0.000,[]
1466,48.867,68,0.520,0.640,0.131,0.713,0.037,0.845,0.582,0.648,0.501,0.600,True,True,4,visible,22,0,,1,False,0.000,[1436]
1467,48.900,49,0.862,0.936,0.134,0.986,0.038,0.998,0.937,0.997,0.983,0.600,True,True,4,visible,156,0,,1,False,0.000,[1299]
1467,48.900,60,0.708,0.808,0.211,0.937,0.184,0.979,0.860,0.893,0.758,0.600,True,True,4,visible,53,0,,2,False,0.000,"[1294, 1398]"
1467,48.900,61,0.675,0.711,0.139,0.933,0.180,0.993,0.964,0.981,0.957,0.600,True,True,4,visible,14,0,,1,False,0.000,[1453]
1467,48.900,69,0.765,0.836,0.203,0.913,0.107,0.976,0.859,0.932,0.835,0.600,True,True,4,visible,52,0,,0,False,0.000,[]
1467,48.900,70,0.588,0.662,0.087,0.884,0.044,0.943,0.866,0.764,0.669,0.600,True,True,4,visible,18,0,,1,False,0.000,[1437]
1468,48.933,49,0.862,0.936,0.134,0.986,0.038,0.998,0.937,0.997,0.983,0.600,True,True,4,visible,157,0,,1,False,0.000,[1299]
1468,48.933,60,0.708,0.808,0.211,0.937,0.184,0.979,0.860,0.893,0.758,0.600,True,True,4,visible,54,0,,2,False,0.000,"[1294, 1398]"
1468,48.933,61,0.675,0.711,0.139,0.933,0.180,0.993,0.964,0.981,0.957,0.600,True,True,4,visible,15,0,,1,False,0.000,[1453]
1468,48.933,69,0.765,0.836,0.203,0.913,0.107,0.976,0.859,0.932,0.835,0.600,True,True,4,visible,53,0,,0,False,0.000,[]
1468,48.933,70,0.588,0.662,0.087,0.884,0.044,0.943,0.866,0.764,0.669,0.600,True,True,4,visible,19,0,,1,False,0.000,[1437]
1469,48.967,49,0.862,0.936,0.134,0.986,0.038,0.998,0.937,0.997,0.983,0.600,True,True,4,visible,158,0,,1,False,0.000,[1299]
1469,48.967,60,0.708,0.808,0.211,0.937,0.184,0.979,0.860,0.893,0.758,0.600,True,True,4,visible,55,0,,2,False,0.000,"[1294, 1398]"
1469,48.967,61,0.675,0.711,0.139,0.933,0.180,0.993,0.964,0.981,0.957,0.600,True,True,4,visible,16,0,,1,False,0.000,[1453]
1469,48.967,69,0.765,0.836,0.203,0.913,0.107,0.976,0.859,0.932,0.835,0.600,True,True,4,visible,54,0,,0,False,0.000,[]
1469,48.967,70,0.588,0.662,0.087,0.884,0.044,0.943,0.866,0.764,0.669,0.600,True,True,4,visible,20,0,,1,False,0.000,[1437]
1470,49.000,49,0.862,0.936,0.134,0.986,0.038,0.998,0.937,0.997,0.983,0.600,True,True,4,visible,159,0,,1,False,0.000,[1299]
1470,49.000,60,0.708,0.808,0.211,0.937,0.184,0.979,0.860,0.893,0.758,0.600,True,True,4,visible,56,0,,2,False,0.000,"[1294, 1398]"
1470,49.000,61,0.675,0.711,0.139,0.933,0.180,0.993,0.964,0.981,0.957,0.600,True,True,4,visible,17,0,,1,False,0.000,[1453]
1470,49.000,69,0.765,0.836,0.203,0.913,0.107,0.976,0.859,0.932,0.835,0.600,True,True,4,visible,55,0,,0,False,0.000,[]
1470,49.000,70,0.588,0.662,0.087,0.884,0.044,0.943,0.866,0.764,0.669,0.600,True,True,4,visible,21,0,,1,False,0.000,[1437]
1471,49.033,49,0.866,0.937,0.135,0.984,0.036,0.998,0.932,0.997,0.983,0.600,True,True,4,visible,160,0,,1,False,0.000,[1299]
1471,49.033,60,0.616,0.745,0.157,0.936,0.185,0.980,0.839,0.891,0.733,0.600,True,True,4,visible,57,0,,2,False,0.000,"[1294, 1398]"
1471,49.033,61,0.575,0.703,0.064,0.920,0.062,0.990,0.871,0.967,0.878,0.600,True,True,4,visible,18,0,,1,False,0.000,[1453]
1471,49.033,69,0.735,0.796,0.194,0.888,0.105,0.967,0.872,0.931,0.861,0.600,True,True,4,visible,56,0,,0,False,0.000,[]
1472,49.067,49,0.866,0.937,0.135,0.984,0.036,0.998,0.932,0.997,0.983,0.600,True,True,4,visible,161,0,,1,False,0.000,[1299]
1472,49.067,60,0.616,0.745,0.157,0.936,0.185,0.980,0.839,0.891,0.733,0.600,True,True,4,visible,58,0,,2,False,0.000,"[1294, 1398]"
1472,49.067,61,0.575,0.703,0.064,0.920,0.062,0.990,0.871,0.967,0.878,0.600,True,True,4,visible,19,0,,1,False,0.000,[1453]
1472,49.067,69,0.735,0.796,0.194,0.888,0.105,0.967,0.872,0.931,0.861,0.600,True,True,4,visible,57,0,,0,False,0.000,[]
1473,49.100,49,0.866,0.937,0.135,0.984,0.036,0.998,0.932,0.997,0.983,0.600,True,True,4,visible,162,0,,1,False,0.000,[1299]
1473,49.100,60,0.616,0.745,0.157,0.936,0.185,0.980,0.839,0.891,0.733,0.600,True,True,4,visible,59,0,,2,False,0.000,"[1294, 1398]"
1473,49.100,61,0.575,0.703,0.064,0.920,0.062,0.990,0.871,0.967,0.878,0.600,True,True,4,visible,20,0,,1,False,0.000,[1453]
1473,49.100,69,0.735,0.796,0.194,0.888,0.105,0.967,0.872,0.931,0.861,0.600,True,True,4,visible,58,0,,0,False,0.000,[]
1474,49.133,49,0.866,0.937,0.135,0.984,0.036,0.998,0.932,0.997,0.983,0.600,True,True,4,visible,163,0,,1,False,0.000,[1299]
1474,49.133,60,0.616,0.745,0.157,0.936,0.185,0.980,0.839,0.891,0.733,0.600,True,True,4,visible,60,0,,1,False,0.000,[1398]
1474,49.133,61,0.575,0.703,0.064,0.920,0.062,0.990,0.871,0.967,0.878,0.600,True,True,4,visible,21,0,,1,False,0.000,[1453]
1474,49.133,69,0.735,0.796,0.194,0.888,0.105,0.967,0.872,0.931,0.861,0.600,True,True,4,visible,59,0,,0,False,0.000,[]
1475,49.167,49,0.869,0.937,0.138,0.985,0.037,0.998,0.939,0.997,0.984,0.600,True,True,4,visible,164,0,,1,False,0.000,[1299]
1475,49.167,60,0.523,0.665,0.048,0.956,0.044,0.979,0.897,0.897,0.787,0.600,True,True,4,visible,61,0,,1,False,0.000,[1398]
1475,49.167,61,0.349,0.472,0.025,0.891,0.044,0.988,0.863,0.972,0.904,0.400,True,True,4,visible,22,0,,1,False,0.000,[1453]
1475,49.167,69,0.734,0.802,0.175,0.882,0.075,0.970,0.849,0.949,0.882,0.600,True,True,4,visible,60,0,,0,False,0.000,[]
1476,49.200,49,0.869,0.937,0.138,0.985,0.037,0.998,0.939,0.997,0.984,0.600,True,True,4,visible,165,0,,1,False,0.000,[1299]
1476,49.200,60,0.523,0.665,0.048,0.956,0.044,0.979,0.897,0.897,0.787,0.600,True,True,4,visible,62,0,,1,False,0.000,[1398]
1476,49.200,61,0.349,0.472,0.025,0.891,0.044,0.988,0.863,0.972,0.904,0.400,True,True,4,visible,23,0,,1,False,0.000,[1453]
1476,49.200,69,0.734,0.802,0.175,0.882,0.075,0.970,0.849,0.949,0.882,0.600,True,True,4,visible,61,0,,0,False,0.000,[]
1477,49.233,49,0.869,0.937,0.138,0.985,0.037,0.998,0.939,0.997,0.984,0.600,True,True,4,visible,166,0,,1,False,0.000,[1299]
1477,49.233,60,0.523,0.665,0.048,0.956,0.044,0.979,0.897,0.897,0.787,0.600,True,True,4,visible,63,0,,1,False,0.000,[1398]
1477,49.233,61,0.349,0.472,0.025,0.891,0.044,0.988,0.863,0.972,0.904,0.400,True,True,4,visible,24,0,,1,False,0.000,[1453]
1477,49.233,69,0.734,0.802,0.175,0.882,0.075,0.970,0.849,0.949,0.882,0.600,True,True,4,visible,62,0,,0,False,0.000,[]
1478,49.267,49,0.869,0.937,0.138,0.985,0.037,0.998,0.939,0.997,0.984,0.600,True,True,4,visible,167,0,,1,False,0.000,[1299]
1478,49.267,60,0.523,0.665,0.048,0.956,0.044,0.979,0.897,0.897,0.787,0.600,True,True,4,visible,64,0,,1,False,0.000,[1398]
1478,49.267,61,0.349,0.472,0.025,0.891,0.044,0.988,0.863,0.972,0.904,0.400,True,True,4,visible,25,0,,1,False,0.000,[1453]
1478,49.267,69,0.734,0.802,0.175,0.882,0.075,0.970,0.849,0.949,0.882,0.600,True,True,4,visible,63,0,,0,False,0.000,[]
1479,49.300,49,0.917,0.964,0.204,0.986,0.030,0.998,0.924,0.996,0.979,0.600,True,True,4,visible,168,0,,0,False,0.000,[]
1479,49.300,60,0.660,0.780,0.182,0.929,0.164,0.979,0.810,0.898,0.731,0.600,True,True,4,visible,65,0,,1,False,0.000,[1398]
1479,49.300,61,0.590,0.628,0.098,0.914,0.124,0.988,0.960,0.970,0.949,0.600,True,True,4,visible,26,0,,1,False,0.000,[1453]
1479,49.300,69,0.818,0.873,0.257,0.905,0.092,0.973,0.844,0.921,0.810,0.600,True,True,4,visible,64,0,,0,False,0.000,[]
1480,49.333,49,0.917,0.964,0.203,0.986,0.030,0.998,0.924,0.996,0.979,0.600,True,True,4,visible,169,0,,0,False,0.000,[]
1480,49.333,60,0.665,0.784,0.185,0.929,0.162,0.979,0.808,0.898,0.730,0.600,True,True,4,visible,66,0,,1,False,0.000,[1398]
1480,49.333,61,0.587,0.626,0.097,0.914,0.123,0.988,0.960,0.970,0.949,0.600,True,True,4,visible,27,0,,1,False,0.000,[1453]
1480,49.333,69,0.819,0.873,0.260,0.903,0.092,0.973,0.842,0.922,0.812,0.600,True,True,4,visible,65,0,,0,False,0.000,[]
1481,49.367,49,0.923,0.967,0.220,0.986,0.030,0.998,0.924,0.996,0.979,0.600,True,True,4,visible,170,0,,0,False,0.000,[]
1481,49.367,60,0.658,0.780,0.179,0.928,0.157,0.978,0.800,0.894,0.719,0.600,True,True,4,visible,67,0,,1,False,0.000,[1398]
1481,49.367,61,0.565,0.613,0.087,0.918,0.123,0.989,0.958,0.970,0.945,0.600,True,True,4,visible,28,0,,1,False,0.000,[1453]
1481,49.367,69,0.818,0.874,0.257,0.905,0.088,0.974,0.840,0.926,0.819,0.600,True,True,4,visible,66,0,,0,False,0.000,[]
1482,49.400,49,0.924,0.968,0.221,0.986,0.030,0.998,0.923,0.996,0.978,0.600,True,True,4,visible,171,0,,0,False,0.000,[]
1482,49.400,60,0.658,0.781,0.179,0.928,0.158,0.978,0.801,0.894,0.719,0.600,True,True,4,visible,68,0,,1,False,0.000,[1398]
1482,49.400,61,0.565,0.615,0.087,0.918,0.123,0.989,0.957,0.969,0.943,0.600,True,True,4,visible,29,0,,1,False,0.000,[1453]
1482,49.400,69,0.814,0.872,0.252,0.905,0.089,0.974,0.841,0.927,0.819,0.600,True,True,4,visible,67,0,,0,False,0.000,[]
1483,49.433,49,0.922,0.967,0.217,0.986,0.030,0.998,0.924,0.996,0.978,0.600,True,True,4,visible,172,0,,0,False,0.000,[]
1483,49.433,60,0.653,0.777,0.176,0.929,0.160,0.978,0.802,0.894,0.720,0.600,True,True,4,visible,69,0,,1,False,0.000,[1398]
1483,49.433,61,0.560,0.611,0.086,0.919,0.122,0.989,0.957,0.969,0.943,0.600,True,True,4,visible,30,0,,1,False,0.000,[1453]
1483,49.433,69,0.818,0.873,0.257,0.905,0.089,0.974,0.842,0.926,0.820,0.600,True,True,4,visible,68,0,,0,False,0.000,[]
1484,49.467,49,0.921,0.961,0.223,0.984,0.034,0.998,0.937,0.996,0.979,0.600,True,True,4,visible,173,0,,0,False,0.000,[]
1484,49.467,60,0.579,0.661,0.162,0.921,0.255,0.978,0.900,0.909,0.821,0.600,True,True,4,visible,70,0,,1,False,0.000,[1398]
1484,49.467,61,0.348,0.454,0.027,0.878,0.047,0.988,0.873,0.977,0.922,0.400,True,True,4,visible,31,0,,1,False,0.000,[1453]
1484,49.467,69,0.796,0.775,0.357,0.870,0.220,0.962,0.965,0.934,0.938,0.600,True,True,4,visible,69,0,,0,False,0.000,[]
1485,49.500,49,0.920,0.961,0.219,0.984,0.034,0.998,0.936,0.996,0.979,0.600,True,True,4,visible,174,0,,0,False,0.000,[]
1485,49.500,60,0.582,0.663,0.163,0.921,0.255,0.978,0.900,0.909,0.822,0.600,True,True,4,visible,71,0,,1,False,0.000,[1398]
1485,49.500,61,0.346,0.453,0.027,0.880,0.048,0.988,0.875,0.977,0.922,0.400,True,True,4,visible,32,0,,1,False,0.000,[1453]
1485,49.500,69,0.799,0.774,0.364,0.869,0.222,0.962,0.966,0.934,0.939,0.600,True,True,4,visible,70,0,,0,False,0.000,[]
1486,49.533,49,0.920,0.961,0.219,0.984,0.034,0.998,0.936,0.996,0.979,0.600,True,True,4,visible,175,0,,0,False,0.000,[]
1486,49.533,60,0.582,0.663,0.163,0.921,0.255,0.978,0.900,0.909,0.822,0.600,True,True,4,visible,72,0,,1,False,0.000,[1398]
1486,49.533,61,0.346,0.453,0.027,0.880,0.048,0.988,0.875,0.977,0.922,0.400,True,True,4,visible,33,0,,1,False,0.000,[1453]
1486,49.533,69,0.799,0.774,0.364,0.869,0.222,0.962,0.966,0.934,0.939,0.600,True,True,4,visible,71,0,,0,False,0.000,[]
1487,49.567,49,0.920,0.961,0.219,0.984,0.034,0.998,0.936,0.996,0.979,0.600,True,True,4,visible,176,0,,0,False,0.000,[]
1487,49.567,60,0.582,0.663,0.163,0.921,0.255,0.978,0.900,0.909,0.822,0.600,True,True,4,visible,73,0,,1,False,0.000,[1398]
1487,49.567,61,0.346,0.453,0.027,0.880,0.048,0.988,0.875,0.977,0.922,0.400,True,True,4,visible,34,0,,1,False,0.000,[1453]
1487,49.567,69,0.799,0.774,0.364,0.869,0.222,0.962,0.966,0.934,0.939,0.600,True,True,4,visible,72,0,,0,False,0.000,[]
1488,49.600,49,0.932,0.968,0.229,0.985,0.026,0.998,0.933,0.996,0.980,0.600,True,True,4,visible,177,0,,0,False,0.000,[]
1488,49.600,60,0.648,0.691,0.218,0.929,0.344,0.983,0.951,0.940,0.904,0.600,True,True,4,visible,74,0,,1,False,0.000,[1398]
1488,49.600,61,0.419,0.479,0.041,0.888,0.083,0.986,0.937,0.962,0.918,0.600,True,True,4,visible,35,0,,1,False,0.000,[1453]
1488,49.600,69,0.433,0.540,0.067,0.847,0.099,0.958,0.818,0.936,0.852,0.600,True,True,4,visible,73,0,,0,False,0.000,[]
1489,49.633,49,0.933,0.968,0.229,0.985,0.026,0.998,0.933,0.996,0.980,0.600,True,True,4,visible,178,0,,0,False,0.000,[]
1489,49.633,60,0.648,0.690,0.218,0.929,0.345,0.983,0.951,0.940,0.904,0.600,True,True,4,visible,75,0,,1,False,0.000,[1398]
1489,49.633,61,0.418,0.477,0.041,0.888,0.083,0.986,0.937,0.962,0.918,0.600,True,True,4,visible,36,0,,1,False,0.000,[1453]
1489,49.633,69,0.433,0.538,0.068,0.845,0.099,0.957,0.819,0.935,0.853,0.600,True,True,4,visible,74,0,,0,False,0.000,[]
1490,49.667,49,0.933,0.968,0.229,0.985,0.026,0.998,0.933,0.996,0.980,0.600,True,True,4,visible,179,0,,0,False,0.000,[]
1490,49.667,60,0.648,0.690,0.218,0.929,0.345,0.983,0.951,0.940,0.904,0.600,True,True,4,visible,76,0,,1,False,0.000,[1398]
1490,49.667,61,0.418,0.477,0.041,0.888,0.083,0.986,0.937,0.962,0.918,0.600,True,True,4,visible,37,0,,1,False,0.000,[1453]
1490,49.667,69,0.433,0.538,0.068,0.845,0.099,0.957,0.819,0.935,0.853,0.600,True,True,4,visible,75,0,,0,False,0.000,[]
1491,49.700,49,0.933,0.968,0.229,0.985,0.026,0.998,0.933,0.996,0.980,0.600,True,True,4,visible,180,0,,0,False,0.000,[]
1491,49.700,60,0.648,0.690,0.218,0.929,0.345,0.983,0.951,0.940,0.904,0.600,True,True,4,visible,77,0,,1,False,0.000,[1398]
1491,49.700,61,0.418,0.477,0.041,0.888,0.083,0.986,0.937,0.962,0.918,0.600,True,True,4,visible,38,0,,1,False,0.000,[1453]
1491,49.700,69,0.433,0.538,0.068,0.845,0.099,0.957,0.819,0.935,0.853,0.600,True,True,4,visible,76,0,,0,False,0.000,[]
1492,49.733,49,0.933,0.968,0.229,0.985,0.026,0.998,0.933,0.996,0.980,0.600,True,True,4,visible,181,0,,0,False,0.000,[]
1492,49.733,60,0.648,0.690,0.218,0.929,0.345,0.983,0.951,0.940,0.904,0.600,True,True,4,visible,78,0,,1,False,0.000,[1398]
1492,49.733,61,0.418,0.477,0.041,0.888,0.083,0.986,0.937,0.962,0.918,0.600,True,True,4,visible,39,0,,1,False,0.000,[1453]
1492,49.733,69,0.433,0.538,0.068,0.845,0.099,0.957,0.819,0.935,0.853,0.600,True,True,4,visible,77,0,,0,False,0.000,[]
1493,49.767,49,0.936,0.970,0.252,0.987,0.032,0.998,0.947,0.996,0.982,0.600,True,True,4,visible,182,0,,0,False,0.000,[]
1493,49.767,60,0.667,0.728,0.234,0.925,0.302,0.980,0.919,0.914,0.838,0.600,True,True,4,visible,79,0,,1,False,0.000,[1398]
1493,49.767,61,0.324,0.407,0.025,0.868,0.049,0.986,0.896,0.976,0.934,0.400,True,True,4,visible,40,0,,1,False,0.000,[1453]
1493,49.767,69,0.707,0.743,0.190,0.914,0.175,0.981,0.948,0.960,0.932,0.600,True,True,4,visible,78,0,,0,False,0.000,[]
1493,49.767,68,0.314,0.429,0.053,0.666,0.025,0.897,0.638,0.858,0.738,0.400,True,True,4,visible,23,0,,1,False,0.000,[1436]
1494,49.800,49,0.936,0.970,0.251,0.986,0.032,0.998,0.946,0.996,0.982,0.600,True,True,4,visible,183,0,,0,False,0.000,[]
1494,49.800,60,0.667,0.728,0.234,0.925,0.302,0.980,0.919,0.914,0.838,0.600,True,True,4,visible,80,0,,1,False,0.000,[1398]
1494,49.800,61,0.324,0.407,0.025,0.868,0.049,0.986,0.896,0.976,0.934,0.400,True,True,4,visible,41,0,,1,False,0.000,[1453]
1494,49.800,69,0.707,0.743,0.190,0.914,0.175,0.981,0.948,0.960,0.932,0.600,True,True,4,visible,79,0,,0,False,0.000,[]
1494,49.800,68,0.314,0.429,0.053,0.666,0.025,0.897,0.638,0.858,0.738,0.400,True,True,4,visible,24,0,,1,False,0.000,[1436]
1495,49.833,49,0.936,0.970,0.251,0.986,0.032,0.998,0.946,0.996,0.982,0.600,True,True,4,visible,184,0,,0,False,0.000,[]
1495,49.833,60,0.667,0.728,0.234,0.925,0.302,0.980,0.919,0.914,0.838,0.600,True,True,4,visible,81,0,,1,False,0.000,[1398]
1495,49.833,61,0.324,0.407,0.025,0.868,0.049,0.986,0.896,0.976,0.934,0.400,True,True,4,visible,42,0,,1,False,0.000,[1453]
1495,49.833,69,0.707,0.743,0.190,0.914,0.175,0.981,0.948,0.960,0.932,0.600,True,True,4,visible,80,0,,0,False,0.000,[]
1495,49.833,68,0.314,0.429,0.053,0.666,0.025,0.897,0.638,0.858,0.738,0.400,True,True,4,visible,25,0,,1,False,0.000,[1436]
1496,49.867,49,0.936,0.970,0.251,0.986,0.032,0.998,0.946,0.996,0.982,0.600,True,True,4,visible,185,0,,0,False,0.000,[]
1496,49.867,60,0.667,0.728,0.234,0.925,0.302,0.980,0.919,0.914,0.838,0.600,True,True,4,visible,82,0,,1,False,0.000,[1398]
1496,49.867,61,0.324,0.407,0.025,0.868,0.049,0.986,0.896,0.976,0.934,0.400,True,True,4,visible,43,0,,1,False,0.000,[1453]
1496,49.867,69,0.707,0.743,0.190,0.914,0.175,0.981,0.948,0.960,0.932,0.600,True,True,4,visible,81,0,,0,False,0.000,[]
1496,49.867,68,0.314,0.429,0.053,0.666,0.025,0.897,0.638,0.858,0.738,0.400,True,True,4,visible,26,0,,1,False,0.000,[1436]
1497,49.900,49,0.923,0.964,0.219,0.986,0.033,0.998,0.945,0.996,0.981,0.600,True,True,4,visible,186,0,,0,False,0.000,[]
1497,49.900,60,0.682,0.699,0.280,0.906,0.362,0.978,0.941,0.918,0.871,0.600,True,True,4,visible,83,0,,1,False,0.000,[1398]
1497,49.900,61,0.317,0.413,0.024,0.895,0.064,0.988,0.901,0.970,0.913,0.400,True,True,4,visible,44,0,,1,False,0.000,[1453]
1497,49.900,69,0.759,0.708,0.303,0.922,0.340,0.983,0.987,0.943,0.955,0.600,True,True,4,visible,82,0,,0,False,0.000,[]
1497,49.900,68,0.323,0.436,0.062,0.699,0.036,0.919,0.683,0.880,0.769,0.400,True,True,4,visible,27,0,,1,False,0.000,[1436]
1498,49.933,49,0.923,0.964,0.219,0.986,0.033,0.998,0.945,0.996,0.981,0.600,True,True,4,visible,187,0,,0,False,0.000,[]
1498,49.933,60,0.682,0.699,0.280,0.906,0.362,0.978,0.941,0.918,0.871,0.600,True,True,4,visible,84,0,,1,False,0.000,[1398]
1498,49.933,61,0.317,0.413,0.024,0.895,0.064,0.988,0.901,0.971,0.913,0.400,True,True,4,visible,45,0,,1,False,0.000,[1453]
1498,49.933,69,0.759,0.708,0.303,0.922,0.340,0.983,0.987,0.943,0.955,0.600,True,True,4,visible,83,0,,0,False,0.000,[]
1498,49.933,68,0.323,0.436,0.062,0.699,0.036,0.919,0.683,0.880,0.769,0.400,True,True,4,visible,28,0,,1,False,0.000,[1436]
1499,49.967,49,0.923,0.964,0.219,0.986,0.033,0.998,0.945,0.996,0.981,0.600,True,True,4,visible,188,0,,0,False,0.000,[]
1499,49.967,60,0.682,0.699,0.280,0.906,0.362,0.978,0.941,0.918,0.871,0.600,True,True,4,visible,85,0,,1,False,0.000,[1398]
1499,49.967,61,0.317,0.413,0.024,0.895,0.064,0.988,0.901,0.971,0.913,0.400,True,True,4,visible,46,0,,1,False,0.000,[1453]
1499,49.967,69,0.759,0.708,0.303,0.922,0.340,0.983,0.987,0.943,0.955,0.600,True,True,4,visible,84,0,,0,False,0.000,[]
1499,49.967,68,0.323,0.436,0.062,0.699,0.036,0.919,0.683,0.880,0.769,0.400,True,True,4,visible,29,0,,1,False,0.000,[1436]
1500,50.000,49,0.923,0.964,0.219,0.986,0.033,0.998,0.945,0.996,0.981,0.600,True,True,4,visible,189,0,,0,False,0.000,[]
1500,50.000,60,0.682,0.699,0.280,0.906,0.362,0.978,0.941,0.918,0.871,0.600,True,True,4,visible,86,0,,1,False,0.000,[1398]
1500,50.000,61,0.317,0.413,0.024,0.895,0.064,0.988,0.901,0.971,0.913,0.400,True,True,4,visible,47,0,,1,False,0.000,[1453]
1500,50.000,69,0.759,0.708,0.303,0.922,0.340,0.983,0.987,0.943,0.955,0.600,True,True,4,visible,85,0,,0,False,0.000,[]
1500,50.000,68,0.323,0.436,0.062,0.699,0.036,0.919,0.683,0.880,0.769,0.400,True,True,4,visible,30,0,,1,False,0.000,[1436]
1501,50.033,49,0.932,0.968,0.251,0.986,0.036,0.997,0.948,0.996,0.984,0.600,True,True,4,visible,190,0,,0,False,0.000,[]
1501,50.033,60,0.651,0.707,0.221,0.891,0.250,0.973,0.885,0.908,0.818,0.600,True,True,4,visible,87,0,,1,False,0.000,[1398]
1501,50.033,61,0.332,0.374,0.032,0.835,0.067,0.979,0.911,0.960,0.917,0.200,False,True,4,visible,0,1,,1,False,0.000,[1453]
1501,50.033,69,0.775,0.821,0.206,0.918,0.124,0.983,0.917,0.964,0.918,0.600,True,True,4,visible,86,0,,0,False,0.000,[]
1501,50.033,68,0.369,0.450,0.054,0.688,0.025,0.839,0.632,0.604,0.470,0.400,True,True,4,visible,31,0,,1,False,0.000,[1436]
1502,50.067,49,0.932,0.968,0.252,0.986,0.036,0.998,0.948,0.996,0.984,0.600,True,True,4,visible,191,0,,0,False,0.000,[]
1502,50.067,60,0.651,0.707,0.221,0.891,0.250,0.973,0.885,0.908,0.818,0.600,True,True,4,visible,88,0,,1,False,0.000,[1398]
1502,50.067,61,0.332,0.374,0.032,0.835,0.067,0.979,0.911,0.960,0.918,0.200,False,True,4,visible,0,2,,1,False,0.000,[1453]
1502,50.067,69,0.775,0.821,0.206,0.918,0.124,0.983,0.917,0.964,0.918,0.600,True,True,4,visible,87,0,,0,False,0.000,[]
1502,50.067,68,0.369,0.450,0.054,0.688,0.025,0.839,0.632,0.604,0.470,0.400,True,True,4,visible,32,0,,1,False,0.000,[1436]
1502,50.067,71,0.773,0.355,0.847,0.076,0.812,0.631,0.881,0.204,0.341,0.600,True,True,2,uncertain,1,0,,0,False,0.000,[]
1503,50.100,49,0.932,0.968,0.251,0.986,0.036,0.998,0.948,0.996,0.984,0.600,True,True,4,visible,192,0,,0,False,0.000,[]
1503,50.100,60,0.651,0.707,0.221,0.891,0.250,0.973,0.885,0.908,0.818,0.600,True,True,4,visible,89,0,,1,False,0.000,[1398]
1503,50.100,61,0.332,0.374,0.032,0.835,0.067,0.979,0.911,0.960,0.917,0.200,False,True,4,visible,0,3,,1,False,0.000,[1453]
1503,50.100,69,0.775,0.821,0.206,0.918,0.124,0.983,0.917,0.964,0.918,0.600,True,True,4,visible,88,0,,0,False,0.000,[]
1503,50.100,68,0.369,0.450,0.054,0.688,0.025,0.839,0.632,0.604,0.470,0.400,True,True,4,visible,33,0,,1,False,0.000,[1436]
1503,50.100,71,0.773,0.355,0.847,0.076,0.812,0.631,0.881,0.204,0.341,0.600,True,True,2,uncertain,2,0,,0,False,0.000,[]
1504,50.133,49,0.932,0.968,0.251,0.986,0.036,0.998,0.948,0.996,0.984,0.600,True,True,4,visible,193,0,,0,False,0.000,[]
1504,50.133,60,0.651,0.707,0.221,0.891,0.250,0.973,0.885,0.908,0.818,0.600,True,True,4,visible,90,0,,1,False,0.000,[1398]
1504,50.133,61,0.332,0.374,0.032,0.835,0.067,0.979,0.911,0.960,0.917,0.200,False,True,4,visible,0,4,,1,False,0.000,[1453]
1504,50.133,69,0.775,0.821,0.206,0.918,0.124,0.983,0.917,0.964,0.918,0.600,True,True,4,visible,89,0,,0,False,0.000,[]
1504,50.133,68,0.369,0.450,0.054,0.688,0.025,0.839,0.632,0.604,0.470,0.400,True,True,4,visible,34,0,,1,False,0.000,[1436]
1504,50.133,71,0.773,0.355,0.847,0.076,0.812,0.631,0.881,0.204,0.341,0.600,True,True,2,visible,3,0,,0,False,0.000,[]
1505,50.167,49,0.924,0.965,0.222,0.987,0.035,0.998,0.949,0.997,0.986,0.600,True,True,4,visible,194,0,,0,False,0.000,[]
1505,50.167,60,0.497,0.545,0.148,0.874,0.264,0.970,0.897,0.915,0.857,0.600,True,True,4,visible,91,0,,1,False,0.000,[1398]
1505,50.167,61,0.535,0.558,0.089,0.902,0.149,0.985,0.961,0.948,0.923,0.600,True,True,4,visible,1,0,,1,False,0.000,[1453]
1505,50.167,69,0.728,0.775,0.175,0.918,0.145,0.982,0.916,0.930,0.857,0.600,True,True,4,visible,90,0,,0,False,0.000,[]
1505,50.167,68,0.476,0.561,0.087,0.706,0.030,0.888,0.703,0.704,0.564,0.600,True,True,4,visible,35,0,,1,False,0.000,[1436]
1506,50.200,49,0.924,0.965,0.222,0.987,0.035,0.998,0.949,0.997,0.986,0.600,True,True,4,visible,195,0,,0,False,0.000,[]
1506,50.200,60,0.497,0.545,0.148,0.874,0.264,0.970,0.897,0.915,0.857,0.600,True,True,4,visible,92,0,,1,False,0.000,[1398]
1506,50.200,61,0.535,0.558,0.089,0.902,0.149,0.985,0.961,0.948,0.923,0.600,True,True,4,visible,2,0,,1,False,0.000,[1453]
1506,50.200,69,0.728,0.775,0.175,0.918,0.145,0.982,0.916,0.930,0.857,0.600,True,True,4,visible,91,0,,0,False,0.000,[]
1506,50.200,68,0.476,0.561,0.087,0.706,0.030,0.888,0.703,0.704,0.564,0.600,True,True,4,visible,36,0,,1,False,0.000,[1436]
1507,50.233,49,0.924,0.965,0.222,0.987,0.035,0.998,0.949,0.997,0.986,0.600,True,True,4,visible,196,0,,0,False,0.000,[]
1507,50.233,60,0.497,0.545,0.148,0.874,0.264,0.970,0.897,0.915,0.857,0.600,True,True,4,visible,93,0,,1,False,0.000,[1398]
1507,50.233,61,0.535,0.558,0.089,0.902,0.149,0.985,0.961,0.948,0.923,0.600,True,True,4,visible,3,0,,1,False,0.000,[1453]
1507,50.233,69,0.728,0.775,0.175,0.918,0.145,0.982,0.916,0.930,0.857,0.600,True,True,4,visible,92,0,,0,False,0.000,[]
1507,50.233,68,0.476,0.561,0.087,0.706,0.030,0.888,0.703,0.704,0.564,0.600,True,True,4,visible,37,0,,1,False,0.000,[1436]
1508,50.267,49,0.924,0.965,0.222,0.987,0.035,0.998,0.949,0.997,0.986,0.600,True,True,4,visible,197,0,,0,False,0.000,[]
1508,50.267,60,0.497,0.545,0.148,0.874,0.264,0.970,0.897,0.915,0.857,0.600,True,True,4,visible,94,0,,1,False,0.000,[1398]
1508,50.267,61,0.535,0.558,0.089,0.902,0.149,0.985,0.961,0.948,0.923,0.600,True,True,4,visible,4,0,,1,False,0.000,[1453]
1508,50.267,69,0.728,0.775,0.175,0.918,0.145,0.982,0.916,0.930,0.857,0.600,True,True,4,visible,93,0,,0,False,0.000,[]
1508,50.267,68,0.476,0.561,0.087,0.706,0.030,0.888,0.703,0.704,0.564,0.600,True,True,4,visible,38,0,,1,False,0.000,[1436]
1509,50.300,49,0.924,0.965,0.222,0.987,0.035,0.998,0.949,0.997,0.986,0.600,True,True,4,visible,198,0,,0,False,0.000,[]
1509,50.300,60,0.497,0.545,0.148,0.874,0.264,0.970,0.897,0.915,0.857,0.600,True,True,4,visible,95,0,,1,False,0.000,[1398]
1509,50.300,61,0.535,0.558,0.089,0.902,0.149,0.985,0.961,0.948,0.923,0.600,True,True,4,visible,5,0,,1,False,0.000,[1453]
1509,50.300,69,0.728,0.775,0.175,0.918,0.145,0.982,0.916,0.930,0.857,0.600,True,True,4,visible,94,0,,0,False,0.000,[]
1509,50.300,68,0.476,0.561,0.087,0.706,0.030,0.888,0.703,0.704,0.564,0.600,True,True,4,visible,39,0,,1,False,0.000,[1436]
1510,50.333,49,0.933,0.969,0.237,0.987,0.032,0.998,0.950,0.997,0.987,0.600,True,True,4,visible,199,0,,0,False,0.000,[]
1510,50.333,60,0.572,0.668,0.112,0.918,0.096,0.962,0.851,0.835,0.701,0.600,True,True,4,visible,96,0,,1,False,0.000,[1398]
1510,50.333,61,0.365,0.422,0.037,0.849,0.068,0.982,0.899,0.963,0.911,0.400,True,True,4,visible,6,0,,1,False,0.000,[1453]
1510,50.333,69,0.594,0.626,0.108,0.906,0.162,0.981,0.936,0.934,0.885,0.600,True,True,4,visible,95,0,,0,False,0.000,[]
1511,50.367,49,0.933,0.969,0.236,0.987,0.032,0.998,0.950,0.997,0.987,0.600,True,True,4,visible,200,0,,0,False,0.000,[]
1511,50.367,60,0.572,0.668,0.112,0.918,0.096,0.962,0.851,0.835,0.701,0.600,True,True,4,visible,97,0,,1,False,0.000,[1398]
1511,50.367,61,0.365,0.422,0.037,0.849,0.068,0.982,0.899,0.963,0.911,0.400,True,True,4,visible,7,0,,1,False,0.000,[1453]
1511,50.367,69,0.594,0.626,0.108,0.906,0.162,0.981,0.936,0.934,0.885,0.600,True,True,4,visible,96,0,,0,False,0.000,[]
1512,50.400,49,0.933,0.969,0.236,0.987,0.032,0.998,0.950,0.997,0.987,0.600,True,True,4,visible,201,0,,0,False,0.000,[]
1512,50.400,60,0.572,0.668,0.112,0.918,0.096,0.962,0.851,0.835,0.701,0.600,True,True,4,visible,98,0,,1,False,0.000,[1398]
1512,50.400,61,0.365,0.422,0.037,0.849,0.068,0.982,0.899,0.963,0.911,0.400,True,True,4,visible,8,0,,1,False,0.000,[1453]
1512,50.400,69,0.594,0.626,0.108,0.906,0.162,0.981,0.936,0.934,0.885,0.600,True,True,4,visible,97,0,,0,False,0.000,[]
1513,50.433,49,0.933,0.969,0.236,0.987,0.032,0.998,0.950,0.997,0.987,0.600,True,True,4,visible,202,0,,0,False,0.000,[]
1513,50.433,60,0.572,0.668,0.112,0.918,0.096,0.962,0.851,0.835,0.701,0.600,True,True,4,visible,99,0,,1,False,0.000,[1398]
1513,50.433,61,0.365,0.422,0.037,0.849,0.068,0.982,0.899,0.963,0.911,0.400,True,True,4,visible,9,0,,1,False,0.000,[1453]
1513,50.433,69,0.594,0.626,0.108,0.906,0.162,0.981,0.936,0.934,0.885,0.600,True,True,4,visible,98,0,,0,False,0.000,[]
1514,50.467,49,0.926,0.965,0.221,0.987,0.033,0.998,0.954,0.997,0.988,0.600,True,True,4,visible,203,0,,0,False,0.000,[]
1514,50.467,60,0.509,0.616,0.092,0.910,0.089,0.955,0.826,0.841,0.707,0.600,True,True,4,visible,100,0,,1,False,0.000,[1398]
1514,50.467,69,0.624,0.682,0.106,0.936,0.165,0.987,0.940,0.942,0.881,0.600,True,True,4,visible,99,0,,0,False,0.000,[]
1515,50.500,49,0.926,0.965,0.221,0.987,0.033,0.998,0.953,0.997,0.988,0.600,True,True,4,visible,204,0,,0,False,0.000,[]
1515,50.500,60,0.509,0.616,0.092,0.911,0.089,0.955,0.826,0.841,0.708,0.600,True,True,4,visible,101,0,,1,False,0.000,[1398]
1515,50.500,69,0.624,0.681,0.106,0.936,0.165,0.987,0.940,0.942,0.881,0.600,True,True,4,visible,100,0,,0,False,0.000,[]
1516,50.533,49,0.926,0.965,0.221,0.987,0.033,0.998,0.953,0.997,0.988,0.600,True,True,4,visible,205,0,,0,False,0.000,[]
1516,50.533,60,0.509,0.616,0.092,0.911,0.089,0.955,0.826,0.841,0.708,0.600,True,True,4,visible,102,0,,1,False,0.000,[1398]
1516,50.533,69,0.624,0.681,0.106,0.936,0.165,0.987,0.940,0.942,0.881,0.600,True,True,4,visible,101,0,,0,False,0.000,[]
1517,50.567,49,0.926,0.965,0.221,0.987,0.033,0.998,0.953,0.997,0.988,0.600,True,True,4,visible,206,0,,0,False,0.000,[]
1517,50.567,60,0.509,0.616,0.092,0.911,0.089,0.955,0.826,0.841,0.708,0.600,True,True,4,visible,103,0,,1,False,0.000,[1398]
1517,50.567,69,0.624,0.681,0.106,0.936,0.165,0.987,0.940,0.942,0.881,0.600,True,True,4,visible,102,0,,0,False,0.000,[]
1518,50.600,49,0.934,0.965,0.235,0.985,0.031,0.998,0.958,0.997,0.987,0.600,True,True,4,visible,207,0,,0,False,0.000,[]
1518,50.600,60,0.432,0.511,0.134,0.844,0.220,0.947,0.818,0.879,0.798,0.600,True,True,4,visible,104,0,,1,False,0.000,[1398]
1518,50.600,69,0.728,0.799,0.178,0.913,0.122,0.979,0.857,0.897,0.747,0.600,True,True,4,visible,103,0,,0,False,0.000,[]
1518,50.600,61,0.326,0.322,0.036,0.757,0.058,0.966,0.923,0.969,0.953,0.200,False,True,4,visible,0,1,,1,False,0.000,[1453]
1519,50.633,49,0.941,0.968,0.268,0.984,0.032,0.997,0.958,0.996,0.985,0.600,True,True,4,visible,208,0,,0,False,0.000,[]
1519,50.633,60,0.519,0.630,0.092,0.900,0.073,0.946,0.789,0.824,0.679,0.600,True,True,4,visible,105,0,,1,False,0.000,[1398]
1519,50.633,69,0.699,0.770,0.164,0.901,0.118,0.975,0.849,0.858,0.692,0.600,True,True,4,visible,104,0,,0,False,0.000,[]
1519,50.633,61,0.285,0.279,0.030,0.743,0.056,0.966,0.926,0.974,0.961,0.200,False,True,4,visible,0,2,,1,False,0.000,[1453]
1520,50.667,49,0.939,0.968,0.259,0.985,0.031,0.997,0.955,0.996,0.984,0.600,True,True,4,visible,209,0,,0,False,0.000,[]
1520,50.667,60,0.514,0.623,0.092,0.902,0.079,0.948,0.799,0.829,0.689,0.600,True,True,4,visible,106,0,,1,False,0.000,[1398]
1520,50.667,69,0.727,0.795,0.183,0.907,0.120,0.976,0.856,0.870,0.716,0.600,True,True,4,visible,105,0,,0,False,0.000,[]
1520,50.667,61,0.290,0.282,0.031,0.742,0.057,0.967,0.927,0.975,0.962,0.200,False,True,4,visible,0,3,,1,False,0.000,[1453]
1521,50.700,49,0.939,0.968,0.259,0.985,0.031,0.997,0.954,0.996,0.984,0.600,True,True,4,visible,210,0,,0,False,0.000,[]
1521,50.700,60,0.514,0.623,0.092,0.902,0.079,0.948,0.799,0.829,0.689,0.600,True,True,4,visible,107,0,,1,False,0.000,[1398]
1521,50.700,69,0.727,0.795,0.184,0.907,0.120,0.976,0.856,0.870,0.716,0.600,True,True,4,visible,106,0,,0,False,0.000,[]
1521,50.700,61,0.290,0.282,0.031,0.741,0.057,0.967,0.927,0.975,0.962,0.200,False,True,4,visible,0,4,,1,False,0.000,[1453]
1522,50.733,49,0.939,0.968,0.259,0.985,0.031,0.997,0.954,0.996,0.984,0.600,True,True,4,visible,211,0,,0,False,0.000,[]
1522,50.733,60,0.514,0.623,0.092,0.902,0.079,0.948,0.799,0.829,0.689,0.600,True,True,4,visible,108,0,,1,False,0.000,[1398]
1522,50.733,69,0.727,0.795,0.184,0.907,0.120,0.976,0.856,0.870,0.716,0.600,True,True,4,visible,107,0,,0,False,0.000,[]
1522,50.733,61,0.290,0.282,0.031,0.741,0.057,0.967,0.927,0.975,0.962,0.200,False,True,4,hidden,0,5,head_turn_away,2,False,0.000,"[1453, 1522]"
1523,50.767,49,0.874,0.945,0.140,0.986,0.035,0.998,0.930,0.996,0.981,0.600,True,True,4,visible,212,0,,0,False,0.000,[]
1523,50.767,61,0.268,0.327,0.023,0.917,0.121,0.992,0.950,0.980,0.953,0.200,False,True,4,hidden,0,6,,2,False,0.000,"[1453, 1522]"
1524,50.800,49,0.872,0.944,0.138,0.986,0.035,0.998,0.929,0.996,0.980,0.600,True,True,4,visible,213,0,,0,False,0.000,[]
1524,50.800,61,0.270,0.328,0.023,0.917,0.121,0.992,0.950,0.980,0.954,0.200,False,True,4,hidden,0,7,,2,False,0.000,"[1453, 1522]"
1524,50.800,72,0.588,0.641,0.157,0.885,0.142,0.961,0.856,0.728,0.567,0.600,True,True,4,uncertain,1,0,,0,False,0.000,[]
1525,50.833,49,0.872,0.944,0.138,0.986,0.035,0.998,0.929,0.996,0.980,0.600,True,True,4,visible,214,0,,0,False,0.000,[]
1525,50.833,61,0.270,0.328,0.023,0.917,0.121,0.992,0.950,0.980,0.954,0.200,False,True,4,hidden,0,8,,2,False,0.000,"[1453, 1522]"
1525,50.833,72,0.588,0.641,0.157,0.885,0.142,0.961,0.856,0.728,0.567,0.600,True,True,4,uncertain,2,0,,0,False,0.000,[]
1526,50.867,49,0.872,0.944,0.138,0.986,0.035,0.998,0.929,0.996,0.980,0.600,True,True,4,visible,215,0,,0,False,0.000,[]
1526,50.867,61,0.270,0.328,0.023,0.917,0.121,0.992,0.950,0.980,0.954,0.200,False,True,4,hidden,0,9,,2,False,0.000,"[1453, 1522]"
1526,50.867,72,0.588,0.641,0.157,0.885,0.142,0.961,0.856,0.728,0.567,0.600,True,True,4,visible,3,0,,0,False,0.000,[]
1527,50.900,49,0.797,0.911,0.060,0.989,0.029,0.999,0.939,0.999,0.990,0.600,True,True,4,visible,216,0,,0,False,0.000,[]
1527,50.900,61,0.367,0.504,0.026,0.798,0.006,0.923,0.735,0.919,0.842,0.400,True,True,4,hidden,1,0,,2,False,0.000,"[1453, 1522]"
1527,50.900,72,0.559,0.619,0.137,0.889,0.132,0.963,0.863,0.728,0.568,0.600,True,True,4,visible,4,0,,0,False,0.000,[]
1528,50.933,49,0.796,0.910,0.059,0.989,0.029,0.999,0.940,0.999,0.990,0.600,True,True,4,visible,217,0,,0,False,0.000,[]
1528,50.933,61,0.366,0.503,0.026,0.798,0.006,0.923,0.735,0.919,0.842,0.400,True,True,4,hidden,2,0,,2,False,0.000,"[1453, 1522]"
1528,50.933,72,0.559,0.619,0.137,0.889,0.132,0.963,0.863,0.729,0.568,0.600,True,True,4,visible,5,0,,0,False,0.000,[]
1529,50.967,49,0.796,0.910,0.059,0.989,0.029,0.999,0.940,0.999,0.990,0.600,True,True,4,visible,218,0,,0,False,0.000,[]
1529,50.967,61,0.366,0.503,0.026,0.798,0.006,0.923,0.735,0.919,0.842,0.400,True,True,4,visible,3,0,,2,False,0.000,"[1453, 1522]"
1529,50.967,72,0.559,0.619,0.137,0.889,0.132,0.963,0.863,0.729,0.568,0.600,True,True,4,visible,6,0,,0,False,0.000,[]
1530,51.000,49,0.796,0.910,0.059,0.989,0.029,0.999,0.940,0.999,0.990,0.600,True,True,4,visible,219,0,,0,False,0.000,[]
1530,51.000,61,0.366,0.503,0.026,0.798,0.006,0.923,0.735,0.919,0.842,0.400,True,True,4,visible,4,0,,2,False,0.000,"[1453, 1522]"
1530,51.000,72,0.559,0.619,0.137,0.889,0.132,0.963,0.863,0.729,0.568,0.600,True,True,4,visible,7,0,,0,False,0.000,[]
1531,51.033,49,0.877,0.953,0.106,0.989,0.019,0.998,0.927,0.998,0.987,0.600,True,True,4,visible,220,0,,0,False,0.000,[]
1531,51.033,61,0.540,0.571,0.083,0.902,0.152,0.989,0.952,0.970,0.937,0.600,True,True,4,visible,5,0,,2,False,0.000,"[1453, 1522]"
1531,51.033,68,0.390,0.524,0.060,0.762,0.026,0.924,0.689,0.855,0.724,0.400,True,True,4,visible,40,0,,1,False,0.000,[1436]
1531,51.033,60,0.408,0.496,0.118,0.874,0.253,0.970,0.851,0.946,0.885,0.600,True,True,4,visible,109,0,,1,False,0.000,[1398]
1532,51.067,49,0.877,0.953,0.106,0.989,0.019,0.998,0.927,0.998,0.987,0.600,True,True,4,visible,221,0,,0,False,0.000,[]
1532,51.067,61,0.540,0.571,0.083,0.902,0.152,0.989,0.952,0.970,0.937,0.600,True,True,4,visible,6,0,,2,False,0.000,"[1453, 1522]"
1532,51.067,68,0.390,0.524,0.060,0.762,0.026,0.924,0.689,0.855,0.724,0.400,True,True,4,visible,41,0,,1,False,0.000,[1436]
1532,51.067,60,0.408,0.496,0.118,0.874,0.253,0.970,0.851,0.946,0.885,0.600,True,True,4,visible,110,0,,1,False,0.000,[1398]
1533,51.100,49,0.877,0.953,0.106,0.989,0.019,0.998,0.927,0.998,0.987,0.600,True,True,4,visible,222,0,,0,False,0.000,[]
1533,51.100,61,0.540,0.571,0.083,0.902,0.152,0.989,0.952,0.970,0.937,0.600,True,True,4,visible,7,0,,2,False,0.000,"[1453, 1522]"
1533,51.100,68,0.390,0.524,0.060,0.762,0.026,0.924,0.689,0.855,0.724,0.400,True,True,4,visible,42,0,,1,False,0.000,[1436]
1533,51.100,60,0.408,0.496,0.118,0.874,0.253,0.970,0.851,0.946,0.885,0.600,True,True,4,visible,111,0,,1,False,0.000,[1398]
1534,51.133,49,0.877,0.953,0.106,0.989,0.019,0.998,0.927,0.998,0.987,0.600,True,True,4,visible,223,0,,0,False,0.000,[]
1534,51.133,61,0.540,0.571,0.083,0.902,0.152,0.989,0.952,0.970,0.937,0.600,True,True,4,visible,8,0,,2,False,0.000,"[1453, 1522]"
1534,51.133,68,0.390,0.524,0.060,0.762,0.026,0.924,0.689,0.855,0.724,0.400,True,True,4,visible,43,0,,1,False,0.000,[1436]
1534,51.133,60,0.408,0.496,0.118,0.874,0.253,0.970,0.851,0.946,0.885,0.600,True,True,4,visible,112,0,,1,False,0.000,[1398]
1535,51.167,49,0.713,0.843,0.047,0.987,0.041,0.999,0.966,0.999,0.994,0.600,True,True,4,visible,224,0,,0,False,0.000,[]
1535,51.167,68,0.377,0.508,0.059,0.753,0.026,0.921,0.677,0.847,0.710,0.400,True,True,4,visible,44,0,,1,False,0.000,[1436]
1535,51.167,60,0.380,0.457,0.106,0.852,0.226,0.960,0.832,0.931,0.868,0.400,True,True,4,visible,113,0,,1,False,0.000,[1398]
1536,51.200,49,0.713,0.844,0.047,0.987,0.041,0.999,0.965,0.999,0.994,0.600,True,True,4,visible,225,0,,0,False,0.000,[]
1536,51.200,68,0.377,0.508,0.059,0.753,0.026,0.921,0.677,0.847,0.710,0.400,True,True,4,visible,45,0,,1,False,0.000,[1436]
1536,51.200,60,0.380,0.457,0.106,0.852,0.226,0.960,0.831,0.931,0.867,0.400,True,True,4,visible,114,0,,1,False,0.000,[1398]
1536,51.200,73,0.844,0.873,0.398,0.930,0.211,0.979,0.937,0.934,0.891,0.600,True,True,4,uncertain,1,0,,0,False,0.000,[]
1537,51.233,49,0.713,0.843,0.047,0.987,0.041,0.999,0.965,0.999,0.994,0.600,True,True,4,visible,226,0,,0,False,0.000,[]
1537,51.233,68,0.377,0.508,0.059,0.753,0.026,0.921,0.677,0.847,0.710,0.400,True,True,4,visible,46,0,,1,False,0.000,[1436]
1537,51.233,60,0.380,0.457,0.106,0.852,0.226,0.960,0.831,0.931,0.867,0.400,True,True,4,visible,115,0,,1,False,0.000,[1398]
1537,51.233,73,0.844,0.873,0.398,0.930,0.211,0.979,0.937,0.934,0.891,0.600,True,True,4,uncertain,2,0,,0,False,0.000,[]
1538,51.267,49,0.713,0.843,0.047,0.987,0.041,0.999,0.965,0.999,0.994,0.600,True,True,4,visible,227,0,,0,False,0.000,[]
1538,51.267,68,0.377,0.508,0.059,0.753,0.026,0.921,0.677,0.847,0.710,0.400,True,True,4,visible,47,0,,1,False,0.000,[1436]
1538,51.267,60,0.380,0.457,0.106,0.852,0.226,0.960,0.831,0.931,0.867,0.400,True,True,4,visible,116,0,,1,False,0.000,[1398]
1538,51.267,73,0.844,0.873,0.398,0.930,0.211,0.979,0.937,0.934,0.891,0.600,True,True,4,visible,3,0,,0,False,0.000,[]
1539,51.300,49,0.713,0.843,0.047,0.987,0.041,0.999,0.965,0.999,0.994,0.600,True,True,4,visible,228,0,,0,False,0.000,[]
1539,51.300,68,0.377,0.508,0.059,0.753,0.026,0.921,0.677,0.847,0.710,0.400,True,True,4,visible,48,0,,1,False,0.000,[1436]
1539,51.300,60,0.380,0.457,0.106,0.852,0.226,0.960,0.831,0.931,0.867,0.400,True,True,4,visible,117,0,,1,False,0.000,[1398]
1539,51.300,73,0.844,0.873,0.398,0.930,0.211,0.979,0.937,0.934,0.891,0.600,True,True,4,visible,4,0,,0,False,0.000,[]
1540,51.333,49,0.692,0.795,0.043,0.977,0.049,0.998,0.965,0.997,0.988,0.600,True,True,4,visible,229,0,,0,False,0.000,[]
1540,51.333,68,0.473,0.536,0.103,0.657,0.043,0.870,0.705,0.700,0.581,0.600,True,True,4,visible,49,0,,1,False,0.000,[1436]
1540,51.333,60,0.422,0.538,0.122,0.895,0.236,0.967,0.859,0.952,0.907,0.600,True,True,4,visible,118,0,,1,False,0.000,[1398]
1540,51.333,73,0.723,0.747,0.220,0.939,0.286,0.986,0.966,0.958,0.938,0.600,True,True,4,visible,5,0,,0,False,0.000,[]
1541,51.367,49,0.691,0.794,0.043,0.977,0.050,0.998,0.966,0.997,0.988,0.600,True,True,4,visible,230,0,,0,False,0.000,[]
1541,51.367,68,0.473,0.536,0.103,0.657,0.043,0.870,0.705,0.699,0.581,0.600,True,True,4,visible,50,0,,1,False,0.000,[1436]
1541,51.367,60,0.422,0.537,0.122,0.894,0.237,0.967,0.859,0.952,0.907,0.600,True,True,4,visible,119,0,,1,False,0.000,[1398]
1541,51.367,73,0.724,0.748,0.221,0.939,0.285,0.986,0.966,0.958,0.938,0.600,True,True,4,visible,6,0,,0,False,0.000,[]
1542,51.400,49,0.691,0.794,0.043,0.977,0.050,0.998,0.966,0.997,0.988,0.600,True,True,4,visible,231,0,,0,False,0.000,[]
1542,51.400,68,0.473,0.536,0.103,0.657,0.043,0.870,0.705,0.699,0.581,0.600,True,True,4,visible,51,0,,1,False,0.000,[1436]
1542,51.400,60,0.422,0.537,0.122,0.894,0.237,0.967,0.859,0.952,0.907,0.600,True,True,4,visible,120,0,,1,False,0.000,[1398]
1542,51.400,73,0.724,0.748,0.221,0.939,0.285,0.986,0.966,0.958,0.938,0.600,True,True,4,visible,7,0,,0,False,0.000,[]
1543,51.433,49,0.691,0.794,0.043,0.977,0.050,0.998,0.966,0.997,0.988,0.600,True,True,4,visible,232,0,,0,False,0.000,[]
1543,51.433,68,0.473,0.536,0.103,0.657,0.043,0.870,0.705,0.699,0.581,0.600,True,True,4,visible,52,0,,1,False,0.000,[1436]
1543,51.433,60,0.422,0.537,0.122,0.894,0.237,0.967,0.859,0.952,0.907,0.600,True,True,4,visible,121,0,,1,False,0.000,[1398]
1543,51.433,73,0.724,0.748,0.221,0.939,0.285,0.986,0.966,0.958,0.938,0.600,True,True,4,visible,8,0,,0,False,0.000,[]
1544,51.467,49,0.515,0.661,0.022,0.981,0.077,0.999,0.959,0.998,0.989,0.600,True,True,4,visible,233,0,,0,False,0.000,[]
1544,51.467,68,0.313,0.440,0.055,0.671,0.024,0.879,0.591,0.753,0.590,0.400,True,True,4,visible,53,0,,1,False,0.000,[1436]
1544,51.467,60,0.430,0.518,0.127,0.887,0.264,0.970,0.885,0.958,0.923,0.600,True,True,4,visible,122,0,,1,False,0.000,[1398]
1545,51.500,49,0.515,0.661,0.022,0.981,0.076,0.999,0.959,0.998,0.989,0.600,True,True,4,visible,234,0,,0,False,0.000,[]
1545,51.500,68,0.313,0.440,0.055,0.671,0.024,0.879,0.591,0.753,0.590,0.400,True,True,4,visible,54,0,,1,False,0.000,[1436]
1545,51.500,60,0.431,0.518,0.127,0.887,0.265,0.970,0.885,0.958,0.923,0.600,True,True,4,visible,123,0,,1,False,0.000,[1398]
1545,51.500,74,0.805,0.792,0.294,0.914,0.204,0.983,0.971,0.979,0.972,0.600,True,True,4,uncertain,1,0,,0,False,0.000,[]
1546,51.533,49,0.515,0.661,0.022,0.981,0.076,0.999,0.959,0.998,0.989,0.600,True,True,4,visible,235,0,,0,False,0.000,[]
1546,51.533,68,0.313,0.440,0.055,0.671,0.024,0.879,0.591,0.753,0.590,0.400,True,True,4,visible,55,0,,1,False,0.000,[1436]
1546,51.533,60,0.431,0.518,0.127,0.887,0.265,0.970,0.885,0.958,0.923,0.600,True,True,4,visible,124,0,,1,False,0.000,[1398]
1546,51.533,74,0.805,0.792,0.294,0.914,0.204,0.983,0.971,0.979,0.972,0.600,True,True,4,uncertain,2,0,,0,False,0.000,[]
1547,51.567,49,0.515,0.661,0.022,0.981,0.076,0.999,0.959,0.998,0.989,0.600,True,True,4,visible,236,0,,0,False,0.000,[]
1547,51.567,68,0.313,0.440,0.055,0.671,0.024,0.879,0.591,0.753,0.590,0.400,True,True,4,visible,56,0,,1,False,0.000,[1436]
1547,51.567,60,0.431,0.518,0.127,0.887,0.265,0.970,0.885,0.958,0.923,0.600,True,True,4,visible,125,0,,1,False,0.000,[1398]
1547,51.567,74,0.805,0.792,0.294,0.914,0.204,0.983,0.971,0.979,0.972,0.600,True,True,4,visible,3,0,,0,False,0.000,[]
1548,51.600,49,0.620,0.723,0.034,0.977,0.074,0.999,0.966,0.999,0.992,0.600,True,True,4,visible,237,0,,0,False,0.000,[]
1548,51.600,68,0.333,0.458,0.060,0.683,0.025,0.882,0.600,0.741,0.577,0.400,True,True,4,visible,57,0,,1,False,0.000,[1436]
1548,51.600,60,0.415,0.480,0.124,0.875,0.278,0.970,0.904,0.964,0.939,0.600,True,True,4,visible,126,0,,1,False,0.000,[1398]
1548,51.600,73,0.716,0.700,0.218,0.909,0.226,0.977,0.969,0.941,0.937,0.600,True,True,4,visible,9,0,,0,False,0.000,[]
1549,51.633,49,0.620,0.723,0.034,0.976,0.075,0.999,0.966,0.999,0.992,0.600,True,True,4,visible,238,0,,0,False,0.000,[]
1549,51.633,68,0.333,0.458,0.060,0.683,0.025,0.882,0.600,0.741,0.577,0.400,True,True,4,visible,58,0,,1,False,0.000,[1436]
1549,51.633,60,0.415,0.480,0.124,0.875,0.278,0.970,0.904,0.964,0.939,0.600,True,True,4,visible,127,0,,1,False,0.000,[1398]
1549,51.633,73,0.716,0.700,0.218,0.909,0.226,0.977,0.969,0.940,0.936,0.600,True,True,4,visible,10,0,,0,False,0.000,[]
1550,51.667,49,0.620,0.723,0.034,0.976,0.075,0.999,0.966,0.999,0.992,0.600,True,True,4,visible,239,0,,0,False,0.000,[]
1550,51.667,68,0.333,0.458,0.060,0.683,0.025,0.882,0.600,0.741,0.577,0.400,True,True,4,visible,59,0,,1,False,0.000,[1436]
1550,51.667,60,0.415,0.480,0.124,0.875,0.278,0.970,0.904,0.964,0.939,0.600,True,True,4,visible,128,0,,1,False,0.000,[1398]
1550,51.667,73,0.716,0.700,0.218,0.909,0.226,0.977,0.969,0.940,0.936,0.600,True,True,4,visible,11,0,,0,False,0.000,[]
1551,51.700,49,0.620,0.723,0.034,0.976,0.075,0.999,0.966,0.999,0.992,0.600,True,True,4,visible,240,0,,0,False,0.000,[]
1551,51.700,68,0.333,0.458,0.060,0.683,0.025,0.882,0.600,0.741,0.577,0.400,True,True,4,visible,60,0,,1,False,0.000,[1436]
1551,51.700,60,0.415,0.480,0.124,0.875,0.278,0.970,0.904,0.964,0.939,0.600,True,True,4,visible,129,0,,1,False,0.000,[1398]
1551,51.700,73,0.716,0.700,0.218,0.909,0.226,0.977,0.969,0.940,0.936,0.600,True,True,4,visible,12,0,,0,False,0.000,[]
1552,51.733,49,0.620,0.723,0.034,0.976,0.075,0.999,0.966,0.999,0.992,0.600,True,True,4,visible,241,0,,0,False,0.000,[]
1552,51.733,68,0.333,0.458,0.060,0.683,0.025,0.882,0.600,0.741,0.577,0.400,True,True,4,visible,61,0,,1,False,0.000,[1436]
1552,51.733,60,0.415,0.480,0.124,0.875,0.278,0.970,0.904,0.964,0.939,0.600,True,True,4,visible,130,0,,1,False,0.000,[1398]
1552,51.733,73,0.716,0.700,0.218,0.909,0.226,0.977,0.969,0.940,0.936,0.600,True,True,4,visible,13,0,,0,False,0.000,[]
1553,51.767,49,0.658,0.752,0.042,0.975,0.077,0.999,0.957,0.997,0.985,0.600,True,True,4,visible,242,0,,0,False,0.000,[]
1553,51.767,60,0.493,0.559,0.152,0.892,0.294,0.978,0.918,0.974,0.951,0.600,True,True,4,visible,131,0,,1,False,0.000,[1398]
1553,51.767,74,0.543,0.446,0.149,0.833,0.220,0.968,0.979,0.979,0.983,0.600,True,True,4,visible,4,0,,0,False,0.000,[]
1554,51.800,49,0.657,0.751,0.042,0.975,0.077,0.999,0.957,0.997,0.985,0.600,True,True,4,visible,243,0,,0,False,0.000,[]
1554,51.800,60,0.493,0.559,0.152,0.892,0.294,0.978,0.918,0.974,0.951,0.600,True,True,4,visible,132,0,,1,False,0.000,[1398]
1554,51.800,74,0.543,0.446,0.149,0.834,0.220,0.968,0.979,0.979,0.983,0.600,True,True,4,visible,5,0,,0,False,0.000,[]
1555,51.833,49,0.657,0.751,0.042,0.975,0.077,0.999,0.957,0.997,0.985,0.600,True,True,4,visible,244,0,,0,False,0.000,[]
1555,51.833,60,0.493,0.559,0.152,0.892,0.294,0.978,0.918,0.974,0.951,0.600,True,True,4,visible,133,0,,1,False,0.000,[1398]
1555,51.833,74,0.543,0.446,0.149,0.834,0.220,0.968,0.979,0.979,0.983,0.600,True,True,4,visible,6,0,,0,False,0.000,[]
1556,51.867,49,0.657,0.751,0.042,0.975,0.077,0.999,0.957,0.997,0.985,0.600,True,True,4,visible,245,0,,0,False,0.000,[]
1556,51.867,60,0.493,0.559,0.152,0.892,0.294,0.978,0.918,0.974,0.951,0.600,True,True,4,visible,134,0,,1,False,0.000,[1398]
1556,51.867,74,0.543,0.446,0.149,0.834,0.220,0.968,0.979,0.979,0.983,0.600,True,True,4,visible,7,0,,0,False,0.000,[]
1557,51.900,49,0.599,0.698,0.035,0.975,0.084,0.999,0.961,0.998,0.987,0.600,True,True,4,visible,246,0,,0,False,0.000,[]
1557,51.900,60,0.591,0.661,0.184,0.910,0.276,0.985,0.925,0.980,0.957,0.600,True,True,4,visible,135,0,,1,False,0.000,[1398]
1557,51.900,74,0.648,0.606,0.196,0.898,0.233,0.975,0.979,0.975,0.977,0.600,True,True,4,visible,8,0,,0,False,0.000,[]
1557,51.900,68,0.347,0.478,0.064,0.685,0.025,0.906,0.636,0.827,0.681,0.400,True,True,4,visible,62,0,,1,False,0.000,[1436]
1558,51.933,49,0.599,0.698,0.035,0.975,0.084,0.999,0.961,0.998,0.987,0.600,True,True,4,visible,247,0,,0,False,0.000,[]
1558,51.933,60,0.591,0.661,0.184,0.910,0.276,0.985,0.925,0.980,0.957,0.600,True,True,4,visible,136,0,,1,False,0.000,[1398]
1558,51.933,74,0.649,0.607,0.196,0.898,0.232,0.975,0.979,0.976,0.978,0.600,True,True,4,visible,9,0,,0,False,0.000,[]
1558,51.933,68,0.347,0.478,0.064,0.685,0.025,0.906,0.636,0.827,0.680,0.400,True,True,4,visible,63,0,,1,False,0.000,[1436]
1559,51.967,49,0.599,0.698,0.035,0.975,0.084,0.999,0.961,0.998,0.987,0.600,True,True,4,visible,248,0,,0,False,0.000,[]
1559,51.967,60,0.591,0.661,0.184,0.910,0.276,0.985,0.925,0.980,0.957,0.600,True,True,4,visible,137,0,,1,False,0.000,[1398]
1559,51.967,74,0.649,0.607,0.196,0.898,0.232,0.975,0.979,0.976,0.978,0.600,True,True,4,visible,10,0,,0,False,0.000,[]
1559,51.967,68,0.347,0.478,0.064,0.685,0.025,0.906,0.636,0.827,0.680,0.400,True,True,4,visible,64,0,,1,False,0.000,[1436]
1560,52.000,49,0.599,0.698,0.035,0.975,0.084,0.999,0.961,0.998,0.987,0.600,True,True,4,visible,249,0,,0,False,0.000,[]
1560,52.000,60,0.591,0.661,0.184,0.910,0.276,0.985,0.925,0.980,0.957,0.600,True,True,4,visible,138,0,,1,False,0.000,[1398]
1560,52.000,74,0.649,0.607,0.196,0.898,0.232,0.975,0.979,0.976,0.978,0.600,True,True,4,visible,11,0,,0,False,0.000,[]
1560,52.000,68,0.347,0.478,0.064,0.685,0.025,0.906,0.636,0.827,0.680,0.400,True,True,4,visible,65,0,,1,False,0.000,[1436]
1561,52.033,49,0.679,0.738,0.048,0.964,0.085,0.999,0.958,0.998,0.986,0.600,True,True,4,visible,250,0,,0,False,0.000,[]
1561,52.033,60,0.642,0.743,0.192,0.923,0.193,0.984,0.894,0.979,0.948,0.600,True,True,4,visible,139,0,,1,False,0.000,[1398]
1561,52.033,74,0.774,0.728,0.351,0.894,0.253,0.966,0.980,0.977,0.983,0.600,True,True,4,visible,12,0,,0,False,0.000,[]
1561,52.033,68,0.497,0.627,0.123,0.738,0.035,0.927,0.742,0.799,0.665,0.600,True,True,4,visible,66,0,,1,False,0.000,[1436]
1562,52.067,49,0.679,0.738,0.048,0.964,0.085,0.999,0.958,0.998,0.986,0.600,True,True,4,visible,251,0,,0,False,0.000,[]
1562,52.067,60,0.642,0.743,0.192,0.923,0.193,0.984,0.894,0.979,0.948,0.600,True,True,4,visible,140,0,,1,False,0.000,[1398]
1562,52.067,74,0.774,0.728,0.351,0.894,0.253,0.966,0.980,0.977,0.983,0.600,True,True,4,visible,13,0,,0,False,0.000,[]
1562,52.067,68,0.497,0.627,0.123,0.738,0.035,0.927,0.742,0.799,0.665,0.600,True,True,4,visible,67,0,,1,False,0.000,[1436]
1563,52.100,49,0.679,0.738,0.048,0.964,0.085,0.999,0.958,0.998,0.986,0.600,True,True,4,visible,252,0,,0,False,0.000,[]
1563,52.100,60,0.642,0.743,0.192,0.923,0.193,0.984,0.894,0.979,0.948,0.600,True,True,4,visible,141,0,,1,False,0.000,[1398]
1563,52.100,74,0.774,0.728,0.351,0.894,0.253,0.966,0.980,0.977,0.983,0.600,True,True,4,visible,14,0,,0,False,0.000,[]
1563,52.100,68,0.497,0.627,0.123,0.738,0.035,0.927,0.742,0.799,0.665,0.600,True,True,4,visible,68,0,,1,False,0.000,[1436]
1564,52.133,49,0.679,0.738,0.048,0.964,0.085,0.999,0.958,0.998,0.986,0.600,True,True,4,visible,253,0,,0,False,0.000,[]
1564,52.133,60,0.642,0.743,0.192,0.923,0.193,0.984,0.894,0.979,0.948,0.600,True,True,4,visible,142,0,,1,False,0.000,[1398]
1564,52.133,74,0.774,0.728,0.351,0.894,0.253,0.966,0.980,0.977,0.983,0.600,True,True,4,visible,15,0,,0,False,0.000,[]
1564,52.133,68,0.497,0.627,0.123,0.738,0.035,0.927,0.742,0.799,0.665,0.600,True,True,4,visible,69,0,,1,False,0.000,[1436]
1565,52.167,49,0.686,0.725,0.052,0.958,0.097,0.999,0.960,0.997,0.986,0.600,True,True,4,visible,254,0,,0,False,0.000,[]
1565,52.167,60,0.641,0.737,0.198,0.922,0.202,0.982,0.899,0.978,0.949,0.600,True,True,4,visible,143,0,,1,False,0.000,[1398]
1565,52.167,74,0.640,0.561,0.211,0.866,0.217,0.965,0.980,0.982,0.987,0.600,True,True,4,visible,16,0,,0,False,0.000,[]
1565,52.167,68,0.459,0.599,0.103,0.731,0.030,0.921,0.710,0.803,0.663,0.600,True,True,4,visible,70,0,,1,False,0.000,[1436]
1566,52.200,49,0.686,0.725,0.052,0.958,0.097,0.999,0.960,0.997,0.986,0.600,True,True,4,visible,255,0,,0,False,0.000,[]
1566,52.200,60,0.641,0.737,0.198,0.922,0.202,0.982,0.899,0.978,0.949,0.600,True,True,4,visible,144,0,,1,False,0.000,[1398]
1566,52.200,74,0.640,0.561,0.211,0.866,0.217,0.965,0.980,0.982,0.987,0.600,True,True,4,visible,17,0,,0,False,0.000,[]
1566,52.200,68,0.459,0.599,0.103,0.731,0.030,0.921,0.710,0.803,0.663,0.600,True,True,4,visible,71,0,,1,False,0.000,[1436]
1567,52.233,49,0.686,0.725,0.052,0.958,0.097,0.999,0.960,0.997,0.986,0.600,True,True,4,visible,256,0,,0,False,0.000,[]
1567,52.233,60,0.641,0.737,0.198,0.922,0.202,0.982,0.899,0.978,0.949,0.600,True,True,4,visible,145,0,,1,False,0.000,[1398]
1567,52.233,74,0.640,0.561,0.211,0.866,0.217,0.965,0.980,0.982,0.987,0.600,True,True,4,visible,18,0,,0,False,0.000,[]
1567,52.233,68,0.459,0.599,0.103,0.731,0.030,0.921,0.710,0.803,0.663,0.600,True,True,4,visible,72,0,,1,False,0.000,[1436]
1568,52.267,49,0.686,0.725,0.052,0.958,0.097,0.999,0.960,0.997,0.986,0.600,True,True,4,visible,257,0,,0,False,0.000,[]
1568,52.267,60,0.641,0.737,0.198,0.922,0.202,0.982,0.899,0.978,0.949,0.600,True,True,4,visible,146,0,,1,False,0.000,[1398]
1568,52.267,74,0.640,0.561,0.211,0.866,0.217,0.965,0.980,0.982,0.987,0.600,True,True,4,visible,19,0,,0,False,0.000,[]
1568,52.267,68,0.459,0.599,0.103,0.731,0.030,0.921,0.710,0.803,0.663,0.600,True,True,4,visible,73,0,,1,False,0.000,[1436]
1569,52.300,49,0.686,0.725,0.052,0.958,0.097,0.999,0.960,0.997,0.986,0.600,True,True,4,visible,258,0,,0,False,0.000,[]
1569,52.300,60,0.641,0.737,0.198,0.922,0.202,0.982,0.899,0.978,0.949,0.600,True,True,4,visible,147,0,,1,False,0.000,[1398]
1569,52.300,74,0.640,0.561,0.211,0.866,0.217,0.965,0.980,0.982,0.987,0.600,True,True,4,visible,20,0,,0,False,0.000,[]
1569,52.300,68,0.459,0.599,0.103,0.731,0.030,0.921,0.710,0.803,0.663,0.600,True,True,4,visible,74,0,,1,False,0.000,[1436]
1570,52.333,49,0.686,0.738,0.049,0.963,0.085,0.999,0.959,0.998,0.987,0.600,True,True,4,visible,259,0,,0,False,0.000,[]
1570,52.333,60,0.646,0.750,0.206,0.933,0.231,0.985,0.903,0.977,0.945,0.600,True,True,4,visible,148,0,,1,False,0.000,[1398]
1570,52.333,74,0.727,0.642,0.333,0.865,0.260,0.951,0.984,0.975,0.986,0.600,True,True,4,visible,21,0,,0,False,0.000,[]
1570,52.333,68,0.428,0.551,0.109,0.663,0.035,0.917,0.720,0.842,0.729,0.600,True,True,4,visible,75,0,,1,False,0.000,[1436]
1571,52.367,49,0.686,0.738,0.049,0.963,0.085,0.999,0.959,0.998,0.987,0.600,True,True,4,visible,260,0,,0,False,0.000,[]
1571,52.367,60,0.646,0.750,0.206,0.933,0.231,0.985,0.903,0.977,0.945,0.600,True,True,4,visible,149,0,,1,False,0.000,[1398]
1571,52.367,74,0.727,0.642,0.333,0.865,0.260,0.951,0.984,0.975,0.986,0.600,True,True,4,visible,22,0,,0,False,0.000,[]
1571,52.367,68,0.428,0.551,0.109,0.663,0.035,0.917,0.720,0.842,0.729,0.600,True,True,4,visible,76,0,,1,False,0.000,[1436]
1572,52.400,49,0.686,0.738,0.049,0.963,0.085,0.999,0.959,0.998,0.987,0.600,True,True,4,visible,261,0,,0,False,0.000,[]
1572,52.400,60,0.646,0.750,0.206,0.933,0.231,0.985,0.903,0.977,0.945,0.600,True,True,4,visible,150,0,,1,False,0.000,[1398]
1572,52.400,74,0.727,0.642,0.333,0.865,0.260,0.951,0.984,0.975,0.986,0.600,True,True,4,visible,23,0,,0,False,0.000,[]
1572,52.400,68,0.428,0.551,0.109,0.663,0.035,0.917,0.720,0.842,0.729,0.600,True,True,4,visible,77,0,,1,False,0.000,[1436]
1573,52.433,49,0.686,0.738,0.049,0.963,0.085,0.999,0.959,0.998,0.987,0.600,True,True,4,visible,262,0,,0,False,0.000,[]
1573,52.433,60,0.646,0.750,0.206,0.933,0.231,0.985,0.903,0.977,0.945,0.600,True,True,4,visible,151,0,,1,False,0.000,[1398]
1573,52.433,74,0.727,0.642,0.333,0.865,0.260,0.951,0.984,0.975,0.986,0.600,True,True,4,visible,24,0,,0,False,0.000,[]
1573,52.433,68,0.428,0.551,0.109,0.663,0.035,0.917,0.720,0.842,0.729,0.600,True,True,4,visible,78,0,,1,False,0.000,[1436]
1574,52.467,49,0.685,0.728,0.050,0.963,0.095,0.999,0.964,0.998,0.988,0.600,True,True,4,visible,263,0,,0,False,0.000,[]
1574,52.467,60,0.584,0.696,0.163,0.937,0.244,0.988,0.915,0.983,0.956,0.600,True,True,4,visible,152,0,,1,False,0.000,[1398]
1574,52.467,74,0.712,0.619,0.317,0.848,0.242,0.941,0.983,0.970,0.985,0.600,True,True,4,visible,25,0,,0,False,0.000,[]
1575,52.500,49,0.685,0.728,0.050,0.963,0.095,0.999,0.964,0.998,0.988,0.600,True,True,4,visible,264,0,,0,False,0.000,[]
1575,52.500,60,0.584,0.696,0.163,0.937,0.244,0.988,0.915,0.983,0.957,0.600,True,True,4,visible,153,0,,1,False,0.000,[1398]
1575,52.500,74,0.712,0.619,0.316,0.848,0.242,0.941,0.983,0.970,0.985,0.600,True,True,4,visible,26,0,,0,False,0.000,[]
1576,52.533,49,0.685,0.728,0.050,0.963,0.095,0.999,0.964,0.998,0.988,0.600,True,True,4,visible,265,0,,0,False,0.000,[]
1576,52.533,60,0.584,0.696,0.163,0.937,0.244,0.988,0.915,0.983,0.957,0.600,True,True,4,visible,154,0,,1,False,0.000,[1398]
1576,52.533,74,0.712,0.619,0.316,0.848,0.242,0.941,0.983,0.970,0.985,0.600,True,True,4,visible,27,0,,0,False,0.000,[]
1577,52.567,49,0.685,0.728,0.050,0.963,0.095,0.999,0.964,0.998,0.988,0.600,True,True,4,visible,266,0,,0,False,0.000,[]
1577,52.567,60,0.584,0.696,0.163,0.937,0.244,0.988,0.915,0.983,0.957,0.600,True,True,4,visible,155,0,,1,False,0.000,[1398]
1577,52.567,74,0.712,0.619,0.316,0.848,0.242,0.941,0.983,0.970,0.985,0.600,True,True,4,visible,28,0,,0,False,0.000,[]
1578,52.600,49,0.694,0.741,0.050,0.965,0.090,0.999,0.964,0.998,0.989,0.600,True,True,4,visible,267,0,,0,False,0.000,[]
1578,52.600,60,0.561,0.680,0.153,0.939,0.254,0.988,0.915,0.982,0.954,0.600,True,True,4,visible,156,0,,0,False,0.000,[]
1578,52.600,74,0.661,0.571,0.299,0.719,0.168,0.854,0.958,0.943,0.970,0.600,True,True,4,visible,29,0,,0,False,0.000,[]
1578,52.600,68,0.437,0.573,0.093,0.717,0.029,0.916,0.693,0.827,0.695,0.600,True,True,4,visible,79,0,,1,False,0.000,[1436]
1579,52.633,49,0.694,0.741,0.050,0.965,0.090,0.999,0.964,0.998,0.989,0.600,True,True,4,visible,268,0,,0,False,0.000,[]
1579,52.633,60,0.561,0.680,0.153,0.939,0.254,0.988,0.915,0.982,0.954,0.600,True,True,4,visible,157,0,,0,False,0.000,[]
1579,52.633,74,0.661,0.571,0.299,0.719,0.168,0.854,0.958,0.943,0.970,0.600,True,True,4,visible,30,0,,0,False,0.000,[]
1579,52.633,68,0.437,0.573,0.093,0.717,0.029,0.916,0.693,0.827,0.695,0.600,True,True,4,visible,80,0,,1,False,0.000,[1436]
1580,52.667,49,0.694,0.741,0.050,0.965,0.090,0.999,0.964,0.998,0.989,0.600,True,True,4,visible,269,0,,0,False,0.000,[]
1580,52.667,60,0.561,0.680,0.153,0.939,0.254,0.988,0.915,0.982,0.954,0.600,True,True,4,visible,158,0,,0,False,0.000,[]
1580,52.667,74,0.661,0.571,0.299,0.719,0.168,0.854,0.958,0.943,0.970,0.600,True,True,4,visible,31,0,,0,False,0.000,[]
1580,52.667,68,0.437,0.573,0.093,0.717,0.029,0.916,0.693,0.827,0.695,0.600,True,True,4,visible,81,0,,1,False,0.000,[1436]
1581,52.700,49,0.694,0.741,0.050,0.965,0.090,0.999,0.964,0.998,0.989,0.600,True,True,4,visible,270,0,,0,False,0.000,[]
1581,52.700,60,0.561,0.680,0.153,0.939,0.254,0.988,0.915,0.982,0.954,0.600,True,True,4,visible,159,0,,0,False,0.000,[]
1581,52.700,74,0.661,0.571,0.299,0.719,0.168,0.854,0.958,0.943,0.970,0.600,True,True,4,visible,32,0,,0,False,0.000,[]
1581,52.700,68,0.437,0.573,0.093,0.717,0.029,0.916,0.693,0.827,0.695,0.600,True,True,4,visible,82,0,,1,False,0.000,[1436]
1582,52.733,49,0.694,0.741,0.050,0.965,0.090,0.999,0.964,0.998,0.989,0.600,True,True,4,visible,271,0,,0,False,0.000,[]
1582,52.733,60,0.561,0.680,0.153,0.939,0.254,0.988,0.915,0.982,0.954,0.600,True,True,4,visible,160,0,,0,False,0.000,[]
1582,52.733,74,0.661,0.571,0.299,0.719,0.168,0.854,0.958,0.943,0.970,0.600,True,True,4,visible,33,0,,0,False,0.000,[]
1582,52.733,68,0.437,0.573,0.093,0.717,0.029,0.916,0.693,0.827,0.695,0.600,True,True,4,visible,83,0,,1,False,0.000,[1436]
1583,52.767,49,0.691,0.745,0.050,0.967,0.089,0.999,0.963,0.998,0.989,0.600,True,True,4,visible,272,0,,0,False,0.000,[]
1583,52.767,60,0.607,0.729,0.173,0.941,0.230,0.987,0.906,0.981,0.951,0.600,True,True,4,visible,161,0,,0,False,0.000,[]
1583,52.767,74,0.717,0.656,0.313,0.766,0.154,0.900,0.954,0.959,0.971,0.600,True,True,4,visible,34,0,,0,False,0.000,[]
1583,52.767,68,0.334,0.456,0.059,0.663,0.021,0.810,0.566,0.651,0.521,0.400,True,True,4,visible,84,0,,1,False,0.000,[1436]
1584,52.800,49,0.691,0.745,0.050,0.967,0.089,0.999,0.963,0.998,0.989,0.600,True,True,4,visible,273,0,,0,False,0.000,[]
1584,52.800,60,0.607,0.729,0.173,0.941,0.230,0.987,0.906,0.981,0.951,0.600,True,True,4,visible,162,0,,0,False,0.000,[]
1584,52.800,74,0.717,0.656,0.313,0.766,0.154,0.900,0.954,0.959,0.971,0.600,True,True,4,visible,35,0,,0,False,0.000,[]
1584,52.800,68,0.334,0.456,0.059,0.663,0.021,0.810,0.566,0.651,0.521,0.400,True,True,4,visible,85,0,,1,False,0.000,[1436]
1585,52.833,49,0.691,0.745,0.050,0.967,0.089,0.999,0.963,0.998,0.989,0.600,True,True,4,visible,274,0,,0,False,0.000,[]
1585,52.833,60,0.607,0.729,0.173,0.941,0.230,0.987,0.906,0.981,0.951,0.600,True,True,4,visible,163,0,,0,False,0.000,[]
1585,52.833,74,0.717,0.656,0.313,0.766,0.154,0.900,0.954,0.959,0.971,0.600,True,True,4,visible,36,0,,0,False,0.000,[]
1585,52.833,68,0.334,0.456,0.059,0.663,0.021,0.810,0.566,0.651,0.521,0.400,True,True,4,visible,86,0,,1,False,0.000,[1436]
1586,52.867,49,0.691,0.745,0.050,0.967,0.089,0.999,0.963,0.998,0.989,0.600,True,True,4,visible,275,0,,0,False,0.000,[]
1586,52.867,60,0.607,0.729,0.173,0.941,0.230,0.987,0.906,0.981,0.951,0.600,True,True,4,visible,164,0,,0,False,0.000,[]
1586,52.867,74,0.717,0.656,0.313,0.766,0.154,0.900,0.954,0.959,0.971,0.600,True,True,4,visible,37,0,,0,False,0.000,[]
1586,52.867,68,0.334,0.456,0.059,0.663,0.021,0.810,0.566,0.651,0.521,0.400,True,True,4,visible,87,0,,1,False,0.000,[1436]
1587,52.900,49,0.674,0.713,0.049,0.963,0.105,0.999,0.966,0.998,0.989,0.600,True,True,4,visible,276,0,,0,False,0.000,[]
1587,52.900,60,0.587,0.711,0.166,0.941,0.240,0.986,0.912,0.979,0.950,0.600,True,True,4,visible,165,0,,0,False,0.000,[]
1587,52.900,74,0.688,0.621,0.274,0.755,0.143,0.905,0.953,0.964,0.974,0.600,True,True,4,visible,38,0,,0,False,0.000,[]
1588,52.933,49,0.674,0.713,0.049,0.963,0.105,0.999,0.966,0.998,0.989,0.600,True,True,4,visible,277,0,,0,False,0.000,[]
1588,52.933,60,0.587,0.711,0.166,0.941,0.240,0.986,0.911,0.979,0.950,0.600,True,True,4,visible,166,0,,0,False,0.000,[]
1588,52.933,74,0.688,0.621,0.274,0.755,0.143,0.905,0.953,0.964,0.974,0.600,True,True,4,visible,39,0,,0,False,0.000,[]
1589,52.967,49,0.674,0.713,0.049,0.963,0.105,0.999,0.966,0.998,0.989,0.600,True,True,4,visible,278,0,,0,False,0.000,[]
1589,52.967,60,0.587,0.711,0.166,0.941,0.240,0.986,0.911,0.979,0.950,0.600,True,True,4,visible,167,0,,0,False,0.000,[]
1589,52.967,74,0.688,0.621,0.274,0.755,0.143,0.905,0.953,0.964,0.974,0.600,True,True,4,visible,40,0,,0,False,0.000,[]
1590,53.000,49,0.674,0.713,0.049,0.963,0.105,0.999,0.966,0.998,0.989,0.600,True,True,4,visible,279,0,,0,False,0.000,[]
1590,53.000,60,0.587,0.711,0.166,0.941,0.240,0.986,0.911,0.979,0.950,0.600,True,True,4,visible,168,0,,0,False,0.000,[]
1590,53.000,74,0.688,0.621,0.274,0.755,0.143,0.905,0.953,0.964,0.974,0.600,True,True,4,visible,41,0,,0,False,0.000,[]
1591,53.033,49,0.637,0.677,0.041,0.964,0.108,0.999,0.967,0.998,0.988,0.600,True,True,4,visible,280,0,,0,False,0.000,[]
1591,53.033,60,0.409,0.485,0.099,0.912,0.285,0.981,0.944,0.980,0.968,0.600,True,True,4,visible,169,0,,0,False,0.000,[]
1591,53.033,74,0.730,0.626,0.327,0.806,0.224,0.931,0.978,0.947,0.972,0.600,True,True,4,visible,42,0,,0,False,0.000,[]
1591,53.033,68,0.351,0.437,0.039,0.701,0.018,0.853,0.638,0.663,0.527,0.400,True,True,4,visible,88,0,,1,False,0.000,[1436]
1592,53.067,49,0.637,0.677,0.041,0.964,0.108,0.999,0.967,0.998,0.987,0.600,True,True,4,visible,281,0,,0,False,0.000,[]
1592,53.067,60,0.409,0.485,0.099,0.912,0.285,0.981,0.944,0.980,0.968,0.600,True,True,4,visible,170,0,,0,False,0.000,[]
1592,53.067,74,0.730,0.626,0.327,0.806,0.224,0.931,0.978,0.947,0.972,0.600,True,True,4,visible,43,0,,0,False,0.000,[]
1592,53.067,75,0.812,0.718,0.764,0.376,0.493,0.910,0.886,0.523,0.509,0.800,True,True,4,uncertain,1,0,,0,False,0.000,[]
1592,53.067,68,0.351,0.437,0.039,0.701,0.018,0.853,0.638,0.663,0.527,0.400,True,True,4,visible,89,0,,1,False,0.000,[1436]
1593,53.100,49,0.637,0.677,0.041,0.964,0.108,0.999,0.967,0.998,0.987,0.600,True,True,4,visible,282,0,,0,False,0.000,[]
1593,53.100,60,0.409,0.485,0.099,0.912,0.285,0.981,0.944,0.980,0.968,0.600,True,True,4,visible,171,0,,0,False,0.000,[]
1593,53.100,74,0.730,0.626,0.327,0.806,0.224,0.931,0.978,0.947,0.972,0.600,True,True,4,visible,44,0,,0,False,0.000,[]
1593,53.100,75,0.812,0.718,0.764,0.376,0.493,0.910,0.886,0.523,0.509,0.800,True,True,4,uncertain,2,0,,0,False,0.000,[]
1593,53.100,68,0.351,0.437,0.039,0.701,0.018,0.853,0.638,0.663,0.527,0.400,True,True,4,visible,90,0,,1,False,0.000,[1436]
1594,53.133,49,0.637,0.677,0.041,0.964,0.108,0.999,0.967,0.998,0.987,0.600,True,True,4,visible,283,0,,0,False,0.000,[]
1594,53.133,60,0.409,0.485,0.099,0.912,0.285,0.981,0.944,0.980,0.968,0.600,True,True,4,visible,172,0,,0,False,0.000,[]
1594,53.133,74,0.730,0.626,0.327,0.806,0.224,0.931,0.978,0.947,0.972,0.600,True,True,4,visible,45,0,,0,False,0.000,[]
1594,53.133,75,0.812,0.718,0.764,0.376,0.493,0.910,0.886,0.523,0.509,0.800,True,True,4,visible,3,0,,0,False,0.000,[]
1594,53.133,68,0.351,0.437,0.039,0.701,0.018,0.853,0.638,0.663,0.527,0.400,True,True,4,visible,91,0,,1,False,0.000,[1436]
1595,53.167,49,0.670,0.702,0.047,0.966,0.115,0.999,0.973,0.998,0.990,0.600,True,True,4,visible,284,0,,0,False,0.000,[]
1595,53.167,60,0.423,0.503,0.106,0.913,0.291,0.979,0.939,0.976,0.961,0.600,True,True,4,visible,173,0,,0,False,0.000,[]
1595,53.167,74,0.609,0.538,0.221,0.784,0.181,0.929,0.960,0.942,0.958,0.600,True,True,4,visible,46,0,,0,False,0.000,[]
1595,53.167,68,0.393,0.529,0.044,0.801,0.017,0.910,0.680,0.768,0.613,0.400,True,True,4,visible,92,0,,1,False,0.000,[1436]
1596,53.200,49,0.670,0.702,0.047,0.966,0.115,0.999,0.973,0.998,0.990,0.600,True,True,4,visible,285,0,,0,False,0.000,[]
1596,53.200,60,0.423,0.503,0.106,0.913,0.291,0.979,0.939,0.976,0.961,0.600,True,True,4,visible,174,0,,0,False,0.000,[]
1596,53.200,74,0.609,0.538,0.221,0.784,0.181,0.929,0.960,0.942,0.958,0.600,True,True,4,visible,47,0,,0,False,0.000,[]
1596,53.200,68,0.393,0.529,0.044,0.801,0.017,0.910,0.680,0.768,0.613,0.400,True,True,4,visible,93,0,,1,False,0.000,[1436]
1597,53.233,49,0.670,0.702,0.047,0.966,0.115,0.999,0.973,0.998,0.990,0.600,True,True,4,visible,286,0,,0,False,0.000,[]
1597,53.233,60,0.423,0.503,0.106,0.913,0.291,0.979,0.939,0.976,0.961,0.600,True,True,4,visible,175,0,,0,False,0.000,[]
1597,53.233,74,0.609,0.538,0.221,0.784,0.181,0.929,0.960,0.942,0.958,0.600,True,True,4,visible,48,0,,0,False,0.000,[]
1597,53.233,68,0.393,0.529,0.044,0.801,0.017,0.910,0.680,0.768,0.613,0.400,True,True,4,visible,94,0,,1,False,0.000,[1436]
1598,53.267,49,0.670,0.702,0.047,0.966,0.115,0.999,0.973,0.998,0.990,0.600,True,True,4,visible,287,0,,0,False,0.000,[]
1598,53.267,60,0.423,0.503,0.106,0.913,0.291,0.979,0.939,0.976,0.961,0.600,True,True,4,visible,176,0,,0,False,0.000,[]
1598,53.267,74,0.609,0.538,0.221,0.784,0.181,0.929,0.960,0.942,0.958,0.600,True,True,4,visible,49,0,,0,False,0.000,[]
1598,53.267,68,0.393,0.529,0.044,0.801,0.017,0.910,0.680,0.768,0.613,0.400,True,True,4,visible,95,0,,1,False,0.000,[1436]
1599,53.300,49,0.670,0.702,0.047,0.966,0.115,0.999,0.973,0.998,0.990,0.600,True,True,4,visible,288,0,,0,False,0.000,[]
1599,53.300,60,0.423,0.503,0.106,0.913,0.291,0.979,0.939,0.976,0.961,0.600,True,True,4,visible,177,0,,0,False,0.000,[]
1599,53.300,74,0.609,0.538,0.221,0.784,0.181,0.929,0.960,0.942,0.958,0.600,True,True,4,visible,50,0,,0,False,0.000,[]
1599,53.300,68,0.393,0.529,0.044,0.801,0.017,0.910,0.680,0.768,0.613,0.400,True,True,4,visible,96,0,,1,False,0.000,[1436]
1600,53.333,49,0.694,0.733,0.055,0.969,0.116,0.999,0.977,0.998,0.992,0.600,True,True,4,visible,289,0,,0,False,0.000,[]
1600,53.333,74,0.745,0.684,0.320,0.879,0.276,0.966,0.980,0.936,0.957,0.600,True,True,4,visible,51,0,,0,False,0.000,[]
1600,53.333,68,0.382,0.508,0.045,0.799,0.021,0.917,0.703,0.769,0.618,0.400,True,True,4,visible,97,0,,1,False,0.000,[1436]
1600,53.333,75,0.643,0.523,0.662,0.222,0.518,0.880,0.794,0.542,0.441,0.800,True,True,4,visible,4,0,,0,False,0.000,[]
1601,53.367,49,0.694,0.733,0.055,0.969,0.115,0.999,0.977,0.998,0.992,0.600,True,True,4,visible,290,0,,0,False,0.000,[]
1601,53.367,74,0.745,0.685,0.320,0.879,0.276,0.966,0.980,0.936,0.957,0.600,True,True,4,visible,52,0,,0,False,0.000,[]
1601,53.367,68,0.379,0.505,0.045,0.798,0.021,0.916,0.701,0.768,0.617,0.400,True,True,4,visible,98,0,,1,False,0.000,[1436]
1601,53.367,76,0.334,0.376,0.060,0.873,0.175,0.962,0.949,0.930,0.930,0.200,False,True,4,uncertain,0,0,,0,False,0.000,[]
1601,53.367,75,0.642,0.520,0.663,0.218,0.520,0.879,0.791,0.540,0.437,0.800,True,True,4,visible,5,0,,0,False,0.000,[]
1602,53.400,49,0.694,0.733,0.055,0.969,0.115,0.999,0.977,0.998,0.992,0.600,True,True,4,visible,291,0,,0,False,0.000,[]
1602,53.400,74,0.745,0.685,0.320,0.879,0.276,0.966,0.980,0.936,0.957,0.600,True,True,4,visible,53,0,,0,False,0.000,[]
1602,53.400,68,0.379,0.505,0.045,0.798,0.021,0.916,0.701,0.768,0.617,0.400,True,True,4,visible,99,0,,1,False,0.000,[1436]
1602,53.400,76,0.334,0.376,0.060,0.873,0.175,0.962,0.949,0.930,0.930,0.200,False,True,4,uncertain,0,0,,0,False,0.000,[]
1602,53.400,75,0.642,0.520,0.663,0.218,0.520,0.879,0.791,0.540,0.437,0.800,True,True,4,visible,6,0,,0,False,0.000,[]
1603,53.433,49,0.694,0.733,0.055,0.969,0.115,0.999,0.977,0.998,0.992,0.600,True,True,4,visible,292,0,,0,False,0.000,[]
1603,53.433,74,0.745,0.685,0.320,0.879,0.276,0.966,0.980,0.936,0.957,0.600,True,True,4,visible,54,0,,0,False,0.000,[]
1603,53.433,68,0.379,0.505,0.045,0.798,0.021,0.916,0.701,0.768,0.617,0.400,True,True,4,visible,100,0,,1,False,0.000,[1436]
1603,53.433,76,0.334,0.376,0.060,0.873,0.175,0.962,0.949,0.930,0.930,0.200,False,True,4,uncertain,0,0,,0,False,0.000,[]
1603,53.433,75,0.642,0.520,0.663,0.218,0.520,0.879,0.791,0.540,0.437,0.800,True,True,4,visible,7,0,,0,False,0.000,[]
1604,53.467,49,0.737,0.782,0.063,0.969,0.098,0.999,0.972,0.999,0.992,0.600,True,True,4,visible,293,0,,0,False,0.000,[]
1604,53.467,74,0.755,0.706,0.326,0.893,0.286,0.968,0.980,0.930,0.951,0.600,True,True,4,visible,55,0,,0,False,0.000,[]
1604,53.467,68,0.400,0.531,0.047,0.791,0.017,0.905,0.678,0.754,0.602,0.400,True,True,4,visible,101,0,,1,False,0.000,[1436]
1604,53.467,76,0.331,0.372,0.058,0.879,0.186,0.967,0.953,0.934,0.929,0.200,False,True,4,uncertain,0,0,,0,False,0.000,[]
1605,53.500,49,0.737,0.782,0.063,0.969,0.098,0.999,0.972,0.999,0.992,0.600,True,True,4,visible,294,0,,0,False,0.000,[]
1605,53.500,74,0.755,0.706,0.327,0.893,0.286,0.968,0.980,0.930,0.952,0.600,True,True,4,visible,56,0,,0,False,0.000,[]
1605,53.500,68,0.400,0.531,0.047,0.791,0.017,0.905,0.678,0.754,0.602,0.400,True,True,4,visible,102,0,,1,False,0.000,[1436]
1605,53.500,76,0.330,0.371,0.058,0.878,0.185,0.967,0.953,0.934,0.930,0.200,False,True,4,uncertain,0,0,,0,False,0.000,[]
1606,53.533,49,0.737,0.782,0.063,0.969,0.098,0.999,0.972,0.999,0.992,0.600,True,True,4,visible,295,0,,0,False,0.000,[]
1606,53.533,74,0.755,0.706,0.327,0.893,0.286,0.968,0.980,0.930,0.952,0.600,True,True,4,visible,57,0,,0,False,0.000,[]
1606,53.533,68,0.400,0.531,0.047,0.791,0.017,0.905,0.678,0.754,0.602,0.400,True,True,4,visible,103,0,,1,False,0.000,[1436]
1606,53.533,76,0.330,0.371,0.058,0.878,0.185,0.967,0.953,0.934,0.930,0.200,False,True,4,uncertain,0,0,,0,False,0.000,[]
1607,53.567,49,0.737,0.782,0.063,0.969,0.098,0.999,0.972,0.999,0.992,0.600,True,True,4,visible,296,0,,0,False,0.000,[]
1607,53.567,74,0.755,0.706,0.327,0.893,0.286,0.968,0.980,0.930,0.952,0.600,True,True,4,visible,58,0,,0,False,0.000,[]
1607,53.567,68,0.400,0.531,0.047,0.791,0.017,0.905,0.678,0.754,0.602,0.400,True,True,4,visible,104,0,,1,False,0.000,[1436]
1607,53.567,76,0.330,0.371,0.058,0.878,0.185,0.967,0.953,0.934,0.930,0.200,False,True,4,uncertain,0,0,,0,False,0.000,[]
1608,53.600,49,0.735,0.770,0.066,0.969,0.109,0.999,0.977,0.999,0.993,0.600,True,True,4,visible,297,0,,0,False,0.000,[]
1608,53.600,74,0.782,0.745,0.345,0.916,0.306,0.977,0.983,0.942,0.956,0.600,True,True,4,visible,59,0,,0,False,0.000,[]
1608,53.600,68,0.396,0.532,0.046,0.805,0.018,0.921,0.709,0.806,0.665,0.400,True,True,4,visible,105,0,,1,False,0.000,[1436]
1608,53.600,76,0.286,0.329,0.048,0.884,0.190,0.969,0.952,0.934,0.928,0.200,False,True,4,uncertain,0,0,,0,False,0.000,[]
1609,53.633,49,0.735,0.770,0.066,0.969,0.109,0.999,0.977,0.999,0.993,0.600,True,True,4,visible,298,0,,0,False,0.000,[]
1609,53.633,74,0.782,0.745,0.345,0.916,0.306,0.977,0.983,0.942,0.956,0.600,True,True,4,visible,60,0,,0,False,0.000,[]
1609,53.633,68,0.396,0.532,0.046,0.805,0.018,0.921,0.709,0.806,0.665,0.400,True,True,4,visible,106,0,,1,False,0.000,[1436]
1609,53.633,76,0.286,0.329,0.048,0.884,0.190,0.969,0.952,0.934,0.928,0.200,False,True,4,uncertain,0,0,,0,False,0.000,[]
1610,53.667,49,0.735,0.770,0.066,0.969,0.109,0.999,0.977,0.999,0.993,0.600,True,True,4,visible,299,0,,0,False,0.000,[]
1610,53.667,74,0.782,0.745,0.345,0.916,0.306,0.977,0.983,0.942,0.956,0.600,True,True,4,visible,61,0,,0,False,0.000,[]
1610,53.667,68,0.396,0.532,0.046,0.805,0.018,0.921,0.709,0.806,0.665,0.400,True,True,4,visible,107,0,,1,False,0.000,[1436]
1610,53.667,76,0.286,0.329,0.048,0.884,0.190,0.969,0.952,0.934,0.928,0.200,False,True,4,uncertain,0,0,,0,False,0.000,[]
1611,53.700,49,0.735,0.770,0.066,0.969,0.109,0.999,0.977,0.999,0.993,0.600,True,True,4,visible,300,0,,0,False,0.000,[]
1611,53.700,74,0.782,0.745,0.345,0.916,0.306,0.977,0.983,0.942,0.956,0.600,True,True,4,visible,62,0,,0,False,0.000,[]
1611,53.700,68,0.396,0.532,0.046,0.805,0.018,0.921,0.709,0.806,0.665,0.400,True,True,4,visible,108,0,,1,False,0.000,[1436]
1611,53.700,76,0.286,0.329,0.048,0.884,0.190,0.969,0.952,0.934,0.928,0.200,False,True,4,uncertain,0,0,,0,False,0.000,[]
1612,53.733,49,0.735,0.770,0.066,0.969,0.109,0.999,0.977,0.999,0.993,0.600,True,True,4,visible,301,0,,0,False,0.000,[]
1612,53.733,74,0.782,0.745,0.345,0.916,0.306,0.977,0.983,0.942,0.956,0.600,True,True,4,visible,63,0,,0,False,0.000,[]
1612,53.733,68,0.396,0.532,0.046,0.805,0.018,0.921,0.709,0.806,0.665,0.400,True,True,4,visible,109,0,,1,False,0.000,[1436]
1612,53.733,76,0.286,0.329,0.048,0.884,0.190,0.969,0.952,0.934,0.928,0.200,False,True,4,uncertain,0,0,,0,False,0.000,[]
1613,53.767,49,0.737,0.748,0.062,0.948,0.086,0.999,0.962,0.999,0.991,0.600,True,True,4,visible,302,0,,0,False,0.000,[]
1613,53.767,74,0.861,0.829,0.510,0.922,0.387,0.978,0.985,0.930,0.949,0.800,True,True,4,visible,64,0,,0,False,0.000,[]
1613,53.767,68,0.378,0.504,0.049,0.760,0.019,0.914,0.692,0.803,0.661,0.400,True,True,4,visible,110,0,,1,False,0.000,[1436]
1613,53.767,76,0.350,0.425,0.061,0.929,0.270,0.978,0.959,0.922,0.908,0.400,True,True,4,uncertain,1,0,,0,False,0.000,[]
1614,53.800,49,0.737,0.748,0.061,0.949,0.086,0.999,0.962,0.999,0.991,0.600,True,True,4,visible,303,0,,0,False,0.000,[]
1614,53.800,74,0.861,0.829,0.510,0.922,0.387,0.978,0.985,0.930,0.949,0.800,True,True,4,visible,65,0,,0,False,0.000,[]
1614,53.800,68,0.378,0.504,0.049,0.760,0.019,0.913,0.692,0.803,0.661,0.400,True,True,4,visible,111,0,,1,False,0.000,[1436]
1614,53.800,76,0.349,0.423,0.060,0.928,0.269,0.978,0.959,0.922,0.907,0.400,True,True,4,uncertain,2,0,,0,False,0.000,[]
1615,53.833,49,0.737,0.748,0.061,0.949,0.086,0.999,0.962,0.999,0.991,0.600,True,True,4,visible,304,0,,0,False,0.000,[]
1615,53.833,74,0.861,0.829,0.510,0.922,0.387,0.978,0.985,0.930,0.949,0.800,True,True,4,visible,66,0,,0,False,0.000,[]
1615,53.833,68,0.378,0.504,0.049,0.760,0.019,0.913,0.692,0.803,0.661,0.400,True,True,4,visible,112,0,,1,False,0.000,[1436]
1615,53.833,76,0.349,0.423,0.060,0.928,0.269,0.978,0.959,0.922,0.907,0.400,True,True,4,visible,3,0,,0,False,0.000,[]
1616,53.867,49,0.737,0.748,0.061,0.949,0.086,0.999,0.962,0.999,0.991,0.600,True,True,4,visible,305,0,,0,False,0.000,[]
1616,53.867,74,0.861,0.829,0.510,0.922,0.387,0.978,0.985,0.930,0.949,0.800,True,True,4,visible,67,0,,0,False,0.000,[]
1616,53.867,68,0.378,0.504,0.049,0.760,0.019,0.913,0.692,0.803,0.661,0.400,True,True,4,visible,113,0,,0,False,0.000,[]
1616,53.867,76,0.349,0.423,0.060,0.928,0.269,0.978,0.959,0.922,0.907,0.400,True,True,4,visible,4,0,,0,False,0.000,[]
1617,53.900,49,0.476,0.476,0.036,0.894,0.084,0.997,0.943,0.997,0.989,0.600,True,True,4,visible,306,0,,0,False,0.000,[]
1617,53.900,74,0.721,0.658,0.307,0.842,0.226,0.958,0.970,0.952,0.962,0.600,True,True,4,visible,68,0,,0,False,0.000,[]
1617,53.900,68,0.461,0.602,0.064,0.813,0.021,0.934,0.733,0.827,0.689,0.600,True,True,4,visible,114,0,,0,False,0.000,[]
1617,53.900,76,0.514,0.564,0.114,0.912,0.287,0.984,0.942,0.919,0.863,0.600,True,True,4,visible,5,0,,0,False,0.000,[]
1618,53.933,49,0.475,0.475,0.036,0.894,0.084,0.997,0.943,0.997,0.989,0.600,True,True,4,visible,307,0,,0,False,0.000,[]
1618,53.933,74,0.720,0.657,0.307,0.842,0.226,0.958,0.970,0.952,0.962,0.600,True,True,4,visible,69,0,,0,False,0.000,[]
1618,53.933,68,0.461,0.602,0.064,0.813,0.021,0.934,0.733,0.827,0.689,0.600,True,True,4,visible,115,0,,0,False,0.000,[]
1618,53.933,76,0.511,0.561,0.113,0.912,0.285,0.984,0.942,0.919,0.864,0.600,True,True,4,visible,6,0,,0,False,0.000,[]
1619,53.967,49,0.475,0.475,0.036,0.894,0.084,0.997,0.943,0.997,0.989,0.600,True,True,4,visible,308,0,,0,False,0.000,[]
1619,53.967,74,0.720,0.657,0.307,0.842,0.226,0.958,0.970,0.952,0.962,0.600,True,True,4,visible,70,0,,0,False,0.000,[]
1619,53.967,68,0.461,0.602,0.064,0.813,0.021,0.934,0.733,0.827,0.689,0.600,True,True,4,visible,116,0,,0,False,0.000,[]
1619,53.967,76,0.511,0.561,0.113,0.912,0.285,0.984,0.942,0.919,0.864,0.600,True,True,4,visible,7,0,,0,False,0.000,[]
1620,54.000,49,0.475,0.475,0.036,0.894,0.084,0.997,0.943,0.997,0.989,0.600,True,True,4,visible,309,0,,0,False,0.000,[]
1620,54.000,74,0.720,0.657,0.307,0.842,0.226,0.958,0.970,0.952,0.962,0.600,True,True,4,visible,71,0,,0,False,0.000,[]
1620,54.000,68,0.461,0.602,0.064,0.813,0.021,0.934,0.733,0.827,0.689,0.600,True,True,4,visible,117,0,,0,False,0.000,[]
1620,54.000,76,0.511,0.561,0.113,0.912,0.285,0.984,0.942,0.919,0.864,0.600,True,True,4,visible,8,0,,0,False,0.000,[]
1621,54.033,49,0.663,0.656,0.076,0.882,0.061,0.994,0.918,0.990,0.970,0.600,True,True,4,visible,310,0,,0,False,0.000,[]
1621,54.033,74,0.748,0.714,0.305,0.891,0.214,0.972,0.974,0.966,0.969,0.600,True,True,4,visible,72,0,,0,False,0.000,[]
1621,54.033,76,0.463,0.517,0.078,0.913,0.236,0.986,0.950,0.942,0.903,0.600,True,True,4,visible,9,0,,0,False,0.000,[]
1622,54.067,49,0.663,0.656,0.076,0.882,0.061,0.994,0.918,0.990,0.970,0.600,True,True,4,visible,311,0,,0,False,0.000,[]
1622,54.067,74,0.748,0.714,0.305,0.891,0.214,0.972,0.974,0.965,0.969,0.600,True,True,4,visible,73,0,,0,False,0.000,[]
1622,54.067,76,0.464,0.517,0.078,0.913,0.236,0.986,0.950,0.942,0.903,0.600,True,True,4,visible,10,0,,0,False,0.000,[]
1623,54.100,49,0.663,0.656,0.076,0.882,0.061,0.994,0.918,0.990,0.970,0.600,True,True,4,visible,312,0,,0,False,0.000,[]
1623,54.100,74,0.748,0.714,0.305,0.891,0.214,0.972,0.974,0.965,0.969,0.600,True,True,4,visible,74,0,,0,False,0.000,[]
1623,54.100,76,0.464,0.517,0.078,0.913,0.236,0.986,0.950,0.942,0.903,0.600,True,True,4,visible,11,0,,0,False,0.000,[]
1624,54.133,49,0.663,0.656,0.076,0.882,0.061,0.994,0.918,0.990,0.970,0.600,True,True,4,visible,313,0,,0,False,0.000,[]
1624,54.133,74,0.748,0.714,0.305,0.891,0.214,0.972,0.974,0.965,0.969,0.600,True,True,4,visible,75,0,,0,False,0.000,[]
1624,54.133,76,0.464,0.517,0.078,0.913,0.236,0.986,0.950,0.942,0.903,0.600,True,True,4,visible,12,0,,0,False,0.000,[]
1625,54.167,49,0.566,0.482,0.059,0.825,0.099,0.996,0.939,0.994,0.982,0.600,True,True,4,visible,314,0,,0,False,0.000,[]
1625,54.167,74,0.793,0.761,0.363,0.890,0.215,0.971,0.974,0.964,0.968,0.600,True,True,4,visible,76,0,,0,False,0.000,[]
1625,54.167,76,0.703,0.712,0.211,0.923,0.377,0.991,0.958,0.933,0.876,0.600,True,True,4,visible,13,0,,0,False,0.000,[]
1626,54.200,49,0.566,0.481,0.059,0.824,0.099,0.996,0.939,0.994,0.982,0.600,True,True,4,visible,315,0,,0,False,0.000,[]
1626,54.200,74,0.793,0.761,0.363,0.890,0.215,0.971,0.974,0.964,0.968,0.600,True,True,4,visible,77,0,,0,False,0.000,[]
1626,54.200,76,0.703,0.712,0.211,0.923,0.377,0.991,0.958,0.933,0.876,0.600,True,True,4,visible,14,0,,0,False,0.000,[]
1627,54.233,49,0.566,0.481,0.059,0.824,0.099,0.996,0.939,0.994,0.982,0.600,True,True,4,visible,316,0,,0,False,0.000,[]
1627,54.233,74,0.793,0.761,0.363,0.890,0.215,0.971,0.974,0.964,0.968,0.600,True,True,4,visible,78,0,,0,False,0.000,[]
1627,54.233,76,0.703,0.712,0.211,0.923,0.377,0.991,0.958,0.933,0.876,0.600,True,True,4,visible,15,0,,0,False,0.000,[]
1628,54.267,49,0.566,0.481,0.059,0.824,0.099,0.996,0.939,0.994,0.982,0.600,True,True,4,visible,317,0,,0,False,0.000,[]
1628,54.267,74,0.793,0.761,0.363,0.890,0.215,0.971,0.974,0.964,0.968,0.600,True,True,4,visible,79,0,,0,False,0.000,[]
1628,54.267,76,0.703,0.712,0.211,0.923,0.377,0.991,0.958,0.933,0.876,0.600,True,True,4,visible,16,0,,0,False,0.000,[]
1629,54.300,49,0.566,0.481,0.059,0.824,0.099,0.996,0.939,0.994,0.982,0.600,True,True,4,visible,318,0,,0,False,0.000,[]
1629,54.300,74,0.793,0.761,0.363,0.890,0.215,0.971,0.974,0.964,0.968,0.600,True,True,4,visible,80,0,,0,False,0.000,[]
1629,54.300,76,0.703,0.712,0.211,0.923,0.377,0.991,0.958,0.933,0.876,0.600,True,True,4,visible,17,0,,0,False,0.000,[]
1630,54.333,49,0.580,0.502,0.068,0.776,0.082,0.993,0.909,0.991,0.973,0.600,True,True,4,visible,319,0,,0,False,0.000,[]
1630,54.333,74,0.772,0.757,0.309,0.905,0.192,0.976,0.972,0.974,0.974,0.600,True,True,4,visible,81,0,,0,False,0.000,[]
1630,54.333,76,0.658,0.695,0.159,0.931,0.303,0.992,0.950,0.948,0.888,0.600,True,True,4,visible,18,0,,0,False,0.000,[]
1631,54.367,49,0.580,0.503,0.068,0.777,0.082,0.993,0.909,0.991,0.973,0.600,True,True,4,visible,320,0,,0,False,0.000,[]
1631,54.367,74,0.772,0.758,0.309,0.905,0.192,0.976,0.972,0.974,0.974,0.600,True,True,4,visible,82,0,,0,False,0.000,[]
1631,54.367,76,0.659,0.696,0.159,0.931,0.302,0.992,0.949,0.948,0.888,0.600,True,True,4,visible,19,0,,0,False,0.000,[]
1632,54.400,49,0.580,0.503,0.068,0.777,0.082,0.993,0.909,0.991,0.973,0.600,True,True,4,visible,321,0,,0,False,0.000,[]
1632,54.400,74,0.772,0.758,0.309,0.905,0.192,0.976,0.972,0.974,0.974,0.600,True,True,4,visible,83,0,,0,False,0.000,[]
1632,54.400,76,0.659,0.696,0.159,0.931,0.302,0.992,0.949,0.948,0.888,0.600,True,True,4,visible,20,0,,0,False,0.000,[]
1633,54.433,49,0.580,0.503,0.068,0.777,0.082,0.993,0.909,0.991,0.973,0.600,True,True,4,visible,322,0,,0,False,0.000,[]
1633,54.433,74,0.772,0.758,0.309,0.905,0.192,0.976,0.972,0.974,0.974,0.600,True,True,4,visible,84,0,,0,False,0.000,[]
1633,54.433,76,0.659,0.696,0.159,0.931,0.302,0.992,0.949,0.948,0.888,0.600,True,True,4,visible,21,0,,0,False,0.000,[]
1634,54.467,49,0.733,0.697,0.073,0.878,0.065,0.999,0.923,0.999,0.990,0.600,True,True,4,visible,323,0,,0,False,0.000,[]
1634,54.467,74,0.832,0.787,0.404,0.876,0.214,0.960,0.975,0.954,0.964,0.800,True,True,4,visible,85,0,,0,False,0.000,[]
1634,54.467,76,0.636,0.688,0.133,0.937,0.272,0.993,0.948,0.953,0.892,0.600,True,True,4,visible,22,0,,0,False,0.000,[]
1635,54.500,49,0.733,0.697,0.073,0.878,0.066,0.999,0.924,0.999,0.990,0.600,True,True,4,visible,324,0,,0,False,0.000,[]
1635,54.500,74,0.832,0.787,0.404,0.876,0.214,0.960,0.975,0.954,0.964,0.800,True,True,4,visible,86,0,,0,False,0.000,[]
1635,54.500,76,0.636,0.688,0.133,0.937,0.272,0.993,0.948,0.953,0.892,0.600,True,True,4,visible,23,0,,0,False,0.000,[]
1636,54.533,49,0.733,0.697,0.073,0.878,0.066,0.999,0.924,0.999,0.990,0.600,True,True,4,visible,325,0,,0,False,0.000,[]
1636,54.533,74,0.832,0.787,0.404,0.876,0.214,0.960,0.975,0.954,0.964,0.800,True,True,4,visible,87,0,,0,False,0.000,[]
1636,54.533,76,0.636,0.688,0.133,0.937,0.272,0.993,0.948,0.953,0.892,0.600,True,True,4,visible,24,0,,0,False,0.000,[]
1637,54.567,49,0.733,0.697,0.073,0.878,0.066,0.999,0.924,0.999,0.990,0.600,True,True,4,visible,326,0,,0,False,0.000,[]
1637,54.567,74,0.832,0.787,0.404,0.876,0.214,0.960,0.975,0.954,0.964,0.800,True,True,4,visible,88,0,,0,False,0.000,[]
1637,54.567,76,0.636,0.688,0.133,0.937,0.272,0.993,0.948,0.953,0.892,0.600,True,True,4,visible,25,0,,0,False,0.000,[]
1638,54.600,49,0.733,0.697,0.073,0.878,0.066,0.999,0.924,0.999,0.990,0.600,True,True,4,visible,327,0,,0,False,0.000,[]
1638,54.600,74,0.832,0.787,0.404,0.876,0.214,0.960,0.975,0.954,0.964,0.800,True,True,4,visible,89,0,,0,False,0.000,[]
1638,54.600,76,0.636,0.688,0.133,0.937,0.272,0.993,0.948,0.953,0.892,0.600,True,True,4,visible,26,0,,0,False,0.000,[]
1639,54.633,49,0.703,0.662,0.064,0.866,0.066,0.999,0.910,0.998,0.987,0.600,True,True,4,visible,328,0,,0,False,0.000,[]
1639,54.633,74,0.813,0.761,0.381,0.878,0.219,0.963,0.979,0.964,0.974,0.600,True,True,4,visible,90,0,,0,False,0.000,[]
1639,54.633,76,0.652,0.716,0.134,0.938,0.236,0.993,0.937,0.957,0.891,0.600,True,True,4,visible,27,0,,0,False,0.000,[]
1640,54.667,49,0.703,0.662,0.064,0.866,0.066,0.999,0.910,0.998,0.987,0.600,True,True,4,visible,329,0,,0,False,0.000,[]
1640,54.667,74,0.813,0.761,0.381,0.878,0.219,0.963,0.979,0.964,0.974,0.600,True,True,4,visible,91,0,,0,False,0.000,[]
1640,54.667,76,0.652,0.716,0.134,0.938,0.236,0.993,0.937,0.957,0.891,0.600,True,True,4,visible,28,0,,0,False,0.000,[]
1641,54.700,49,0.703,0.662,0.064,0.866,0.066,0.999,0.910,0.998,0.987,0.600,True,True,4,visible,330,0,,0,False,0.000,[]
1641,54.700,74,0.813,0.761,0.381,0.878,0.219,0.963,0.979,0.964,0.974,0.600,True,True,4,visible,92,0,,0,False,0.000,[]
1641,54.700,76,0.652,0.716,0.134,0.938,0.236,0.993,0.937,0.957,0.891,0.600,True,True,4,visible,29,0,,0,False,0.000,[]
1642,54.733,49,0.703,0.662,0.064,0.866,0.066,0.999,0.910,0.998,0.987,0.600,True,True,4,visible,331,0,,0,False,0.000,[]
1642,54.733,74,0.813,0.761,0.381,0.878,0.219,0.963,0.979,0.964,0.974,0.600,True,True,4,visible,93,0,,0,False,0.000,[]
1642,54.733,76,0.652,0.716,0.134,0.938,0.236,0.993,0.937,0.957,0.891,0.600,True,True,4,visible,30,0,,0,False,0.000,[]
1643,54.767,49,0.710,0.661,0.068,0.855,0.069,0.999,0.904,0.998,0.984,0.600,True,True,4,visible,332,0,,0,False,0.000,[]
1643,54.767,74,0.835,0.784,0.418,0.872,0.210,0.960,0.977,0.962,0.973,0.800,True,True,4,visible,94,0,,0,False,0.000,[]
1643,54.767,76,0.656,0.724,0.134,0.941,0.236,0.993,0.936,0.954,0.883,0.600,True,True,4,visible,31,0,,0,False,0.000,[]
1644,54.800,49,0.710,0.661,0.068,0.855,0.069,0.999,0.904,0.998,0.984,0.600,True,True,4,visible,333,0,,0,False,0.000,[]
1644,54.800,74,0.835,0.784,0.418,0.872,0.210,0.960,0.977,0.962,0.973,0.800,True,True,4,visible,95,0,,0,False,0.000,[]
1644,54.800,76,0.656,0.724,0.134,0.941,0.236,0.993,0.936,0.954,0.883,0.600,True,True,4,visible,32,0,,0,False,0.000,[]
1645,54.833,49,0.710,0.661,0.068,0.855,0.069,0.999,0.904,0.998,0.984,0.600,True,True,4,visible,334,0,,0,False,0.000,[]
1645,54.833,74,0.835,0.784,0.418,0.872,0.210,0.960,0.977,0.962,0.973,0.800,True,True,4,visible,96,0,,0,False,0.000,[]
1645,54.833,76,0.656,0.724,0.134,0.941,0.236,0.993,0.936,0.954,0.883,0.600,True,True,4,visible,33,0,,0,False,0.000,[]
1646,54.867,49,0.710,0.661,0.068,0.855,0.069,0.999,0.904,0.998,0.984,0.600,True,True,4,visible,335,0,,0,False,0.000,[]
1646,54.867,74,0.835,0.784,0.418,0.872,0.210,0.960,0.977,0.962,0.973,0.800,True,True,4,visible,97,0,,0,False,0.000,[]
1646,54.867,76,0.656,0.724,0.134,0.941,0.236,0.993,0.936,0.954,0.883,0.600,True,True,4,visible,34,0,,0,False,0.000,[]
1647,54.900,49,0.689,0.650,0.060,0.867,0.063,0.999,0.913,0.998,0.988,0.600,True,True,4,visible,336,0,,0,False,0.000,[]
1647,54.900,74,0.807,0.760,0.368,0.869,0.202,0.958,0.973,0.956,0.965,0.600,True,True,4,visible,98,0,,0,False,0.000,[]
1647,54.900,76,0.699,0.758,0.161,0.938,0.233,0.992,0.934,0.953,0.884,0.600,True,True,4,visible,35,0,,0,False,0.000,[]
1648,54.933,49,0.689,0.650,0.060,0.867,0.063,0.999,0.913,0.998,0.988,0.600,True,True,4,visible,337,0,,0,False,0.000,[]
1648,54.933,74,0.808,0.760,0.368,0.869,0.202,0.958,0.973,0.956,0.965,0.600,True,True,4,visible,99,0,,0,False,0.000,[]
1648,54.933,76,0.698,0.758,0.160,0.938,0.233,0.992,0.934,0.953,0.884,0.600,True,True,4,visible,36,0,,0,False,0.000,[]
1649,54.967,49,0.689,0.650,0.060,0.867,0.063,0.999,0.913,0.998,0.988,0.600,True,True,4,visible,338,0,,0,False,0.000,[]
1649,54.967,74,0.808,0.760,0.368,0.869,0.202,0.958,0.973,0.956,0.965,0.600,True,True,4,visible,100,0,,0,False,0.000,[]
1649,54.967,76,0.698,0.758,0.160,0.938,0.233,0.992,0.934,0.953,0.884,0.600,True,True,4,visible,37,0,,0,False,0.000,[]
1650,55.000,49,0.689,0.650,0.060,0.867,0.063,0.999,0.913,0.998,0.988,0.600,True,True,4,visible,339,0,,0,False,0.000,[]
1650,55.000,74,0.808,0.760,0.368,0.869,0.202,0.958,0.973,0.956,0.965,0.600,True,True,4,visible,101,0,,0,False,0.000,[]
1650,55.000,76,0.698,0.758,0.160,0.938,0.233,0.992,0.934,0.953,0.884,0.600,True,True,4,visible,38,0,,0,False,0.000,[]
1651,55.033,49,0.689,0.650,0.060,0.867,0.063,0.999,0.913,0.998,0.988,0.600,True,True,4,visible,340,0,,0,False,0.000,[]
1651,55.033,74,0.808,0.760,0.368,0.869,0.202,0.958,0.973,0.956,0.965,0.600,True,True,4,visible,102,0,,0,False,0.000,[]
1651,55.033,76,0.698,0.758,0.160,0.938,0.233,0.992,0.934,0.953,0.884,0.600,True,True,4,visible,39,0,,0,False,0.000,[]
1652,55.067,49,0.403,0.353,0.038,0.759,0.089,0.994,0.914,0.997,0.989,0.400,True,True,4,visible,341,0,,0,False,0.000,[]
1652,55.067,74,0.706,0.639,0.265,0.882,0.282,0.968,0.981,0.964,0.973,0.600,True,True,4,visible,103,0,,0,False,0.000,[]
1652,55.067,76,0.671,0.720,0.152,0.943,0.302,0.993,0.949,0.947,0.879,0.600,True,True,4,visible,40,0,,0,False,0.000,[]
1653,55.100,49,0.404,0.353,0.038,0.759,0.089,0.994,0.914,0.997,0.989,0.400,True,True,4,visible,342,0,,0,False,0.000,[]
1653,55.100,74,0.706,0.639,0.265,0.882,0.281,0.968,0.981,0.964,0.973,0.600,True,True,4,visible,104,0,,0,False,0.000,[]
1653,55.100,76,0.671,0.720,0.152,0.943,0.302,0.993,0.949,0.947,0.879,0.600,True,True,4,visible,41,0,,0,False,0.000,[]
1653,55.100,77,0.415,0.236,0.385,0.123,0.333,0.756,0.805,0.582,0.601,0.200,False,True,4,uncertain,0,0,,0,False,0.000,[]
1654,55.133,49,0.404,0.353,0.038,0.759,0.089,0.994,0.914,0.997,0.989,0.400,True,True,4,visible,343,0,,0,False,0.000,[]
1654,55.133,74,0.706,0.639,0.265,0.882,0.281,0.968,0.981,0.964,0.973,0.600,True,True,4,visible,105,0,,0,False,0.000,[]
1654,55.133,76,0.671,0.720,0.152,0.943,0.302,0.993,0.949,0.947,0.879,0.600,True,True,4,visible,42,0,,0,False,0.000,[]
1654,55.133,77,0.415,0.236,0.385,0.123,0.333,0.756,0.805,0.582,0.601,0.200,False,True,4,uncertain,0,0,,0,False,0.000,[]
1655,55.167,49,0.404,0.353,0.038,0.759,0.089,0.994,0.914,0.997,0.989,0.400,True,True,4,visible,344,0,,0,False,0.000,[]
1655,55.167,74,0.706,0.639,0.265,0.882,0.281,0.968,0.981,0.964,0.973,0.600,True,True,4,visible,106,0,,0,False,0.000,[]
1655,55.167,76,0.671,0.720,0.152,0.943,0.302,0.993,0.949,0.947,0.879,0.600,True,True,4,visible,43,0,,0,False,0.000,[]
1655,55.167,77,0.415,0.236,0.385,0.123,0.333,0.756,0.805,0.582,0.601,0.200,False,True,4,uncertain,0,0,,0,False,0.000,[]
1656,55.200,49,0.494,0.411,0.047,0.757,0.073,0.992,0.917,0.992,0.979,0.600,True,True,4,visible,345,0,,0,False,0.000,[]
1656,55.200,74,0.611,0.589,0.200,0.882,0.262,0.968,0.972,0.974,0.976,0.600,True,True,4,visible,107,0,,0,False,0.000,[]
1656,55.200,76,0.690,0.745,0.160,0.944,0.283,0.993,0.944,0.942,0.865,0.600,True,True,4,visible,44,0,,0,False,0.000,[]
1657,55.233,49,0.495,0.411,0.047,0.757,0.073,0.992,0.917,0.992,0.979,0.600,True,True,4,visible,346,0,,0,False,0.000,[]
1657,55.233,74,0.611,0.589,0.200,0.882,0.262,0.968,0.972,0.974,0.976,0.600,True,True,4,visible,108,0,,0,False,0.000,[]
1657,55.233,76,0.690,0.745,0.160,0.944,0.283,0.993,0.944,0.942,0.865,0.600,True,True,4,visible,45,0,,0,False,0.000,[]
1658,55.267,49,0.495,0.411,0.047,0.757,0.073,0.992,0.917,0.992,0.979,0.600,True,True,4,visible,347,0,,0,False,0.000,[]
1658,55.267,74,0.611,0.589,0.200,0.882,0.262,0.968,0.972,0.974,0.976,0.600,True,True,4,visible,109,0,,0,False,0.000,[]
1658,55.267,76,0.690,0.745,0.160,0.944,0.283,0.993,0.944,0.942,0.865,0.600,True,True,4,visible,46,0,,0,False,0.000,[]
1659,55.300,49,0.495,0.411,0.047,0.757,0.073,0.992,0.917,0.992,0.979,0.600,True,True,4,visible,348,0,,0,False,0.000,[]
1659,55.300,74,0.611,0.589,0.200,0.882,0.262,0.968,0.972,0.974,0.976,0.600,True,True,4,visible,110,0,,0,False,0.000,[]
1659,55.300,76,0.690,0.745,0.160,0.944,0.283,0.993,0.944,0.942,0.865,0.600,True,True,4,visible,47,0,,0,False,0.000,[]
1660,55.333,49,0.442,0.395,0.041,0.791,0.089,0.995,0.916,0.996,0.986,0.400,True,True,4,visible,349,0,,0,False,0.000,[]
1660,55.333,74,0.652,0.594,0.251,0.882,0.323,0.957,0.983,0.936,0.965,0.600,True,True,4,visible,111,0,,0,False,0.000,[]
1660,55.333,76,0.648,0.693,0.145,0.940,0.322,0.993,0.952,0.941,0.874,0.600,True,True,4,visible,48,0,,0,False,0.000,[]
1661,55.367,49,0.442,0.394,0.041,0.790,0.089,0.995,0.916,0.996,0.986,0.400,True,True,4,visible,350,0,,0,False,0.000,[]
1661,55.367,74,0.652,0.594,0.251,0.882,0.323,0.957,0.983,0.936,0.965,0.600,True,True,4,visible,112,0,,0,False,0.000,[]
1661,55.367,76,0.648,0.693,0.145,0.940,0.322,0.993,0.952,0.941,0.874,0.600,True,True,4,visible,49,0,,0,False,0.000,[]
1662,55.400,49,0.442,0.394,0.041,0.790,0.089,0.995,0.916,0.996,0.986,0.400,True,True,4,visible,351,0,,0,False,0.000,[]
1662,55.400,74,0.652,0.594,0.251,0.882,0.323,0.957,0.983,0.936,0.965,0.600,True,True,4,visible,113,0,,0,False,0.000,[]
1662,55.400,76,0.648,0.693,0.145,0.940,0.322,0.993,0.952,0.941,0.874,0.600,True,True,4,visible,50,0,,0,False,0.000,[]
1663,55.433,49,0.442,0.394,0.041,0.790,0.089,0.995,0.916,0.996,0.986,0.400,True,True,4,visible,352,0,,0,False,0.000,[]
1663,55.433,74,0.652,0.594,0.251,0.882,0.323,0.957,0.983,0.936,0.965,0.600,True,True,4,visible,114,0,,0,False,0.000,[]
1663,55.433,76,0.648,0.693,0.145,0.940,0.322,0.993,0.952,0.941,0.874,0.600,True,True,4,visible,51,0,,0,False,0.000,[]
1664,55.467,49,0.442,0.394,0.041,0.790,0.089,0.995,0.916,0.996,0.986,0.400,True,True,4,visible,353,0,,0,False,0.000,[]
1664,55.467,74,0.652,0.594,0.251,0.882,0.323,0.957,0.983,0.936,0.965,0.600,True,True,4,visible,115,0,,0,False,0.000,[]
1664,55.467,76,0.648,0.693,0.145,0.940,0.322,0.993,0.952,0.941,0.874,0.600,True,True,4,visible,52,0,,0,False,0.000,[]
1665,55.500,49,0.466,0.420,0.044,0.799,0.089,0.995,0.918,0.996,0.986,0.600,True,True,4,visible,354,0,,0,False,0.000,[]
1665,55.500,76,0.634,0.682,0.138,0.939,0.322,0.993,0.949,0.936,0.860,0.600,True,True,4,visible,53,0,,0,False,0.000,[]
1666,55.533,49,0.466,0.420,0.044,0.799,0.089,0.995,0.918,0.996,0.986,0.600,True,True,4,visible,355,0,,0,False,0.000,[]
1666,55.533,76,0.634,0.682,0.138,0.939,0.322,0.993,0.949,0.936,0.860,0.600,True,True,4,visible,54,0,,0,False,0.000,[]
1666,55.533,78,0.454,0.496,0.128,0.551,0.046,0.889,0.685,0.769,0.644,0.600,True,True,4,uncertain,1,0,,0,False,0.000,[]
1667,55.567,49,0.466,0.420,0.044,0.799,0.089,0.995,0.918,0.996,0.986,0.600,True,True,4,visible,356,0,,0,False,0.000,[]
1667,55.567,76,0.634,0.682,0.138,0.939,0.322,0.993,0.949,0.936,0.860,0.600,True,True,4,visible,55,0,,0,False,0.000,[]
1667,55.567,78,0.454,0.496,0.128,0.551,0.046,0.889,0.685,0.769,0.644,0.600,True,True,4,uncertain,2,0,,0,False,0.000,[]
1668,55.600,49,0.466,0.420,0.044,0.799,0.089,0.995,0.918,0.996,0.986,0.600,True,True,4,visible,357,0,,0,False,0.000,[]
1668,55.600,76,0.634,0.682,0.138,0.939,0.322,0.993,0.949,0.936,0.860,0.600,True,True,4,visible,56,0,,0,False,0.000,[]
1668,55.600,78,0.454,0.496,0.128,0.551,0.046,0.889,0.685,0.769,0.644,0.600,True,True,4,visible,3,0,,0,False,0.000,[]
1669,55.633,49,0.516,0.462,0.055,0.793,0.093,0.995,0.919,0.995,0.985,0.600,True,True,4,visible,358,0,,0,False,0.000,[]
1669,55.633,76,0.660,0.720,0.146,0.945,0.299,0.993,0.946,0.938,0.858,0.600,True,True,4,visible,57,0,,0,False,0.000,[]
1670,55.667,49,0.516,0.462,0.055,0.793,0.093,0.995,0.919,0.995,0.985,0.600,True,True,4,visible,359,0,,0,False,0.000,[]
1670,55.667,76,0.660,0.720,0.146,0.945,0.299,0.993,0.946,0.938,0.858,0.600,True,True,4,visible,58,0,,0,False,0.000,[]
1671,55.700,49,0.516,0.462,0.055,0.793,0.093,0.995,0.919,0.995,0.985,0.600,True,True,4,visible,360,0,,0,False,0.000,[]
1671,55.700,76,0.660,0.720,0.146,0.945,0.299,0.993,0.946,0.938,0.858,0.600,True,True,4,visible,59,0,,0,False,0.000,[]
1672,55.733,49,0.737,0.701,0.090,0.898,0.099,0.997,0.940,0.991,0.964,0.600,True,True,4,visible,361,0,,0,False,0.000,[]
1672,55.733,76,0.676,0.729,0.157,0.946,0.310,0.993,0.950,0.944,0.871,0.600,True,True,4,visible,60,0,,0,False,0.000,[]
1673,55.767,49,0.739,0.696,0.098,0.889,0.107,0.997,0.940,0.991,0.965,0.600,True,True,4,visible,362,0,,0,False,0.000,[]
1673,55.767,76,0.658,0.718,0.145,0.947,0.298,0.993,0.949,0.942,0.868,0.600,True,True,4,visible,61,0,,0,False,0.000,[]
1673,55.767,74,0.678,0.599,0.275,0.833,0.232,0.933,0.976,0.909,0.951,0.600,True,True,4,visible,116,0,,0,False,0.000,[]
1673,55.767,78,0.311,0.432,0.039,0.863,0.044,0.946,0.760,0.901,0.794,0.400,True,True,4,visible,4,0,,0,False,0.000,[]
1674,55.800,49,0.739,0.697,0.098,0.889,0.107,0.997,0.940,0.991,0.965,0.600,True,True,4,visible,363,0,,0,False,0.000,[]
1674,55.800,76,0.658,0.718,0.144,0.947,0.298,0.993,0.949,0.942,0.868,0.600,True,True,4,visible,62,0,,0,False,0.000,[]
1674,55.800,74,0.673,0.597,0.265,0.836,0.227,0.936,0.975,0.913,0.951,0.600,True,True,4,visible,117,0,,0,False,0.000,[]
1674,55.800,78,0.312,0.433,0.039,0.865,0.044,0.947,0.762,0.899,0.792,0.400,True,True,4,visible,5,0,,0,False,0.000,[]
1675,55.833,49,0.739,0.697,0.098,0.889,0.107,0.997,0.940,0.991,0.965,0.600,True,True,4,visible,364,0,,0,False,0.000,[]
1675,55.833,76,0.658,0.718,0.144,0.947,0.298,0.993,0.949,0.942,0.868,0.600,True,True,4,visible,63,0,,0,False,0.000,[]
1675,55.833,74,0.673,0.597,0.265,0.836,0.227,0.937,0.975,0.913,0.951,0.600,True,True,4,visible,118,0,,0,False,0.000,[]
1675,55.833,78,0.312,0.433,0.039,0.865,0.044,0.947,0.762,0.899,0.792,0.400,True,True,4,visible,6,0,,0,False,0.000,[]
1676,55.867,49,0.739,0.697,0.098,0.889,0.107,0.997,0.940,0.991,0.965,0.600,True,True,4,visible,365,0,,0,False,0.000,[]
1676,55.867,76,0.658,0.718,0.144,0.947,0.298,0.993,0.949,0.942,0.868,0.600,True,True,4,visible,64,0,,0,False,0.000,[]
1676,55.867,74,0.673,0.597,0.265,0.836,0.227,0.937,0.975,0.913,0.951,0.600,True,True,4,visible,119,0,,0,False,0.000,[]
1676,55.867,78,0.312,0.433,0.039,0.865,0.044,0.947,0.762,0.899,0.792,0.400,True,True,4,visible,7,0,,0,False,0.000,[]
1677,55.900,49,0.590,0.535,0.077,0.806,0.110,0.993,0.911,0.989,0.967,0.600,True,True,4,visible,366,0,,0,False,0.000,[]
1677,55.900,76,0.703,0.762,0.167,0.952,0.294,0.993,0.949,0.940,0.860,0.600,True,True,4,visible,65,0,,0,False,0.000,[]
1677,55.900,74,0.720,0.641,0.316,0.843,0.250,0.940,0.978,0.912,0.952,0.600,True,True,4,visible,120,0,,0,False,0.000,[]
1678,55.933,49,0.590,0.535,0.077,0.806,0.110,0.993,0.911,0.989,0.967,0.600,True,True,4,visible,367,0,,0,False,0.000,[]
1678,55.933,76,0.703,0.762,0.167,0.952,0.294,0.993,0.949,0.940,0.860,0.600,True,True,4,visible,66,0,,0,False,0.000,[]
1678,55.933,74,0.720,0.641,0.316,0.843,0.251,0.940,0.978,0.912,0.952,0.600,True,True,4,visible,121,0,,0,False,0.000,[]
1679,55.967,49,0.590,0.535,0.077,0.806,0.110,0.993,0.911,0.989,0.967,0.600,True,True,4,visible,368,0,,0,False,0.000,[]
1679,55.967,76,0.703,0.762,0.167,0.952,0.294,0.993,0.949,0.940,0.860,0.600,True,True,4,visible,67,0,,0,False,0.000,[]
1679,55.967,74,0.720,0.641,0.316,0.843,0.251,0.940,0.978,0.912,0.952,0.600,True,True,4,visible,122,0,,0,False,0.000,[]
1680,56.000,49,0.590,0.535,0.077,0.806,0.110,0.993,0.911,0.989,0.967,0.600,True,True,4,visible,369,0,,0,False,0.000,[]
1680,56.000,76,0.703,0.762,0.167,0.952,0.294,0.993,0.949,0.940,0.860,0.600,True,True,4,visible,68,0,,0,False,0.000,[]
1680,56.000,74,0.720,0.641,0.316,0.843,0.251,0.940,0.978,0.912,0.952,0.600,True,True,4,visible,123,0,,0,False,0.000,[]
1681,56.033,49,0.590,0.535,0.077,0.806,0.110,0.993,0.911,0.989,0.967,0.600,True,True,4,visible,370,0,,0,False,0.000,[]
1681,56.033,76,0.703,0.762,0.167,0.952,0.294,0.993,0.949,0.940,0.860,0.600,True,True,4,visible,69,0,,0,False,0.000,[]
1681,56.033,74,0.720,0.641,0.316,0.843,0.251,0.940,0.978,0.912,0.952,0.600,True,True,4,visible,124,0,,0,False,0.000,[]
1682,56.067,49,0.512,0.481,0.051,0.828,0.088,0.995,0.917,0.995,0.984,0.600,True,True,4,visible,371,0,,0,False,0.000,[]
1682,56.067,76,0.172,0.147,0.022,0.842,0.228,0.980,0.982,0.974,0.978,0.200,False,True,4,visible,0,1,,0,False,0.000,[]
1682,56.067,74,0.610,0.540,0.223,0.799,0.225,0.946,0.963,0.959,0.966,0.600,True,True,4,visible,125,0,,0,False,0.000,[]
1683,56.100,49,0.512,0.481,0.051,0.828,0.088,0.995,0.917,0.995,0.984,0.600,True,True,4,visible,372,0,,0,False,0.000,[]
1683,56.100,76,0.172,0.147,0.022,0.842,0.229,0.980,0.982,0.974,0.978,0.200,False,True,4,visible,0,2,,0,False,0.000,[]
1683,56.100,74,0.610,0.540,0.223,0.799,0.225,0.946,0.963,0.959,0.966,0.600,True,True,4,visible,126,0,,0,False,0.000,[]
1684,56.133,49,0.512,0.481,0.051,0.828,0.088,0.995,0.917,0.995,0.984,0.600,True,True,4,visible,373,0,,0,False,0.000,[]
1684,56.133,76,0.172,0.147,0.022,0.842,0.229,0.980,0.982,0.974,0.978,0.200,False,True,4,visible,0,3,,0,False,0.000,[]
1684,56.133,74,0.610,0.540,0.223,0.799,0.225,0.946,0.963,0.959,0.966,0.600,True,True,4,visible,127,0,,0,False,0.000,[]
1685,56.167,49,0.512,0.481,0.051,0.828,0.088,0.995,0.917,0.995,0.984,0.600,True,True,4,visible,374,0,,0,False,0.000,[]
1685,56.167,76,0.172,0.147,0.022,0.842,0.229,0.980,0.982,0.974,0.978,0.200,False,True,4,visible,0,4,,0,False,0.000,[]
1685,56.167,74,0.610,0.540,0.223,0.799,0.225,0.946,0.963,0.959,0.966,0.600,True,True,4,visible,128,0,,0,False,0.000,[]
1686,56.200,49,0.510,0.483,0.050,0.835,0.086,0.996,0.918,0.995,0.984,0.600,True,True,4,visible,375,0,,0,False,0.000,[]
1686,56.200,76,0.214,0.185,0.034,0.734,0.199,0.974,0.955,0.975,0.971,0.200,False,True,4,hidden,0,5,head_turn_away,1,False,0.000,[1686]
1686,56.200,74,0.753,0.701,0.361,0.828,0.291,0.950,0.961,0.925,0.933,0.600,True,True,4,visible,129,0,,0,False,0.000,[]
1687,56.233,49,0.510,0.483,0.050,0.835,0.086,0.996,0.918,0.995,0.984,0.600,True,True,4,visible,376,0,,0,False,0.000,[]
1687,56.233,76,0.214,0.185,0.034,0.734,0.199,0.974,0.955,0.975,0.971,0.200,False,True,4,hidden,0,6,,1,False,0.000,[1686]
1687,56.233,74,0.753,0.701,0.361,0.828,0.291,0.950,0.961,0.925,0.933,0.600,True,True,4,visible,130,0,,0,False,0.000,[]
1688,56.267,49,0.510,0.483,0.050,0.835,0.086,0.996,0.918,0.995,0.984,0.600,True,True,4,visible,377,0,,0,False,0.000,[]
1688,56.267,76,0.214,0.185,0.034,0.734,0.199,0.974,0.955,0.975,0.971,0.200,False,True,4,hidden,0,7,,1,False,0.000,[1686]
1688,56.267,74,0.753,0.701,0.361,0.828,0.291,0.950,0.961,0.925,0.933,0.600,True,True,4,visible,131,0,,0,False,0.000,[]
1689,56.300,49,0.510,0.483,0.050,0.835,0.086,0.996,0.918,0.995,0.984,0.600,True,True,4,visible,378,0,,0,False,0.000,[]
1689,56.300,76,0.214,0.185,0.034,0.734,0.199,0.974,0.955,0.975,0.971,0.200,False,True,4,hidden,0,8,,1,False,0.000,[1686]
1689,56.300,74,0.753,0.701,0.361,0.828,0.291,0.950,0.961,0.925,0.933,0.600,True,True,4,visible,132,0,,0,False,0.000,[]
1690,56.333,49,0.513,0.484,0.049,0.834,0.087,0.996,0.915,0.995,0.983,0.600,True,True,4,visible,379,0,,0,False,0.000,[]
1690,56.333,76,0.349,0.346,0.045,0.869,0.176,0.984,0.968,0.972,0.963,0.200,False,True,4,hidden,0,9,,1,False,0.000,[1686]
1690,56.333,74,0.734,0.721,0.271,0.894,0.292,0.972,0.959,0.896,0.881,0.600,True,True,4,visible,133,0,,0,False,0.000,[]
1691,56.367,49,0.512,0.483,0.049,0.834,0.087,0.996,0.915,0.995,0.983,0.600,True,True,4,visible,380,0,,0,False,0.000,[]
1691,56.367,76,0.350,0.347,0.045,0.869,0.176,0.984,0.968,0.972,0.963,0.200,False,True,4,hidden,0,10,,1,False,0.000,[1686]
1691,56.367,74,0.740,0.726,0.278,0.893,0.293,0.972,0.959,0.894,0.880,0.600,True,True,4,visible,134,0,,0,False,0.000,[]
1691,56.367,78,0.523,0.662,0.136,0.926,0.216,0.969,0.859,0.917,0.836,0.600,True,True,4,visible,8,0,,0,False,0.000,[]
1692,56.400,49,0.512,0.483,0.049,0.834,0.087,0.996,0.915,0.995,0.983,0.600,True,True,4,visible,381,0,,0,False,0.000,[]
1692,56.400,76,0.350,0.347,0.045,0.869,0.176,0.984,0.968,0.972,0.963,0.200,False,True,4,hidden,0,11,,1,False,0.000,[1686]
1692,56.400,74,0.740,0.726,0.278,0.893,0.293,0.972,0.959,0.894,0.880,0.600,True,True,4,visible,135,0,,0,False,0.000,[]
1692,56.400,78,0.523,0.662,0.136,0.926,0.216,0.969,0.859,0.917,0.836,0.600,True,True,4,visible,9,0,,0,False,0.000,[]
1693,56.433,49,0.512,0.483,0.049,0.834,0.087,0.996,0.915,0.995,0.983,0.600,True,True,4,visible,382,0,,0,False,0.000,[]
1693,56.433,76,0.350,0.347,0.045,0.869,0.176,0.984,0.968,0.972,0.963,0.200,False,True,4,hidden,0,12,,1,False,0.000,[1686]
1693,56.433,74,0.740,0.726,0.278,0.893,0.293,0.972,0.959,0.894,0.880,0.600,True,True,4,visible,136,0,,0,False,0.000,[]
1693,56.433,78,0.523,0.662,0.136,0.926,0.216,0.969,0.859,0.917,0.836,0.600,True,True,4,visible,10,0,,0,False,0.000,[]
1694,56.467,49,0.512,0.483,0.049,0.834,0.087,0.996,0.915,0.995,0.983,0.600,True,True,4,visible,383,0,,0,False,0.000,[]
1694,56.467,76,0.350,0.347,0.045,0.869,0.176,0.984,0.968,0.972,0.963,0.200,False,True,4,hidden,0,13,,1,False,0.000,[1686]
1694,56.467,74,0.740,0.726,0.278,0.893,0.293,0.972,0.959,0.894,0.880,0.600,True,True,4,visible,137,0,,0,False,0.000,[]
1694,56.467,78,0.523,0.662,0.136,0.926,0.216,0.969,0.859,0.917,0.836,0.600,True,True,4,visible,11,0,,0,False,0.000,[]
1695,56.500,49,0.505,0.478,0.048,0.837,0.086,0.996,0.917,0.996,0.985,0.600,True,True,4,visible,384,0,,0,False,0.000,[]
1695,56.500,76,0.205,0.204,0.028,0.782,0.168,0.977,0.945,0.974,0.964,0.200,False,True,4,hidden,0,14,,1,False,0.000,[1686]
1695,56.500,78,0.412,0.543,0.083,0.860,0.093,0.956,0.704,0.902,0.769,0.600,True,True,4,visible,12,0,,0,False,0.000,[]
1696,56.533,49,0.505,0.478,0.048,0.837,0.086,0.996,0.917,0.996,0.985,0.600,True,True,4,visible,385,0,,0,False,0.000,[]
1696,56.533,76,0.205,0.204,0.028,0.782,0.168,0.977,0.945,0.974,0.964,0.200,False,True,4,hidden,0,15,,1,False,0.000,[1686]
1696,56.533,78,0.411,0.543,0.082,0.861,0.093,0.956,0.704,0.902,0.769,0.600,True,True,4,visible,13,0,,0,False,0.000,[]
1697,56.567,49,0.505,0.478,0.048,0.837,0.086,0.996,0.917,0.996,0.985,0.600,True,True,4,visible,386,0,,0,False,0.000,[]
1697,56.567,76,0.205,0.204,0.028,0.782,0.168,0.977,0.945,0.974,0.964,0.200,False,True,4,hidden,0,16,,1,False,0.000,[1686]
1697,56.567,78,0.411,0.543,0.082,0.861,0.093,0.956,0.704,0.902,0.769,0.600,True,True,4,visible,14,0,,0,False,0.000,[]
1698,56.600,49,0.505,0.478,0.048,0.837,0.086,0.996,0.917,0.996,0.985,0.600,True,True,4,visible,387,0,,0,False,0.000,[]
1698,56.600,76,0.205,0.204,0.028,0.782,0.168,0.977,0.945,0.974,0.964,0.200,False,True,4,hidden,0,17,,1,False,0.000,[1686]
1698,56.600,78,0.411,0.543,0.082,0.861,0.093,0.956,0.704,0.902,0.769,0.600,True,True,4,visible,15,0,,0,False,0.000,[]
1699,56.633,49,0.514,0.484,0.050,0.835,0.088,0.996,0.916,0.996,0.984,0.600,True,True,4,visible,388,0,,0,False,0.000,[]
1699,56.633,76,0.280,0.281,0.038,0.834,0.182,0.981,0.959,0.975,0.967,0.200,False,True,4,hidden,0,18,,1,False,0.000,[1686]
1699,56.633,78,0.765,0.853,0.268,0.926,0.130,0.975,0.813,0.918,0.800,0.600,True,True,4,visible,16,0,,0,False,0.000,[]
1700,56.667,49,0.514,0.484,0.050,0.835,0.088,0.996,0.916,0.996,0.984,0.600,True,True,4,visible,389,0,,0,False,0.000,[]
1700,56.667,76,0.280,0.281,0.038,0.833,0.181,0.981,0.959,0.975,0.967,0.200,False,True,4,hidden,0,19,,1,False,0.000,[1686]
1700,56.667,78,0.765,0.853,0.269,0.926,0.130,0.975,0.813,0.918,0.801,0.600,True,True,4,visible,17,0,,0,False,0.000,[]
1701,56.700,49,0.514,0.484,0.050,0.835,0.088,0.996,0.916,0.996,0.984,0.600,True,True,4,visible,390,0,,0,False,0.000,[]
1701,56.700,76,0.280,0.281,0.038,0.833,0.181,0.981,0.959,0.975,0.967,0.200,False,True,4,hidden,0,20,,1,False,0.000,[1686]
1701,56.700,78,0.765,0.853,0.269,0.926,0.130,0.975,0.813,0.918,0.801,0.600,True,True,4,visible,18,0,,0,False,0.000,[]
1702,56.733,49,0.514,0.484,0.050,0.835,0.088,0.996,0.916,0.996,0.984,0.600,True,True,4,visible,391,0,,0,False,0.000,[]
1702,56.733,76,0.280,0.281,0.038,0.833,0.181,0.981,0.959,0.975,0.967,0.200,False,True,4,hidden,0,21,,1,False,0.000,[1686]
1702,56.733,78,0.765,0.853,0.269,0.926,0.130,0.975,0.813,0.918,0.801,0.600,True,True,4,visible,19,0,,0,False,0.000,[]
1703,56.767,49,0.530,0.505,0.052,0.843,0.087,0.996,0.918,0.996,0.985,0.600,True,True,4,visible,392,0,,0,False,0.000,[]
1703,56.767,76,0.431,0.462,0.059,0.889,0.165,0.986,0.959,0.974,0.961,0.600,True,True,4,hidden,1,0,,1,False,0.000,[1686]
1703,56.767,78,0.591,0.674,0.178,0.867,0.126,0.937,0.787,0.752,0.628,0.600,True,True,4,visible,20,0,,0,False,0.000,[]
1704,56.800,49,0.530,0.505,0.052,0.843,0.087,0.996,0.918,0.996,0.985,0.600,True,True,4,visible,393,0,,0,False,0.000,[]
1704,56.800,76,0.431,0.462,0.059,0.889,0.165,0.986,0.959,0.974,0.961,0.600,True,True,4,hidden,2,0,,1,False,0.000,[1686]
1704,56.800,78,0.591,0.674,0.178,0.867,0.126,0.937,0.786,0.752,0.628,0.600,True,True,4,visible,21,0,,0,False,0.000,[]
1704,56.800,80,0.461,0.568,0.077,0.729,0.024,0.760,0.517,0.478,0.368,0.600,True,True,3,uncertain,1,0,,0,False,0.000,[]
1705,56.833,49,0.530,0.505,0.052,0.843,0.087,0.996,0.918,0.996,0.985,0.600,True,True,4,visible,394,0,,0,False,0.000,[]
1705,56.833,76,0.431,0.462,0.059,0.889,0.165,0.986,0.959,0.974,0.961,0.600,True,True,4,visible,3,0,,1,False,0.000,[1686]
1705,56.833,78,0.591,0.674,0.178,0.867,0.126,0.937,0.786,0.752,0.628,0.600,True,True,4,visible,22,0,,0,False,0.000,[]
1705,56.833,80,0.461,0.568,0.077,0.729,0.024,0.760,0.517,0.478,0.368,0.600,True,True,3,uncertain,2,0,,0,False,0.000,[]
1706,56.867,49,0.530,0.505,0.052,0.843,0.087,0.996,0.918,0.996,0.985,0.600,True,True,4,visible,395,0,,0,False,0.000,[]
1706,56.867,76,0.431,0.462,0.059,0.889,0.165,0.986,0.959,0.974,0.961,0.600,True,True,4,visible,4,0,,1,False,0.000,[1686]
1706,56.867,78,0.591,0.674,0.178,0.867,0.126,0.937,0.786,0.752,0.628,0.600,True,True,4,visible,23,0,,0,False,0.000,[]
1706,56.867,80,0.461,0.568,0.077,0.729,0.024,0.760,0.517,0.478,0.368,0.600,True,True,3,visible,3,0,,0,False,0.000,[]
1707,56.900,49,0.532,0.501,0.053,0.837,0.089,0.996,0.918,0.995,0.983,0.600,True,True,4,visible,396,0,,0,False,0.000,[]
1707,56.900,76,0.455,0.485,0.065,0.890,0.170,0.985,0.960,0.973,0.960,0.600,True,True,4,visible,5,0,,1,False,0.000,[1686]
1707,56.900,78,0.373,0.439,0.113,0.899,0.319,0.940,0.910,0.796,0.792,0.400,True,True,4,visible,24,0,,0,False,0.000,[]
1707,56.900,80,0.517,0.611,0.093,0.813,0.042,0.845,0.674,0.463,0.361,0.600,True,True,3,visible,4,0,,0,False,0.000,[]
1708,56.933,49,0.532,0.501,0.054,0.837,0.089,0.996,0.918,0.995,0.983,0.600,True,True,4,visible,397,0,,0,False,0.000,[]
1708,56.933,76,0.455,0.485,0.065,0.890,0.170,0.985,0.960,0.973,0.960,0.600,True,True,4,visible,6,0,,1,False,0.000,[1686]
1708,56.933,78,0.373,0.439,0.113,0.899,0.319,0.940,0.910,0.796,0.792,0.400,True,True,4,visible,25,0,,0,False,0.000,[]
1708,56.933,80,0.517,0.611,0.093,0.813,0.042,0.845,0.674,0.463,0.361,0.600,True,True,3,visible,5,0,,0,False,0.000,[]
1709,56.967,49,0.532,0.501,0.054,0.837,0.089,0.996,0.918,0.995,0.983,0.600,True,True,4,visible,398,0,,0,False,0.000,[]
1709,56.967,76,0.455,0.485,0.065,0.890,0.170,0.985,0.960,0.973,0.960,0.600,True,True,4,visible,7,0,,1,False,0.000,[1686]
1709,56.967,78,0.373,0.439,0.113,0.899,0.319,0.940,0.910,0.796,0.792,0.400,True,True,4,visible,26,0,,0,False,0.000,[]
1709,56.967,80,0.517,0.611,0.093,0.813,0.042,0.845,0.674,0.463,0.361,0.600,True,True,3,visible,6,0,,0,False,0.000,[]
1710,57.000,49,0.532,0.501,0.054,0.837,0.089,0.996,0.918,0.995,0.983,0.600,True,True,4,visible,399,0,,0,False,0.000,[]
1710,57.000,76,0.455,0.485,0.065,0.890,0.170,0.985,0.960,0.973,0.960,0.600,True,True,4,visible,8,0,,1,False,0.000,[1686]
1710,57.000,78,0.373,0.439,0.113,0.899,0.319,0.940,0.910,0.796,0.792,0.400,True,True,4,visible,27,0,,0,False,0.000,[]
1710,57.000,80,0.517,0.611,0.093,0.813,0.042,0.845,0.674,0.463,0.361,0.600,True,True,3,visible,7,0,,0,False,0.000,[]
1711,57.033,49,0.532,0.501,0.054,0.837,0.089,0.996,0.918,0.995,0.983,0.600,True,True,4,visible,400,0,,0,False,0.000,[]
1711,57.033,76,0.455,0.485,0.065,0.890,0.170,0.985,0.960,0.973,0.960,0.600,True,True,4,visible,9,0,,1,False,0.000,[1686]
1711,57.033,78,0.373,0.439,0.113,0.899,0.319,0.940,0.910,0.796,0.792,0.400,True,True,4,visible,28,0,,0,False,0.000,[]
1711,57.033,80,0.517,0.611,0.093,0.813,0.042,0.845,0.674,0.463,0.361,0.600,True,True,3,visible,8,0,,0,False,0.000,[]
1712,57.067,49,0.528,0.477,0.060,0.794,0.095,0.994,0.909,0.995,0.983,0.600,True,True,4,visible,401,0,,0,False,0.000,[]
1712,57.067,76,0.616,0.662,0.131,0.933,0.299,0.991,0.948,0.931,0.865,0.600,True,True,4,visible,10,0,,1,False,0.000,[1686]
1712,57.067,80,0.696,0.796,0.168,0.849,0.033,0.916,0.786,0.573,0.457,0.600,True,True,4,visible,9,0,,0,False,0.000,[]
1713,57.100,49,0.528,0.477,0.060,0.794,0.095,0.994,0.909,0.995,0.983,0.600,True,True,4,visible,402,0,,0,False,0.000,[]
1713,57.100,76,0.616,0.662,0.131,0.933,0.299,0.991,0.948,0.931,0.865,0.600,True,True,4,visible,11,0,,1,False,0.000,[1686]
1713,57.100,80,0.696,0.796,0.168,0.849,0.033,0.916,0.786,0.573,0.457,0.600,True,True,4,visible,10,0,,0,False,0.000,[]
1714,57.133,49,0.528,0.477,0.060,0.794,0.095,0.994,0.909,0.995,0.983,0.600,True,True,4,visible,403,0,,0,False,0.000,[]
1714,57.133,76,0.616,0.662,0.131,0.933,0.299,0.991,0.948,0.931,0.865,0.600,True,True,4,visible,12,0,,1,False,0.000,[1686]
1714,57.133,80,0.696,0.796,0.168,0.849,0.033,0.916,0.786,0.573,0.457,0.600,True,True,4,visible,11,0,,0,False,0.000,[]
1715,57.167,49,0.528,0.477,0.060,0.794,0.095,0.994,0.909,0.995,0.983,0.600,True,True,4,visible,404,0,,0,False,0.000,[]
1715,57.167,76,0.616,0.662,0.131,0.933,0.299,0.991,0.948,0.931,0.865,0.600,True,True,4,visible,13,0,,1,False,0.000,[1686]
1715,57.167,80,0.696,0.796,0.168,0.849,0.033,0.916,0.786,0.573,0.457,0.600,True,True,4,visible,12,0,,0,False,0.000,[]
1716,57.200,49,0.520,0.465,0.059,0.789,0.099,0.994,0.907,0.994,0.981,0.600,True,True,4,visible,405,0,,0,False,0.000,[]
1716,57.200,76,0.673,0.716,0.162,0.934,0.303,0.991,0.948,0.930,0.861,0.600,True,True,4,visible,14,0,,1,False,0.000,[1686]
1716,57.200,80,0.771,0.843,0.287,0.840,0.049,0.886,0.765,0.369,0.299,0.600,True,True,2,visible,13,0,,0,False,0.000,[]
1717,57.233,49,0.520,0.465,0.059,0.789,0.099,0.994,0.907,0.994,0.981,0.600,True,True,4,visible,406,0,,0,False,0.000,[]
1717,57.233,76,0.672,0.714,0.161,0.934,0.303,0.991,0.948,0.930,0.861,0.600,True,True,4,visible,15,0,,1,False,0.000,[1686]
1717,57.233,80,0.771,0.843,0.287,0.840,0.049,0.885,0.765,0.367,0.297,0.600,True,True,2,visible,14,0,,0,False,0.000,[]
1718,57.267,49,0.520,0.465,0.059,0.789,0.099,0.994,0.907,0.994,0.981,0.600,True,True,4,visible,407,0,,0,False,0.000,[]
1718,57.267,76,0.672,0.714,0.161,0.934,0.303,0.991,0.948,0.930,0.861,0.600,True,True,4,visible,16,0,,1,False,0.000,[1686]
1718,57.267,80,0.771,0.843,0.287,0.840,0.049,0.885,0.765,0.367,0.297,0.600,True,True,2,visible,15,0,,0,False,0.000,[]
1719,57.300,49,0.520,0.465,0.059,0.789,0.099,0.994,0.907,0.994,0.981,0.600,True,True,4,visible,408,0,,0,False,0.000,[]
1719,57.300,76,0.672,0.714,0.161,0.934,0.303,0.991,0.948,0.930,0.861,0.600,True,True,4,visible,17,0,,1,False,0.000,[1686]
1719,57.300,80,0.771,0.843,0.287,0.840,0.049,0.885,0.765,0.367,0.297,0.600,True,True,2,visible,16,0,,0,False,0.000,[]
1720,57.333,49,0.495,0.433,0.054,0.776,0.100,0.994,0.904,0.994,0.979,0.600,True,True,4,visible,409,0,,0,False,0.000,[]
1720,57.333,76,0.653,0.698,0.149,0.934,0.299,0.991,0.948,0.928,0.858,0.600,True,True,4,visible,18,0,,1,False,0.000,[1686]
1720,57.333,80,0.743,0.810,0.257,0.810,0.046,0.897,0.801,0.454,0.389,0.600,True,True,3,visible,17,0,,0,False,0.000,[]
1721,57.367,49,0.495,0.434,0.054,0.776,0.100,0.994,0.904,0.994,0.979,0.600,True,True,4,visible,410,0,,0,False,0.000,[]
1721,57.367,76,0.651,0.696,0.147,0.934,0.299,0.991,0.948,0.928,0.858,0.600,True,True,4,visible,19,0,,1,False,0.000,[1686]
1721,57.367,80,0.743,0.811,0.256,0.811,0.046,0.897,0.802,0.455,0.390,0.600,True,True,3,visible,18,0,,0,False,0.000,[]
1722,57.400,49,0.495,0.434,0.054,0.776,0.100,0.994,0.904,0.994,0.979,0.600,True,True,4,visible,411,0,,0,False,0.000,[]
1722,57.400,76,0.651,0.696,0.147,0.934,0.299,0.991,0.948,0.928,0.858,0.600,True,True,4,visible,20,0,,1,False,0.000,[1686]
1722,57.400,80,0.743,0.811,0.256,0.811,0.046,0.897,0.802,0.455,0.390,0.600,True,True,3,visible,19,0,,0,False,0.000,[]
1723,57.433,49,0.495,0.434,0.054,0.776,0.100,0.994,0.904,0.994,0.979,0.600,True,True,4,visible,412,0,,0,False,0.000,[]
1723,57.433,76,0.651,0.696,0.147,0.934,0.299,0.991,0.948,0.928,0.858,0.600,True,True,4,visible,21,0,,1,False,0.000,[1686]
1723,57.433,80,0.743,0.811,0.256,0.811,0.046,0.897,0.802,0.455,0.390,0.600,True,True,3,visible,20,0,,0,False,0.000,[]
1724,57.467,49,0.495,0.434,0.054,0.776,0.100,0.994,0.904,0.994,0.979,0.600,True,True,4,visible,413,0,,0,False,0.000,[]
1724,57.467,76,0.651,0.696,0.147,0.934,0.299,0.991,0.948,0.928,0.858,0.600,True,True,4,visible,22,0,,1,False,0.000,[1686]
1724,57.467,80,0.743,0.811,0.256,0.811,0.046,0.897,0.802,0.455,0.390,0.600,True,True,3,visible,21,0,,0,False,0.000,[]
1725,57.500,49,0.533,0.475,0.062,0.789,0.099,0.994,0.915,0.995,0.984,0.600,True,True,4,visible,414,0,,0,False,0.000,[]
1725,57.500,76,0.714,0.750,0.185,0.932,0.278,0.990,0.948,0.924,0.855,0.600,True,True,4,visible,23,0,,1,False,0.000,[1686]
1726,57.533,49,0.532,0.475,0.062,0.789,0.099,0.994,0.915,0.995,0.984,0.600,True,True,4,visible,415,0,,0,False,0.000,[]
1726,57.533,76,0.714,0.750,0.185,0.932,0.278,0.990,0.948,0.924,0.855,0.600,True,True,4,visible,24,0,,1,False,0.000,[1686]
1726,57.533,81,0.805,0.847,0.282,0.868,0.043,0.943,0.873,0.683,0.592,0.600,True,True,4,uncertain,1,0,,0,False,0.000,[]
1727,57.567,49,0.532,0.475,0.062,0.789,0.099,0.994,0.915,0.995,0.984,0.600,True,True,4,visible,416,0,,0,False,0.000,[]
1727,57.567,76,0.714,0.750,0.185,0.932,0.278,0.990,0.948,0.924,0.855,0.600,True,True,4,visible,25,0,,1,False,0.000,[1686]
1727,57.567,81,0.805,0.847,0.282,0.868,0.043,0.943,0.873,0.683,0.592,0.600,True,True,4,uncertain,2,0,,0,False,0.000,[]
1728,57.600,49,0.532,0.475,0.062,0.789,0.099,0.994,0.915,0.995,0.984,0.600,True,True,4,visible,417,0,,0,False,0.000,[]
1728,57.600,76,0.714,0.750,0.185,0.932,0.278,0.990,0.948,0.924,0.855,0.600,True,True,4,visible,26,0,,1,False,0.000,[1686]
1728,57.600,81,0.805,0.847,0.282,0.868,0.043,0.943,0.873,0.683,0.592,0.600,True,True,4,visible,3,0,,0,False,0.000,[]
1729,57.633,49,0.537,0.474,0.064,0.782,0.102,0.994,0.913,0.995,0.983,0.600,True,True,4,visible,418,0,,0,False,0.000,[]
1729,57.633,76,0.733,0.767,0.199,0.934,0.272,0.990,0.951,0.927,0.865,0.600,True,True,4,visible,27,0,,1,False,0.000,[1686]
1729,57.633,78,0.324,0.426,0.067,0.863,0.117,0.962,0.799,0.924,0.842,0.400,True,True,4,visible,29,0,,0,False,0.000,[]
1730,57.667,49,0.537,0.474,0.064,0.782,0.102,0.994,0.913,0.995,0.983,0.600,True,True,4,visible,419,0,,0,False,0.000,[]
1730,57.667,76,0.732,0.766,0.198,0.934,0.271,0.990,0.951,0.927,0.865,0.600,True,True,4,visible,28,0,,1,False,0.000,[1686]
1730,57.667,78,0.326,0.428,0.067,0.864,0.119,0.962,0.802,0.924,0.844,0.400,True,True,4,visible,30,0,,0,False,0.000,[]
1731,57.700,49,0.537,0.474,0.064,0.782,0.102,0.994,0.913,0.995,0.983,0.600,True,True,4,visible,420,0,,0,False,0.000,[]
1731,57.700,76,0.732,0.766,0.198,0.934,0.271,0.990,0.951,0.927,0.865,0.600,True,True,4,visible,29,0,,1,False,0.000,[1686]
1731,57.700,78,0.326,0.428,0.067,0.864,0.119,0.962,0.802,0.924,0.844,0.400,True,True,4,visible,31,0,,0,False,0.000,[]
1732,57.733,49,0.537,0.474,0.064,0.782,0.102,0.994,0.913,0.995,0.983,0.600,True,True,4,visible,421,0,,0,False,0.000,[]
1732,57.733,76,0.732,0.766,0.198,0.934,0.271,0.990,0.951,0.927,0.865,0.600,True,True,4,visible,30,0,,1,False,0.000,[1686]
1732,57.733,78,0.326,0.428,0.067,0.864,0.119,0.962,0.802,0.924,0.844,0.400,True,True,4,visible,32,0,,0,False,0.000,[]
1733,57.767,49,0.522,0.455,0.061,0.776,0.104,0.994,0.918,0.995,0.985,0.600,True,True,4,visible,422,0,,0,False,0.000,[]
1733,57.767,76,0.750,0.774,0.220,0.928,0.280,0.989,0.952,0.925,0.866,0.600,True,True,4,visible,31,0,,1,False,0.000,[1686]
1733,57.767,78,0.299,0.464,0.071,0.875,0.122,0.956,0.665,0.886,0.720,0.400,True,True,4,visible,33,0,,0,False,0.000,[]
1734,57.800,49,0.522,0.455,0.061,0.776,0.104,0.994,0.918,0.995,0.985,0.600,True,True,4,visible,423,0,,0,False,0.000,[]
1734,57.800,76,0.750,0.774,0.220,0.928,0.280,0.989,0.952,0.925,0.866,0.600,True,True,4,visible,32,0,,1,False,0.000,[1686]
1734,57.800,78,0.299,0.464,0.071,0.875,0.122,0.956,0.665,0.886,0.720,0.400,True,True,4,visible,34,0,,0,False,0.000,[]
1735,57.833,49,0.522,0.455,0.061,0.776,0.104,0.994,0.918,0.995,0.985,0.600,True,True,4,visible,424,0,,0,False,0.000,[]
1735,57.833,76,0.750,0.774,0.220,0.928,0.280,0.989,0.952,0.925,0.866,0.600,True,True,4,visible,33,0,,1,False,0.000,[1686]
1735,57.833,78,0.299,0.464,0.071,0.875,0.122,0.956,0.665,0.886,0.720,0.400,True,True,4,visible,35,0,,0,False,0.000,[]
1736,57.867,49,0.522,0.455,0.061,0.776,0.104,0.994,0.918,0.995,0.985,0.600,True,True,4,visible,425,0,,0,False,0.000,[]
1736,57.867,76,0.750,0.774,0.220,0.928,0.280,0.989,0.952,0.925,0.866,0.600,True,True,4,visible,34,0,,1,False,0.000,[1686]
1736,57.867,78,0.299,0.464,0.071,0.875,0.122,0.956,0.665,0.886,0.720,0.400,True,True,4,visible,36,0,,0,False,0.000,[]
1737,57.900,49,0.536,0.480,0.063,0.788,0.099,0.994,0.916,0.995,0.985,0.600,True,True,4,visible,426,0,,0,False,0.000,[]
1737,57.900,76,0.724,0.754,0.196,0.927,0.269,0.989,0.949,0.925,0.865,0.600,True,True,4,visible,35,0,,1,False,0.000,[1686]
1738,57.933,49,0.536,0.480,0.063,0.788,0.099,0.994,0.916,0.995,0.985,0.600,True,True,4,visible,427,0,,0,False,0.000,[]
1738,57.933,76,0.724,0.754,0.196,0.927,0.269,0.989,0.949,0.925,0.865,0.600,True,True,4,visible,36,0,,1,False,0.000,[1686]
1738,57.933,82,0.826,0.885,0.175,0.943,0.026,0.961,0.875,0.522,0.374,0.600,True,True,3,uncertain,1,0,,0,False,0.000,[]
1739,57.967,49,0.536,0.480,0.063,0.788,0.099,0.994,0.916,0.995,0.985,0.600,True,True,4,visible,428,0,,0,False,0.000,[]
1739,57.967,76,0.724,0.754,0.196,0.927,0.269,0.989,0.949,0.925,0.865,0.600,True,True,4,visible,37,0,,1,False,0.000,[1686]
1739,57.967,82,0.826,0.885,0.175,0.943,0.026,0.961,0.875,0.522,0.374,0.600,True,True,3,uncertain,2,0,,0,False,0.000,[]
1740,58.000,49,0.536,0.480,0.063,0.788,0.099,0.994,0.916,0.995,0.985,0.600,True,True,4,visible,429,0,,0,False,0.000,[]
1740,58.000,76,0.724,0.754,0.196,0.927,0.269,0.989,0.949,0.925,0.865,0.600,True,True,4,visible,38,0,,1,False,0.000,[1686]
1740,58.000,82,0.826,0.885,0.175,0.943,0.026,0.961,0.875,0.522,0.374,0.600,True,True,3,visible,3,0,,0,False,0.000,[]
1741,58.033,49,0.536,0.480,0.063,0.788,0.099,0.994,0.916,0.995,0.985,0.600,True,True,4,visible,430,0,,0,False,0.000,[]
1741,58.033,76,0.724,0.754,0.196,0.927,0.269,0.989,0.949,0.925,0.865,0.600,True,True,4,visible,39,0,,1,False,0.000,[1686]
1741,58.033,82,0.826,0.885,0.175,0.943,0.026,0.961,0.875,0.522,0.374,0.600,True,True,3,visible,4,0,,0,False,0.000,[]
1742,58.067,49,0.477,0.442,0.046,0.827,0.093,0.995,0.921,0.995,0.984,0.600,True,True,4,visible,431,0,,0,False,0.000,[]
1742,58.067,76,0.631,0.681,0.126,0.939,0.270,0.991,0.948,0.919,0.841,0.600,True,True,4,visible,40,0,,1,False,0.000,[1686]
1742,58.067,82,0.658,0.763,0.060,0.930,0.013,0.944,0.824,0.494,0.348,0.600,True,True,3,visible,5,0,,0,False,0.000,[]
1743,58.100,49,0.477,0.442,0.046,0.827,0.093,0.995,0.921,0.995,0.984,0.600,True,True,4,visible,432,0,,0,False,0.000,[]
1743,58.100,76,0.631,0.681,0.126,0.939,0.270,0.991,0.948,0.919,0.841,0.600,True,True,4,visible,41,0,,1,False,0.000,[1686]
1743,58.100,82,0.658,0.763,0.060,0.930,0.013,0.944,0.824,0.494,0.348,0.600,True,True,3,visible,6,0,,0,False,0.000,[]
1744,58.133,49,0.477,0.442,0.046,0.827,0.093,0.995,0.921,0.995,0.984,0.600,True,True,4,visible,433,0,,0,False,0.000,[]
1744,58.133,76,0.631,0.681,0.126,0.939,0.270,0.991,0.948,0.919,0.841,0.600,True,True,4,visible,42,0,,1,False,0.000,[1686]
1744,58.133,82,0.658,0.763,0.060,0.930,0.013,0.944,0.824,0.494,0.348,0.600,True,True,3,visible,7,0,,0,False,0.000,[]
1745,58.167,49,0.477,0.442,0.046,0.827,0.093,0.995,0.921,0.995,0.984,0.600,True,True,4,visible,434,0,,0,False,0.000,[]
1745,58.167,76,0.631,0.681,0.126,0.939,0.270,0.991,0.948,0.919,0.841,0.600,True,True,4,visible,43,0,,1,False,0.000,[1686]
1745,58.167,82,0.658,0.763,0.060,0.930,0.013,0.944,0.824,0.494,0.348,0.600,True,True,3,visible,8,0,,0,False,0.000,[]
1746,58.200,49,0.481,0.445,0.046,0.827,0.092,0.995,0.923,0.996,0.986,0.600,True,True,4,visible,435,0,,0,False,0.000,[]
1746,58.200,76,0.734,0.779,0.186,0.961,0.323,0.992,0.973,0.930,0.885,0.600,True,True,4,visible,44,0,,1,False,0.000,[1686]
1746,58.200,82,0.737,0.829,0.095,0.939,0.016,0.957,0.852,0.573,0.411,0.600,True,True,4,visible,9,0,,0,False,0.000,[]
1747,58.233,49,0.481,0.445,0.046,0.827,0.092,0.995,0.923,0.996,0.986,0.600,True,True,4,visible,436,0,,0,False,0.000,[]
1747,58.233,76,0.734,0.779,0.186,0.961,0.323,0.992,0.973,0.930,0.885,0.600,True,True,4,visible,45,0,,1,False,0.000,[1686]
1747,58.233,82,0.737,0.829,0.095,0.939,0.016,0.957,0.852,0.573,0.411,0.600,True,True,4,visible,10,0,,0,False,0.000,[]
1748,58.267,49,0.481,0.445,0.046,0.827,0.092,0.995,0.923,0.996,0.986,0.600,True,True,4,visible,437,0,,0,False,0.000,[]
1748,58.267,76,0.734,0.779,0.186,0.961,0.323,0.992,0.973,0.930,0.885,0.600,True,True,4,visible,46,0,,1,False,0.000,[1686]
1748,58.267,82,0.737,0.829,0.095,0.939,0.016,0.957,0.852,0.573,0.411,0.600,True,True,4,visible,11,0,,0,False,0.000,[]
1749,58.300,49,0.481,0.445,0.046,0.827,0.092,0.995,0.923,0.996,0.986,0.600,True,True,4,visible,438,0,,0,False,0.000,[]
1749,58.300,76,0.734,0.779,0.186,0.961,0.323,0.992,0.973,0.930,0.885,0.600,True,True,4,visible,47,0,,1,False,0.000,[1686]
1749,58.300,82,0.737,0.829,0.095,0.939,0.016,0.957,0.852,0.573,0.411,0.600,True,True,4,visible,12,0,,0,False,0.000,[]
1750,58.333,49,0.478,0.443,0.046,0.825,0.091,0.995,0.919,0.995,0.984,0.600,True,True,4,visible,439,0,,0,False,0.000,[]
1750,58.333,76,0.632,0.654,0.137,0.961,0.413,0.994,0.984,0.945,0.923,0.800,True,True,4,visible,48,0,,1,False,0.000,[1686]
1750,58.333,82,0.670,0.791,0.082,0.922,0.014,0.949,0.818,0.632,0.464,0.600,True,True,4,visible,13,0,,0,False,0.000,[]
1751,58.367,49,0.478,0.443,0.046,0.825,0.091,0.995,0.919,0.995,0.984,0.600,True,True,4,visible,440,0,,0,False,0.000,[]
1751,58.367,76,0.632,0.654,0.137,0.961,0.413,0.994,0.984,0.945,0.923,0.800,True,True,4,visible,49,0,,1,False,0.000,[1686]
1751,58.367,82,0.670,0.791,0.082,0.922,0.014,0.949,0.818,0.632,0.464,0.600,True,True,4,visible,14,0,,0,False,0.000,[]
1752,58.400,49,0.478,0.443,0.046,0.825,0.091,0.995,0.919,0.995,0.984,0.600,True,True,4,visible,441,0,,0,False,0.000,[]
1752,58.400,76,0.632,0.654,0.137,0.961,0.413,0.994,0.984,0.945,0.923,0.800,True,True,4,visible,50,0,,1,False,0.000,[1686]
1752,58.400,82,0.670,0.791,0.082,0.922,0.014,0.949,0.818,0.632,0.464,0.600,True,True,4,visible,15,0,,0,False,0.000,[]
1753,58.433,49,0.478,0.443,0.046,0.825,0.091,0.995,0.919,0.995,0.984,0.600,True,True,4,visible,442,0,,0,False,0.000,[]
1753,58.433,76,0.632,0.654,0.137,0.961,0.413,0.994,0.984,0.945,0.923,0.800,True,True,4,visible,51,0,,1,False,0.000,[1686]
1753,58.433,82,0.670,0.791,0.082,0.922,0.014,0.949,0.818,0.632,0.464,0.600,True,True,4,visible,16,0,,0,False,0.000,[]
1754,58.467,49,0.478,0.443,0.046,0.825,0.091,0.995,0.919,0.995,0.984,0.600,True,True,4,visible,443,0,,0,False,0.000,[]
1754,58.467,76,0.632,0.654,0.137,0.961,0.413,0.994,0.984,0.945,0.923,0.800,True,True,4,visible,52,0,,1,False,0.000,[1686]
1754,58.467,82,0.670,0.791,0.082,0.922,0.014,0.949,0.818,0.632,0.464,0.600,True,True,4,visible,17,0,,0,False,0.000,[]
1755,58.500,49,0.505,0.469,0.052,0.826,0.092,0.995,0.922,0.995,0.985,0.600,True,True,4,visible,444,0,,0,False,0.000,[]
1755,58.500,76,0.702,0.715,0.182,0.955,0.399,0.994,0.981,0.954,0.930,0.600,True,True,4,visible,53,0,,1,False,0.000,[1686]
1755,58.500,82,0.674,0.796,0.090,0.923,0.016,0.944,0.815,0.579,0.420,0.600,True,True,4,visible,18,0,,0,False,0.000,[]
1756,58.533,49,0.505,0.469,0.052,0.826,0.092,0.995,0.922,0.995,0.985,0.600,True,True,4,visible,445,0,,0,False,0.000,[]
1756,58.533,76,0.702,0.715,0.182,0.955,0.399,0.994,0.981,0.954,0.930,0.600,True,True,4,visible,54,0,,1,False,0.000,[1686]
1756,58.533,82,0.675,0.796,0.090,0.924,0.016,0.945,0.816,0.579,0.420,0.600,True,True,4,visible,19,0,,0,False,0.000,[]
1757,58.567,49,0.505,0.469,0.052,0.826,0.092,0.995,0.922,0.995,0.985,0.600,True,True,4,visible,446,0,,0,False,0.000,[]
1757,58.567,76,0.702,0.715,0.182,0.955,0.399,0.994,0.981,0.954,0.930,0.600,True,True,4,visible,55,0,,1,False,0.000,[1686]
1757,58.567,82,0.675,0.796,0.090,0.924,0.016,0.945,0.816,0.579,0.420,0.600,True,True,4,visible,20,0,,0,False,0.000,[]
1758,58.600,49,0.505,0.469,0.052,0.826,0.092,0.995,0.922,0.995,0.985,0.600,True,True,4,visible,447,0,,0,False,0.000,[]
1758,58.600,76,0.702,0.715,0.182,0.955,0.399,0.994,0.981,0.954,0.930,0.600,True,True,4,visible,56,0,,1,False,0.000,[1686]
1758,58.600,82,0.675,0.796,0.090,0.924,0.016,0.945,0.816,0.579,0.420,0.600,True,True,4,visible,21,0,,0,False,0.000,[]
1759,58.633,49,0.490,0.462,0.047,0.831,0.088,0.995,0.919,0.996,0.985,0.600,True,True,4,visible,448,0,,0,False,0.000,[]
1759,58.633,76,0.717,0.734,0.187,0.956,0.381,0.994,0.980,0.959,0.933,0.600,True,True,4,visible,57,0,,1,False,0.000,[1686]
1759,58.633,82,0.639,0.769,0.081,0.918,0.015,0.932,0.792,0.494,0.351,0.600,True,True,3,visible,22,0,,0,False,0.000,[]
1760,58.667,49,0.489,0.461,0.047,0.831,0.088,0.995,0.919,0.996,0.985,0.600,True,True,4,visible,449,0,,0,False,0.000,[]
1760,58.667,76,0.717,0.734,0.187,0.956,0.381,0.994,0.980,0.959,0.933,0.600,True,True,4,visible,58,0,,1,False,0.000,[1686]
1760,58.667,82,0.639,0.769,0.081,0.918,0.015,0.932,0.792,0.494,0.351,0.600,True,True,3,visible,23,0,,0,False,0.000,[]
1761,58.700,49,0.489,0.461,0.047,0.831,0.088,0.995,0.919,0.996,0.985,0.600,True,True,4,visible,450,0,,0,False,0.000,[]
1761,58.700,76,0.717,0.734,0.187,0.956,0.381,0.994,0.980,0.959,0.933,0.600,True,True,4,visible,59,0,,1,False,0.000,[1686]
1761,58.700,82,0.639,0.769,0.081,0.918,0.015,0.932,0.792,0.494,0.351,0.600,True,True,3,visible,24,0,,0,False,0.000,[]
1762,58.733,49,0.489,0.461,0.047,0.831,0.088,0.995,0.919,0.996,0.985,0.600,True,True,4,visible,451,0,,0,False,0.000,[]
1762,58.733,76,0.717,0.734,0.187,0.956,0.381,0.994,0.980,0.959,0.933,0.600,True,True,4,visible,60,0,,1,False,0.000,[1686]
1762,58.733,82,0.639,0.769,0.081,0.918,0.015,0.932,0.792,0.494,0.351,0.600,True,True,3,visible,25,0,,0,False,0.000,[]
1763,58.767,49,0.503,0.470,0.050,0.824,0.087,0.995,0.919,0.996,0.985,0.600,True,True,4,visible,452,0,,0,False,0.000,[]
1763,58.767,76,0.675,0.688,0.162,0.953,0.397,0.994,0.981,0.961,0.937,0.600,True,True,4,visible,61,0,,1,False,0.000,[1686]
1763,58.767,82,0.823,0.897,0.177,0.951,0.022,0.961,0.866,0.576,0.419,0.600,True,True,4,visible,26,0,,0,False,0.000,[]
1764,58.800,49,0.503,0.469,0.050,0.824,0.087,0.995,0.919,0.996,0.985,0.600,True,True,4,visible,453,0,,0,False,0.000,[]
1764,58.800,76,0.675,0.688,0.162,0.953,0.397,0.994,0.981,0.961,0.937,0.600,True,True,4,visible,62,0,,1,False,0.000,[1686]
1764,58.800,82,0.823,0.897,0.177,0.951,0.022,0.961,0.866,0.576,0.419,0.600,True,True,4,visible,27,0,,0,False,0.000,[]
1765,58.833,49,0.503,0.469,0.050,0.824,0.087,0.995,0.919,0.996,0.985,0.600,True,True,4,visible,454,0,,0,False,0.000,[]
1765,58.833,76,0.675,0.688,0.162,0.953,0.397,0.994,0.981,0.961,0.937,0.600,True,True,4,visible,63,0,,1,False,0.000,[1686]
1765,58.833,82,0.823,0.897,0.177,0.951,0.022,0.961,0.866,0.576,0.419,0.600,True,True,4,visible,28,0,,0,False,0.000,[]
1766,58.867,49,0.503,0.469,0.050,0.824,0.087,0.995,0.919,0.996,0.985,0.600,True,True,4,visible,455,0,,0,False,0.000,[]
1766,58.867,76,0.675,0.688,0.162,0.953,0.397,0.994,0.981,0.961,0.937,0.600,True,True,4,visible,64,0,,1,False,0.000,[1686]
1766,58.867,82,0.823,0.897,0.177,0.951,0.022,0.961,0.866,0.576,0.419,0.600,True,True,4,visible,29,0,,0,False,0.000,[]
1767,58.900,49,0.661,0.667,0.044,0.910,0.049,0.999,0.908,0.998,0.984,0.600,True,True,4,visible,456,0,,0,False,0.000,[]
1767,58.900,76,0.635,0.670,0.132,0.961,0.391,0.994,0.981,0.954,0.929,0.600,True,True,4,visible,65,0,,1,False,0.000,[1686]
1767,58.900,82,0.826,0.900,0.168,0.955,0.022,0.955,0.854,0.503,0.359,0.600,True,True,3,visible,30,0,,0,False,0.000,[]
1768,58.933,49,0.661,0.667,0.044,0.909,0.049,0.999,0.908,0.998,0.984,0.600,True,True,4,visible,457,0,,0,False,0.000,[]
1768,58.933,76,0.635,0.670,0.132,0.961,0.391,0.994,0.981,0.954,0.929,0.600,True,True,4,visible,66,0,,1,False,0.000,[1686]
1768,58.933,82,0.826,0.900,0.168,0.955,0.022,0.955,0.854,0.503,0.359,0.600,True,True,3,visible,31,0,,0,False,0.000,[]
1769,58.967,49,0.661,0.667,0.044,0.909,0.049,0.999,0.908,0.998,0.984,0.600,True,True,4,visible,458,0,,0,False,0.000,[]
1769,58.967,76,0.635,0.670,0.132,0.961,0.391,0.994,0.981,0.954,0.929,0.600,True,True,4,visible,67,0,,1,False,0.000,[1686]
1769,58.967,82,0.826,0.900,0.168,0.955,0.022,0.955,0.854,0.503,0.359,0.600,True,True,3,visible,32,0,,0,False,0.000,[]
1770,59.000,49,0.661,0.667,0.044,0.909,0.049,0.999,0.908,0.998,0.984,0.600,True,True,4,visible,459,0,,0,False,0.000,[]
1770,59.000,76,0.635,0.670,0.132,0.961,0.391,0.994,0.981,0.954,0.929,0.600,True,True,4,visible,68,0,,1,False,0.000,[1686]
1770,59.000,82,0.826,0.900,0.168,0.955,0.022,0.955,0.854,0.503,0.359,0.600,True,True,3,visible,33,0,,0,False,0.000,[]
1771,59.033,49,0.661,0.667,0.044,0.909,0.049,0.999,0.908,0.998,0.984,0.600,True,True,4,visible,460,0,,0,False,0.000,[]
1771,59.033,76,0.635,0.670,0.132,0.961,0.391,0.994,0.981,0.954,0.929,0.600,True,True,4,visible,69,0,,1,False,0.000,[1686]
1771,59.033,82,0.826,0.900,0.168,0.955,0.022,0.955,0.854,0.503,0.359,0.600,True,True,3,visible,34,0,,0,False,0.000,[]
1772,59.067,49,0.689,0.656,0.095,0.852,0.079,0.994,0.919,0.992,0.975,0.600,True,True,4,visible,461,0,,0,False,0.000,[]
1772,59.067,76,0.325,0.323,0.043,0.897,0.270,0.989,0.977,0.981,0.976,0.200,False,True,4,visible,0,1,,1,False,0.000,[1686]
1772,59.067,82,0.247,0.422,0.047,0.874,0.105,0.913,0.581,0.750,0.553,0.400,True,True,4,visible,35,0,,0,False,0.000,[]
1773,59.100,49,0.690,0.656,0.095,0.852,0.079,0.994,0.919,0.992,0.975,0.600,True,True,4,visible,462,0,,0,False,0.000,[]
1773,59.100,76,0.325,0.322,0.043,0.897,0.271,0.989,0.977,0.981,0.976,0.200,False,True,4,visible,0,2,,1,False,0.000,[1686]
1773,59.100,82,0.247,0.422,0.047,0.874,0.105,0.913,0.582,0.750,0.553,0.400,True,True,4,visible,36,0,,0,False,0.000,[]
1774,59.133,49,0.690,0.656,0.095,0.852,0.079,0.994,0.919,0.992,0.975,0.600,True,True,4,visible,463,0,,0,False,0.000,[]
1774,59.133,76,0.325,0.322,0.043,0.897,0.271,0.989,0.977,0.981,0.976,0.200,False,True,4,visible,0,3,,1,False,0.000,[1686]
1774,59.133,82,0.247,0.422,0.047,0.874,0.105,0.913,0.582,0.750,0.553,0.400,True,True,4,visible,37,0,,0,False,0.000,[]
1775,59.167,49,0.690,0.656,0.095,0.852,0.079,0.994,0.919,0.992,0.975,0.600,True,True,4,visible,464,0,,0,False,0.000,[]
1775,59.167,76,0.325,0.322,0.043,0.897,0.271,0.989,0.977,0.981,0.976,0.200,False,True,4,visible,0,4,,1,False,0.000,[1686]
1775,59.167,82,0.247,0.422,0.047,0.874,0.105,0.913,0.582,0.750,0.553,0.400,True,True,4,visible,38,0,,0,False,0.000,[]
1776,59.200,49,0.687,0.716,0.052,0.923,0.046,0.999,0.902,0.998,0.987,0.600,True,True,4,visible,465,0,,0,False,0.000,[]
1776,59.200,76,0.198,0.220,0.016,0.796,0.067,0.973,0.916,0.975,0.955,0.200,False,True,4,hidden,0,5,head_turn_away,2,False,0.000,"[1686, 1776]"
1776,59.200,82,0.311,0.505,0.056,0.901,0.109,0.942,0.652,0.809,0.618,0.400,True,True,4,visible,39,0,,0,False,0.000,[]
1777,59.233,49,0.687,0.716,0.052,0.923,0.046,0.999,0.902,0.998,0.987,0.600,True,True,4,visible,466,0,,0,False,0.000,[]
1777,59.233,76,0.198,0.220,0.016,0.795,0.067,0.973,0.915,0.975,0.955,0.200,False,True,4,hidden,0,6,,2,False,0.000,"[1686, 1776]"
1777,59.233,82,0.311,0.506,0.056,0.902,0.109,0.942,0.652,0.809,0.617,0.400,True,True,4,visible,40,0,,0,False,0.000,[]
1778,59.267,49,0.687,0.716,0.052,0.923,0.046,0.999,0.902,0.998,0.987,0.600,True,True,4,visible,467,0,,0,False,0.000,[]
1778,59.267,76,0.198,0.220,0.016,0.795,0.067,0.973,0.915,0.975,0.955,0.200,False,True,4,hidden,0,7,,2,False,0.000,"[1686, 1776]"
1778,59.267,82,0.311,0.506,0.056,0.902,0.109,0.942,0.652,0.809,0.617,0.400,True,True,4,visible,41,0,,0,False,0.000,[]
1779,59.300,49,0.687,0.716,0.052,0.923,0.046,0.999,0.902,0.998,0.987,0.600,True,True,4,visible,468,0,,0,False,0.000,[]
1779,59.300,76,0.198,0.220,0.016,0.795,0.067,0.973,0.915,0.975,0.955,0.200,False,True,4,hidden,0,8,,2,False,0.000,"[1686, 1776]"
1779,59.300,82,0.311,0.506,0.056,0.902,0.109,0.942,0.652,0.809,0.617,0.400,True,True,4,visible,42,0,,0,False,0.000,[]
1780,59.333,76,0.366,0.336,0.059,0.858,0.258,0.989,0.975,0.993,0.990,0.200,False,True,4,hidden,0,9,,2,False,0.000,"[1686, 1776]"
1781,59.367,76,0.371,0.341,0.060,0.858,0.258,0.989,0.975,0.993,0.990,0.200,False,True,4,hidden,0,10,,2,False,0.000,"[1686, 1776]"
1781,59.367,83,0.827,0.893,0.374,0.914,0.130,0.968,0.764,0.795,0.572,0.600,True,True,4,uncertain,1,0,,0,False,0.000,[]
1782,59.400,76,0.371,0.341,0.060,0.858,0.258,0.989,0.975,0.993,0.990,0.200,False,True,4,hidden,0,11,,2,False,0.000,"[1686, 1776]"
1782,59.400,83,0.827,0.893,0.374,0.914,0.130,0.968,0.764,0.795,0.572,0.600,True,True,4,uncertain,2,0,,0,False,0.000,[]
1783,59.433,76,0.371,0.341,0.060,0.858,0.258,0.989,0.975,0.993,0.990,0.200,False,True,4,hidden,0,12,,2,False,0.000,"[1686, 1776]"
1783,59.433,83,0.827,0.893,0.374,0.914,0.130,0.968,0.764,0.795,0.572,0.600,True,True,4,visible,3,0,,0,False,0.000,[]
1784,59.467,76,0.371,0.341,0.060,0.858,0.258,0.989,0.975,0.993,0.990,0.200,False,True,4,hidden,0,13,,2,False,0.000,"[1686, 1776]"
1784,59.467,83,0.827,0.893,0.374,0.914,0.130,0.968,0.764,0.795,0.572,0.600,True,True,4,visible,4,0,,0,False,0.000,[]
1785,59.500,76,0.515,0.539,0.093,0.890,0.190,0.989,0.957,0.991,0.983,0.600,True,True,4,hidden,1,0,,2,False,0.000,"[1686, 1776]"
1785,59.500,82,0.334,0.512,0.070,0.917,0.152,0.955,0.729,0.815,0.641,0.400,True,True,4,visible,43,0,,0,False,0.000,[]
1786,59.533,76,0.525,0.550,0.096,0.891,0.191,0.989,0.957,0.990,0.982,0.600,True,True,4,hidden,2,0,,2,False,0.000,"[1686, 1776]"
1786,59.533,82,0.334,0.512,0.070,0.917,0.152,0.954,0.730,0.815,0.641,0.400,True,True,4,visible,44,0,,0,False,0.000,[]
1787,59.567,76,0.525,0.550,0.096,0.891,0.191,0.989,0.957,0.990,0.982,0.600,True,True,4,visible,3,0,,2,False,0.000,"[1686, 1776]"
1787,59.567,82,0.334,0.512,0.070,0.917,0.152,0.954,0.730,0.815,0.641,0.400,True,True,4,visible,45,0,,0,False,0.000,[]
1788,59.600,76,0.525,0.550,0.096,0.891,0.191,0.989,0.957,0.990,0.982,0.600,True,True,4,visible,4,0,,2,False,0.000,"[1686, 1776]"
1788,59.600,82,0.334,0.512,0.070,0.917,0.152,0.954,0.730,0.815,0.641,0.400,True,True,4,visible,46,0,,0,False,0.000,[]
1789,59.633,76,0.436,0.533,0.054,0.931,0.145,0.992,0.952,0.993,0.982,0.600,True,True,4,visible,5,0,,2,False,0.000,"[1686, 1776]"
1789,59.633,82,0.541,0.720,0.061,0.960,0.049,0.923,0.795,0.572,0.458,0.600,True,True,4,visible,47,0,,0,False,0.000,[]
1789,59.633,83,0.929,0.943,0.681,0.922,0.245,0.966,0.923,0.834,0.771,0.800,True,True,4,visible,5,0,,0,False,0.000,[]
1790,59.667,76,0.436,0.533,0.054,0.931,0.146,0.992,0.952,0.993,0.982,0.600,True,True,4,visible,6,0,,2,False,0.000,"[1686, 1776]"
1790,59.667,82,0.543,0.723,0.062,0.960,0.049,0.923,0.794,0.572,0.458,0.600,True,True,4,visible,48,0,,0,False,0.000,[]
1790,59.667,83,0.929,0.943,0.680,0.922,0.245,0.966,0.923,0.834,0.771,0.800,True,True,4,visible,6,0,,0,False,0.000,[]
1791,59.700,76,0.436,0.533,0.054,0.931,0.146,0.992,0.952,0.993,0.982,0.600,True,True,4,visible,7,0,,2,False,0.000,"[1686, 1776]"
1791,59.700,82,0.543,0.723,0.062,0.960,0.049,0.923,0.794,0.572,0.458,0.600,True,True,4,visible,49,0,,0,False,0.000,[]
1791,59.700,83,0.929,0.943,0.680,0.922,0.245,0.966,0.923,0.834,0.771,0.800,True,True,4,visible,7,0,,0,False,0.000,[]
1792,59.733,76,0.436,0.533,0.054,0.931,0.146,0.992,0.952,0.993,0.982,0.600,True,True,4,visible,8,0,,2,False,0.000,"[1686, 1776]"
1792,59.733,82,0.543,0.723,0.062,0.960,0.049,0.923,0.794,0.572,0.458,0.600,True,True,4,visible,50,0,,0,False,0.000,[]
1792,59.733,83,0.929,0.943,0.680,0.922,0.245,0.966,0.923,0.834,0.771,0.800,True,True,4,visible,8,0,,0,False,0.000,[]
1793,59.767,76,0.883,0.899,0.425,0.932,0.185,0.991,0.970,0.992,0.986,0.800,True,True,4,visible,9,0,,2,False,0.000,"[1686, 1776]"
1793,59.767,82,0.811,0.901,0.310,0.929,0.061,0.938,0.784,0.551,0.400,0.600,True,True,3,visible,51,0,,0,False,0.000,[]
1793,59.767,83,0.884,0.915,0.536,0.929,0.213,0.967,0.913,0.854,0.780,0.800,True,True,4,visible,9,0,,0,False,0.000,[]
1794,59.800,76,0.883,0.899,0.425,0.932,0.185,0.991,0.970,0.992,0.986,0.800,True,True,4,visible,10,0,,2,False,0.000,"[1686, 1776]"
1794,59.800,82,0.811,0.901,0.310,0.929,0.061,0.938,0.784,0.551,0.400,0.600,True,True,3,visible,52,0,,0,False,0.000,[]
1794,59.800,83,0.884,0.915,0.536,0.929,0.213,0.967,0.913,0.855,0.780,0.800,True,True,4,visible,10,0,,0,False,0.000,[]
1795,59.833,76,0.883,0.899,0.425,0.932,0.185,0.991,0.970,0.992,0.986,0.800,True,True,4,visible,11,0,,2,False,0.000,"[1686, 1776]"
1795,59.833,82,0.811,0.901,0.310,0.929,0.061,0.938,0.784,0.551,0.400,0.600,True,True,3,visible,53,0,,0,False,0.000,[]
1795,59.833,83,0.884,0.915,0.536,0.929,0.213,0.967,0.913,0.855,0.780,0.800,True,True,4,visible,11,0,,0,False,0.000,[]
1796,59.867,76,0.883,0.899,0.425,0.932,0.185,0.991,0.970,0.992,0.986,0.800,True,True,4,visible,12,0,,2,False,0.000,"[1686, 1776]"
1796,59.867,82,0.811,0.901,0.310,0.929,0.061,0.938,0.784,0.551,0.400,0.600,True,True,3,visible,54,0,,0,False,0.000,[]
1796,59.867,83,0.884,0.915,0.536,0.929,0.213,0.967,0.913,0.855,0.780,0.800,True,True,4,visible,12,0,,0,False,0.000,[]
1797,59.900,82,0.828,0.911,0.238,0.971,0.080,0.922,0.846,0.236,0.203,0.600,True,True,2,visible,55,0,,0,False,0.000,[]
1797,59.900,83,0.900,0.927,0.565,0.930,0.184,0.970,0.909,0.878,0.801,0.800,True,True,4,visible,13,0,,0,False,0.000,[]
1797,59.900,49,0.693,0.723,0.057,0.904,0.039,0.998,0.867,0.997,0.977,0.600,True,True,4,visible,469,0,,0,False,0.000,[]
1798,59.933,82,0.828,0.911,0.238,0.971,0.080,0.922,0.846,0.236,0.203,0.600,True,True,2,visible,56,0,,0,False,0.000,[]
1798,59.933,83,0.900,0.927,0.565,0.930,0.184,0.970,0.909,0.878,0.801,0.800,True,True,4,visible,14,0,,0,False,0.000,[]
1798,59.933,49,0.693,0.723,0.057,0.904,0.039,0.998,0.867,0.997,0.977,0.600,True,True,4,visible,470,0,,0,False,0.000,[]
1799,59.967,82,0.828,0.911,0.238,0.971,0.080,0.922,0.846,0.236,0.203,0.600,True,True,2,visible,57,0,,0,False,0.000,[]
1799,59.967,83,0.900,0.927,0.565,0.930,0.184,0.970,0.909,0.878,0.801,0.800,True,True,4,visible,15,0,,0,False,0.000,[]
1799,59.967,49,0.693,0.723,0.057,0.904,0.039,0.998,0.867,0.997,0.977,0.600,True,True,4,visible,471,0,,0,False,0.000,[]
1800,60.000,82,0.828,0.911,0.238,0.971,0.080,0.922,0.846,0.236,0.203,0.600,True,True,2,visible,58,0,,0,False,0.000,[]
1800,60.000,83,0.900,0.927,0.565,0.930,0.184,0.970,0.909,0.878,0.801,0.800,True,True,4,visible,16,0,,0,False,0.000,[]
1800,60.000,49,0.693,0.723,0.057,0.904,0.039,0.998,0.867,0.997,0.977,0.600,True,True,4,visible,472,0,,0,False,0.000,[]
1801,60.033,82,0.828,0.911,0.238,0.971,0.080,0.922,0.846,0.236,0.203,0.600,True,True,2,visible,59,0,,0,False,0.000,[]
1801,60.033,83,0.900,0.927,0.565,0.930,0.184,0.970,0.909,0.878,0.801,0.800,True,True,4,visible,17,0,,0,False,0.000,[]
1801,60.033,49,0.693,0.723,0.057,0.904,0.039,0.998,0.867,0.997,0.977,0.600,True,True,4,visible,473,0,,0,False,0.000,[]
1802,60.067,82,0.724,0.811,0.132,0.956,0.064,0.907,0.812,0.237,0.198,0.600,True,True,2,visible,60,0,,0,False,0.000,[]
1802,60.067,83,0.938,0.965,0.647,0.946,0.134,0.976,0.828,0.886,0.720,0.800,True,True,4,visible,18,0,,0,False,0.000,[]
1802,60.067,76,0.542,0.673,0.074,0.962,0.182,0.996,0.942,0.994,0.978,0.600,True,True,4,visible,13,0,,2,False,0.000,"[1686, 1776]"
1803,60.100,82,0.724,0.811,0.132,0.956,0.064,0.907,0.812,0.237,0.198,0.600,True,True,2,visible,61,0,,0,False,0.000,[]
1803,60.100,83,0.938,0.965,0.647,0.946,0.134,0.976,0.828,0.886,0.720,0.800,True,True,4,visible,19,0,,0,False,0.000,[]
1803,60.100,76,0.542,0.673,0.074,0.962,0.182,0.996,0.942,0.994,0.978,0.600,True,True,4,visible,14,0,,2,False,0.000,"[1686, 1776]"
1804,60.133,82,0.724,0.811,0.132,0.956,0.064,0.907,0.812,0.237,0.198,0.600,True,True,2,visible,62,0,,0,False,0.000,[]
1804,60.133,83,0.938,0.965,0.647,0.946,0.134,0.976,0.828,0.886,0.720,0.800,True,True,4,visible,20,0,,0,False,0.000,[]
1804,60.133,76,0.542,0.673,0.074,0.962,0.182,0.996,0.942,0.994,0.978,0.600,True,True,4,visible,15,0,,2,False,0.000,"[1686, 1776]"
